"href","text"
"https://visualizador.ide.uy/descargas/datos/CN_Remesa_01/03_Hidrografia/Shapefile/?C=N;O=D","Nombre:"
"https://visualizador.ide.uy/descargas/datos/CN_Remesa_01/03_Hidrografia/Shapefile/?C=S;O=A","Size"
"https://visualizador.ide.uy/descargas/datos/CN_Remesa_01/03_Hidrografia/","Parent Directory"
"https://visualizador.ide.uy/descargas/datos/CN_Remesa_01/03_Hidrografia/Shapefile/CN_HID_actividad_minera_abandonada_a_10K_R_01.cpg","CN_HID_actividad_minera_abandonada_a_10K_R_01.cpg"
"https://visualizador.ide.uy/descargas/datos/CN_Remesa_01/03_Hidrografia/Shapefile/CN_HID_actividad_minera_abandonada_a_10K_R_01.dbf","CN_HID_actividad_minera_abandonada_a_10K_R_01.dbf"
"https://visualizador.ide.uy/descargas/datos/CN_Remesa_01/03_Hidrografia/Shapefile/CN_HID_actividad_minera_abandonada_a_10K_R_01.prj","CN_HID_actividad_minera_abandonada_a_10K_R_01.prj"
"https://visualizador.ide.uy/descargas/datos/CN_Remesa_01/03_Hidrografia/Shapefile/CN_HID_actividad_minera_abandonada_a_10K_R_01.shp","CN_HID_actividad_minera_abandonada_a_10K_R_01.shp"
"https://visualizador.ide.uy/descargas/datos/CN_Remesa_01/03_Hidrografia/Shapefile/CN_HID_actividad_minera_abandonada_a_10K_R_01.shx","CN_HID_actividad_minera_abandonada_a_10K_R_01.shx"
"https://visualizador.ide.uy/descargas/datos/CN_Remesa_01/03_Hidrografia/Shapefile/CN_HID_agua_estancada_desconocida_a_10K_R_01.cpg","CN_HID_agua_estancada_desconocida_a_10K_R_01.cpg"
"https://visualizador.ide.uy/descargas/datos/CN_Remesa_01/03_Hidrografia/Shapefile/CN_HID_agua_estancada_desconocida_a_10K_R_01.dbf","CN_HID_agua_estancada_desconocida_a_10K_R_01.dbf"
"https://visualizador.ide.uy/descargas/datos/CN_Remesa_01/03_Hidrografia/Shapefile/CN_HID_agua_estancada_desconocida_a_10K_R_01.prj","CN_HID_agua_estancada_desconocida_a_10K_R_01.prj"
"https://visualizador.ide.uy/descargas/datos/CN_Remesa_01/03_Hidrografia/Shapefile/CN_HID_agua_estancada_desconocida_a_10K_R_01.shp","CN_HID_agua_estancada_desconocida_a_10K_R_01.shp"
"https://visualizador.ide.uy/descargas/datos/CN_Remesa_01/03_Hidrografia/Shapefile/CN_HID_agua_estancada_desconocida_a_10K_R_01.shx","CN_HID_agua_estancada_desconocida_a_10K_R_01.shx"
"https://visualizador.ide.uy/descargas/datos/CN_Remesa_01/03_Hidrografia/Shapefile/CN_HID_area_humeda_a_10K_R_01.cpg","CN_HID_area_humeda_a_10K_R_01.cpg"
"https://visualizador.ide.uy/descargas/datos/CN_Remesa_01/03_Hidrografia/Shapefile/CN_HID_area_humeda_a_10K_R_01.dbf","CN_HID_area_humeda_a_10K_R_01.dbf"
"https://visualizador.ide.uy/descargas/datos/CN_Remesa_01/03_Hidrografia/Shapefile/CN_HID_area_humeda_a_10K_R_01.prj","CN_HID_area_humeda_a_10K_R_01.prj"
"https://visualizador.ide.uy/descargas/datos/CN_Remesa_01/03_Hidrografia/Shapefile/CN_HID_area_humeda_a_10K_R_01.shp","CN_HID_area_humeda_a_10K_R_01.shp"
"https://visualizador.ide.uy/descargas/datos/CN_Remesa_01/03_Hidrografia/Shapefile/CN_HID_area_humeda_a_10K_R_01.shx","CN_HID_area_humeda_a_10K_R_01.shx"
"https://visualizador.ide.uy/descargas/datos/CN_Remesa_01/03_Hidrografia/Shapefile/CN_HID_banado_a_10K_R_01.cpg","CN_HID_banado_a_10K_R_01.cpg"
"https://visualizador.ide.uy/descargas/datos/CN_Remesa_01/03_Hidrografia/Shapefile/CN_HID_banado_a_10K_R_01.dbf","CN_HID_banado_a_10K_R_01.dbf"
"https://visualizador.ide.uy/descargas/datos/CN_Remesa_01/03_Hidrografia/Shapefile/CN_HID_banado_a_10K_R_01.prj","CN_HID_banado_a_10K_R_01.prj"
"https://visualizador.ide.uy/descargas/datos/CN_Remesa_01/03_Hidrografia/Shapefile/CN_HID_banado_a_10K_R_01.shp","CN_HID_banado_a_10K_R_01.shp"
"https://visualizador.ide.uy/descargas/datos/CN_Remesa_01/03_Hidrografia/Shapefile/CN_HID_banado_a_10K_R_01.shx","CN_HID_banado_a_10K_R_01.shx"
"https://visualizador.ide.uy/descargas/datos/CN_Remesa_01/03_Hidrografia/Shapefile/CN_HID_banco_de_arena_a_10K_R_01.cpg","CN_HID_banco_de_arena_a_10K_R_01.cpg"
"https://visualizador.ide.uy/descargas/datos/CN_Remesa_01/03_Hidrografia/Shapefile/CN_HID_banco_de_arena_a_10K_R_01.dbf","CN_HID_banco_de_arena_a_10K_R_01.dbf"
"https://visualizador.ide.uy/descargas/datos/CN_Remesa_01/03_Hidrografia/Shapefile/CN_HID_banco_de_arena_a_10K_R_01.prj","CN_HID_banco_de_arena_a_10K_R_01.prj"
"https://visualizador.ide.uy/descargas/datos/CN_Remesa_01/03_Hidrografia/Shapefile/CN_HID_banco_de_arena_a_10K_R_01.shp","CN_HID_banco_de_arena_a_10K_R_01.shp"
"https://visualizador.ide.uy/descargas/datos/CN_Remesa_01/03_Hidrografia/Shapefile/CN_HID_banco_de_arena_a_10K_R_01.shx","CN_HID_banco_de_arena_a_10K_R_01.shx"
"https://visualizador.ide.uy/descargas/datos/CN_Remesa_01/03_Hidrografia/Shapefile/CN_HID_canal_a_10K_R_01.cpg","CN_HID_canal_a_10K_R_01.cpg"
"https://visualizador.ide.uy/descargas/datos/CN_Remesa_01/03_Hidrografia/Shapefile/CN_HID_canal_a_10K_R_01.dbf","CN_HID_canal_a_10K_R_01.dbf"
"https://visualizador.ide.uy/descargas/datos/CN_Remesa_01/03_Hidrografia/Shapefile/CN_HID_canal_a_10K_R_01.prj","CN_HID_canal_a_10K_R_01.prj"
"https://visualizador.ide.uy/descargas/datos/CN_Remesa_01/03_Hidrografia/Shapefile/CN_HID_canal_a_10K_R_01.shp","CN_HID_canal_a_10K_R_01.shp"
"https://visualizador.ide.uy/descargas/datos/CN_Remesa_01/03_Hidrografia/Shapefile/CN_HID_canal_a_10K_R_01.shx","CN_HID_canal_a_10K_R_01.shx"
"https://visualizador.ide.uy/descargas/datos/CN_Remesa_01/03_Hidrografia/Shapefile/CN_HID_canal_l_10K_R_01.cpg","CN_HID_canal_l_10K_R_01.cpg"
"https://visualizador.ide.uy/descargas/datos/CN_Remesa_01/03_Hidrografia/Shapefile/CN_HID_canal_l_10K_R_01.dbf","CN_HID_canal_l_10K_R_01.dbf"
"https://visualizador.ide.uy/descargas/datos/CN_Remesa_01/03_Hidrografia/Shapefile/CN_HID_canal_l_10K_R_01.prj","CN_HID_canal_l_10K_R_01.prj"
"https://visualizador.ide.uy/descargas/datos/CN_Remesa_01/03_Hidrografia/Shapefile/CN_HID_canal_l_10K_R_01.shp","CN_HID_canal_l_10K_R_01.shp"
"https://visualizador.ide.uy/descargas/datos/CN_Remesa_01/03_Hidrografia/Shapefile/CN_HID_canal_l_10K_R_01.shx","CN_HID_canal_l_10K_R_01.shx"
"https://visualizador.ide.uy/descargas/datos/CN_Remesa_01/03_Hidrografia/Shapefile/CN_HID_cascada_salto_a_10K_R_01.cpg","CN_HID_cascada_salto_a_10K_R_01.cpg"
"https://visualizador.ide.uy/descargas/datos/CN_Remesa_01/03_Hidrografia/Shapefile/CN_HID_cascada_salto_a_10K_R_01.dbf","CN_HID_cascada_salto_a_10K_R_01.dbf"
"https://visualizador.ide.uy/descargas/datos/CN_Remesa_01/03_Hidrografia/Shapefile/CN_HID_cascada_salto_a_10K_R_01.prj","CN_HID_cascada_salto_a_10K_R_01.prj"
"https://visualizador.ide.uy/descargas/datos/CN_Remesa_01/03_Hidrografia/Shapefile/CN_HID_cascada_salto_a_10K_R_01.shp","CN_HID_cascada_salto_a_10K_R_01.shp"
"https://visualizador.ide.uy/descargas/datos/CN_Remesa_01/03_Hidrografia/Shapefile/CN_HID_cascada_salto_a_10K_R_01.shx","CN_HID_cascada_salto_a_10K_R_01.shx"
"https://visualizador.ide.uy/descargas/datos/CN_Remesa_01/03_Hidrografia/Shapefile/CN_HID_cascada_salto_l_10K_R_01.cpg","CN_HID_cascada_salto_l_10K_R_01.cpg"
"https://visualizador.ide.uy/descargas/datos/CN_Remesa_01/03_Hidrografia/Shapefile/CN_HID_cascada_salto_l_10K_R_01.dbf","CN_HID_cascada_salto_l_10K_R_01.dbf"
"https://visualizador.ide.uy/descargas/datos/CN_Remesa_01/03_Hidrografia/Shapefile/CN_HID_cascada_salto_l_10K_R_01.prj","CN_HID_cascada_salto_l_10K_R_01.prj"
"https://visualizador.ide.uy/descargas/datos/CN_Remesa_01/03_Hidrografia/Shapefile/CN_HID_cascada_salto_l_10K_R_01.shp","CN_HID_cascada_salto_l_10K_R_01.shp"
"https://visualizador.ide.uy/descargas/datos/CN_Remesa_01/03_Hidrografia/Shapefile/CN_HID_cascada_salto_l_10K_R_01.shx","CN_HID_cascada_salto_l_10K_R_01.shx"
"https://visualizador.ide.uy/descargas/datos/CN_Remesa_01/03_Hidrografia/Shapefile/CN_HID_curso_de_agua_a_10K_R_01.cpg","CN_HID_curso_de_agua_a_10K_R_01.cpg"
"https://visualizador.ide.uy/descargas/datos/CN_Remesa_01/03_Hidrografia/Shapefile/CN_HID_curso_de_agua_a_10K_R_01.dbf","CN_HID_curso_de_agua_a_10K_R_01.dbf"
"https://visualizador.ide.uy/descargas/datos/CN_Remesa_01/03_Hidrografia/Shapefile/CN_HID_curso_de_agua_a_10K_R_01.prj","CN_HID_curso_de_agua_a_10K_R_01.prj"
"https://visualizador.ide.uy/descargas/datos/CN_Remesa_01/03_Hidrografia/Shapefile/CN_HID_curso_de_agua_a_10K_R_01.shp","CN_HID_curso_de_agua_a_10K_R_01.shp"
"https://visualizador.ide.uy/descargas/datos/CN_Remesa_01/03_Hidrografia/Shapefile/CN_HID_curso_de_agua_a_10K_R_01.shx","CN_HID_curso_de_agua_a_10K_R_01.shx"
"https://visualizador.ide.uy/descargas/datos/CN_Remesa_01/03_Hidrografia/Shapefile/CN_HID_curso_de_agua_l_10K_R_01.cpg","CN_HID_curso_de_agua_l_10K_R_01.cpg"
"https://visualizador.ide.uy/descargas/datos/CN_Remesa_01/03_Hidrografia/Shapefile/CN_HID_curso_de_agua_l_10K_R_01.dbf","CN_HID_curso_de_agua_l_10K_R_01.dbf"
"https://visualizador.ide.uy/descargas/datos/CN_Remesa_01/03_Hidrografia/Shapefile/CN_HID_curso_de_agua_l_10K_R_01.prj","CN_HID_curso_de_agua_l_10K_R_01.prj"
"https://visualizador.ide.uy/descargas/datos/CN_Remesa_01/03_Hidrografia/Shapefile/CN_HID_curso_de_agua_l_10K_R_01.shp","CN_HID_curso_de_agua_l_10K_R_01.shp"
"https://visualizador.ide.uy/descargas/datos/CN_Remesa_01/03_Hidrografia/Shapefile/CN_HID_curso_de_agua_l_10K_R_01.shx","CN_HID_curso_de_agua_l_10K_R_01.shx"
"https://visualizador.ide.uy/descargas/datos/CN_Remesa_01/03_Hidrografia/Shapefile/CN_HID_eje_canal_l_10K_R_01.cpg","CN_HID_eje_canal_l_10K_R_01.cpg"
"https://visualizador.ide.uy/descargas/datos/CN_Remesa_01/03_Hidrografia/Shapefile/CN_HID_eje_canal_l_10K_R_01.dbf","CN_HID_eje_canal_l_10K_R_01.dbf"
"https://visualizador.ide.uy/descargas/datos/CN_Remesa_01/03_Hidrografia/Shapefile/CN_HID_eje_canal_l_10K_R_01.prj","CN_HID_eje_canal_l_10K_R_01.prj"
"https://visualizador.ide.uy/descargas/datos/CN_Remesa_01/03_Hidrografia/Shapefile/CN_HID_eje_canal_l_10K_R_01.shp","CN_HID_eje_canal_l_10K_R_01.shp"
"https://visualizador.ide.uy/descargas/datos/CN_Remesa_01/03_Hidrografia/Shapefile/CN_HID_eje_canal_l_10K_R_01.shx","CN_HID_eje_canal_l_10K_R_01.shx"
"https://visualizador.ide.uy/descargas/datos/CN_Remesa_01/03_Hidrografia/Shapefile/CN_HID_eje_curso_de_agua_l_10K_R_01.cpg","CN_HID_eje_curso_de_agua_l_10K_R_01.cpg"
"https://visualizador.ide.uy/descargas/datos/CN_Remesa_01/03_Hidrografia/Shapefile/CN_HID_eje_curso_de_agua_l_10K_R_01.dbf","CN_HID_eje_curso_de_agua_l_10K_R_01.dbf"
"https://visualizador.ide.uy/descargas/datos/CN_Remesa_01/03_Hidrografia/Shapefile/CN_HID_eje_curso_de_agua_l_10K_R_01.prj","CN_HID_eje_curso_de_agua_l_10K_R_01.prj"
"https://visualizador.ide.uy/descargas/datos/CN_Remesa_01/03_Hidrografia/Shapefile/CN_HID_eje_curso_de_agua_l_10K_R_01.shp","CN_HID_eje_curso_de_agua_l_10K_R_01.shp"
"https://visualizador.ide.uy/descargas/datos/CN_Remesa_01/03_Hidrografia/Shapefile/CN_HID_eje_curso_de_agua_l_10K_R_01.shx","CN_HID_eje_curso_de_agua_l_10K_R_01.shx"
"https://visualizador.ide.uy/descargas/datos/CN_Remesa_01/03_Hidrografia/Shapefile/CN_HID_embalse_tajamar_a_10K_R_01.cpg","CN_HID_embalse_tajamar_a_10K_R_01.cpg"
"https://visualizador.ide.uy/descargas/datos/CN_Remesa_01/03_Hidrografia/Shapefile/CN_HID_embalse_tajamar_a_10K_R_01.dbf","CN_HID_embalse_tajamar_a_10K_R_01.dbf"
"https://visualizador.ide.uy/descargas/datos/CN_Remesa_01/03_Hidrografia/Shapefile/CN_HID_embalse_tajamar_a_10K_R_01.prj","CN_HID_embalse_tajamar_a_10K_R_01.prj"
"https://visualizador.ide.uy/descargas/datos/CN_Remesa_01/03_Hidrografia/Shapefile/CN_HID_embalse_tajamar_a_10K_R_01.shp","CN_HID_embalse_tajamar_a_10K_R_01.shp"
"https://visualizador.ide.uy/descargas/datos/CN_Remesa_01/03_Hidrografia/Shapefile/CN_HID_embalse_tajamar_a_10K_R_01.shx","CN_HID_embalse_tajamar_a_10K_R_01.shx"
"https://visualizador.ide.uy/descargas/datos/CN_Remesa_01/03_Hidrografia/Shapefile/CN_HID_isla_a_10K_R_01.cpg","CN_HID_isla_a_10K_R_01.cpg"
"https://visualizador.ide.uy/descargas/datos/CN_Remesa_01/03_Hidrografia/Shapefile/CN_HID_isla_a_10K_R_01.dbf","CN_HID_isla_a_10K_R_01.dbf"
"https://visualizador.ide.uy/descargas/datos/CN_Remesa_01/03_Hidrografia/Shapefile/CN_HID_isla_a_10K_R_01.prj","CN_HID_isla_a_10K_R_01.prj"
"https://visualizador.ide.uy/descargas/datos/CN_Remesa_01/03_Hidrografia/Shapefile/CN_HID_isla_a_10K_R_01.shp","CN_HID_isla_a_10K_R_01.shp"
"https://visualizador.ide.uy/descargas/datos/CN_Remesa_01/03_Hidrografia/Shapefile/CN_HID_isla_a_10K_R_01.shx","CN_HID_isla_a_10K_R_01.shx"
"https://visualizador.ide.uy/descargas/datos/CN_Remesa_01/03_Hidrografia/Shapefile/CN_HID_lago_laguna_a_10K_R_01.cpg","CN_HID_lago_laguna_a_10K_R_01.cpg"
"https://visualizador.ide.uy/descargas/datos/CN_Remesa_01/03_Hidrografia/Shapefile/CN_HID_lago_laguna_a_10K_R_01.dbf","CN_HID_lago_laguna_a_10K_R_01.dbf"
"https://visualizador.ide.uy/descargas/datos/CN_Remesa_01/03_Hidrografia/Shapefile/CN_HID_lago_laguna_a_10K_R_01.prj","CN_HID_lago_laguna_a_10K_R_01.prj"
"https://visualizador.ide.uy/descargas/datos/CN_Remesa_01/03_Hidrografia/Shapefile/CN_HID_lago_laguna_a_10K_R_01.shp","CN_HID_lago_laguna_a_10K_R_01.shp"
"https://visualizador.ide.uy/descargas/datos/CN_Remesa_01/03_Hidrografia/Shapefile/CN_HID_lago_laguna_a_10K_R_01.shx","CN_HID_lago_laguna_a_10K_R_01.shx"
"https://visualizador.ide.uy/descargas/datos/CN_Remesa_01/03_Hidrografia/Shapefile/CN_HID_limite_de_cauce_l_10K_R_01.cpg","CN_HID_limite_de_cauce_l_10K_R_01.cpg"
"https://visualizador.ide.uy/descargas/datos/CN_Remesa_01/03_Hidrografia/Shapefile/CN_HID_limite_de_cauce_l_10K_R_01.dbf","CN_HID_limite_de_cauce_l_10K_R_01.dbf"
"https://visualizador.ide.uy/descargas/datos/CN_Remesa_01/03_Hidrografia/Shapefile/CN_HID_limite_de_cauce_l_10K_R_01.prj","CN_HID_limite_de_cauce_l_10K_R_01.prj"
"https://visualizador.ide.uy/descargas/datos/CN_Remesa_01/03_Hidrografia/Shapefile/CN_HID_limite_de_cauce_l_10K_R_01.shp","CN_HID_limite_de_cauce_l_10K_R_01.shp"
"https://visualizador.ide.uy/descargas/datos/CN_Remesa_01/03_Hidrografia/Shapefile/CN_HID_limite_de_cauce_l_10K_R_01.shx","CN_HID_limite_de_cauce_l_10K_R_01.shx"
"https://visualizador.ide.uy/descargas/datos/CN_Remesa_01/03_Hidrografia/Shapefile/CN_HID_limite_obra_civil_a_10K_R_01.cpg","CN_HID_limite_obra_civil_a_10K_R_01.cpg"
"https://visualizador.ide.uy/descargas/datos/CN_Remesa_01/03_Hidrografia/Shapefile/CN_HID_limite_obra_civil_a_10K_R_01.dbf","CN_HID_limite_obra_civil_a_10K_R_01.dbf"
"https://visualizador.ide.uy/descargas/datos/CN_Remesa_01/03_Hidrografia/Shapefile/CN_HID_limite_obra_civil_a_10K_R_01.prj","CN_HID_limite_obra_civil_a_10K_R_01.prj"
"https://visualizador.ide.uy/descargas/datos/CN_Remesa_01/03_Hidrografia/Shapefile/CN_HID_limite_obra_civil_a_10K_R_01.shp","CN_HID_limite_obra_civil_a_10K_R_01.shp"
"https://visualizador.ide.uy/descargas/datos/CN_Remesa_01/03_Hidrografia/Shapefile/CN_HID_limite_obra_civil_a_10K_R_01.shx","CN_HID_limite_obra_civil_a_10K_R_01.shx"
"https://visualizador.ide.uy/descargas/datos/CN_Remesa_01/03_Hidrografia/Shapefile/CN_HID_limite_obra_civil_l_10K_R_01.cpg","CN_HID_limite_obra_civil_l_10K_R_01.cpg"
"https://visualizador.ide.uy/descargas/datos/CN_Remesa_01/03_Hidrografia/Shapefile/CN_HID_limite_obra_civil_l_10K_R_01.dbf","CN_HID_limite_obra_civil_l_10K_R_01.dbf"
"https://visualizador.ide.uy/descargas/datos/CN_Remesa_01/03_Hidrografia/Shapefile/CN_HID_limite_obra_civil_l_10K_R_01.prj","CN_HID_limite_obra_civil_l_10K_R_01.prj"
"https://visualizador.ide.uy/descargas/datos/CN_Remesa_01/03_Hidrografia/Shapefile/CN_HID_limite_obra_civil_l_10K_R_01.shp","CN_HID_limite_obra_civil_l_10K_R_01.shp"
"https://visualizador.ide.uy/descargas/datos/CN_Remesa_01/03_Hidrografia/Shapefile/CN_HID_limite_obra_civil_l_10K_R_01.shx","CN_HID_limite_obra_civil_l_10K_R_01.shx"
"https://visualizador.ide.uy/descargas/datos/CN_Remesa_01/03_Hidrografia/Shapefile/CN_HID_linea_de_costa_l_10K_R_01.cpg","CN_HID_linea_de_costa_l_10K_R_01.cpg"
"https://visualizador.ide.uy/descargas/datos/CN_Remesa_01/03_Hidrografia/Shapefile/CN_HID_linea_de_costa_l_10K_R_01.dbf","CN_HID_linea_de_costa_l_10K_R_01.dbf"
"https://visualizador.ide.uy/descargas/datos/CN_Remesa_01/03_Hidrografia/Shapefile/CN_HID_linea_de_costa_l_10K_R_01.prj","CN_HID_linea_de_costa_l_10K_R_01.prj"
"https://visualizador.ide.uy/descargas/datos/CN_Remesa_01/03_Hidrografia/Shapefile/CN_HID_linea_de_costa_l_10K_R_01.shp","CN_HID_linea_de_costa_l_10K_R_01.shp"
"https://visualizador.ide.uy/descargas/datos/CN_Remesa_01/03_Hidrografia/Shapefile/CN_HID_linea_de_costa_l_10K_R_01.shx","CN_HID_linea_de_costa_l_10K_R_01.shx"
"https://visualizador.ide.uy/descargas/datos/CN_Remesa_01/03_Hidrografia/Shapefile/CN_HID_playa_a_10K_R_01.cpg","CN_HID_playa_a_10K_R_01.cpg"
"https://visualizador.ide.uy/descargas/datos/CN_Remesa_01/03_Hidrografia/Shapefile/CN_HID_playa_a_10K_R_01.dbf","CN_HID_playa_a_10K_R_01.dbf"
"https://visualizador.ide.uy/descargas/datos/CN_Remesa_01/03_Hidrografia/Shapefile/CN_HID_playa_a_10K_R_01.prj","CN_HID_playa_a_10K_R_01.prj"
"https://visualizador.ide.uy/descargas/datos/CN_Remesa_01/03_Hidrografia/Shapefile/CN_HID_playa_a_10K_R_01.shp","CN_HID_playa_a_10K_R_01.shp"
"https://visualizador.ide.uy/descargas/datos/CN_Remesa_01/03_Hidrografia/Shapefile/CN_HID_playa_a_10K_R_01.shx","CN_HID_playa_a_10K_R_01.shx"
"https://visualizador.ide.uy/descargas/datos/CN_Remesa_01/03_Hidrografia/Shapefile/CN_HID_punto_hidrografico_p_10K_R_01.cpg","CN_HID_punto_hidrografico_p_10K_R_01.cpg"
"https://visualizador.ide.uy/descargas/datos/CN_Remesa_01/03_Hidrografia/Shapefile/CN_HID_punto_hidrografico_p_10K_R_01.dbf","CN_HID_punto_hidrografico_p_10K_R_01.dbf"
"https://visualizador.ide.uy/descargas/datos/CN_Remesa_01/03_Hidrografia/Shapefile/CN_HID_punto_hidrografico_p_10K_R_01.prj","CN_HID_punto_hidrografico_p_10K_R_01.prj"
"https://visualizador.ide.uy/descargas/datos/CN_Remesa_01/03_Hidrografia/Shapefile/CN_HID_punto_hidrografico_p_10K_R_01.shp","CN_HID_punto_hidrografico_p_10K_R_01.shp"
"https://visualizador.ide.uy/descargas/datos/CN_Remesa_01/03_Hidrografia/Shapefile/CN_HID_punto_hidrografico_p_10K_R_01.shx","CN_HID_punto_hidrografico_p_10K_R_01.shx"
"https://visualizador.ide.uy/descargas/datos/CN_Remesa_01/03_Hidrografia/Shapefile/CN_HID_rapidos_a_10K_R_01.cpg","CN_HID_rapidos_a_10K_R_01.cpg"
"https://visualizador.ide.uy/descargas/datos/CN_Remesa_01/03_Hidrografia/Shapefile/CN_HID_rapidos_a_10K_R_01.dbf","CN_HID_rapidos_a_10K_R_01.dbf"
"https://visualizador.ide.uy/descargas/datos/CN_Remesa_01/03_Hidrografia/Shapefile/CN_HID_rapidos_a_10K_R_01.prj","CN_HID_rapidos_a_10K_R_01.prj"
"https://visualizador.ide.uy/descargas/datos/CN_Remesa_01/03_Hidrografia/Shapefile/CN_HID_rapidos_a_10K_R_01.shp","CN_HID_rapidos_a_10K_R_01.shp"
"https://visualizador.ide.uy/descargas/datos/CN_Remesa_01/03_Hidrografia/Shapefile/CN_HID_rapidos_a_10K_R_01.shx","CN_HID_rapidos_a_10K_R_01.shx"
"https://visualizador.ide.uy/descargas/datos/CN_Remesa_01/03_Hidrografia/Shapefile/CN_HID_rapidos_l_10K_R_01.cpg","CN_HID_rapidos_l_10K_R_01.cpg"
"https://visualizador.ide.uy/descargas/datos/CN_Remesa_01/03_Hidrografia/Shapefile/CN_HID_rapidos_l_10K_R_01.dbf","CN_HID_rapidos_l_10K_R_01.dbf"
"https://visualizador.ide.uy/descargas/datos/CN_Remesa_01/03_Hidrografia/Shapefile/CN_HID_rapidos_l_10K_R_01.prj","CN_HID_rapidos_l_10K_R_01.prj"
"https://visualizador.ide.uy/descargas/datos/CN_Remesa_01/03_Hidrografia/Shapefile/CN_HID_rapidos_l_10K_R_01.shp","CN_HID_rapidos_l_10K_R_01.shp"
"https://visualizador.ide.uy/descargas/datos/CN_Remesa_01/03_Hidrografia/Shapefile/CN_HID_rapidos_l_10K_R_01.shx","CN_HID_rapidos_l_10K_R_01.shx"
