"href","text"
"https://visualizador.ide.uy/descargas/datos/CN_Remesa_11/02_Ortoimagenes/01_RGBI_16bits/?C=N;O=D","Nombre:"
"https://visualizador.ide.uy/descargas/datos/CN_Remesa_11/02_Ortoimagenes/01_RGBI_16bits/?C=S;O=A","Size"
"https://visualizador.ide.uy/descargas/datos/CN_Remesa_11/02_Ortoimagenes/","Parent Directory"
"https://visualizador.ide.uy/descargas/datos/CN_Remesa_11/02_Ortoimagenes/01_RGBI_16bits/E10C1_RGBI_16_Remesa_11.tif","E10C1_RGBI_16_Remesa_11.tif"
"https://visualizador.ide.uy/descargas/datos/CN_Remesa_11/02_Ortoimagenes/01_RGBI_16bits/E10C2_RGBI_16_Remesa_11.tif","E10C2_RGBI_16_Remesa_11.tif"
"https://visualizador.ide.uy/descargas/datos/CN_Remesa_11/02_Ortoimagenes/01_RGBI_16bits/E10C4_RGBI_16_Remesa_11.tif","E10C4_RGBI_16_Remesa_11.tif"
"https://visualizador.ide.uy/descargas/datos/CN_Remesa_11/02_Ortoimagenes/01_RGBI_16bits/E10C5_RGBI_16_Remesa_11.tif","E10C5_RGBI_16_Remesa_11.tif"
"https://visualizador.ide.uy/descargas/datos/CN_Remesa_11/02_Ortoimagenes/01_RGBI_16bits/E10C6_RGBI_16_Remesa_11.tif","E10C6_RGBI_16_Remesa_11.tif"
"https://visualizador.ide.uy/descargas/datos/CN_Remesa_11/02_Ortoimagenes/01_RGBI_16bits/E10D4_RGBI_16_Remesa_11.tif","E10D4_RGBI_16_Remesa_11.tif"
"https://visualizador.ide.uy/descargas/datos/CN_Remesa_11/02_Ortoimagenes/01_RGBI_16bits/E11A1_RGBI_16_Remesa_11.tif","E11A1_RGBI_16_Remesa_11.tif"
"https://visualizador.ide.uy/descargas/datos/CN_Remesa_11/02_Ortoimagenes/01_RGBI_16bits/E11A2_RGBI_16_Remesa_11.tif","E11A2_RGBI_16_Remesa_11.tif"
"https://visualizador.ide.uy/descargas/datos/CN_Remesa_11/02_Ortoimagenes/01_RGBI_16bits/E11A3_RGBI_16_Remesa_11.tif","E11A3_RGBI_16_Remesa_11.tif"
"https://visualizador.ide.uy/descargas/datos/CN_Remesa_11/02_Ortoimagenes/01_RGBI_16bits/E11A4_RGBI_16_Remesa_11.tif","E11A4_RGBI_16_Remesa_11.tif"
"https://visualizador.ide.uy/descargas/datos/CN_Remesa_11/02_Ortoimagenes/01_RGBI_16bits/E11A5_RGBI_16_Remesa_11.tif","E11A5_RGBI_16_Remesa_11.tif"
"https://visualizador.ide.uy/descargas/datos/CN_Remesa_11/02_Ortoimagenes/01_RGBI_16bits/E11A6_RGBI_16_Remesa_11.tif","E11A6_RGBI_16_Remesa_11.tif"
"https://visualizador.ide.uy/descargas/datos/CN_Remesa_11/02_Ortoimagenes/01_RGBI_16bits/E11B1_RGBI_16_Remesa_11.tif","E11B1_RGBI_16_Remesa_11.tif"
"https://visualizador.ide.uy/descargas/datos/CN_Remesa_11/02_Ortoimagenes/01_RGBI_16bits/E11B4_RGBI_16_Remesa_11.tif","E11B4_RGBI_16_Remesa_11.tif"
"https://visualizador.ide.uy/descargas/datos/CN_Remesa_11/02_Ortoimagenes/01_RGBI_16bits/E11B5_RGBI_16_Remesa_11.tif","E11B5_RGBI_16_Remesa_11.tif"
"https://visualizador.ide.uy/descargas/datos/CN_Remesa_11/02_Ortoimagenes/01_RGBI_16bits/E11C1_RGBI_16_Remesa_11.tif","E11C1_RGBI_16_Remesa_11.tif"
"https://visualizador.ide.uy/descargas/datos/CN_Remesa_11/02_Ortoimagenes/01_RGBI_16bits/E11C2_RGBI_16_Remesa_11.tif","E11C2_RGBI_16_Remesa_11.tif"
"https://visualizador.ide.uy/descargas/datos/CN_Remesa_11/02_Ortoimagenes/01_RGBI_16bits/E11C3_RGBI_16_Remesa_11.tif","E11C3_RGBI_16_Remesa_11.tif"
"https://visualizador.ide.uy/descargas/datos/CN_Remesa_11/02_Ortoimagenes/01_RGBI_16bits/E11D1_RGBI_16_Remesa_11.tif","E11D1_RGBI_16_Remesa_11.tif"
"https://visualizador.ide.uy/descargas/datos/CN_Remesa_11/02_Ortoimagenes/01_RGBI_16bits/E11D2_RGBI_16_Remesa_11.tif","E11D2_RGBI_16_Remesa_11.tif"
"https://visualizador.ide.uy/descargas/datos/CN_Remesa_11/02_Ortoimagenes/01_RGBI_16bits/F09C1_RGBI_16_Remesa_11.tif","F09C1_RGBI_16_Remesa_11.tif"
"https://visualizador.ide.uy/descargas/datos/CN_Remesa_11/02_Ortoimagenes/01_RGBI_16bits/F09C2_RGBI_16_Remesa_11.tif","F09C2_RGBI_16_Remesa_11.tif"
"https://visualizador.ide.uy/descargas/datos/CN_Remesa_11/02_Ortoimagenes/01_RGBI_16bits/F09C4_RGBI_16_Remesa_11.tif","F09C4_RGBI_16_Remesa_11.tif"
"https://visualizador.ide.uy/descargas/datos/CN_Remesa_11/02_Ortoimagenes/01_RGBI_16bits/F09C5_RGBI_16_Remesa_11.tif","F09C5_RGBI_16_Remesa_11.tif"
"https://visualizador.ide.uy/descargas/datos/CN_Remesa_11/02_Ortoimagenes/01_RGBI_16bits/F10A1_RGBI_16_Remesa_11.tif","F10A1_RGBI_16_Remesa_11.tif"
"https://visualizador.ide.uy/descargas/datos/CN_Remesa_11/02_Ortoimagenes/01_RGBI_16bits/F10A2_RGBI_16_Remesa_11.tif","F10A2_RGBI_16_Remesa_11.tif"
"https://visualizador.ide.uy/descargas/datos/CN_Remesa_11/02_Ortoimagenes/01_RGBI_16bits/F10A3_RGBI_16_Remesa_11.tif","F10A3_RGBI_16_Remesa_11.tif"
"https://visualizador.ide.uy/descargas/datos/CN_Remesa_11/02_Ortoimagenes/01_RGBI_16bits/F10A4_RGBI_16_Remesa_11.tif","F10A4_RGBI_16_Remesa_11.tif"
"https://visualizador.ide.uy/descargas/datos/CN_Remesa_11/02_Ortoimagenes/01_RGBI_16bits/F10A5_RGBI_16_Remesa_11.tif","F10A5_RGBI_16_Remesa_11.tif"
"https://visualizador.ide.uy/descargas/datos/CN_Remesa_11/02_Ortoimagenes/01_RGBI_16bits/F10A6_RGBI_16_Remesa_11.tif","F10A6_RGBI_16_Remesa_11.tif"
"https://visualizador.ide.uy/descargas/datos/CN_Remesa_11/02_Ortoimagenes/01_RGBI_16bits/F10B4_RGBI_16_Remesa_11.tif","F10B4_RGBI_16_Remesa_11.tif"
"https://visualizador.ide.uy/descargas/datos/CN_Remesa_11/02_Ortoimagenes/01_RGBI_16bits/F10C1_RGBI_16_Remesa_11.tif","F10C1_RGBI_16_Remesa_11.tif"
"https://visualizador.ide.uy/descargas/datos/CN_Remesa_11/02_Ortoimagenes/01_RGBI_16bits/F10C2_RGBI_16_Remesa_11.tif","F10C2_RGBI_16_Remesa_11.tif"
"https://visualizador.ide.uy/descargas/datos/CN_Remesa_11/02_Ortoimagenes/01_RGBI_16bits/F10C3_RGBI_16_Remesa_11.tif","F10C3_RGBI_16_Remesa_11.tif"
"https://visualizador.ide.uy/descargas/datos/CN_Remesa_11/02_Ortoimagenes/01_RGBI_16bits/F10C4_RGBI_16_Remesa_11.tif","F10C4_RGBI_16_Remesa_11.tif"
"https://visualizador.ide.uy/descargas/datos/CN_Remesa_11/02_Ortoimagenes/01_RGBI_16bits/F10C5_RGBI_16_Remesa_11.tif","F10C5_RGBI_16_Remesa_11.tif"
"https://visualizador.ide.uy/descargas/datos/CN_Remesa_11/02_Ortoimagenes/01_RGBI_16bits/F10C6_RGBI_16_Remesa_11.tif","F10C6_RGBI_16_Remesa_11.tif"
"https://visualizador.ide.uy/descargas/datos/CN_Remesa_11/02_Ortoimagenes/01_RGBI_16bits/F10D1_RGBI_16_Remesa_11.tif","F10D1_RGBI_16_Remesa_11.tif"
"https://visualizador.ide.uy/descargas/datos/CN_Remesa_11/02_Ortoimagenes/01_RGBI_16bits/F10D2_RGBI_16_Remesa_11.tif","F10D2_RGBI_16_Remesa_11.tif"
"https://visualizador.ide.uy/descargas/datos/CN_Remesa_11/02_Ortoimagenes/01_RGBI_16bits/F10D3_RGBI_16_Remesa_11.tif","F10D3_RGBI_16_Remesa_11.tif"
"https://visualizador.ide.uy/descargas/datos/CN_Remesa_11/02_Ortoimagenes/01_RGBI_16bits/F10D4_RGBI_16_Remesa_11.tif","F10D4_RGBI_16_Remesa_11.tif"
"https://visualizador.ide.uy/descargas/datos/CN_Remesa_11/02_Ortoimagenes/01_RGBI_16bits/F10D5_RGBI_16_Remesa_11.tif","F10D5_RGBI_16_Remesa_11.tif"
"https://visualizador.ide.uy/descargas/datos/CN_Remesa_11/02_Ortoimagenes/01_RGBI_16bits/F10D6_RGBI_16_Remesa_11.tif","F10D6_RGBI_16_Remesa_11.tif"
"https://visualizador.ide.uy/descargas/datos/CN_Remesa_11/02_Ortoimagenes/01_RGBI_16bits/F11A1_RGBI_16_Remesa_11.tif","F11A1_RGBI_16_Remesa_11.tif"
"https://visualizador.ide.uy/descargas/datos/CN_Remesa_11/02_Ortoimagenes/01_RGBI_16bits/F11A2_RGBI_16_Remesa_11.tif","F11A2_RGBI_16_Remesa_11.tif"
"https://visualizador.ide.uy/descargas/datos/CN_Remesa_11/02_Ortoimagenes/01_RGBI_16bits/F11A3_RGBI_16_Remesa_11.tif","F11A3_RGBI_16_Remesa_11.tif"
"https://visualizador.ide.uy/descargas/datos/CN_Remesa_11/02_Ortoimagenes/01_RGBI_16bits/F11A4_RGBI_16_Remesa_11.tif","F11A4_RGBI_16_Remesa_11.tif"
"https://visualizador.ide.uy/descargas/datos/CN_Remesa_11/02_Ortoimagenes/01_RGBI_16bits/F11A5_RGBI_16_Remesa_11.tif","F11A5_RGBI_16_Remesa_11.tif"
"https://visualizador.ide.uy/descargas/datos/CN_Remesa_11/02_Ortoimagenes/01_RGBI_16bits/F11A6_RGBI_16_Remesa_11.tif","F11A6_RGBI_16_Remesa_11.tif"
"https://visualizador.ide.uy/descargas/datos/CN_Remesa_11/02_Ortoimagenes/01_RGBI_16bits/F11B1_RGBI_16_Remesa_11.tif","F11B1_RGBI_16_Remesa_11.tif"
"https://visualizador.ide.uy/descargas/datos/CN_Remesa_11/02_Ortoimagenes/01_RGBI_16bits/F11B2_RGBI_16_Remesa_11.tif","F11B2_RGBI_16_Remesa_11.tif"
"https://visualizador.ide.uy/descargas/datos/CN_Remesa_11/02_Ortoimagenes/01_RGBI_16bits/F11B3_RGBI_16_Remesa_11.tif","F11B3_RGBI_16_Remesa_11.tif"
"https://visualizador.ide.uy/descargas/datos/CN_Remesa_11/02_Ortoimagenes/01_RGBI_16bits/F11B4_RGBI_16_Remesa_11.tif","F11B4_RGBI_16_Remesa_11.tif"
"https://visualizador.ide.uy/descargas/datos/CN_Remesa_11/02_Ortoimagenes/01_RGBI_16bits/F11B5_RGBI_16_Remesa_11.tif","F11B5_RGBI_16_Remesa_11.tif"
"https://visualizador.ide.uy/descargas/datos/CN_Remesa_11/02_Ortoimagenes/01_RGBI_16bits/F11B6_RGBI_16_Remesa_11.tif","F11B6_RGBI_16_Remesa_11.tif"
"https://visualizador.ide.uy/descargas/datos/CN_Remesa_11/02_Ortoimagenes/01_RGBI_16bits/F11C1_RGBI_16_Remesa_11.tif","F11C1_RGBI_16_Remesa_11.tif"
"https://visualizador.ide.uy/descargas/datos/CN_Remesa_11/02_Ortoimagenes/01_RGBI_16bits/F11C2_RGBI_16_Remesa_11.tif","F11C2_RGBI_16_Remesa_11.tif"
"https://visualizador.ide.uy/descargas/datos/CN_Remesa_11/02_Ortoimagenes/01_RGBI_16bits/F11C3_RGBI_16_Remesa_11.tif","F11C3_RGBI_16_Remesa_11.tif"
"https://visualizador.ide.uy/descargas/datos/CN_Remesa_11/02_Ortoimagenes/01_RGBI_16bits/F11D1_RGBI_16_Remesa_11.tif","F11D1_RGBI_16_Remesa_11.tif"
"https://visualizador.ide.uy/descargas/datos/CN_Remesa_11/02_Ortoimagenes/01_RGBI_16bits/F11D2_RGBI_16_Remesa_11.tif","F11D2_RGBI_16_Remesa_11.tif"
"https://visualizador.ide.uy/descargas/datos/CN_Remesa_11/02_Ortoimagenes/01_RGBI_16bits/F11D3_RGBI_16_Remesa_11.tif","F11D3_RGBI_16_Remesa_11.tif"
"https://visualizador.ide.uy/descargas/datos/CN_Remesa_11/02_Ortoimagenes/01_RGBI_16bits/G08A1_RGBI_16_Remesa_11.tif","G08A1_RGBI_16_Remesa_11.tif"
"https://visualizador.ide.uy/descargas/datos/CN_Remesa_11/02_Ortoimagenes/01_RGBI_16bits/G08A4_RGBI_16_Remesa_11.tif","G08A4_RGBI_16_Remesa_11.tif"
"https://visualizador.ide.uy/descargas/datos/CN_Remesa_11/02_Ortoimagenes/01_RGBI_16bits/G08A5_RGBI_16_Remesa_11.tif","G08A5_RGBI_16_Remesa_11.tif"
"https://visualizador.ide.uy/descargas/datos/CN_Remesa_11/02_Ortoimagenes/01_RGBI_16bits/G08C1_RGBI_16_Remesa_11.tif","G08C1_RGBI_16_Remesa_11.tif"
"https://visualizador.ide.uy/descargas/datos/CN_Remesa_11/02_Ortoimagenes/01_RGBI_16bits/G08C2_RGBI_16_Remesa_11.tif","G08C2_RGBI_16_Remesa_11.tif"
"https://visualizador.ide.uy/descargas/datos/CN_Remesa_11/02_Ortoimagenes/01_RGBI_16bits/G08C4_RGBI_16_Remesa_11.tif","G08C4_RGBI_16_Remesa_11.tif"
"https://visualizador.ide.uy/descargas/datos/CN_Remesa_11/02_Ortoimagenes/01_RGBI_16bits/G08C5_RGBI_16_Remesa_11.tif","G08C5_RGBI_16_Remesa_11.tif"
"https://visualizador.ide.uy/descargas/datos/CN_Remesa_11/02_Ortoimagenes/01_RGBI_16bits/G08C6_RGBI_16_Remesa_11.tif","G08C6_RGBI_16_Remesa_11.tif"
"https://visualizador.ide.uy/descargas/datos/CN_Remesa_11/02_Ortoimagenes/01_RGBI_16bits/G09A1_RGBI_16_Remesa_11.tif","G09A1_RGBI_16_Remesa_11.tif"
"https://visualizador.ide.uy/descargas/datos/CN_Remesa_11/02_Ortoimagenes/01_RGBI_16bits/G09A2_RGBI_16_Remesa_11.tif","G09A2_RGBI_16_Remesa_11.tif"
"https://visualizador.ide.uy/descargas/datos/CN_Remesa_11/02_Ortoimagenes/01_RGBI_16bits/G09A3_RGBI_16_Remesa_11.tif","G09A3_RGBI_16_Remesa_11.tif"
"https://visualizador.ide.uy/descargas/datos/CN_Remesa_11/02_Ortoimagenes/01_RGBI_16bits/G09A4_RGBI_16_Remesa_11.tif","G09A4_RGBI_16_Remesa_11.tif"
"https://visualizador.ide.uy/descargas/datos/CN_Remesa_11/02_Ortoimagenes/01_RGBI_16bits/G09A5_RGBI_16_Remesa_11.tif","G09A5_RGBI_16_Remesa_11.tif"
"https://visualizador.ide.uy/descargas/datos/CN_Remesa_11/02_Ortoimagenes/01_RGBI_16bits/G09A6_RGBI_16_Remesa_11.tif","G09A6_RGBI_16_Remesa_11.tif"
"https://visualizador.ide.uy/descargas/datos/CN_Remesa_11/02_Ortoimagenes/01_RGBI_16bits/G09B4_RGBI_16_Remesa_11.tif","G09B4_RGBI_16_Remesa_11.tif"
"https://visualizador.ide.uy/descargas/datos/CN_Remesa_11/02_Ortoimagenes/01_RGBI_16bits/G09C1_RGBI_16_Remesa_11.tif","G09C1_RGBI_16_Remesa_11.tif"
"https://visualizador.ide.uy/descargas/datos/CN_Remesa_11/02_Ortoimagenes/01_RGBI_16bits/G09C2_RGBI_16_Remesa_11.tif","G09C2_RGBI_16_Remesa_11.tif"
"https://visualizador.ide.uy/descargas/datos/CN_Remesa_11/02_Ortoimagenes/01_RGBI_16bits/G09C3_RGBI_16_Remesa_11.tif","G09C3_RGBI_16_Remesa_11.tif"
"https://visualizador.ide.uy/descargas/datos/CN_Remesa_11/02_Ortoimagenes/01_RGBI_16bits/G09C4_RGBI_16_Remesa_11.tif","G09C4_RGBI_16_Remesa_11.tif"
"https://visualizador.ide.uy/descargas/datos/CN_Remesa_11/02_Ortoimagenes/01_RGBI_16bits/G09C5_RGBI_16_Remesa_11.tif","G09C5_RGBI_16_Remesa_11.tif"
"https://visualizador.ide.uy/descargas/datos/CN_Remesa_11/02_Ortoimagenes/01_RGBI_16bits/G09C6_RGBI_16_Remesa_11.tif","G09C6_RGBI_16_Remesa_11.tif"
"https://visualizador.ide.uy/descargas/datos/CN_Remesa_11/02_Ortoimagenes/01_RGBI_16bits/G09D1_RGBI_16_Remesa_11.tif","G09D1_RGBI_16_Remesa_11.tif"
"https://visualizador.ide.uy/descargas/datos/CN_Remesa_11/02_Ortoimagenes/01_RGBI_16bits/G09D2_RGBI_16_Remesa_11.tif","G09D2_RGBI_16_Remesa_11.tif"
"https://visualizador.ide.uy/descargas/datos/CN_Remesa_11/02_Ortoimagenes/01_RGBI_16bits/G09D4_RGBI_16_Remesa_11.tif","G09D4_RGBI_16_Remesa_11.tif"
"https://visualizador.ide.uy/descargas/datos/CN_Remesa_11/02_Ortoimagenes/01_RGBI_16bits/G09D5_RGBI_16_Remesa_11.tif","G09D5_RGBI_16_Remesa_11.tif"
"https://visualizador.ide.uy/descargas/datos/CN_Remesa_11/02_Ortoimagenes/01_RGBI_16bits/G09D6_RGBI_16_Remesa_11.tif","G09D6_RGBI_16_Remesa_11.tif"
"https://visualizador.ide.uy/descargas/datos/CN_Remesa_11/02_Ortoimagenes/01_RGBI_16bits/G10A1_RGBI_16_Remesa_11.tif","G10A1_RGBI_16_Remesa_11.tif"
"https://visualizador.ide.uy/descargas/datos/CN_Remesa_11/02_Ortoimagenes/01_RGBI_16bits/G10A2_RGBI_16_Remesa_11.tif","G10A2_RGBI_16_Remesa_11.tif"
"https://visualizador.ide.uy/descargas/datos/CN_Remesa_11/02_Ortoimagenes/01_RGBI_16bits/G10A3_RGBI_16_Remesa_11.tif","G10A3_RGBI_16_Remesa_11.tif"
"https://visualizador.ide.uy/descargas/datos/CN_Remesa_11/02_Ortoimagenes/01_RGBI_16bits/G10A4_RGBI_16_Remesa_11.tif","G10A4_RGBI_16_Remesa_11.tif"
"https://visualizador.ide.uy/descargas/datos/CN_Remesa_11/02_Ortoimagenes/01_RGBI_16bits/G10A5_RGBI_16_Remesa_11.tif","G10A5_RGBI_16_Remesa_11.tif"
"https://visualizador.ide.uy/descargas/datos/CN_Remesa_11/02_Ortoimagenes/01_RGBI_16bits/G10A6_RGBI_16_Remesa_11.tif","G10A6_RGBI_16_Remesa_11.tif"
"https://visualizador.ide.uy/descargas/datos/CN_Remesa_11/02_Ortoimagenes/01_RGBI_16bits/G10B1_RGBI_16_Remesa_11.tif","G10B1_RGBI_16_Remesa_11.tif"
"https://visualizador.ide.uy/descargas/datos/CN_Remesa_11/02_Ortoimagenes/01_RGBI_16bits/G10B2_RGBI_16_Remesa_11.tif","G10B2_RGBI_16_Remesa_11.tif"
"https://visualizador.ide.uy/descargas/datos/CN_Remesa_11/02_Ortoimagenes/01_RGBI_16bits/G10B3_RGBI_16_Remesa_11.tif","G10B3_RGBI_16_Remesa_11.tif"
"https://visualizador.ide.uy/descargas/datos/CN_Remesa_11/02_Ortoimagenes/01_RGBI_16bits/G10B4_RGBI_16_Remesa_11.tif","G10B4_RGBI_16_Remesa_11.tif"
"https://visualizador.ide.uy/descargas/datos/CN_Remesa_11/02_Ortoimagenes/01_RGBI_16bits/G10B5_RGBI_16_Remesa_11.tif","G10B5_RGBI_16_Remesa_11.tif"
"https://visualizador.ide.uy/descargas/datos/CN_Remesa_11/02_Ortoimagenes/01_RGBI_16bits/G10B6_RGBI_16_Remesa_11.tif","G10B6_RGBI_16_Remesa_11.tif"
"https://visualizador.ide.uy/descargas/datos/CN_Remesa_11/02_Ortoimagenes/01_RGBI_16bits/G10C1_RGBI_16_Remesa_11.tif","G10C1_RGBI_16_Remesa_11.tif"
"https://visualizador.ide.uy/descargas/datos/CN_Remesa_11/02_Ortoimagenes/01_RGBI_16bits/G10C2_RGBI_16_Remesa_11.tif","G10C2_RGBI_16_Remesa_11.tif"
"https://visualizador.ide.uy/descargas/datos/CN_Remesa_11/02_Ortoimagenes/01_RGBI_16bits/G10C3_RGBI_16_Remesa_11.tif","G10C3_RGBI_16_Remesa_11.tif"
"https://visualizador.ide.uy/descargas/datos/CN_Remesa_11/02_Ortoimagenes/01_RGBI_16bits/G10C4_RGBI_16_Remesa_11.tif","G10C4_RGBI_16_Remesa_11.tif"
"https://visualizador.ide.uy/descargas/datos/CN_Remesa_11/02_Ortoimagenes/01_RGBI_16bits/G10C5_RGBI_16_Remesa_11.tif","G10C5_RGBI_16_Remesa_11.tif"
"https://visualizador.ide.uy/descargas/datos/CN_Remesa_11/02_Ortoimagenes/01_RGBI_16bits/G10C6_RGBI_16_Remesa_11.tif","G10C6_RGBI_16_Remesa_11.tif"
"https://visualizador.ide.uy/descargas/datos/CN_Remesa_11/02_Ortoimagenes/01_RGBI_16bits/G10D1_RGBI_16_Remesa_11.tif","G10D1_RGBI_16_Remesa_11.tif"
"https://visualizador.ide.uy/descargas/datos/CN_Remesa_11/02_Ortoimagenes/01_RGBI_16bits/G10D2_RGBI_16_Remesa_11.tif","G10D2_RGBI_16_Remesa_11.tif"
"https://visualizador.ide.uy/descargas/datos/CN_Remesa_11/02_Ortoimagenes/01_RGBI_16bits/G10D3_RGBI_16_Remesa_11.tif","G10D3_RGBI_16_Remesa_11.tif"
"https://visualizador.ide.uy/descargas/datos/CN_Remesa_11/02_Ortoimagenes/01_RGBI_16bits/G10D4_RGBI_16_Remesa_11.tif","G10D4_RGBI_16_Remesa_11.tif"
"https://visualizador.ide.uy/descargas/datos/CN_Remesa_11/02_Ortoimagenes/01_RGBI_16bits/G10D5_RGBI_16_Remesa_11.tif","G10D5_RGBI_16_Remesa_11.tif"
"https://visualizador.ide.uy/descargas/datos/CN_Remesa_11/02_Ortoimagenes/01_RGBI_16bits/G10D6_RGBI_16_Remesa_11.tif","G10D6_RGBI_16_Remesa_11.tif"
"https://visualizador.ide.uy/descargas/datos/CN_Remesa_11/02_Ortoimagenes/01_RGBI_16bits/G11A1_RGBI_16_Remesa_11.tif","G11A1_RGBI_16_Remesa_11.tif"
"https://visualizador.ide.uy/descargas/datos/CN_Remesa_11/02_Ortoimagenes/01_RGBI_16bits/G11A2_RGBI_16_Remesa_11.tif","G11A2_RGBI_16_Remesa_11.tif"
"https://visualizador.ide.uy/descargas/datos/CN_Remesa_11/02_Ortoimagenes/01_RGBI_16bits/G11A3_RGBI_16_Remesa_11.tif","G11A3_RGBI_16_Remesa_11.tif"
"https://visualizador.ide.uy/descargas/datos/CN_Remesa_11/02_Ortoimagenes/01_RGBI_16bits/G11A4_RGBI_16_Remesa_11.tif","G11A4_RGBI_16_Remesa_11.tif"
"https://visualizador.ide.uy/descargas/datos/CN_Remesa_11/02_Ortoimagenes/01_RGBI_16bits/G11A5_RGBI_16_Remesa_11.tif","G11A5_RGBI_16_Remesa_11.tif"
"https://visualizador.ide.uy/descargas/datos/CN_Remesa_11/02_Ortoimagenes/01_RGBI_16bits/G11A6_RGBI_16_Remesa_11.tif","G11A6_RGBI_16_Remesa_11.tif"
"https://visualizador.ide.uy/descargas/datos/CN_Remesa_11/02_Ortoimagenes/01_RGBI_16bits/G11B1_RGBI_16_Remesa_11.tif","G11B1_RGBI_16_Remesa_11.tif"
"https://visualizador.ide.uy/descargas/datos/CN_Remesa_11/02_Ortoimagenes/01_RGBI_16bits/G11B2_RGBI_16_Remesa_11.tif","G11B2_RGBI_16_Remesa_11.tif"
"https://visualizador.ide.uy/descargas/datos/CN_Remesa_11/02_Ortoimagenes/01_RGBI_16bits/G11B3_RGBI_16_Remesa_11.tif","G11B3_RGBI_16_Remesa_11.tif"
"https://visualizador.ide.uy/descargas/datos/CN_Remesa_11/02_Ortoimagenes/01_RGBI_16bits/G11B4_RGBI_16_Remesa_11.tif","G11B4_RGBI_16_Remesa_11.tif"
"https://visualizador.ide.uy/descargas/datos/CN_Remesa_11/02_Ortoimagenes/01_RGBI_16bits/G11B5_RGBI_16_Remesa_11.tif","G11B5_RGBI_16_Remesa_11.tif"
"https://visualizador.ide.uy/descargas/datos/CN_Remesa_11/02_Ortoimagenes/01_RGBI_16bits/G11B6_RGBI_16_Remesa_11.tif","G11B6_RGBI_16_Remesa_11.tif"
"https://visualizador.ide.uy/descargas/datos/CN_Remesa_11/02_Ortoimagenes/01_RGBI_16bits/G11C1_RGBI_16_Remesa_11.tif","G11C1_RGBI_16_Remesa_11.tif"
"https://visualizador.ide.uy/descargas/datos/CN_Remesa_11/02_Ortoimagenes/01_RGBI_16bits/G11C2_RGBI_16_Remesa_11.tif","G11C2_RGBI_16_Remesa_11.tif"
"https://visualizador.ide.uy/descargas/datos/CN_Remesa_11/02_Ortoimagenes/01_RGBI_16bits/G11C3_RGBI_16_Remesa_11.tif","G11C3_RGBI_16_Remesa_11.tif"
"https://visualizador.ide.uy/descargas/datos/CN_Remesa_11/02_Ortoimagenes/01_RGBI_16bits/G11D1_RGBI_16_Remesa_11.tif","G11D1_RGBI_16_Remesa_11.tif"
"https://visualizador.ide.uy/descargas/datos/CN_Remesa_11/02_Ortoimagenes/01_RGBI_16bits/G11D2_RGBI_16_Remesa_11.tif","G11D2_RGBI_16_Remesa_11.tif"
"https://visualizador.ide.uy/descargas/datos/CN_Remesa_11/02_Ortoimagenes/01_RGBI_16bits/G11D3_RGBI_16_Remesa_11.tif","G11D3_RGBI_16_Remesa_11.tif"
"https://visualizador.ide.uy/descargas/datos/CN_Remesa_11/02_Ortoimagenes/01_RGBI_16bits/H07A6_RGBI_16_Remesa_11.tif","H07A6_RGBI_16_Remesa_11.tif"
"https://visualizador.ide.uy/descargas/datos/CN_Remesa_11/02_Ortoimagenes/01_RGBI_16bits/H07B4_RGBI_16_Remesa_11.tif","H07B4_RGBI_16_Remesa_11.tif"
"https://visualizador.ide.uy/descargas/datos/CN_Remesa_11/02_Ortoimagenes/01_RGBI_16bits/H07B5_RGBI_16_Remesa_11.tif","H07B5_RGBI_16_Remesa_11.tif"
"https://visualizador.ide.uy/descargas/datos/CN_Remesa_11/02_Ortoimagenes/01_RGBI_16bits/H07C3_RGBI_16_Remesa_11.tif","H07C3_RGBI_16_Remesa_11.tif"
"https://visualizador.ide.uy/descargas/datos/CN_Remesa_11/02_Ortoimagenes/01_RGBI_16bits/H07C5_RGBI_16_Remesa_11.tif","H07C5_RGBI_16_Remesa_11.tif"
"https://visualizador.ide.uy/descargas/datos/CN_Remesa_11/02_Ortoimagenes/01_RGBI_16bits/H07C6_RGBI_16_Remesa_11.tif","H07C6_RGBI_16_Remesa_11.tif"
"https://visualizador.ide.uy/descargas/datos/CN_Remesa_11/02_Ortoimagenes/01_RGBI_16bits/H07D1_RGBI_16_Remesa_11.tif","H07D1_RGBI_16_Remesa_11.tif"
"https://visualizador.ide.uy/descargas/datos/CN_Remesa_11/02_Ortoimagenes/01_RGBI_16bits/H07D2_RGBI_16_Remesa_11.tif","H07D2_RGBI_16_Remesa_11.tif"
"https://visualizador.ide.uy/descargas/datos/CN_Remesa_11/02_Ortoimagenes/01_RGBI_16bits/H07D4_RGBI_16_Remesa_11.tif","H07D4_RGBI_16_Remesa_11.tif"
"https://visualizador.ide.uy/descargas/datos/CN_Remesa_11/02_Ortoimagenes/01_RGBI_16bits/H07D5_RGBI_16_Remesa_11.tif","H07D5_RGBI_16_Remesa_11.tif"
"https://visualizador.ide.uy/descargas/datos/CN_Remesa_11/02_Ortoimagenes/01_RGBI_16bits/H07D6_RGBI_16_Remesa_11.tif","H07D6_RGBI_16_Remesa_11.tif"
"https://visualizador.ide.uy/descargas/datos/CN_Remesa_11/02_Ortoimagenes/01_RGBI_16bits/H08A1_RGBI_16_Remesa_11.tif","H08A1_RGBI_16_Remesa_11.tif"
"https://visualizador.ide.uy/descargas/datos/CN_Remesa_11/02_Ortoimagenes/01_RGBI_16bits/H08A2_RGBI_16_Remesa_11.tif","H08A2_RGBI_16_Remesa_11.tif"
"https://visualizador.ide.uy/descargas/datos/CN_Remesa_11/02_Ortoimagenes/01_RGBI_16bits/H08A3_RGBI_16_Remesa_11.tif","H08A3_RGBI_16_Remesa_11.tif"
"https://visualizador.ide.uy/descargas/datos/CN_Remesa_11/02_Ortoimagenes/01_RGBI_16bits/H08A4_RGBI_16_Remesa_11.tif","H08A4_RGBI_16_Remesa_11.tif"
"https://visualizador.ide.uy/descargas/datos/CN_Remesa_11/02_Ortoimagenes/01_RGBI_16bits/H08A5_RGBI_16_Remesa_11.tif","H08A5_RGBI_16_Remesa_11.tif"
"https://visualizador.ide.uy/descargas/datos/CN_Remesa_11/02_Ortoimagenes/01_RGBI_16bits/H08A6_RGBI_16_Remesa_11.tif","H08A6_RGBI_16_Remesa_11.tif"
"https://visualizador.ide.uy/descargas/datos/CN_Remesa_11/02_Ortoimagenes/01_RGBI_16bits/H08B1_RGBI_16_Remesa_11.tif","H08B1_RGBI_16_Remesa_11.tif"
"https://visualizador.ide.uy/descargas/datos/CN_Remesa_11/02_Ortoimagenes/01_RGBI_16bits/H08B2_RGBI_16_Remesa_11.tif","H08B2_RGBI_16_Remesa_11.tif"
"https://visualizador.ide.uy/descargas/datos/CN_Remesa_11/02_Ortoimagenes/01_RGBI_16bits/H08B3_RGBI_16_Remesa_11.tif","H08B3_RGBI_16_Remesa_11.tif"
"https://visualizador.ide.uy/descargas/datos/CN_Remesa_11/02_Ortoimagenes/01_RGBI_16bits/H08B4_RGBI_16_Remesa_11.tif","H08B4_RGBI_16_Remesa_11.tif"
"https://visualizador.ide.uy/descargas/datos/CN_Remesa_11/02_Ortoimagenes/01_RGBI_16bits/H08B5_RGBI_16_Remesa_11.tif","H08B5_RGBI_16_Remesa_11.tif"
"https://visualizador.ide.uy/descargas/datos/CN_Remesa_11/02_Ortoimagenes/01_RGBI_16bits/H08B6_RGBI_16_Remesa_11.tif","H08B6_RGBI_16_Remesa_11.tif"
"https://visualizador.ide.uy/descargas/datos/CN_Remesa_11/02_Ortoimagenes/01_RGBI_16bits/H08C1_RGBI_16_Remesa_11.tif","H08C1_RGBI_16_Remesa_11.tif"
"https://visualizador.ide.uy/descargas/datos/CN_Remesa_11/02_Ortoimagenes/01_RGBI_16bits/H08C2_RGBI_16_Remesa_11.tif","H08C2_RGBI_16_Remesa_11.tif"
"https://visualizador.ide.uy/descargas/datos/CN_Remesa_11/02_Ortoimagenes/01_RGBI_16bits/H08C3_RGBI_16_Remesa_11.tif","H08C3_RGBI_16_Remesa_11.tif"
"https://visualizador.ide.uy/descargas/datos/CN_Remesa_11/02_Ortoimagenes/01_RGBI_16bits/H08C4_RGBI_16_Remesa_11.tif","H08C4_RGBI_16_Remesa_11.tif"
"https://visualizador.ide.uy/descargas/datos/CN_Remesa_11/02_Ortoimagenes/01_RGBI_16bits/H08C5_RGBI_16_Remesa_11.tif","H08C5_RGBI_16_Remesa_11.tif"
"https://visualizador.ide.uy/descargas/datos/CN_Remesa_11/02_Ortoimagenes/01_RGBI_16bits/H08C6_RGBI_16_Remesa_11.tif","H08C6_RGBI_16_Remesa_11.tif"
"https://visualizador.ide.uy/descargas/datos/CN_Remesa_11/02_Ortoimagenes/01_RGBI_16bits/H08D1_RGBI_16_Remesa_11.tif","H08D1_RGBI_16_Remesa_11.tif"
"https://visualizador.ide.uy/descargas/datos/CN_Remesa_11/02_Ortoimagenes/01_RGBI_16bits/H08D2_RGBI_16_Remesa_11.tif","H08D2_RGBI_16_Remesa_11.tif"
"https://visualizador.ide.uy/descargas/datos/CN_Remesa_11/02_Ortoimagenes/01_RGBI_16bits/H08D3_RGBI_16_Remesa_11.tif","H08D3_RGBI_16_Remesa_11.tif"
"https://visualizador.ide.uy/descargas/datos/CN_Remesa_11/02_Ortoimagenes/01_RGBI_16bits/H08D4_RGBI_16_Remesa_11.tif","H08D4_RGBI_16_Remesa_11.tif"
"https://visualizador.ide.uy/descargas/datos/CN_Remesa_11/02_Ortoimagenes/01_RGBI_16bits/H08D5_RGBI_16_Remesa_11.tif","H08D5_RGBI_16_Remesa_11.tif"
"https://visualizador.ide.uy/descargas/datos/CN_Remesa_11/02_Ortoimagenes/01_RGBI_16bits/H08D6_RGBI_16_Remesa_11.tif","H08D6_RGBI_16_Remesa_11.tif"
"https://visualizador.ide.uy/descargas/datos/CN_Remesa_11/02_Ortoimagenes/01_RGBI_16bits/H09A1_RGBI_16_Remesa_11.tif","H09A1_RGBI_16_Remesa_11.tif"
"https://visualizador.ide.uy/descargas/datos/CN_Remesa_11/02_Ortoimagenes/01_RGBI_16bits/H09A2_RGBI_16_Remesa_11.tif","H09A2_RGBI_16_Remesa_11.tif"
"https://visualizador.ide.uy/descargas/datos/CN_Remesa_11/02_Ortoimagenes/01_RGBI_16bits/H09A3_RGBI_16_Remesa_11.tif","H09A3_RGBI_16_Remesa_11.tif"
"https://visualizador.ide.uy/descargas/datos/CN_Remesa_11/02_Ortoimagenes/01_RGBI_16bits/H09A4_RGBI_16_Remesa_11.tif","H09A4_RGBI_16_Remesa_11.tif"
"https://visualizador.ide.uy/descargas/datos/CN_Remesa_11/02_Ortoimagenes/01_RGBI_16bits/H09A5_RGBI_16_Remesa_11.tif","H09A5_RGBI_16_Remesa_11.tif"
"https://visualizador.ide.uy/descargas/datos/CN_Remesa_11/02_Ortoimagenes/01_RGBI_16bits/H09A6_RGBI_16_Remesa_11.tif","H09A6_RGBI_16_Remesa_11.tif"
"https://visualizador.ide.uy/descargas/datos/CN_Remesa_11/02_Ortoimagenes/01_RGBI_16bits/H09B1_RGBI_16_Remesa_11.tif","H09B1_RGBI_16_Remesa_11.tif"
"https://visualizador.ide.uy/descargas/datos/CN_Remesa_11/02_Ortoimagenes/01_RGBI_16bits/H09B2_RGBI_16_Remesa_11.tif","H09B2_RGBI_16_Remesa_11.tif"
"https://visualizador.ide.uy/descargas/datos/CN_Remesa_11/02_Ortoimagenes/01_RGBI_16bits/H09B3_RGBI_16_Remesa_11.tif","H09B3_RGBI_16_Remesa_11.tif"
"https://visualizador.ide.uy/descargas/datos/CN_Remesa_11/02_Ortoimagenes/01_RGBI_16bits/H09B4_RGBI_16_Remesa_11.tif","H09B4_RGBI_16_Remesa_11.tif"
"https://visualizador.ide.uy/descargas/datos/CN_Remesa_11/02_Ortoimagenes/01_RGBI_16bits/H09B5_RGBI_16_Remesa_11.tif","H09B5_RGBI_16_Remesa_11.tif"
"https://visualizador.ide.uy/descargas/datos/CN_Remesa_11/02_Ortoimagenes/01_RGBI_16bits/H09B6_RGBI_16_Remesa_11.tif","H09B6_RGBI_16_Remesa_11.tif"
"https://visualizador.ide.uy/descargas/datos/CN_Remesa_11/02_Ortoimagenes/01_RGBI_16bits/H09C1_RGBI_16_Remesa_11.tif","H09C1_RGBI_16_Remesa_11.tif"
"https://visualizador.ide.uy/descargas/datos/CN_Remesa_11/02_Ortoimagenes/01_RGBI_16bits/H09C2_RGBI_16_Remesa_11.tif","H09C2_RGBI_16_Remesa_11.tif"
"https://visualizador.ide.uy/descargas/datos/CN_Remesa_11/02_Ortoimagenes/01_RGBI_16bits/H09C3_RGBI_16_Remesa_11.tif","H09C3_RGBI_16_Remesa_11.tif"
"https://visualizador.ide.uy/descargas/datos/CN_Remesa_11/02_Ortoimagenes/01_RGBI_16bits/H09C4_RGBI_16_Remesa_11.tif","H09C4_RGBI_16_Remesa_11.tif"
"https://visualizador.ide.uy/descargas/datos/CN_Remesa_11/02_Ortoimagenes/01_RGBI_16bits/H09C5_RGBI_16_Remesa_11.tif","H09C5_RGBI_16_Remesa_11.tif"
"https://visualizador.ide.uy/descargas/datos/CN_Remesa_11/02_Ortoimagenes/01_RGBI_16bits/H09C6_RGBI_16_Remesa_11.tif","H09C6_RGBI_16_Remesa_11.tif"
"https://visualizador.ide.uy/descargas/datos/CN_Remesa_11/02_Ortoimagenes/01_RGBI_16bits/H09D1_RGBI_16_Remesa_11.tif","H09D1_RGBI_16_Remesa_11.tif"
"https://visualizador.ide.uy/descargas/datos/CN_Remesa_11/02_Ortoimagenes/01_RGBI_16bits/H09D2_RGBI_16_Remesa_11.tif","H09D2_RGBI_16_Remesa_11.tif"
"https://visualizador.ide.uy/descargas/datos/CN_Remesa_11/02_Ortoimagenes/01_RGBI_16bits/H09D3_RGBI_16_Remesa_11.tif","H09D3_RGBI_16_Remesa_11.tif"
"https://visualizador.ide.uy/descargas/datos/CN_Remesa_11/02_Ortoimagenes/01_RGBI_16bits/H09D4_RGBI_16_Remesa_11.tif","H09D4_RGBI_16_Remesa_11.tif"
"https://visualizador.ide.uy/descargas/datos/CN_Remesa_11/02_Ortoimagenes/01_RGBI_16bits/H09D5_RGBI_16_Remesa_11.tif","H09D5_RGBI_16_Remesa_11.tif"
"https://visualizador.ide.uy/descargas/datos/CN_Remesa_11/02_Ortoimagenes/01_RGBI_16bits/H09D6_RGBI_16_Remesa_11.tif","H09D6_RGBI_16_Remesa_11.tif"
"https://visualizador.ide.uy/descargas/datos/CN_Remesa_11/02_Ortoimagenes/01_RGBI_16bits/H10A1_RGBI_16_Remesa_11.tif","H10A1_RGBI_16_Remesa_11.tif"
"https://visualizador.ide.uy/descargas/datos/CN_Remesa_11/02_Ortoimagenes/01_RGBI_16bits/H10A2_RGBI_16_Remesa_11.tif","H10A2_RGBI_16_Remesa_11.tif"
"https://visualizador.ide.uy/descargas/datos/CN_Remesa_11/02_Ortoimagenes/01_RGBI_16bits/H10A3_RGBI_16_Remesa_11.tif","H10A3_RGBI_16_Remesa_11.tif"
"https://visualizador.ide.uy/descargas/datos/CN_Remesa_11/02_Ortoimagenes/01_RGBI_16bits/H10A4_RGBI_16_Remesa_11.tif","H10A4_RGBI_16_Remesa_11.tif"
"https://visualizador.ide.uy/descargas/datos/CN_Remesa_11/02_Ortoimagenes/01_RGBI_16bits/H10A5_RGBI_16_Remesa_11.tif","H10A5_RGBI_16_Remesa_11.tif"
"https://visualizador.ide.uy/descargas/datos/CN_Remesa_11/02_Ortoimagenes/01_RGBI_16bits/H10A6_RGBI_16_Remesa_11.tif","H10A6_RGBI_16_Remesa_11.tif"
"https://visualizador.ide.uy/descargas/datos/CN_Remesa_11/02_Ortoimagenes/01_RGBI_16bits/H10B1_RGBI_16_Remesa_11.tif","H10B1_RGBI_16_Remesa_11.tif"
"https://visualizador.ide.uy/descargas/datos/CN_Remesa_11/02_Ortoimagenes/01_RGBI_16bits/H10B2_RGBI_16_Remesa_11.tif","H10B2_RGBI_16_Remesa_11.tif"
"https://visualizador.ide.uy/descargas/datos/CN_Remesa_11/02_Ortoimagenes/01_RGBI_16bits/H10B3_RGBI_16_Remesa_11.tif","H10B3_RGBI_16_Remesa_11.tif"
"https://visualizador.ide.uy/descargas/datos/CN_Remesa_11/02_Ortoimagenes/01_RGBI_16bits/H10B4_RGBI_16_Remesa_11.tif","H10B4_RGBI_16_Remesa_11.tif"
"https://visualizador.ide.uy/descargas/datos/CN_Remesa_11/02_Ortoimagenes/01_RGBI_16bits/H10B5_RGBI_16_Remesa_11.tif","H10B5_RGBI_16_Remesa_11.tif"
"https://visualizador.ide.uy/descargas/datos/CN_Remesa_11/02_Ortoimagenes/01_RGBI_16bits/H10B6_RGBI_16_Remesa_11.tif","H10B6_RGBI_16_Remesa_11.tif"
"https://visualizador.ide.uy/descargas/datos/CN_Remesa_11/02_Ortoimagenes/01_RGBI_16bits/H10C1_RGBI_16_Remesa_11.tif","H10C1_RGBI_16_Remesa_11.tif"
"https://visualizador.ide.uy/descargas/datos/CN_Remesa_11/02_Ortoimagenes/01_RGBI_16bits/H10C2_RGBI_16_Remesa_11.tif","H10C2_RGBI_16_Remesa_11.tif"
"https://visualizador.ide.uy/descargas/datos/CN_Remesa_11/02_Ortoimagenes/01_RGBI_16bits/H10C3_RGBI_16_Remesa_11.tif","H10C3_RGBI_16_Remesa_11.tif"
"https://visualizador.ide.uy/descargas/datos/CN_Remesa_11/02_Ortoimagenes/01_RGBI_16bits/H10C4_RGBI_16_Remesa_11.tif","H10C4_RGBI_16_Remesa_11.tif"
"https://visualizador.ide.uy/descargas/datos/CN_Remesa_11/02_Ortoimagenes/01_RGBI_16bits/H10C5_RGBI_16_Remesa_11.tif","H10C5_RGBI_16_Remesa_11.tif"
"https://visualizador.ide.uy/descargas/datos/CN_Remesa_11/02_Ortoimagenes/01_RGBI_16bits/H10C6_RGBI_16_Remesa_11.tif","H10C6_RGBI_16_Remesa_11.tif"
"https://visualizador.ide.uy/descargas/datos/CN_Remesa_11/02_Ortoimagenes/01_RGBI_16bits/H10D1_RGBI_16_Remesa_11.tif","H10D1_RGBI_16_Remesa_11.tif"
"https://visualizador.ide.uy/descargas/datos/CN_Remesa_11/02_Ortoimagenes/01_RGBI_16bits/H10D2_RGBI_16_Remesa_11.tif","H10D2_RGBI_16_Remesa_11.tif"
"https://visualizador.ide.uy/descargas/datos/CN_Remesa_11/02_Ortoimagenes/01_RGBI_16bits/H10D3_RGBI_16_Remesa_11.tif","H10D3_RGBI_16_Remesa_11.tif"
"https://visualizador.ide.uy/descargas/datos/CN_Remesa_11/02_Ortoimagenes/01_RGBI_16bits/H10D4_RGBI_16_Remesa_11.tif","H10D4_RGBI_16_Remesa_11.tif"
"https://visualizador.ide.uy/descargas/datos/CN_Remesa_11/02_Ortoimagenes/01_RGBI_16bits/H10D5_RGBI_16_Remesa_11.tif","H10D5_RGBI_16_Remesa_11.tif"
"https://visualizador.ide.uy/descargas/datos/CN_Remesa_11/02_Ortoimagenes/01_RGBI_16bits/H10D6_RGBI_16_Remesa_11.tif","H10D6_RGBI_16_Remesa_11.tif"
"https://visualizador.ide.uy/descargas/datos/CN_Remesa_11/02_Ortoimagenes/01_RGBI_16bits/H11A1_RGBI_16_Remesa_11.tif","H11A1_RGBI_16_Remesa_11.tif"
"https://visualizador.ide.uy/descargas/datos/CN_Remesa_11/02_Ortoimagenes/01_RGBI_16bits/H11A2_RGBI_16_Remesa_11.tif","H11A2_RGBI_16_Remesa_11.tif"
"https://visualizador.ide.uy/descargas/datos/CN_Remesa_11/02_Ortoimagenes/01_RGBI_16bits/H11A3_RGBI_16_Remesa_11.tif","H11A3_RGBI_16_Remesa_11.tif"
"https://visualizador.ide.uy/descargas/datos/CN_Remesa_11/02_Ortoimagenes/01_RGBI_16bits/H11A4_RGBI_16_Remesa_11.tif","H11A4_RGBI_16_Remesa_11.tif"
"https://visualizador.ide.uy/descargas/datos/CN_Remesa_11/02_Ortoimagenes/01_RGBI_16bits/H11A5_RGBI_16_Remesa_11.tif","H11A5_RGBI_16_Remesa_11.tif"
"https://visualizador.ide.uy/descargas/datos/CN_Remesa_11/02_Ortoimagenes/01_RGBI_16bits/H11A6_RGBI_16_Remesa_11.tif","H11A6_RGBI_16_Remesa_11.tif"
"https://visualizador.ide.uy/descargas/datos/CN_Remesa_11/02_Ortoimagenes/01_RGBI_16bits/H11B1_RGBI_16_Remesa_11.tif","H11B1_RGBI_16_Remesa_11.tif"
"https://visualizador.ide.uy/descargas/datos/CN_Remesa_11/02_Ortoimagenes/01_RGBI_16bits/H11B2_RGBI_16_Remesa_11.tif","H11B2_RGBI_16_Remesa_11.tif"
"https://visualizador.ide.uy/descargas/datos/CN_Remesa_11/02_Ortoimagenes/01_RGBI_16bits/H11B3_RGBI_16_Remesa_11.tif","H11B3_RGBI_16_Remesa_11.tif"
"https://visualizador.ide.uy/descargas/datos/CN_Remesa_11/02_Ortoimagenes/01_RGBI_16bits/H11B4_RGBI_16_Remesa_11.tif","H11B4_RGBI_16_Remesa_11.tif"
"https://visualizador.ide.uy/descargas/datos/CN_Remesa_11/02_Ortoimagenes/01_RGBI_16bits/H11B5_RGBI_16_Remesa_11.tif","H11B5_RGBI_16_Remesa_11.tif"
"https://visualizador.ide.uy/descargas/datos/CN_Remesa_11/02_Ortoimagenes/01_RGBI_16bits/H11B6_RGBI_16_Remesa_11.tif","H11B6_RGBI_16_Remesa_11.tif"
"https://visualizador.ide.uy/descargas/datos/CN_Remesa_11/02_Ortoimagenes/01_RGBI_16bits/H11C1_RGBI_16_Remesa_11.tif","H11C1_RGBI_16_Remesa_11.tif"
"https://visualizador.ide.uy/descargas/datos/CN_Remesa_11/02_Ortoimagenes/01_RGBI_16bits/H11C2_RGBI_16_Remesa_11.tif","H11C2_RGBI_16_Remesa_11.tif"
"https://visualizador.ide.uy/descargas/datos/CN_Remesa_11/02_Ortoimagenes/01_RGBI_16bits/H11C3_RGBI_16_Remesa_11.tif","H11C3_RGBI_16_Remesa_11.tif"
"https://visualizador.ide.uy/descargas/datos/CN_Remesa_11/02_Ortoimagenes/01_RGBI_16bits/H11D1_RGBI_16_Remesa_11.tif","H11D1_RGBI_16_Remesa_11.tif"
"https://visualizador.ide.uy/descargas/datos/CN_Remesa_11/02_Ortoimagenes/01_RGBI_16bits/H11D2_RGBI_16_Remesa_11.tif","H11D2_RGBI_16_Remesa_11.tif"
"https://visualizador.ide.uy/descargas/datos/CN_Remesa_11/02_Ortoimagenes/01_RGBI_16bits/H11D3_RGBI_16_Remesa_11.tif","H11D3_RGBI_16_Remesa_11.tif"
"https://visualizador.ide.uy/descargas/datos/CN_Remesa_11/02_Ortoimagenes/01_RGBI_16bits/J06A4_RGBI_16_Remesa_11.tif","J06A4_RGBI_16_Remesa_11.tif"
"https://visualizador.ide.uy/descargas/datos/CN_Remesa_11/02_Ortoimagenes/01_RGBI_16bits/J06C1_RGBI_16_Remesa_11.tif","J06C1_RGBI_16_Remesa_11.tif"
"https://visualizador.ide.uy/descargas/datos/CN_Remesa_11/02_Ortoimagenes/01_RGBI_16bits/J06C4_RGBI_16_Remesa_11.tif","J06C4_RGBI_16_Remesa_11.tif"
"https://visualizador.ide.uy/descargas/datos/CN_Remesa_11/02_Ortoimagenes/01_RGBI_16bits/J06C5_RGBI_16_Remesa_11.tif","J06C5_RGBI_16_Remesa_11.tif"
"https://visualizador.ide.uy/descargas/datos/CN_Remesa_11/02_Ortoimagenes/01_RGBI_16bits/J06C6_RGBI_16_Remesa_11.tif","J06C6_RGBI_16_Remesa_11.tif"
"https://visualizador.ide.uy/descargas/datos/CN_Remesa_11/02_Ortoimagenes/01_RGBI_16bits/J07A1_RGBI_16_Remesa_11.tif","J07A1_RGBI_16_Remesa_11.tif"
"https://visualizador.ide.uy/descargas/datos/CN_Remesa_11/02_Ortoimagenes/01_RGBI_16bits/J07A2_RGBI_16_Remesa_11.tif","J07A2_RGBI_16_Remesa_11.tif"
"https://visualizador.ide.uy/descargas/datos/CN_Remesa_11/02_Ortoimagenes/01_RGBI_16bits/J07A3_RGBI_16_Remesa_11.tif","J07A3_RGBI_16_Remesa_11.tif"
"https://visualizador.ide.uy/descargas/datos/CN_Remesa_11/02_Ortoimagenes/01_RGBI_16bits/J07A4_RGBI_16_Remesa_11.tif","J07A4_RGBI_16_Remesa_11.tif"
"https://visualizador.ide.uy/descargas/datos/CN_Remesa_11/02_Ortoimagenes/01_RGBI_16bits/J07A5_RGBI_16_Remesa_11.tif","J07A5_RGBI_16_Remesa_11.tif"
"https://visualizador.ide.uy/descargas/datos/CN_Remesa_11/02_Ortoimagenes/01_RGBI_16bits/J07A6_RGBI_16_Remesa_11.tif","J07A6_RGBI_16_Remesa_11.tif"
"https://visualizador.ide.uy/descargas/datos/CN_Remesa_11/02_Ortoimagenes/01_RGBI_16bits/J07C1_RGBI_16_Remesa_11.tif","J07C1_RGBI_16_Remesa_11.tif"
"https://visualizador.ide.uy/descargas/datos/CN_Remesa_11/02_Ortoimagenes/01_RGBI_16bits/J07C2_RGBI_16_Remesa_11.tif","J07C2_RGBI_16_Remesa_11.tif"
"https://visualizador.ide.uy/descargas/datos/CN_Remesa_11/02_Ortoimagenes/01_RGBI_16bits/J07C3_RGBI_16_Remesa_11.tif","J07C3_RGBI_16_Remesa_11.tif"
"https://visualizador.ide.uy/descargas/datos/CN_Remesa_11/02_Ortoimagenes/01_RGBI_16bits/J07C4_RGBI_16_Remesa_11.tif","J07C4_RGBI_16_Remesa_11.tif"
"https://visualizador.ide.uy/descargas/datos/CN_Remesa_11/02_Ortoimagenes/01_RGBI_16bits/J07C5_RGBI_16_Remesa_11.tif","J07C5_RGBI_16_Remesa_11.tif"
"https://visualizador.ide.uy/descargas/datos/CN_Remesa_11/02_Ortoimagenes/01_RGBI_16bits/J07C6_RGBI_16_Remesa_11.tif","J07C6_RGBI_16_Remesa_11.tif"
"https://visualizador.ide.uy/descargas/datos/CN_Remesa_11/02_Ortoimagenes/01_RGBI_16bits/J07D1_RGBI_16_Remesa_11.tif","J07D1_RGBI_16_Remesa_11.tif"
"https://visualizador.ide.uy/descargas/datos/CN_Remesa_11/02_Ortoimagenes/01_RGBI_16bits/J07D4_RGBI_16_Remesa_11.tif","J07D4_RGBI_16_Remesa_11.tif"
"https://visualizador.ide.uy/descargas/datos/CN_Remesa_11/02_Ortoimagenes/01_RGBI_16bits/J07D5_RGBI_16_Remesa_11.tif","J07D5_RGBI_16_Remesa_11.tif"
"https://visualizador.ide.uy/descargas/datos/CN_Remesa_11/02_Ortoimagenes/01_RGBI_16bits/J08A1_RGBI_16_Remesa_11.tif","J08A1_RGBI_16_Remesa_11.tif"
"https://visualizador.ide.uy/descargas/datos/CN_Remesa_11/02_Ortoimagenes/01_RGBI_16bits/J08A2_RGBI_16_Remesa_11.tif","J08A2_RGBI_16_Remesa_11.tif"
"https://visualizador.ide.uy/descargas/datos/CN_Remesa_11/02_Ortoimagenes/01_RGBI_16bits/J08A3_RGBI_16_Remesa_11.tif","J08A3_RGBI_16_Remesa_11.tif"
"https://visualizador.ide.uy/descargas/datos/CN_Remesa_11/02_Ortoimagenes/01_RGBI_16bits/J08A4_RGBI_16_Remesa_11.tif","J08A4_RGBI_16_Remesa_11.tif"
"https://visualizador.ide.uy/descargas/datos/CN_Remesa_11/02_Ortoimagenes/01_RGBI_16bits/J08A5_RGBI_16_Remesa_11.tif","J08A5_RGBI_16_Remesa_11.tif"
"https://visualizador.ide.uy/descargas/datos/CN_Remesa_11/02_Ortoimagenes/01_RGBI_16bits/J08A6_RGBI_16_Remesa_11.tif","J08A6_RGBI_16_Remesa_11.tif"
"https://visualizador.ide.uy/descargas/datos/CN_Remesa_11/02_Ortoimagenes/01_RGBI_16bits/J08B1_RGBI_16_Remesa_11.tif","J08B1_RGBI_16_Remesa_11.tif"
"https://visualizador.ide.uy/descargas/datos/CN_Remesa_11/02_Ortoimagenes/01_RGBI_16bits/J08B2_RGBI_16_Remesa_11.tif","J08B2_RGBI_16_Remesa_11.tif"
"https://visualizador.ide.uy/descargas/datos/CN_Remesa_11/02_Ortoimagenes/01_RGBI_16bits/J08B3_RGBI_16_Remesa_11.tif","J08B3_RGBI_16_Remesa_11.tif"
"https://visualizador.ide.uy/descargas/datos/CN_Remesa_11/02_Ortoimagenes/01_RGBI_16bits/J08B4_RGBI_16_Remesa_11.tif","J08B4_RGBI_16_Remesa_11.tif"
"https://visualizador.ide.uy/descargas/datos/CN_Remesa_11/02_Ortoimagenes/01_RGBI_16bits/J08B5_RGBI_16_Remesa_11.tif","J08B5_RGBI_16_Remesa_11.tif"
"https://visualizador.ide.uy/descargas/datos/CN_Remesa_11/02_Ortoimagenes/01_RGBI_16bits/J08B6_RGBI_16_Remesa_11.tif","J08B6_RGBI_16_Remesa_11.tif"
"https://visualizador.ide.uy/descargas/datos/CN_Remesa_11/02_Ortoimagenes/01_RGBI_16bits/J08C1_RGBI_16_Remesa_11.tif","J08C1_RGBI_16_Remesa_11.tif"
"https://visualizador.ide.uy/descargas/datos/CN_Remesa_11/02_Ortoimagenes/01_RGBI_16bits/J08C2_RGBI_16_Remesa_11.tif","J08C2_RGBI_16_Remesa_11.tif"
"https://visualizador.ide.uy/descargas/datos/CN_Remesa_11/02_Ortoimagenes/01_RGBI_16bits/J08C3_RGBI_16_Remesa_11.tif","J08C3_RGBI_16_Remesa_11.tif"
"https://visualizador.ide.uy/descargas/datos/CN_Remesa_11/02_Ortoimagenes/01_RGBI_16bits/J08C4_RGBI_16_Remesa_11.tif","J08C4_RGBI_16_Remesa_11.tif"
"https://visualizador.ide.uy/descargas/datos/CN_Remesa_11/02_Ortoimagenes/01_RGBI_16bits/J08C5_RGBI_16_Remesa_11.tif","J08C5_RGBI_16_Remesa_11.tif"
"https://visualizador.ide.uy/descargas/datos/CN_Remesa_11/02_Ortoimagenes/01_RGBI_16bits/J08C6_RGBI_16_Remesa_11.tif","J08C6_RGBI_16_Remesa_11.tif"
"https://visualizador.ide.uy/descargas/datos/CN_Remesa_11/02_Ortoimagenes/01_RGBI_16bits/J08D1_RGBI_16_Remesa_11.tif","J08D1_RGBI_16_Remesa_11.tif"
"https://visualizador.ide.uy/descargas/datos/CN_Remesa_11/02_Ortoimagenes/01_RGBI_16bits/J08D2_RGBI_16_Remesa_11.tif","J08D2_RGBI_16_Remesa_11.tif"
"https://visualizador.ide.uy/descargas/datos/CN_Remesa_11/02_Ortoimagenes/01_RGBI_16bits/J08D3_RGBI_16_Remesa_11.tif","J08D3_RGBI_16_Remesa_11.tif"
"https://visualizador.ide.uy/descargas/datos/CN_Remesa_11/02_Ortoimagenes/01_RGBI_16bits/J08D4_RGBI_16_Remesa_11.tif","J08D4_RGBI_16_Remesa_11.tif"
"https://visualizador.ide.uy/descargas/datos/CN_Remesa_11/02_Ortoimagenes/01_RGBI_16bits/J08D5_RGBI_16_Remesa_11.tif","J08D5_RGBI_16_Remesa_11.tif"
"https://visualizador.ide.uy/descargas/datos/CN_Remesa_11/02_Ortoimagenes/01_RGBI_16bits/J08D6_RGBI_16_Remesa_11.tif","J08D6_RGBI_16_Remesa_11.tif"
"https://visualizador.ide.uy/descargas/datos/CN_Remesa_11/02_Ortoimagenes/01_RGBI_16bits/J09A1_RGBI_16_Remesa_11.tif","J09A1_RGBI_16_Remesa_11.tif"
"https://visualizador.ide.uy/descargas/datos/CN_Remesa_11/02_Ortoimagenes/01_RGBI_16bits/J09A2_RGBI_16_Remesa_11.tif","J09A2_RGBI_16_Remesa_11.tif"
"https://visualizador.ide.uy/descargas/datos/CN_Remesa_11/02_Ortoimagenes/01_RGBI_16bits/J09A3_RGBI_16_Remesa_11.tif","J09A3_RGBI_16_Remesa_11.tif"
"https://visualizador.ide.uy/descargas/datos/CN_Remesa_11/02_Ortoimagenes/01_RGBI_16bits/J09A4_RGBI_16_Remesa_11.tif","J09A4_RGBI_16_Remesa_11.tif"
"https://visualizador.ide.uy/descargas/datos/CN_Remesa_11/02_Ortoimagenes/01_RGBI_16bits/J09A5_RGBI_16_Remesa_11.tif","J09A5_RGBI_16_Remesa_11.tif"
"https://visualizador.ide.uy/descargas/datos/CN_Remesa_11/02_Ortoimagenes/01_RGBI_16bits/J09A6_RGBI_16_Remesa_11.tif","J09A6_RGBI_16_Remesa_11.tif"
"https://visualizador.ide.uy/descargas/datos/CN_Remesa_11/02_Ortoimagenes/01_RGBI_16bits/J09B1_RGBI_16_Remesa_11.tif","J09B1_RGBI_16_Remesa_11.tif"
"https://visualizador.ide.uy/descargas/datos/CN_Remesa_11/02_Ortoimagenes/01_RGBI_16bits/J09B2_RGBI_16_Remesa_11.tif","J09B2_RGBI_16_Remesa_11.tif"
"https://visualizador.ide.uy/descargas/datos/CN_Remesa_11/02_Ortoimagenes/01_RGBI_16bits/J09B3_RGBI_16_Remesa_11.tif","J09B3_RGBI_16_Remesa_11.tif"
"https://visualizador.ide.uy/descargas/datos/CN_Remesa_11/02_Ortoimagenes/01_RGBI_16bits/J09B4_RGBI_16_Remesa_11.tif","J09B4_RGBI_16_Remesa_11.tif"
"https://visualizador.ide.uy/descargas/datos/CN_Remesa_11/02_Ortoimagenes/01_RGBI_16bits/J09B5_RGBI_16_Remesa_11.tif","J09B5_RGBI_16_Remesa_11.tif"
"https://visualizador.ide.uy/descargas/datos/CN_Remesa_11/02_Ortoimagenes/01_RGBI_16bits/J09B6_RGBI_16_Remesa_11.tif","J09B6_RGBI_16_Remesa_11.tif"
"https://visualizador.ide.uy/descargas/datos/CN_Remesa_11/02_Ortoimagenes/01_RGBI_16bits/J09C1_RGBI_16_Remesa_11.tif","J09C1_RGBI_16_Remesa_11.tif"
"https://visualizador.ide.uy/descargas/datos/CN_Remesa_11/02_Ortoimagenes/01_RGBI_16bits/J09C2_RGBI_16_Remesa_11.tif","J09C2_RGBI_16_Remesa_11.tif"
"https://visualizador.ide.uy/descargas/datos/CN_Remesa_11/02_Ortoimagenes/01_RGBI_16bits/J09C3_RGBI_16_Remesa_11.tif","J09C3_RGBI_16_Remesa_11.tif"
"https://visualizador.ide.uy/descargas/datos/CN_Remesa_11/02_Ortoimagenes/01_RGBI_16bits/J09C4_RGBI_16_Remesa_11.tif","J09C4_RGBI_16_Remesa_11.tif"
"https://visualizador.ide.uy/descargas/datos/CN_Remesa_11/02_Ortoimagenes/01_RGBI_16bits/J09C5_RGBI_16_Remesa_11.tif","J09C5_RGBI_16_Remesa_11.tif"
"https://visualizador.ide.uy/descargas/datos/CN_Remesa_11/02_Ortoimagenes/01_RGBI_16bits/J09C6_RGBI_16_Remesa_11.tif","J09C6_RGBI_16_Remesa_11.tif"
"https://visualizador.ide.uy/descargas/datos/CN_Remesa_11/02_Ortoimagenes/01_RGBI_16bits/J09D1_RGBI_16_Remesa_11.tif","J09D1_RGBI_16_Remesa_11.tif"
"https://visualizador.ide.uy/descargas/datos/CN_Remesa_11/02_Ortoimagenes/01_RGBI_16bits/J09D2_RGBI_16_Remesa_11.tif","J09D2_RGBI_16_Remesa_11.tif"
"https://visualizador.ide.uy/descargas/datos/CN_Remesa_11/02_Ortoimagenes/01_RGBI_16bits/J09D3_RGBI_16_Remesa_11.tif","J09D3_RGBI_16_Remesa_11.tif"
"https://visualizador.ide.uy/descargas/datos/CN_Remesa_11/02_Ortoimagenes/01_RGBI_16bits/J09D4_RGBI_16_Remesa_11.tif","J09D4_RGBI_16_Remesa_11.tif"
"https://visualizador.ide.uy/descargas/datos/CN_Remesa_11/02_Ortoimagenes/01_RGBI_16bits/J09D5_RGBI_16_Remesa_11.tif","J09D5_RGBI_16_Remesa_11.tif"
"https://visualizador.ide.uy/descargas/datos/CN_Remesa_11/02_Ortoimagenes/01_RGBI_16bits/J09D6_RGBI_16_Remesa_11.tif","J09D6_RGBI_16_Remesa_11.tif"
"https://visualizador.ide.uy/descargas/datos/CN_Remesa_11/02_Ortoimagenes/01_RGBI_16bits/J10A1_RGBI_16_Remesa_11.tif","J10A1_RGBI_16_Remesa_11.tif"
"https://visualizador.ide.uy/descargas/datos/CN_Remesa_11/02_Ortoimagenes/01_RGBI_16bits/J10A2_RGBI_16_Remesa_11.tif","J10A2_RGBI_16_Remesa_11.tif"
"https://visualizador.ide.uy/descargas/datos/CN_Remesa_11/02_Ortoimagenes/01_RGBI_16bits/J10A3_RGBI_16_Remesa_11.tif","J10A3_RGBI_16_Remesa_11.tif"
"https://visualizador.ide.uy/descargas/datos/CN_Remesa_11/02_Ortoimagenes/01_RGBI_16bits/J10A4_RGBI_16_Remesa_11.tif","J10A4_RGBI_16_Remesa_11.tif"
"https://visualizador.ide.uy/descargas/datos/CN_Remesa_11/02_Ortoimagenes/01_RGBI_16bits/J10A5_RGBI_16_Remesa_11.tif","J10A5_RGBI_16_Remesa_11.tif"
"https://visualizador.ide.uy/descargas/datos/CN_Remesa_11/02_Ortoimagenes/01_RGBI_16bits/J10A6_RGBI_16_Remesa_11.tif","J10A6_RGBI_16_Remesa_11.tif"
"https://visualizador.ide.uy/descargas/datos/CN_Remesa_11/02_Ortoimagenes/01_RGBI_16bits/J10B1_RGBI_16_Remesa_11.tif","J10B1_RGBI_16_Remesa_11.tif"
"https://visualizador.ide.uy/descargas/datos/CN_Remesa_11/02_Ortoimagenes/01_RGBI_16bits/J10B2_RGBI_16_Remesa_11.tif","J10B2_RGBI_16_Remesa_11.tif"
"https://visualizador.ide.uy/descargas/datos/CN_Remesa_11/02_Ortoimagenes/01_RGBI_16bits/J10B3_RGBI_16_Remesa_11.tif","J10B3_RGBI_16_Remesa_11.tif"
"https://visualizador.ide.uy/descargas/datos/CN_Remesa_11/02_Ortoimagenes/01_RGBI_16bits/J10B4_RGBI_16_Remesa_11.tif","J10B4_RGBI_16_Remesa_11.tif"
"https://visualizador.ide.uy/descargas/datos/CN_Remesa_11/02_Ortoimagenes/01_RGBI_16bits/J10B5_RGBI_16_Remesa_11.tif","J10B5_RGBI_16_Remesa_11.tif"
"https://visualizador.ide.uy/descargas/datos/CN_Remesa_11/02_Ortoimagenes/01_RGBI_16bits/J10B6_RGBI_16_Remesa_11.tif","J10B6_RGBI_16_Remesa_11.tif"
"https://visualizador.ide.uy/descargas/datos/CN_Remesa_11/02_Ortoimagenes/01_RGBI_16bits/J10C1_RGBI_16_Remesa_11.tif","J10C1_RGBI_16_Remesa_11.tif"
"https://visualizador.ide.uy/descargas/datos/CN_Remesa_11/02_Ortoimagenes/01_RGBI_16bits/J10C2_RGBI_16_Remesa_11.tif","J10C2_RGBI_16_Remesa_11.tif"
"https://visualizador.ide.uy/descargas/datos/CN_Remesa_11/02_Ortoimagenes/01_RGBI_16bits/J10C3_RGBI_16_Remesa_11.tif","J10C3_RGBI_16_Remesa_11.tif"
"https://visualizador.ide.uy/descargas/datos/CN_Remesa_11/02_Ortoimagenes/01_RGBI_16bits/J10C4_RGBI_16_Remesa_11.tif","J10C4_RGBI_16_Remesa_11.tif"
"https://visualizador.ide.uy/descargas/datos/CN_Remesa_11/02_Ortoimagenes/01_RGBI_16bits/J10C5_RGBI_16_Remesa_11.tif","J10C5_RGBI_16_Remesa_11.tif"
"https://visualizador.ide.uy/descargas/datos/CN_Remesa_11/02_Ortoimagenes/01_RGBI_16bits/J10C6_RGBI_16_Remesa_11.tif","J10C6_RGBI_16_Remesa_11.tif"
"https://visualizador.ide.uy/descargas/datos/CN_Remesa_11/02_Ortoimagenes/01_RGBI_16bits/J10D1_RGBI_16_Remesa_11.tif","J10D1_RGBI_16_Remesa_11.tif"
"https://visualizador.ide.uy/descargas/datos/CN_Remesa_11/02_Ortoimagenes/01_RGBI_16bits/J10D2_RGBI_16_Remesa_11.tif","J10D2_RGBI_16_Remesa_11.tif"
"https://visualizador.ide.uy/descargas/datos/CN_Remesa_11/02_Ortoimagenes/01_RGBI_16bits/J10D3_RGBI_16_Remesa_11.tif","J10D3_RGBI_16_Remesa_11.tif"
"https://visualizador.ide.uy/descargas/datos/CN_Remesa_11/02_Ortoimagenes/01_RGBI_16bits/J10D4_RGBI_16_Remesa_11.tif","J10D4_RGBI_16_Remesa_11.tif"
"https://visualizador.ide.uy/descargas/datos/CN_Remesa_11/02_Ortoimagenes/01_RGBI_16bits/J10D5_RGBI_16_Remesa_11.tif","J10D5_RGBI_16_Remesa_11.tif"
"https://visualizador.ide.uy/descargas/datos/CN_Remesa_11/02_Ortoimagenes/01_RGBI_16bits/J10D6_RGBI_16_Remesa_11.tif","J10D6_RGBI_16_Remesa_11.tif"
"https://visualizador.ide.uy/descargas/datos/CN_Remesa_11/02_Ortoimagenes/01_RGBI_16bits/J11A1_RGBI_16_Remesa_11.tif","J11A1_RGBI_16_Remesa_11.tif"
"https://visualizador.ide.uy/descargas/datos/CN_Remesa_11/02_Ortoimagenes/01_RGBI_16bits/J11A2_RGBI_16_Remesa_11.tif","J11A2_RGBI_16_Remesa_11.tif"
"https://visualizador.ide.uy/descargas/datos/CN_Remesa_11/02_Ortoimagenes/01_RGBI_16bits/J11A3_RGBI_16_Remesa_11.tif","J11A3_RGBI_16_Remesa_11.tif"
"https://visualizador.ide.uy/descargas/datos/CN_Remesa_11/02_Ortoimagenes/01_RGBI_16bits/J11A4_RGBI_16_Remesa_11.tif","J11A4_RGBI_16_Remesa_11.tif"
"https://visualizador.ide.uy/descargas/datos/CN_Remesa_11/02_Ortoimagenes/01_RGBI_16bits/J11A5_RGBI_16_Remesa_11.tif","J11A5_RGBI_16_Remesa_11.tif"
"https://visualizador.ide.uy/descargas/datos/CN_Remesa_11/02_Ortoimagenes/01_RGBI_16bits/J11A6_RGBI_16_Remesa_11.tif","J11A6_RGBI_16_Remesa_11.tif"
"https://visualizador.ide.uy/descargas/datos/CN_Remesa_11/02_Ortoimagenes/01_RGBI_16bits/J11B1_RGBI_16_Remesa_11.tif","J11B1_RGBI_16_Remesa_11.tif"
"https://visualizador.ide.uy/descargas/datos/CN_Remesa_11/02_Ortoimagenes/01_RGBI_16bits/J11B2_RGBI_16_Remesa_11.tif","J11B2_RGBI_16_Remesa_11.tif"
"https://visualizador.ide.uy/descargas/datos/CN_Remesa_11/02_Ortoimagenes/01_RGBI_16bits/J11B3_RGBI_16_Remesa_11.tif","J11B3_RGBI_16_Remesa_11.tif"
"https://visualizador.ide.uy/descargas/datos/CN_Remesa_11/02_Ortoimagenes/01_RGBI_16bits/J11B4_RGBI_16_Remesa_11.tif","J11B4_RGBI_16_Remesa_11.tif"
"https://visualizador.ide.uy/descargas/datos/CN_Remesa_11/02_Ortoimagenes/01_RGBI_16bits/J11B5_RGBI_16_Remesa_11.tif","J11B5_RGBI_16_Remesa_11.tif"
"https://visualizador.ide.uy/descargas/datos/CN_Remesa_11/02_Ortoimagenes/01_RGBI_16bits/J11B6_RGBI_16_Remesa_11.tif","J11B6_RGBI_16_Remesa_11.tif"
"https://visualizador.ide.uy/descargas/datos/CN_Remesa_11/02_Ortoimagenes/01_RGBI_16bits/J11C1_RGBI_16_Remesa_11.tif","J11C1_RGBI_16_Remesa_11.tif"
"https://visualizador.ide.uy/descargas/datos/CN_Remesa_11/02_Ortoimagenes/01_RGBI_16bits/J11C2_RGBI_16_Remesa_11.tif","J11C2_RGBI_16_Remesa_11.tif"
"https://visualizador.ide.uy/descargas/datos/CN_Remesa_11/02_Ortoimagenes/01_RGBI_16bits/J11C3_RGBI_16_Remesa_11.tif","J11C3_RGBI_16_Remesa_11.tif"
"https://visualizador.ide.uy/descargas/datos/CN_Remesa_11/02_Ortoimagenes/01_RGBI_16bits/J11D1_RGBI_16_Remesa_11.tif","J11D1_RGBI_16_Remesa_11.tif"
"https://visualizador.ide.uy/descargas/datos/CN_Remesa_11/02_Ortoimagenes/01_RGBI_16bits/J11D2_RGBI_16_Remesa_11.tif","J11D2_RGBI_16_Remesa_11.tif"
"https://visualizador.ide.uy/descargas/datos/CN_Remesa_11/02_Ortoimagenes/01_RGBI_16bits/J11D3_RGBI_16_Remesa_11.tif","J11D3_RGBI_16_Remesa_11.tif"
"https://visualizador.ide.uy/descargas/datos/CN_Remesa_11/02_Ortoimagenes/01_RGBI_16bits/K04C5_RGBI_16_Remesa_11.tif","K04C5_RGBI_16_Remesa_11.tif"
"https://visualizador.ide.uy/descargas/datos/CN_Remesa_11/02_Ortoimagenes/01_RGBI_16bits/K05A2_RGBI_16_Remesa_11.tif","K05A2_RGBI_16_Remesa_11.tif"
"https://visualizador.ide.uy/descargas/datos/CN_Remesa_11/02_Ortoimagenes/01_RGBI_16bits/K05A3_RGBI_16_Remesa_11.tif","K05A3_RGBI_16_Remesa_11.tif"
"https://visualizador.ide.uy/descargas/datos/CN_Remesa_11/02_Ortoimagenes/01_RGBI_16bits/K05A5_RGBI_16_Remesa_11.tif","K05A5_RGBI_16_Remesa_11.tif"
"https://visualizador.ide.uy/descargas/datos/CN_Remesa_11/02_Ortoimagenes/01_RGBI_16bits/K05A6_RGBI_16_Remesa_11.tif","K05A6_RGBI_16_Remesa_11.tif"
"https://visualizador.ide.uy/descargas/datos/CN_Remesa_11/02_Ortoimagenes/01_RGBI_16bits/K05B4_RGBI_16_Remesa_11.tif","K05B4_RGBI_16_Remesa_11.tif"
"https://visualizador.ide.uy/descargas/datos/CN_Remesa_11/02_Ortoimagenes/01_RGBI_16bits/K05C2_RGBI_16_Remesa_11.tif","K05C2_RGBI_16_Remesa_11.tif"
"https://visualizador.ide.uy/descargas/datos/CN_Remesa_11/02_Ortoimagenes/01_RGBI_16bits/K05C3_RGBI_16_Remesa_11.tif","K05C3_RGBI_16_Remesa_11.tif"
"https://visualizador.ide.uy/descargas/datos/CN_Remesa_11/02_Ortoimagenes/01_RGBI_16bits/K05C5_RGBI_16_Remesa_11.tif","K05C5_RGBI_16_Remesa_11.tif"
"https://visualizador.ide.uy/descargas/datos/CN_Remesa_11/02_Ortoimagenes/01_RGBI_16bits/K05C6_RGBI_16_Remesa_11.tif","K05C6_RGBI_16_Remesa_11.tif"
"https://visualizador.ide.uy/descargas/datos/CN_Remesa_11/02_Ortoimagenes/01_RGBI_16bits/K05D1_RGBI_16_Remesa_11.tif","K05D1_RGBI_16_Remesa_11.tif"
"https://visualizador.ide.uy/descargas/datos/CN_Remesa_11/02_Ortoimagenes/01_RGBI_16bits/K05D2_RGBI_16_Remesa_11.tif","K05D2_RGBI_16_Remesa_11.tif"
"https://visualizador.ide.uy/descargas/datos/CN_Remesa_11/02_Ortoimagenes/01_RGBI_16bits/K05D4_RGBI_16_Remesa_11.tif","K05D4_RGBI_16_Remesa_11.tif"
"https://visualizador.ide.uy/descargas/datos/CN_Remesa_11/02_Ortoimagenes/01_RGBI_16bits/K05D5_RGBI_16_Remesa_11.tif","K05D5_RGBI_16_Remesa_11.tif"
"https://visualizador.ide.uy/descargas/datos/CN_Remesa_11/02_Ortoimagenes/01_RGBI_16bits/K06A2_RGBI_16_Remesa_11.tif","K06A2_RGBI_16_Remesa_11.tif"
"https://visualizador.ide.uy/descargas/datos/CN_Remesa_11/02_Ortoimagenes/01_RGBI_16bits/K06A3_RGBI_16_Remesa_11.tif","K06A3_RGBI_16_Remesa_11.tif"
"https://visualizador.ide.uy/descargas/datos/CN_Remesa_11/02_Ortoimagenes/01_RGBI_16bits/K06A5_RGBI_16_Remesa_11.tif","K06A5_RGBI_16_Remesa_11.tif"
"https://visualizador.ide.uy/descargas/datos/CN_Remesa_11/02_Ortoimagenes/01_RGBI_16bits/K06A6_RGBI_16_Remesa_11.tif","K06A6_RGBI_16_Remesa_11.tif"
"https://visualizador.ide.uy/descargas/datos/CN_Remesa_11/02_Ortoimagenes/01_RGBI_16bits/K06B1_RGBI_16_Remesa_11.tif","K06B1_RGBI_16_Remesa_11.tif"
"https://visualizador.ide.uy/descargas/datos/CN_Remesa_11/02_Ortoimagenes/01_RGBI_16bits/K06B2_RGBI_16_Remesa_11.tif","K06B2_RGBI_16_Remesa_11.tif"
"https://visualizador.ide.uy/descargas/datos/CN_Remesa_11/02_Ortoimagenes/01_RGBI_16bits/K06B3_RGBI_16_Remesa_11.tif","K06B3_RGBI_16_Remesa_11.tif"
"https://visualizador.ide.uy/descargas/datos/CN_Remesa_11/02_Ortoimagenes/01_RGBI_16bits/K06B4_RGBI_16_Remesa_11.tif","K06B4_RGBI_16_Remesa_11.tif"
"https://visualizador.ide.uy/descargas/datos/CN_Remesa_11/02_Ortoimagenes/01_RGBI_16bits/K06B5_RGBI_16_Remesa_11.tif","K06B5_RGBI_16_Remesa_11.tif"
"https://visualizador.ide.uy/descargas/datos/CN_Remesa_11/02_Ortoimagenes/01_RGBI_16bits/K06B6_RGBI_16_Remesa_11.tif","K06B6_RGBI_16_Remesa_11.tif"
"https://visualizador.ide.uy/descargas/datos/CN_Remesa_11/02_Ortoimagenes/01_RGBI_16bits/K06C2_RGBI_16_Remesa_11.tif","K06C2_RGBI_16_Remesa_11.tif"
"https://visualizador.ide.uy/descargas/datos/CN_Remesa_11/02_Ortoimagenes/01_RGBI_16bits/K06C3_RGBI_16_Remesa_11.tif","K06C3_RGBI_16_Remesa_11.tif"
"https://visualizador.ide.uy/descargas/datos/CN_Remesa_11/02_Ortoimagenes/01_RGBI_16bits/K06C5_RGBI_16_Remesa_11.tif","K06C5_RGBI_16_Remesa_11.tif"
"https://visualizador.ide.uy/descargas/datos/CN_Remesa_11/02_Ortoimagenes/01_RGBI_16bits/K06C6_RGBI_16_Remesa_11.tif","K06C6_RGBI_16_Remesa_11.tif"
"https://visualizador.ide.uy/descargas/datos/CN_Remesa_11/02_Ortoimagenes/01_RGBI_16bits/K06D1_RGBI_16_Remesa_11.tif","K06D1_RGBI_16_Remesa_11.tif"
"https://visualizador.ide.uy/descargas/datos/CN_Remesa_11/02_Ortoimagenes/01_RGBI_16bits/K06D2_RGBI_16_Remesa_11.tif","K06D2_RGBI_16_Remesa_11.tif"
"https://visualizador.ide.uy/descargas/datos/CN_Remesa_11/02_Ortoimagenes/01_RGBI_16bits/K06D3_RGBI_16_Remesa_11.tif","K06D3_RGBI_16_Remesa_11.tif"
"https://visualizador.ide.uy/descargas/datos/CN_Remesa_11/02_Ortoimagenes/01_RGBI_16bits/K06D4_RGBI_16_Remesa_11.tif","K06D4_RGBI_16_Remesa_11.tif"
"https://visualizador.ide.uy/descargas/datos/CN_Remesa_11/02_Ortoimagenes/01_RGBI_16bits/K06D5_RGBI_16_Remesa_11.tif","K06D5_RGBI_16_Remesa_11.tif"
"https://visualizador.ide.uy/descargas/datos/CN_Remesa_11/02_Ortoimagenes/01_RGBI_16bits/K06D6_RGBI_16_Remesa_11.tif","K06D6_RGBI_16_Remesa_11.tif"
"https://visualizador.ide.uy/descargas/datos/CN_Remesa_11/02_Ortoimagenes/01_RGBI_16bits/K07A2_RGBI_16_Remesa_11.tif","K07A2_RGBI_16_Remesa_11.tif"
"https://visualizador.ide.uy/descargas/datos/CN_Remesa_11/02_Ortoimagenes/01_RGBI_16bits/K07A3_RGBI_16_Remesa_11.tif","K07A3_RGBI_16_Remesa_11.tif"
"https://visualizador.ide.uy/descargas/datos/CN_Remesa_11/02_Ortoimagenes/01_RGBI_16bits/K07A5_RGBI_16_Remesa_11.tif","K07A5_RGBI_16_Remesa_11.tif"
"https://visualizador.ide.uy/descargas/datos/CN_Remesa_11/02_Ortoimagenes/01_RGBI_16bits/K07A6_RGBI_16_Remesa_11.tif","K07A6_RGBI_16_Remesa_11.tif"
"https://visualizador.ide.uy/descargas/datos/CN_Remesa_11/02_Ortoimagenes/01_RGBI_16bits/K07B1_RGBI_16_Remesa_11.tif","K07B1_RGBI_16_Remesa_11.tif"
"https://visualizador.ide.uy/descargas/datos/CN_Remesa_11/02_Ortoimagenes/01_RGBI_16bits/K07B2_RGBI_16_Remesa_11.tif","K07B2_RGBI_16_Remesa_11.tif"
"https://visualizador.ide.uy/descargas/datos/CN_Remesa_11/02_Ortoimagenes/01_RGBI_16bits/K07B3_RGBI_16_Remesa_11.tif","K07B3_RGBI_16_Remesa_11.tif"
"https://visualizador.ide.uy/descargas/datos/CN_Remesa_11/02_Ortoimagenes/01_RGBI_16bits/K07B4_RGBI_16_Remesa_11.tif","K07B4_RGBI_16_Remesa_11.tif"
"https://visualizador.ide.uy/descargas/datos/CN_Remesa_11/02_Ortoimagenes/01_RGBI_16bits/K07B5_RGBI_16_Remesa_11.tif","K07B5_RGBI_16_Remesa_11.tif"
"https://visualizador.ide.uy/descargas/datos/CN_Remesa_11/02_Ortoimagenes/01_RGBI_16bits/K07B6_RGBI_16_Remesa_11.tif","K07B6_RGBI_16_Remesa_11.tif"
"https://visualizador.ide.uy/descargas/datos/CN_Remesa_11/02_Ortoimagenes/01_RGBI_16bits/K07C2_RGBI_16_Remesa_11.tif","K07C2_RGBI_16_Remesa_11.tif"
"https://visualizador.ide.uy/descargas/datos/CN_Remesa_11/02_Ortoimagenes/01_RGBI_16bits/K07C3_RGBI_16_Remesa_11.tif","K07C3_RGBI_16_Remesa_11.tif"
"https://visualizador.ide.uy/descargas/datos/CN_Remesa_11/02_Ortoimagenes/01_RGBI_16bits/K07C5_RGBI_16_Remesa_11.tif","K07C5_RGBI_16_Remesa_11.tif"
"https://visualizador.ide.uy/descargas/datos/CN_Remesa_11/02_Ortoimagenes/01_RGBI_16bits/K07C6_RGBI_16_Remesa_11.tif","K07C6_RGBI_16_Remesa_11.tif"
"https://visualizador.ide.uy/descargas/datos/CN_Remesa_11/02_Ortoimagenes/01_RGBI_16bits/K07D1_RGBI_16_Remesa_11.tif","K07D1_RGBI_16_Remesa_11.tif"
"https://visualizador.ide.uy/descargas/datos/CN_Remesa_11/02_Ortoimagenes/01_RGBI_16bits/K07D2_RGBI_16_Remesa_11.tif","K07D2_RGBI_16_Remesa_11.tif"
"https://visualizador.ide.uy/descargas/datos/CN_Remesa_11/02_Ortoimagenes/01_RGBI_16bits/K07D3_RGBI_16_Remesa_11.tif","K07D3_RGBI_16_Remesa_11.tif"
"https://visualizador.ide.uy/descargas/datos/CN_Remesa_11/02_Ortoimagenes/01_RGBI_16bits/K07D4_RGBI_16_Remesa_11.tif","K07D4_RGBI_16_Remesa_11.tif"
"https://visualizador.ide.uy/descargas/datos/CN_Remesa_11/02_Ortoimagenes/01_RGBI_16bits/K07D5_RGBI_16_Remesa_11.tif","K07D5_RGBI_16_Remesa_11.tif"
"https://visualizador.ide.uy/descargas/datos/CN_Remesa_11/02_Ortoimagenes/01_RGBI_16bits/K07D6_RGBI_16_Remesa_11.tif","K07D6_RGBI_16_Remesa_11.tif"
"https://visualizador.ide.uy/descargas/datos/CN_Remesa_11/02_Ortoimagenes/01_RGBI_16bits/K08A2_RGBI_16_Remesa_11.tif","K08A2_RGBI_16_Remesa_11.tif"
"https://visualizador.ide.uy/descargas/datos/CN_Remesa_11/02_Ortoimagenes/01_RGBI_16bits/K08A3_RGBI_16_Remesa_11.tif","K08A3_RGBI_16_Remesa_11.tif"
"https://visualizador.ide.uy/descargas/datos/CN_Remesa_11/02_Ortoimagenes/01_RGBI_16bits/K08A5_RGBI_16_Remesa_11.tif","K08A5_RGBI_16_Remesa_11.tif"
"https://visualizador.ide.uy/descargas/datos/CN_Remesa_11/02_Ortoimagenes/01_RGBI_16bits/K08A6_RGBI_16_Remesa_11.tif","K08A6_RGBI_16_Remesa_11.tif"
"https://visualizador.ide.uy/descargas/datos/CN_Remesa_11/02_Ortoimagenes/01_RGBI_16bits/K08B1_RGBI_16_Remesa_11.tif","K08B1_RGBI_16_Remesa_11.tif"
"https://visualizador.ide.uy/descargas/datos/CN_Remesa_11/02_Ortoimagenes/01_RGBI_16bits/K08B2_RGBI_16_Remesa_11.tif","K08B2_RGBI_16_Remesa_11.tif"
"https://visualizador.ide.uy/descargas/datos/CN_Remesa_11/02_Ortoimagenes/01_RGBI_16bits/K08B3_RGBI_16_Remesa_11.tif","K08B3_RGBI_16_Remesa_11.tif"
"https://visualizador.ide.uy/descargas/datos/CN_Remesa_11/02_Ortoimagenes/01_RGBI_16bits/K08B4_RGBI_16_Remesa_11.tif","K08B4_RGBI_16_Remesa_11.tif"
"https://visualizador.ide.uy/descargas/datos/CN_Remesa_11/02_Ortoimagenes/01_RGBI_16bits/K08B5_RGBI_16_Remesa_11.tif","K08B5_RGBI_16_Remesa_11.tif"
"https://visualizador.ide.uy/descargas/datos/CN_Remesa_11/02_Ortoimagenes/01_RGBI_16bits/K08B6_RGBI_16_Remesa_11.tif","K08B6_RGBI_16_Remesa_11.tif"
"https://visualizador.ide.uy/descargas/datos/CN_Remesa_11/02_Ortoimagenes/01_RGBI_16bits/K08C2_RGBI_16_Remesa_11.tif","K08C2_RGBI_16_Remesa_11.tif"
"https://visualizador.ide.uy/descargas/datos/CN_Remesa_11/02_Ortoimagenes/01_RGBI_16bits/K08C3_RGBI_16_Remesa_11.tif","K08C3_RGBI_16_Remesa_11.tif"
"https://visualizador.ide.uy/descargas/datos/CN_Remesa_11/02_Ortoimagenes/01_RGBI_16bits/K08C5_RGBI_16_Remesa_11.tif","K08C5_RGBI_16_Remesa_11.tif"
"https://visualizador.ide.uy/descargas/datos/CN_Remesa_11/02_Ortoimagenes/01_RGBI_16bits/K08C6_RGBI_16_Remesa_11.tif","K08C6_RGBI_16_Remesa_11.tif"
"https://visualizador.ide.uy/descargas/datos/CN_Remesa_11/02_Ortoimagenes/01_RGBI_16bits/K08D1_RGBI_16_Remesa_11.tif","K08D1_RGBI_16_Remesa_11.tif"
"https://visualizador.ide.uy/descargas/datos/CN_Remesa_11/02_Ortoimagenes/01_RGBI_16bits/K08D2_RGBI_16_Remesa_11.tif","K08D2_RGBI_16_Remesa_11.tif"
"https://visualizador.ide.uy/descargas/datos/CN_Remesa_11/02_Ortoimagenes/01_RGBI_16bits/K08D3_RGBI_16_Remesa_11.tif","K08D3_RGBI_16_Remesa_11.tif"
"https://visualizador.ide.uy/descargas/datos/CN_Remesa_11/02_Ortoimagenes/01_RGBI_16bits/K08D4_RGBI_16_Remesa_11.tif","K08D4_RGBI_16_Remesa_11.tif"
"https://visualizador.ide.uy/descargas/datos/CN_Remesa_11/02_Ortoimagenes/01_RGBI_16bits/K08D5_RGBI_16_Remesa_11.tif","K08D5_RGBI_16_Remesa_11.tif"
"https://visualizador.ide.uy/descargas/datos/CN_Remesa_11/02_Ortoimagenes/01_RGBI_16bits/K08D6_RGBI_16_Remesa_11.tif","K08D6_RGBI_16_Remesa_11.tif"
"https://visualizador.ide.uy/descargas/datos/CN_Remesa_11/02_Ortoimagenes/01_RGBI_16bits/K09A2_RGBI_16_Remesa_11.tif","K09A2_RGBI_16_Remesa_11.tif"
"https://visualizador.ide.uy/descargas/datos/CN_Remesa_11/02_Ortoimagenes/01_RGBI_16bits/K09A3_RGBI_16_Remesa_11.tif","K09A3_RGBI_16_Remesa_11.tif"
"https://visualizador.ide.uy/descargas/datos/CN_Remesa_11/02_Ortoimagenes/01_RGBI_16bits/K09A5_RGBI_16_Remesa_11.tif","K09A5_RGBI_16_Remesa_11.tif"
"https://visualizador.ide.uy/descargas/datos/CN_Remesa_11/02_Ortoimagenes/01_RGBI_16bits/K09A6_RGBI_16_Remesa_11.tif","K09A6_RGBI_16_Remesa_11.tif"
"https://visualizador.ide.uy/descargas/datos/CN_Remesa_11/02_Ortoimagenes/01_RGBI_16bits/K09B1_RGBI_16_Remesa_11.tif","K09B1_RGBI_16_Remesa_11.tif"
"https://visualizador.ide.uy/descargas/datos/CN_Remesa_11/02_Ortoimagenes/01_RGBI_16bits/K09B2_RGBI_16_Remesa_11.tif","K09B2_RGBI_16_Remesa_11.tif"
"https://visualizador.ide.uy/descargas/datos/CN_Remesa_11/02_Ortoimagenes/01_RGBI_16bits/K09B3_RGBI_16_Remesa_11.tif","K09B3_RGBI_16_Remesa_11.tif"
"https://visualizador.ide.uy/descargas/datos/CN_Remesa_11/02_Ortoimagenes/01_RGBI_16bits/K09B4_RGBI_16_Remesa_11.tif","K09B4_RGBI_16_Remesa_11.tif"
"https://visualizador.ide.uy/descargas/datos/CN_Remesa_11/02_Ortoimagenes/01_RGBI_16bits/K09B5_RGBI_16_Remesa_11.tif","K09B5_RGBI_16_Remesa_11.tif"
"https://visualizador.ide.uy/descargas/datos/CN_Remesa_11/02_Ortoimagenes/01_RGBI_16bits/K09B6_RGBI_16_Remesa_11.tif","K09B6_RGBI_16_Remesa_11.tif"
"https://visualizador.ide.uy/descargas/datos/CN_Remesa_11/02_Ortoimagenes/01_RGBI_16bits/K09C3_RGBI_16_Remesa_11.tif","K09C3_RGBI_16_Remesa_11.tif"
"https://visualizador.ide.uy/descargas/datos/CN_Remesa_11/02_Ortoimagenes/01_RGBI_16bits/K09C6_RGBI_16_Remesa_11.tif","K09C6_RGBI_16_Remesa_11.tif"
"https://visualizador.ide.uy/descargas/datos/CN_Remesa_11/02_Ortoimagenes/01_RGBI_16bits/K09D1_RGBI_16_Remesa_11.tif","K09D1_RGBI_16_Remesa_11.tif"
"https://visualizador.ide.uy/descargas/datos/CN_Remesa_11/02_Ortoimagenes/01_RGBI_16bits/K09D2_RGBI_16_Remesa_11.tif","K09D2_RGBI_16_Remesa_11.tif"
"https://visualizador.ide.uy/descargas/datos/CN_Remesa_11/02_Ortoimagenes/01_RGBI_16bits/K09D3_RGBI_16_Remesa_11.tif","K09D3_RGBI_16_Remesa_11.tif"
"https://visualizador.ide.uy/descargas/datos/CN_Remesa_11/02_Ortoimagenes/01_RGBI_16bits/K09D4_RGBI_16_Remesa_11.tif","K09D4_RGBI_16_Remesa_11.tif"
"https://visualizador.ide.uy/descargas/datos/CN_Remesa_11/02_Ortoimagenes/01_RGBI_16bits/K09D5_RGBI_16_Remesa_11.tif","K09D5_RGBI_16_Remesa_11.tif"
"https://visualizador.ide.uy/descargas/datos/CN_Remesa_11/02_Ortoimagenes/01_RGBI_16bits/K09D6_RGBI_16_Remesa_11.tif","K09D6_RGBI_16_Remesa_11.tif"
"https://visualizador.ide.uy/descargas/datos/CN_Remesa_11/02_Ortoimagenes/01_RGBI_16bits/K10A3_RGBI_16_Remesa_11.tif","K10A3_RGBI_16_Remesa_11.tif"
"https://visualizador.ide.uy/descargas/datos/CN_Remesa_11/02_Ortoimagenes/01_RGBI_16bits/K10A6_RGBI_16_Remesa_11.tif","K10A6_RGBI_16_Remesa_11.tif"
"https://visualizador.ide.uy/descargas/datos/CN_Remesa_11/02_Ortoimagenes/01_RGBI_16bits/K10B1_RGBI_16_Remesa_11.tif","K10B1_RGBI_16_Remesa_11.tif"
"https://visualizador.ide.uy/descargas/datos/CN_Remesa_11/02_Ortoimagenes/01_RGBI_16bits/K10B2_RGBI_16_Remesa_11.tif","K10B2_RGBI_16_Remesa_11.tif"
"https://visualizador.ide.uy/descargas/datos/CN_Remesa_11/02_Ortoimagenes/01_RGBI_16bits/K10B3_RGBI_16_Remesa_11.tif","K10B3_RGBI_16_Remesa_11.tif"
"https://visualizador.ide.uy/descargas/datos/CN_Remesa_11/02_Ortoimagenes/01_RGBI_16bits/K10B4_RGBI_16_Remesa_11.tif","K10B4_RGBI_16_Remesa_11.tif"
"https://visualizador.ide.uy/descargas/datos/CN_Remesa_11/02_Ortoimagenes/01_RGBI_16bits/K10B5_RGBI_16_Remesa_11.tif","K10B5_RGBI_16_Remesa_11.tif"
"https://visualizador.ide.uy/descargas/datos/CN_Remesa_11/02_Ortoimagenes/01_RGBI_16bits/K10B6_RGBI_16_Remesa_11.tif","K10B6_RGBI_16_Remesa_11.tif"
"https://visualizador.ide.uy/descargas/datos/CN_Remesa_11/02_Ortoimagenes/01_RGBI_16bits/K10C3_RGBI_16_Remesa_11.tif","K10C3_RGBI_16_Remesa_11.tif"
"https://visualizador.ide.uy/descargas/datos/CN_Remesa_11/02_Ortoimagenes/01_RGBI_16bits/K10C6_RGBI_16_Remesa_11.tif","K10C6_RGBI_16_Remesa_11.tif"
"https://visualizador.ide.uy/descargas/datos/CN_Remesa_11/02_Ortoimagenes/01_RGBI_16bits/K10D1_RGBI_16_Remesa_11.tif","K10D1_RGBI_16_Remesa_11.tif"
"https://visualizador.ide.uy/descargas/datos/CN_Remesa_11/02_Ortoimagenes/01_RGBI_16bits/K10D2_RGBI_16_Remesa_11.tif","K10D2_RGBI_16_Remesa_11.tif"
"https://visualizador.ide.uy/descargas/datos/CN_Remesa_11/02_Ortoimagenes/01_RGBI_16bits/K10D3_RGBI_16_Remesa_11.tif","K10D3_RGBI_16_Remesa_11.tif"
"https://visualizador.ide.uy/descargas/datos/CN_Remesa_11/02_Ortoimagenes/01_RGBI_16bits/K10D4_RGBI_16_Remesa_11.tif","K10D4_RGBI_16_Remesa_11.tif"
"https://visualizador.ide.uy/descargas/datos/CN_Remesa_11/02_Ortoimagenes/01_RGBI_16bits/K10D5_RGBI_16_Remesa_11.tif","K10D5_RGBI_16_Remesa_11.tif"
"https://visualizador.ide.uy/descargas/datos/CN_Remesa_11/02_Ortoimagenes/01_RGBI_16bits/K10D6_RGBI_16_Remesa_11.tif","K10D6_RGBI_16_Remesa_11.tif"
"https://visualizador.ide.uy/descargas/datos/CN_Remesa_11/02_Ortoimagenes/01_RGBI_16bits/K11A3_RGBI_16_Remesa_11.tif","K11A3_RGBI_16_Remesa_11.tif"
"https://visualizador.ide.uy/descargas/datos/CN_Remesa_11/02_Ortoimagenes/01_RGBI_16bits/K11A6_RGBI_16_Remesa_11.tif","K11A6_RGBI_16_Remesa_11.tif"
"https://visualizador.ide.uy/descargas/datos/CN_Remesa_11/02_Ortoimagenes/01_RGBI_16bits/K11B1_RGBI_16_Remesa_11.tif","K11B1_RGBI_16_Remesa_11.tif"
"https://visualizador.ide.uy/descargas/datos/CN_Remesa_11/02_Ortoimagenes/01_RGBI_16bits/K11B2_RGBI_16_Remesa_11.tif","K11B2_RGBI_16_Remesa_11.tif"
"https://visualizador.ide.uy/descargas/datos/CN_Remesa_11/02_Ortoimagenes/01_RGBI_16bits/K11B3_RGBI_16_Remesa_11.tif","K11B3_RGBI_16_Remesa_11.tif"
"https://visualizador.ide.uy/descargas/datos/CN_Remesa_11/02_Ortoimagenes/01_RGBI_16bits/K11B4_RGBI_16_Remesa_11.tif","K11B4_RGBI_16_Remesa_11.tif"
"https://visualizador.ide.uy/descargas/datos/CN_Remesa_11/02_Ortoimagenes/01_RGBI_16bits/K11B5_RGBI_16_Remesa_11.tif","K11B5_RGBI_16_Remesa_11.tif"
"https://visualizador.ide.uy/descargas/datos/CN_Remesa_11/02_Ortoimagenes/01_RGBI_16bits/K11B6_RGBI_16_Remesa_11.tif","K11B6_RGBI_16_Remesa_11.tif"
"https://visualizador.ide.uy/descargas/datos/CN_Remesa_11/02_Ortoimagenes/01_RGBI_16bits/K11C3_RGBI_16_Remesa_11.tif","K11C3_RGBI_16_Remesa_11.tif"
"https://visualizador.ide.uy/descargas/datos/CN_Remesa_11/02_Ortoimagenes/01_RGBI_16bits/K11D1_RGBI_16_Remesa_11.tif","K11D1_RGBI_16_Remesa_11.tif"
"https://visualizador.ide.uy/descargas/datos/CN_Remesa_11/02_Ortoimagenes/01_RGBI_16bits/K11D2_RGBI_16_Remesa_11.tif","K11D2_RGBI_16_Remesa_11.tif"
"https://visualizador.ide.uy/descargas/datos/CN_Remesa_11/02_Ortoimagenes/01_RGBI_16bits/K11D3_RGBI_16_Remesa_11.tif","K11D3_RGBI_16_Remesa_11.tif"
