"href","text"
"https://visualizador.ide.uy/descargas/datos/CN_Remesa_09/01_MDT/01_MDT_LAS_Resolucion_250cm/?C=N;O=D","Nombre:"
"https://visualizador.ide.uy/descargas/datos/CN_Remesa_09/01_MDT/01_MDT_LAS_Resolucion_250cm/?C=S;O=A","Size"
"https://visualizador.ide.uy/descargas/datos/CN_Remesa_09/01_MDT/","Parent Directory"
"https://visualizador.ide.uy/descargas/datos/CN_Remesa_09/01_MDT/01_MDT_LAS_Resolucion_250cm/A17A1_MDT_Remesa_09.las","A17A1_MDT_Remesa_09.las"
"https://visualizador.ide.uy/descargas/datos/CN_Remesa_09/01_MDT/01_MDT_LAS_Resolucion_250cm/A17A4_MDT_Remesa_09.las","A17A4_MDT_Remesa_09.las"
"https://visualizador.ide.uy/descargas/datos/CN_Remesa_09/01_MDT/01_MDT_LAS_Resolucion_250cm/A17A5_MDT_Remesa_09.las","A17A5_MDT_Remesa_09.las"
"https://visualizador.ide.uy/descargas/datos/CN_Remesa_09/01_MDT/01_MDT_LAS_Resolucion_250cm/A17C1_MDT_Remesa_09.las","A17C1_MDT_Remesa_09.las"
"https://visualizador.ide.uy/descargas/datos/CN_Remesa_09/01_MDT/01_MDT_LAS_Resolucion_250cm/A17C2_MDT_Remesa_09.las","A17C2_MDT_Remesa_09.las"
"https://visualizador.ide.uy/descargas/datos/CN_Remesa_09/01_MDT/01_MDT_LAS_Resolucion_250cm/A17C4_MDT_Remesa_09.las","A17C4_MDT_Remesa_09.las"
"https://visualizador.ide.uy/descargas/datos/CN_Remesa_09/01_MDT/01_MDT_LAS_Resolucion_250cm/A17C5_MDT_Remesa_09.las","A17C5_MDT_Remesa_09.las"
"https://visualizador.ide.uy/descargas/datos/CN_Remesa_09/01_MDT/01_MDT_LAS_Resolucion_250cm/B15C1_MDT_Remesa_09.las","B15C1_MDT_Remesa_09.las"
"https://visualizador.ide.uy/descargas/datos/CN_Remesa_09/01_MDT/01_MDT_LAS_Resolucion_250cm/B15C4_MDT_Remesa_09.las","B15C4_MDT_Remesa_09.las"
"https://visualizador.ide.uy/descargas/datos/CN_Remesa_09/01_MDT/01_MDT_LAS_Resolucion_250cm/B16A1_MDT_Remesa_09.las","B16A1_MDT_Remesa_09.las"
"https://visualizador.ide.uy/descargas/datos/CN_Remesa_09/01_MDT/01_MDT_LAS_Resolucion_250cm/B16A4_MDT_Remesa_09.las","B16A4_MDT_Remesa_09.las"
"https://visualizador.ide.uy/descargas/datos/CN_Remesa_09/01_MDT/01_MDT_LAS_Resolucion_250cm/B16A5_MDT_Remesa_09.las","B16A5_MDT_Remesa_09.las"
"https://visualizador.ide.uy/descargas/datos/CN_Remesa_09/01_MDT/01_MDT_LAS_Resolucion_250cm/B16A6_MDT_Remesa_09.las","B16A6_MDT_Remesa_09.las"
"https://visualizador.ide.uy/descargas/datos/CN_Remesa_09/01_MDT/01_MDT_LAS_Resolucion_250cm/B16C1_MDT_Remesa_09.las","B16C1_MDT_Remesa_09.las"
"https://visualizador.ide.uy/descargas/datos/CN_Remesa_09/01_MDT/01_MDT_LAS_Resolucion_250cm/B16C2_MDT_Remesa_09.las","B16C2_MDT_Remesa_09.las"
"https://visualizador.ide.uy/descargas/datos/CN_Remesa_09/01_MDT/01_MDT_LAS_Resolucion_250cm/B16C3_MDT_Remesa_09.las","B16C3_MDT_Remesa_09.las"
"https://visualizador.ide.uy/descargas/datos/CN_Remesa_09/01_MDT/01_MDT_LAS_Resolucion_250cm/B16C4_MDT_Remesa_09.las","B16C4_MDT_Remesa_09.las"
"https://visualizador.ide.uy/descargas/datos/CN_Remesa_09/01_MDT/01_MDT_LAS_Resolucion_250cm/B16C5_MDT_Remesa_09.las","B16C5_MDT_Remesa_09.las"
"https://visualizador.ide.uy/descargas/datos/CN_Remesa_09/01_MDT/01_MDT_LAS_Resolucion_250cm/B16C6_MDT_Remesa_09.las","B16C6_MDT_Remesa_09.las"
"https://visualizador.ide.uy/descargas/datos/CN_Remesa_09/01_MDT/01_MDT_LAS_Resolucion_250cm/B16D1_MDT_Remesa_09.las","B16D1_MDT_Remesa_09.las"
"https://visualizador.ide.uy/descargas/datos/CN_Remesa_09/01_MDT/01_MDT_LAS_Resolucion_250cm/B16D4_MDT_Remesa_09.las","B16D4_MDT_Remesa_09.las"
"https://visualizador.ide.uy/descargas/datos/CN_Remesa_09/01_MDT/01_MDT_LAS_Resolucion_250cm/B16D5_MDT_Remesa_09.las","B16D5_MDT_Remesa_09.las"
"https://visualizador.ide.uy/descargas/datos/CN_Remesa_09/01_MDT/01_MDT_LAS_Resolucion_250cm/B17A1_MDT_Remesa_09.las","B17A1_MDT_Remesa_09.las"
"https://visualizador.ide.uy/descargas/datos/CN_Remesa_09/01_MDT/01_MDT_LAS_Resolucion_250cm/B17A2_MDT_Remesa_09.las","B17A2_MDT_Remesa_09.las"
"https://visualizador.ide.uy/descargas/datos/CN_Remesa_09/01_MDT/01_MDT_LAS_Resolucion_250cm/B17A3_MDT_Remesa_09.las","B17A3_MDT_Remesa_09.las"
"https://visualizador.ide.uy/descargas/datos/CN_Remesa_09/01_MDT/01_MDT_LAS_Resolucion_250cm/B17A4_MDT_Remesa_09.las","B17A4_MDT_Remesa_09.las"
"https://visualizador.ide.uy/descargas/datos/CN_Remesa_09/01_MDT/01_MDT_LAS_Resolucion_250cm/B17A5_MDT_Remesa_09.las","B17A5_MDT_Remesa_09.las"
"https://visualizador.ide.uy/descargas/datos/CN_Remesa_09/01_MDT/01_MDT_LAS_Resolucion_250cm/B17A6_MDT_Remesa_09.las","B17A6_MDT_Remesa_09.las"
"https://visualizador.ide.uy/descargas/datos/CN_Remesa_09/01_MDT/01_MDT_LAS_Resolucion_250cm/B17B1_MDT_Remesa_09.las","B17B1_MDT_Remesa_09.las"
"https://visualizador.ide.uy/descargas/datos/CN_Remesa_09/01_MDT/01_MDT_LAS_Resolucion_250cm/B17B2_MDT_Remesa_09.las","B17B2_MDT_Remesa_09.las"
"https://visualizador.ide.uy/descargas/datos/CN_Remesa_09/01_MDT/01_MDT_LAS_Resolucion_250cm/B17B3_MDT_Remesa_09.las","B17B3_MDT_Remesa_09.las"
"https://visualizador.ide.uy/descargas/datos/CN_Remesa_09/01_MDT/01_MDT_LAS_Resolucion_250cm/B17B4_MDT_Remesa_09.las","B17B4_MDT_Remesa_09.las"
"https://visualizador.ide.uy/descargas/datos/CN_Remesa_09/01_MDT/01_MDT_LAS_Resolucion_250cm/B17B5_MDT_Remesa_09.las","B17B5_MDT_Remesa_09.las"
"https://visualizador.ide.uy/descargas/datos/CN_Remesa_09/01_MDT/01_MDT_LAS_Resolucion_250cm/B17B6_MDT_Remesa_09.las","B17B6_MDT_Remesa_09.las"
"https://visualizador.ide.uy/descargas/datos/CN_Remesa_09/01_MDT/01_MDT_LAS_Resolucion_250cm/B17C1_MDT_Remesa_09.las","B17C1_MDT_Remesa_09.las"
"https://visualizador.ide.uy/descargas/datos/CN_Remesa_09/01_MDT/01_MDT_LAS_Resolucion_250cm/B17C2_MDT_Remesa_09.las","B17C2_MDT_Remesa_09.las"
"https://visualizador.ide.uy/descargas/datos/CN_Remesa_09/01_MDT/01_MDT_LAS_Resolucion_250cm/B17C3_MDT_Remesa_09.las","B17C3_MDT_Remesa_09.las"
"https://visualizador.ide.uy/descargas/datos/CN_Remesa_09/01_MDT/01_MDT_LAS_Resolucion_250cm/B17C4_MDT_Remesa_09.las","B17C4_MDT_Remesa_09.las"
"https://visualizador.ide.uy/descargas/datos/CN_Remesa_09/01_MDT/01_MDT_LAS_Resolucion_250cm/B17C5_MDT_Remesa_09.las","B17C5_MDT_Remesa_09.las"
"https://visualizador.ide.uy/descargas/datos/CN_Remesa_09/01_MDT/01_MDT_LAS_Resolucion_250cm/B17C6_MDT_Remesa_09.las","B17C6_MDT_Remesa_09.las"
"https://visualizador.ide.uy/descargas/datos/CN_Remesa_09/01_MDT/01_MDT_LAS_Resolucion_250cm/B17D1_MDT_Remesa_09.las","B17D1_MDT_Remesa_09.las"
"https://visualizador.ide.uy/descargas/datos/CN_Remesa_09/01_MDT/01_MDT_LAS_Resolucion_250cm/B17D2_MDT_Remesa_09.las","B17D2_MDT_Remesa_09.las"
"https://visualizador.ide.uy/descargas/datos/CN_Remesa_09/01_MDT/01_MDT_LAS_Resolucion_250cm/B17D3_MDT_Remesa_09.las","B17D3_MDT_Remesa_09.las"
"https://visualizador.ide.uy/descargas/datos/CN_Remesa_09/01_MDT/01_MDT_LAS_Resolucion_250cm/B17D4_MDT_Remesa_09.las","B17D4_MDT_Remesa_09.las"
"https://visualizador.ide.uy/descargas/datos/CN_Remesa_09/01_MDT/01_MDT_LAS_Resolucion_250cm/B17D5_MDT_Remesa_09.las","B17D5_MDT_Remesa_09.las"
"https://visualizador.ide.uy/descargas/datos/CN_Remesa_09/01_MDT/01_MDT_LAS_Resolucion_250cm/B17D6_MDT_Remesa_09.las","B17D6_MDT_Remesa_09.las"
"https://visualizador.ide.uy/descargas/datos/CN_Remesa_09/01_MDT/01_MDT_LAS_Resolucion_250cm/B18A1_MDT_Remesa_09.las","B18A1_MDT_Remesa_09.las"
"https://visualizador.ide.uy/descargas/datos/CN_Remesa_09/01_MDT/01_MDT_LAS_Resolucion_250cm/B18A2_MDT_Remesa_09.las","B18A2_MDT_Remesa_09.las"
"https://visualizador.ide.uy/descargas/datos/CN_Remesa_09/01_MDT/01_MDT_LAS_Resolucion_250cm/B18A3_MDT_Remesa_09.las","B18A3_MDT_Remesa_09.las"
"https://visualizador.ide.uy/descargas/datos/CN_Remesa_09/01_MDT/01_MDT_LAS_Resolucion_250cm/B18A4_MDT_Remesa_09.las","B18A4_MDT_Remesa_09.las"
"https://visualizador.ide.uy/descargas/datos/CN_Remesa_09/01_MDT/01_MDT_LAS_Resolucion_250cm/B18A5_MDT_Remesa_09.las","B18A5_MDT_Remesa_09.las"
"https://visualizador.ide.uy/descargas/datos/CN_Remesa_09/01_MDT/01_MDT_LAS_Resolucion_250cm/B18A6_MDT_Remesa_09.las","B18A6_MDT_Remesa_09.las"
"https://visualizador.ide.uy/descargas/datos/CN_Remesa_09/01_MDT/01_MDT_LAS_Resolucion_250cm/B18B1_MDT_Remesa_09.las","B18B1_MDT_Remesa_09.las"
"https://visualizador.ide.uy/descargas/datos/CN_Remesa_09/01_MDT/01_MDT_LAS_Resolucion_250cm/B18B2_MDT_Remesa_09.las","B18B2_MDT_Remesa_09.las"
"https://visualizador.ide.uy/descargas/datos/CN_Remesa_09/01_MDT/01_MDT_LAS_Resolucion_250cm/B18B3_MDT_Remesa_09.las","B18B3_MDT_Remesa_09.las"
"https://visualizador.ide.uy/descargas/datos/CN_Remesa_09/01_MDT/01_MDT_LAS_Resolucion_250cm/B18B4_MDT_Remesa_09.las","B18B4_MDT_Remesa_09.las"
"https://visualizador.ide.uy/descargas/datos/CN_Remesa_09/01_MDT/01_MDT_LAS_Resolucion_250cm/B18B5_MDT_Remesa_09.las","B18B5_MDT_Remesa_09.las"
"https://visualizador.ide.uy/descargas/datos/CN_Remesa_09/01_MDT/01_MDT_LAS_Resolucion_250cm/B18B6_MDT_Remesa_09.las","B18B6_MDT_Remesa_09.las"
"https://visualizador.ide.uy/descargas/datos/CN_Remesa_09/01_MDT/01_MDT_LAS_Resolucion_250cm/B18C1_MDT_Remesa_09.las","B18C1_MDT_Remesa_09.las"
"https://visualizador.ide.uy/descargas/datos/CN_Remesa_09/01_MDT/01_MDT_LAS_Resolucion_250cm/B18C2_MDT_Remesa_09.las","B18C2_MDT_Remesa_09.las"
"https://visualizador.ide.uy/descargas/datos/CN_Remesa_09/01_MDT/01_MDT_LAS_Resolucion_250cm/B18C3_MDT_Remesa_09.las","B18C3_MDT_Remesa_09.las"
"https://visualizador.ide.uy/descargas/datos/CN_Remesa_09/01_MDT/01_MDT_LAS_Resolucion_250cm/B18C4_MDT_Remesa_09.las","B18C4_MDT_Remesa_09.las"
"https://visualizador.ide.uy/descargas/datos/CN_Remesa_09/01_MDT/01_MDT_LAS_Resolucion_250cm/B18C5_MDT_Remesa_09.las","B18C5_MDT_Remesa_09.las"
"https://visualizador.ide.uy/descargas/datos/CN_Remesa_09/01_MDT/01_MDT_LAS_Resolucion_250cm/B18C6_MDT_Remesa_09.las","B18C6_MDT_Remesa_09.las"
"https://visualizador.ide.uy/descargas/datos/CN_Remesa_09/01_MDT/01_MDT_LAS_Resolucion_250cm/B18D1_MDT_Remesa_09.las","B18D1_MDT_Remesa_09.las"
"https://visualizador.ide.uy/descargas/datos/CN_Remesa_09/01_MDT/01_MDT_LAS_Resolucion_250cm/B18D2_MDT_Remesa_09.las","B18D2_MDT_Remesa_09.las"
"https://visualizador.ide.uy/descargas/datos/CN_Remesa_09/01_MDT/01_MDT_LAS_Resolucion_250cm/B18D3_MDT_Remesa_09.las","B18D3_MDT_Remesa_09.las"
"https://visualizador.ide.uy/descargas/datos/CN_Remesa_09/01_MDT/01_MDT_LAS_Resolucion_250cm/B18D4_MDT_Remesa_09.las","B18D4_MDT_Remesa_09.las"
"https://visualizador.ide.uy/descargas/datos/CN_Remesa_09/01_MDT/01_MDT_LAS_Resolucion_250cm/B18D5_MDT_Remesa_09.las","B18D5_MDT_Remesa_09.las"
"https://visualizador.ide.uy/descargas/datos/CN_Remesa_09/01_MDT/01_MDT_LAS_Resolucion_250cm/B18D6_MDT_Remesa_09.las","B18D6_MDT_Remesa_09.las"
"https://visualizador.ide.uy/descargas/datos/CN_Remesa_09/01_MDT/01_MDT_LAS_Resolucion_250cm/B19A1_MDT_Remesa_09.las","B19A1_MDT_Remesa_09.las"
"https://visualizador.ide.uy/descargas/datos/CN_Remesa_09/01_MDT/01_MDT_LAS_Resolucion_250cm/B19A2_MDT_Remesa_09.las","B19A2_MDT_Remesa_09.las"
"https://visualizador.ide.uy/descargas/datos/CN_Remesa_09/01_MDT/01_MDT_LAS_Resolucion_250cm/B19A3_MDT_Remesa_09.las","B19A3_MDT_Remesa_09.las"
"https://visualizador.ide.uy/descargas/datos/CN_Remesa_09/01_MDT/01_MDT_LAS_Resolucion_250cm/B19A4_MDT_Remesa_09.las","B19A4_MDT_Remesa_09.las"
"https://visualizador.ide.uy/descargas/datos/CN_Remesa_09/01_MDT/01_MDT_LAS_Resolucion_250cm/B19A5_MDT_Remesa_09.las","B19A5_MDT_Remesa_09.las"
"https://visualizador.ide.uy/descargas/datos/CN_Remesa_09/01_MDT/01_MDT_LAS_Resolucion_250cm/B19A6_MDT_Remesa_09.las","B19A6_MDT_Remesa_09.las"
"https://visualizador.ide.uy/descargas/datos/CN_Remesa_09/01_MDT/01_MDT_LAS_Resolucion_250cm/B19B1_MDT_Remesa_09.las","B19B1_MDT_Remesa_09.las"
"https://visualizador.ide.uy/descargas/datos/CN_Remesa_09/01_MDT/01_MDT_LAS_Resolucion_250cm/B19B2_MDT_Remesa_09.las","B19B2_MDT_Remesa_09.las"
"https://visualizador.ide.uy/descargas/datos/CN_Remesa_09/01_MDT/01_MDT_LAS_Resolucion_250cm/B19C1_MDT_Remesa_09.las","B19C1_MDT_Remesa_09.las"
"https://visualizador.ide.uy/descargas/datos/CN_Remesa_09/01_MDT/01_MDT_LAS_Resolucion_250cm/B19C2_MDT_Remesa_09.las","B19C2_MDT_Remesa_09.las"
"https://visualizador.ide.uy/descargas/datos/CN_Remesa_09/01_MDT/01_MDT_LAS_Resolucion_250cm/B19C4_MDT_Remesa_09.las","B19C4_MDT_Remesa_09.las"
"https://visualizador.ide.uy/descargas/datos/CN_Remesa_09/01_MDT/01_MDT_LAS_Resolucion_250cm/B19C5_MDT_Remesa_09.las","B19C5_MDT_Remesa_09.las"
"https://visualizador.ide.uy/descargas/datos/CN_Remesa_09/01_MDT/01_MDT_LAS_Resolucion_250cm/B20A1_MDT_Remesa_09.las","B20A1_MDT_Remesa_09.las"
"https://visualizador.ide.uy/descargas/datos/CN_Remesa_09/01_MDT/01_MDT_LAS_Resolucion_250cm/B20A4_MDT_Remesa_09.las","B20A4_MDT_Remesa_09.las"
"https://visualizador.ide.uy/descargas/datos/CN_Remesa_09/01_MDT/01_MDT_LAS_Resolucion_250cm/B20C1_MDT_Remesa_09.las","B20C1_MDT_Remesa_09.las"
"https://visualizador.ide.uy/descargas/datos/CN_Remesa_09/01_MDT/01_MDT_LAS_Resolucion_250cm/B20C4_MDT_Remesa_09.las","B20C4_MDT_Remesa_09.las"
"https://visualizador.ide.uy/descargas/datos/CN_Remesa_09/01_MDT/01_MDT_LAS_Resolucion_250cm/B20C5_MDT_Remesa_09.las","B20C5_MDT_Remesa_09.las"
"https://visualizador.ide.uy/descargas/datos/CN_Remesa_09/01_MDT/01_MDT_LAS_Resolucion_250cm/B21A1_MDT_Remesa_09.las","B21A1_MDT_Remesa_09.las"
"https://visualizador.ide.uy/descargas/datos/CN_Remesa_09/01_MDT/01_MDT_LAS_Resolucion_250cm/B21A2_MDT_Remesa_09.las","B21A2_MDT_Remesa_09.las"
"https://visualizador.ide.uy/descargas/datos/CN_Remesa_09/01_MDT/01_MDT_LAS_Resolucion_250cm/B21A4_MDT_Remesa_09.las","B21A4_MDT_Remesa_09.las"
"https://visualizador.ide.uy/descargas/datos/CN_Remesa_09/01_MDT/01_MDT_LAS_Resolucion_250cm/B21A5_MDT_Remesa_09.las","B21A5_MDT_Remesa_09.las"
"https://visualizador.ide.uy/descargas/datos/CN_Remesa_09/01_MDT/01_MDT_LAS_Resolucion_250cm/B21C1_MDT_Remesa_09.las","B21C1_MDT_Remesa_09.las"
"https://visualizador.ide.uy/descargas/datos/CN_Remesa_09/01_MDT/01_MDT_LAS_Resolucion_250cm/B21C4_MDT_Remesa_09.las","B21C4_MDT_Remesa_09.las"
"https://visualizador.ide.uy/descargas/datos/CN_Remesa_09/01_MDT/01_MDT_LAS_Resolucion_250cm/B22A1_MDT_Remesa_09.las","B22A1_MDT_Remesa_09.las"
"https://visualizador.ide.uy/descargas/datos/CN_Remesa_09/01_MDT/01_MDT_LAS_Resolucion_250cm/B22A2_MDT_Remesa_09.las","B22A2_MDT_Remesa_09.las"
"https://visualizador.ide.uy/descargas/datos/CN_Remesa_09/01_MDT/01_MDT_LAS_Resolucion_250cm/B22A4_MDT_Remesa_09.las","B22A4_MDT_Remesa_09.las"
"https://visualizador.ide.uy/descargas/datos/CN_Remesa_09/01_MDT/01_MDT_LAS_Resolucion_250cm/B22A5_MDT_Remesa_09.las","B22A5_MDT_Remesa_09.las"
"https://visualizador.ide.uy/descargas/datos/CN_Remesa_09/01_MDT/01_MDT_LAS_Resolucion_250cm/B22C1_MDT_Remesa_09.las","B22C1_MDT_Remesa_09.las"
"https://visualizador.ide.uy/descargas/datos/CN_Remesa_09/01_MDT/01_MDT_LAS_Resolucion_250cm/B22C2_MDT_Remesa_09.las","B22C2_MDT_Remesa_09.las"
"https://visualizador.ide.uy/descargas/datos/CN_Remesa_09/01_MDT/01_MDT_LAS_Resolucion_250cm/B22C4_MDT_Remesa_09.las","B22C4_MDT_Remesa_09.las"
"https://visualizador.ide.uy/descargas/datos/CN_Remesa_09/01_MDT/01_MDT_LAS_Resolucion_250cm/B22C5_MDT_Remesa_09.las","B22C5_MDT_Remesa_09.las"
"https://visualizador.ide.uy/descargas/datos/CN_Remesa_09/01_MDT/01_MDT_LAS_Resolucion_250cm/B23A1_MDT_Remesa_09.las","B23A1_MDT_Remesa_09.las"
"https://visualizador.ide.uy/descargas/datos/CN_Remesa_09/01_MDT/01_MDT_LAS_Resolucion_250cm/B23A2_MDT_Remesa_09.las","B23A2_MDT_Remesa_09.las"
"https://visualizador.ide.uy/descargas/datos/CN_Remesa_09/01_MDT/01_MDT_LAS_Resolucion_250cm/B23A3_MDT_Remesa_09.las","B23A3_MDT_Remesa_09.las"
"https://visualizador.ide.uy/descargas/datos/CN_Remesa_09/01_MDT/01_MDT_LAS_Resolucion_250cm/B23A4_MDT_Remesa_09.las","B23A4_MDT_Remesa_09.las"
"https://visualizador.ide.uy/descargas/datos/CN_Remesa_09/01_MDT/01_MDT_LAS_Resolucion_250cm/B23A5_MDT_Remesa_09.las","B23A5_MDT_Remesa_09.las"
"https://visualizador.ide.uy/descargas/datos/CN_Remesa_09/01_MDT/01_MDT_LAS_Resolucion_250cm/B23A6_MDT_Remesa_09.las","B23A6_MDT_Remesa_09.las"
"https://visualizador.ide.uy/descargas/datos/CN_Remesa_09/01_MDT/01_MDT_LAS_Resolucion_250cm/B23B1_MDT_Remesa_09.las","B23B1_MDT_Remesa_09.las"
"https://visualizador.ide.uy/descargas/datos/CN_Remesa_09/01_MDT/01_MDT_LAS_Resolucion_250cm/B23B4_MDT_Remesa_09.las","B23B4_MDT_Remesa_09.las"
"https://visualizador.ide.uy/descargas/datos/CN_Remesa_09/01_MDT/01_MDT_LAS_Resolucion_250cm/B23B5_MDT_Remesa_09.las","B23B5_MDT_Remesa_09.las"
"https://visualizador.ide.uy/descargas/datos/CN_Remesa_09/01_MDT/01_MDT_LAS_Resolucion_250cm/B23C1_MDT_Remesa_09.las","B23C1_MDT_Remesa_09.las"
"https://visualizador.ide.uy/descargas/datos/CN_Remesa_09/01_MDT/01_MDT_LAS_Resolucion_250cm/B23C2_MDT_Remesa_09.las","B23C2_MDT_Remesa_09.las"
"https://visualizador.ide.uy/descargas/datos/CN_Remesa_09/01_MDT/01_MDT_LAS_Resolucion_250cm/B23C3_MDT_Remesa_09.las","B23C3_MDT_Remesa_09.las"
"https://visualizador.ide.uy/descargas/datos/CN_Remesa_09/01_MDT/01_MDT_LAS_Resolucion_250cm/B23C4_MDT_Remesa_09.las","B23C4_MDT_Remesa_09.las"
"https://visualizador.ide.uy/descargas/datos/CN_Remesa_09/01_MDT/01_MDT_LAS_Resolucion_250cm/B23C5_MDT_Remesa_09.las","B23C5_MDT_Remesa_09.las"
"https://visualizador.ide.uy/descargas/datos/CN_Remesa_09/01_MDT/01_MDT_LAS_Resolucion_250cm/B23C6_MDT_Remesa_09.las","B23C6_MDT_Remesa_09.las"
"https://visualizador.ide.uy/descargas/datos/CN_Remesa_09/01_MDT/01_MDT_LAS_Resolucion_250cm/B23D1_MDT_Remesa_09.las","B23D1_MDT_Remesa_09.las"
"https://visualizador.ide.uy/descargas/datos/CN_Remesa_09/01_MDT/01_MDT_LAS_Resolucion_250cm/B23D2_MDT_Remesa_09.las","B23D2_MDT_Remesa_09.las"
"https://visualizador.ide.uy/descargas/datos/CN_Remesa_09/01_MDT/01_MDT_LAS_Resolucion_250cm/B23D4_MDT_Remesa_09.las","B23D4_MDT_Remesa_09.las"
"https://visualizador.ide.uy/descargas/datos/CN_Remesa_09/01_MDT/01_MDT_LAS_Resolucion_250cm/B23D5_MDT_Remesa_09.las","B23D5_MDT_Remesa_09.las"
"https://visualizador.ide.uy/descargas/datos/CN_Remesa_09/01_MDT/01_MDT_LAS_Resolucion_250cm/B24A1_MDT_Remesa_09.las","B24A1_MDT_Remesa_09.las"
"https://visualizador.ide.uy/descargas/datos/CN_Remesa_09/01_MDT/01_MDT_LAS_Resolucion_250cm/B24A2_MDT_Remesa_09.las","B24A2_MDT_Remesa_09.las"
"https://visualizador.ide.uy/descargas/datos/CN_Remesa_09/01_MDT/01_MDT_LAS_Resolucion_250cm/B24A3_MDT_Remesa_09.las","B24A3_MDT_Remesa_09.las"
"https://visualizador.ide.uy/descargas/datos/CN_Remesa_09/01_MDT/01_MDT_LAS_Resolucion_250cm/B24A4_MDT_Remesa_09.las","B24A4_MDT_Remesa_09.las"
"https://visualizador.ide.uy/descargas/datos/CN_Remesa_09/01_MDT/01_MDT_LAS_Resolucion_250cm/B24A5_MDT_Remesa_09.las","B24A5_MDT_Remesa_09.las"
"https://visualizador.ide.uy/descargas/datos/CN_Remesa_09/01_MDT/01_MDT_LAS_Resolucion_250cm/B24A6_MDT_Remesa_09.las","B24A6_MDT_Remesa_09.las"
"https://visualizador.ide.uy/descargas/datos/CN_Remesa_09/01_MDT/01_MDT_LAS_Resolucion_250cm/B24B1_MDT_Remesa_09.las","B24B1_MDT_Remesa_09.las"
"https://visualizador.ide.uy/descargas/datos/CN_Remesa_09/01_MDT/01_MDT_LAS_Resolucion_250cm/B24C1_MDT_Remesa_09.las","B24C1_MDT_Remesa_09.las"
"https://visualizador.ide.uy/descargas/datos/CN_Remesa_09/01_MDT/01_MDT_LAS_Resolucion_250cm/B24C2_MDT_Remesa_09.las","B24C2_MDT_Remesa_09.las"
"https://visualizador.ide.uy/descargas/datos/CN_Remesa_09/01_MDT/01_MDT_LAS_Resolucion_250cm/B24C3_MDT_Remesa_09.las","B24C3_MDT_Remesa_09.las"
"https://visualizador.ide.uy/descargas/datos/CN_Remesa_09/01_MDT/01_MDT_LAS_Resolucion_250cm/B24C4_MDT_Remesa_09.las","B24C4_MDT_Remesa_09.las"
"https://visualizador.ide.uy/descargas/datos/CN_Remesa_09/01_MDT/01_MDT_LAS_Resolucion_250cm/B24C5_MDT_Remesa_09.las","B24C5_MDT_Remesa_09.las"
"https://visualizador.ide.uy/descargas/datos/CN_Remesa_09/01_MDT/01_MDT_LAS_Resolucion_250cm/B24C6_MDT_Remesa_09.las","B24C6_MDT_Remesa_09.las"
"https://visualizador.ide.uy/descargas/datos/CN_Remesa_09/01_MDT/01_MDT_LAS_Resolucion_250cm/B25A1_MDT_Remesa_09.las","B25A1_MDT_Remesa_09.las"
"https://visualizador.ide.uy/descargas/datos/CN_Remesa_09/01_MDT/01_MDT_LAS_Resolucion_250cm/B25A2_MDT_Remesa_09.las","B25A2_MDT_Remesa_09.las"
"https://visualizador.ide.uy/descargas/datos/CN_Remesa_09/01_MDT/01_MDT_LAS_Resolucion_250cm/B25A3_MDT_Remesa_09.las","B25A3_MDT_Remesa_09.las"
"https://visualizador.ide.uy/descargas/datos/CN_Remesa_09/01_MDT/01_MDT_LAS_Resolucion_250cm/B25A4_MDT_Remesa_09.las","B25A4_MDT_Remesa_09.las"
"https://visualizador.ide.uy/descargas/datos/CN_Remesa_09/01_MDT/01_MDT_LAS_Resolucion_250cm/B25A5_MDT_Remesa_09.las","B25A5_MDT_Remesa_09.las"
"https://visualizador.ide.uy/descargas/datos/CN_Remesa_09/01_MDT/01_MDT_LAS_Resolucion_250cm/B25C1_MDT_Remesa_09.las","B25C1_MDT_Remesa_09.las"
"https://visualizador.ide.uy/descargas/datos/CN_Remesa_09/01_MDT/01_MDT_LAS_Resolucion_250cm/B25C2_MDT_Remesa_09.las","B25C2_MDT_Remesa_09.las"
"https://visualizador.ide.uy/descargas/datos/CN_Remesa_09/01_MDT/01_MDT_LAS_Resolucion_250cm/B25C4_MDT_Remesa_09.las","B25C4_MDT_Remesa_09.las"
"https://visualizador.ide.uy/descargas/datos/CN_Remesa_09/01_MDT/01_MDT_LAS_Resolucion_250cm/C13A4_MDT_Remesa_09.las","C13A4_MDT_Remesa_09.las"
"https://visualizador.ide.uy/descargas/datos/CN_Remesa_09/01_MDT/01_MDT_LAS_Resolucion_250cm/C13C1_MDT_Remesa_09.las","C13C1_MDT_Remesa_09.las"
"https://visualizador.ide.uy/descargas/datos/CN_Remesa_09/01_MDT/01_MDT_LAS_Resolucion_250cm/C13C2_MDT_Remesa_09.las","C13C2_MDT_Remesa_09.las"
"https://visualizador.ide.uy/descargas/datos/CN_Remesa_09/01_MDT/01_MDT_LAS_Resolucion_250cm/C13C3_MDT_Remesa_09.las","C13C3_MDT_Remesa_09.las"
"https://visualizador.ide.uy/descargas/datos/CN_Remesa_09/01_MDT/01_MDT_LAS_Resolucion_250cm/C13C4_MDT_Remesa_09.las","C13C4_MDT_Remesa_09.las"
"https://visualizador.ide.uy/descargas/datos/CN_Remesa_09/01_MDT/01_MDT_LAS_Resolucion_250cm/C13C5_MDT_Remesa_09.las","C13C5_MDT_Remesa_09.las"
"https://visualizador.ide.uy/descargas/datos/CN_Remesa_09/01_MDT/01_MDT_LAS_Resolucion_250cm/C13C6_MDT_Remesa_09.las","C13C6_MDT_Remesa_09.las"
"https://visualizador.ide.uy/descargas/datos/CN_Remesa_09/01_MDT/01_MDT_LAS_Resolucion_250cm/C14A1_MDT_Remesa_09.las","C14A1_MDT_Remesa_09.las"
"https://visualizador.ide.uy/descargas/datos/CN_Remesa_09/01_MDT/01_MDT_LAS_Resolucion_250cm/C14A2_MDT_Remesa_09.las","C14A2_MDT_Remesa_09.las"
"https://visualizador.ide.uy/descargas/datos/CN_Remesa_09/01_MDT/01_MDT_LAS_Resolucion_250cm/C14A3_MDT_Remesa_09.las","C14A3_MDT_Remesa_09.las"
"https://visualizador.ide.uy/descargas/datos/CN_Remesa_09/01_MDT/01_MDT_LAS_Resolucion_250cm/C14A4_MDT_Remesa_09.las","C14A4_MDT_Remesa_09.las"
"https://visualizador.ide.uy/descargas/datos/CN_Remesa_09/01_MDT/01_MDT_LAS_Resolucion_250cm/C14A5_MDT_Remesa_09.las","C14A5_MDT_Remesa_09.las"
"https://visualizador.ide.uy/descargas/datos/CN_Remesa_09/01_MDT/01_MDT_LAS_Resolucion_250cm/C14A6_MDT_Remesa_09.las","C14A6_MDT_Remesa_09.las"
"https://visualizador.ide.uy/descargas/datos/CN_Remesa_09/01_MDT/01_MDT_LAS_Resolucion_250cm/C14B1_MDT_Remesa_09.las","C14B1_MDT_Remesa_09.las"
"https://visualizador.ide.uy/descargas/datos/CN_Remesa_09/01_MDT/01_MDT_LAS_Resolucion_250cm/C14B2_MDT_Remesa_09.las","C14B2_MDT_Remesa_09.las"
"https://visualizador.ide.uy/descargas/datos/CN_Remesa_09/01_MDT/01_MDT_LAS_Resolucion_250cm/C14B4_MDT_Remesa_09.las","C14B4_MDT_Remesa_09.las"
"https://visualizador.ide.uy/descargas/datos/CN_Remesa_09/01_MDT/01_MDT_LAS_Resolucion_250cm/C14B5_MDT_Remesa_09.las","C14B5_MDT_Remesa_09.las"
"https://visualizador.ide.uy/descargas/datos/CN_Remesa_09/01_MDT/01_MDT_LAS_Resolucion_250cm/C14C1_MDT_Remesa_09.las","C14C1_MDT_Remesa_09.las"
"https://visualizador.ide.uy/descargas/datos/CN_Remesa_09/01_MDT/01_MDT_LAS_Resolucion_250cm/C14C2_MDT_Remesa_09.las","C14C2_MDT_Remesa_09.las"
"https://visualizador.ide.uy/descargas/datos/CN_Remesa_09/01_MDT/01_MDT_LAS_Resolucion_250cm/C14C3_MDT_Remesa_09.las","C14C3_MDT_Remesa_09.las"
"https://visualizador.ide.uy/descargas/datos/CN_Remesa_09/01_MDT/01_MDT_LAS_Resolucion_250cm/C14C4_MDT_Remesa_09.las","C14C4_MDT_Remesa_09.las"
"https://visualizador.ide.uy/descargas/datos/CN_Remesa_09/01_MDT/01_MDT_LAS_Resolucion_250cm/C14C5_MDT_Remesa_09.las","C14C5_MDT_Remesa_09.las"
"https://visualizador.ide.uy/descargas/datos/CN_Remesa_09/01_MDT/01_MDT_LAS_Resolucion_250cm/C14C6_MDT_Remesa_09.las","C14C6_MDT_Remesa_09.las"
"https://visualizador.ide.uy/descargas/datos/CN_Remesa_09/01_MDT/01_MDT_LAS_Resolucion_250cm/C14D1_MDT_Remesa_09.las","C14D1_MDT_Remesa_09.las"
"https://visualizador.ide.uy/descargas/datos/CN_Remesa_09/01_MDT/01_MDT_LAS_Resolucion_250cm/C14D2_MDT_Remesa_09.las","C14D2_MDT_Remesa_09.las"
"https://visualizador.ide.uy/descargas/datos/CN_Remesa_09/01_MDT/01_MDT_LAS_Resolucion_250cm/C14D4_MDT_Remesa_09.las","C14D4_MDT_Remesa_09.las"
"https://visualizador.ide.uy/descargas/datos/CN_Remesa_09/01_MDT/01_MDT_LAS_Resolucion_250cm/C14D5_MDT_Remesa_09.las","C14D5_MDT_Remesa_09.las"
"https://visualizador.ide.uy/descargas/datos/CN_Remesa_09/01_MDT/01_MDT_LAS_Resolucion_250cm/C14D6_MDT_Remesa_09.las","C14D6_MDT_Remesa_09.las"
"https://visualizador.ide.uy/descargas/datos/CN_Remesa_09/01_MDT/01_MDT_LAS_Resolucion_250cm/C15A1_MDT_Remesa_09.las","C15A1_MDT_Remesa_09.las"
"https://visualizador.ide.uy/descargas/datos/CN_Remesa_09/01_MDT/01_MDT_LAS_Resolucion_250cm/C15A2_MDT_Remesa_09.las","C15A2_MDT_Remesa_09.las"
"https://visualizador.ide.uy/descargas/datos/CN_Remesa_09/01_MDT/01_MDT_LAS_Resolucion_250cm/C15A3_MDT_Remesa_09.las","C15A3_MDT_Remesa_09.las"
"https://visualizador.ide.uy/descargas/datos/CN_Remesa_09/01_MDT/01_MDT_LAS_Resolucion_250cm/C15A4_MDT_Remesa_09.las","C15A4_MDT_Remesa_09.las"
"https://visualizador.ide.uy/descargas/datos/CN_Remesa_09/01_MDT/01_MDT_LAS_Resolucion_250cm/C15A5_MDT_Remesa_09.las","C15A5_MDT_Remesa_09.las"
"https://visualizador.ide.uy/descargas/datos/CN_Remesa_09/01_MDT/01_MDT_LAS_Resolucion_250cm/C15A6_MDT_Remesa_09.las","C15A6_MDT_Remesa_09.las"
"https://visualizador.ide.uy/descargas/datos/CN_Remesa_09/01_MDT/01_MDT_LAS_Resolucion_250cm/C15B1_MDT_Remesa_09.las","C15B1_MDT_Remesa_09.las"
"https://visualizador.ide.uy/descargas/datos/CN_Remesa_09/01_MDT/01_MDT_LAS_Resolucion_250cm/C15B2_MDT_Remesa_09.las","C15B2_MDT_Remesa_09.las"
"https://visualizador.ide.uy/descargas/datos/CN_Remesa_09/01_MDT/01_MDT_LAS_Resolucion_250cm/C15B3_MDT_Remesa_09.las","C15B3_MDT_Remesa_09.las"
"https://visualizador.ide.uy/descargas/datos/CN_Remesa_09/01_MDT/01_MDT_LAS_Resolucion_250cm/C15B4_MDT_Remesa_09.las","C15B4_MDT_Remesa_09.las"
"https://visualizador.ide.uy/descargas/datos/CN_Remesa_09/01_MDT/01_MDT_LAS_Resolucion_250cm/C15B5_MDT_Remesa_09.las","C15B5_MDT_Remesa_09.las"
"https://visualizador.ide.uy/descargas/datos/CN_Remesa_09/01_MDT/01_MDT_LAS_Resolucion_250cm/C15B6_MDT_Remesa_09.las","C15B6_MDT_Remesa_09.las"
"https://visualizador.ide.uy/descargas/datos/CN_Remesa_09/01_MDT/01_MDT_LAS_Resolucion_250cm/C15C1_MDT_Remesa_09.las","C15C1_MDT_Remesa_09.las"
"https://visualizador.ide.uy/descargas/datos/CN_Remesa_09/01_MDT/01_MDT_LAS_Resolucion_250cm/C15C2_MDT_Remesa_09.las","C15C2_MDT_Remesa_09.las"
"https://visualizador.ide.uy/descargas/datos/CN_Remesa_09/01_MDT/01_MDT_LAS_Resolucion_250cm/C15C3_MDT_Remesa_09.las","C15C3_MDT_Remesa_09.las"
"https://visualizador.ide.uy/descargas/datos/CN_Remesa_09/01_MDT/01_MDT_LAS_Resolucion_250cm/C15C4_MDT_Remesa_09.las","C15C4_MDT_Remesa_09.las"
"https://visualizador.ide.uy/descargas/datos/CN_Remesa_09/01_MDT/01_MDT_LAS_Resolucion_250cm/C15C5_MDT_Remesa_09.las","C15C5_MDT_Remesa_09.las"
"https://visualizador.ide.uy/descargas/datos/CN_Remesa_09/01_MDT/01_MDT_LAS_Resolucion_250cm/C15C6_MDT_Remesa_09.las","C15C6_MDT_Remesa_09.las"
"https://visualizador.ide.uy/descargas/datos/CN_Remesa_09/01_MDT/01_MDT_LAS_Resolucion_250cm/C15D1_MDT_Remesa_09.las","C15D1_MDT_Remesa_09.las"
"https://visualizador.ide.uy/descargas/datos/CN_Remesa_09/01_MDT/01_MDT_LAS_Resolucion_250cm/C15D2_MDT_Remesa_09.las","C15D2_MDT_Remesa_09.las"
"https://visualizador.ide.uy/descargas/datos/CN_Remesa_09/01_MDT/01_MDT_LAS_Resolucion_250cm/C15D3_MDT_Remesa_09.las","C15D3_MDT_Remesa_09.las"
"https://visualizador.ide.uy/descargas/datos/CN_Remesa_09/01_MDT/01_MDT_LAS_Resolucion_250cm/C15D4_MDT_Remesa_09.las","C15D4_MDT_Remesa_09.las"
"https://visualizador.ide.uy/descargas/datos/CN_Remesa_09/01_MDT/01_MDT_LAS_Resolucion_250cm/C15D5_MDT_Remesa_09.las","C15D5_MDT_Remesa_09.las"
"https://visualizador.ide.uy/descargas/datos/CN_Remesa_09/01_MDT/01_MDT_LAS_Resolucion_250cm/C15D6_MDT_Remesa_09.las","C15D6_MDT_Remesa_09.las"
"https://visualizador.ide.uy/descargas/datos/CN_Remesa_09/01_MDT/01_MDT_LAS_Resolucion_250cm/C16A1_MDT_Remesa_09.las","C16A1_MDT_Remesa_09.las"
"https://visualizador.ide.uy/descargas/datos/CN_Remesa_09/01_MDT/01_MDT_LAS_Resolucion_250cm/C16A2_MDT_Remesa_09.las","C16A2_MDT_Remesa_09.las"
"https://visualizador.ide.uy/descargas/datos/CN_Remesa_09/01_MDT/01_MDT_LAS_Resolucion_250cm/C16A3_MDT_Remesa_09.las","C16A3_MDT_Remesa_09.las"
"https://visualizador.ide.uy/descargas/datos/CN_Remesa_09/01_MDT/01_MDT_LAS_Resolucion_250cm/C16A4_MDT_Remesa_09.las","C16A4_MDT_Remesa_09.las"
"https://visualizador.ide.uy/descargas/datos/CN_Remesa_09/01_MDT/01_MDT_LAS_Resolucion_250cm/C16A5_MDT_Remesa_09.las","C16A5_MDT_Remesa_09.las"
"https://visualizador.ide.uy/descargas/datos/CN_Remesa_09/01_MDT/01_MDT_LAS_Resolucion_250cm/C16A6_MDT_Remesa_09.las","C16A6_MDT_Remesa_09.las"
"https://visualizador.ide.uy/descargas/datos/CN_Remesa_09/01_MDT/01_MDT_LAS_Resolucion_250cm/C16B1_MDT_Remesa_09.las","C16B1_MDT_Remesa_09.las"
"https://visualizador.ide.uy/descargas/datos/CN_Remesa_09/01_MDT/01_MDT_LAS_Resolucion_250cm/C16B2_MDT_Remesa_09.las","C16B2_MDT_Remesa_09.las"
"https://visualizador.ide.uy/descargas/datos/CN_Remesa_09/01_MDT/01_MDT_LAS_Resolucion_250cm/C16B3_MDT_Remesa_09.las","C16B3_MDT_Remesa_09.las"
"https://visualizador.ide.uy/descargas/datos/CN_Remesa_09/01_MDT/01_MDT_LAS_Resolucion_250cm/C16B4_MDT_Remesa_09.las","C16B4_MDT_Remesa_09.las"
"https://visualizador.ide.uy/descargas/datos/CN_Remesa_09/01_MDT/01_MDT_LAS_Resolucion_250cm/C16B5_MDT_Remesa_09.las","C16B5_MDT_Remesa_09.las"
"https://visualizador.ide.uy/descargas/datos/CN_Remesa_09/01_MDT/01_MDT_LAS_Resolucion_250cm/C16B6_MDT_Remesa_09.las","C16B6_MDT_Remesa_09.las"
"https://visualizador.ide.uy/descargas/datos/CN_Remesa_09/01_MDT/01_MDT_LAS_Resolucion_250cm/C16C1_MDT_Remesa_09.las","C16C1_MDT_Remesa_09.las"
"https://visualizador.ide.uy/descargas/datos/CN_Remesa_09/01_MDT/01_MDT_LAS_Resolucion_250cm/C16C2_MDT_Remesa_09.las","C16C2_MDT_Remesa_09.las"
"https://visualizador.ide.uy/descargas/datos/CN_Remesa_09/01_MDT/01_MDT_LAS_Resolucion_250cm/C16C3_MDT_Remesa_09.las","C16C3_MDT_Remesa_09.las"
"https://visualizador.ide.uy/descargas/datos/CN_Remesa_09/01_MDT/01_MDT_LAS_Resolucion_250cm/C16C4_MDT_Remesa_09.las","C16C4_MDT_Remesa_09.las"
"https://visualizador.ide.uy/descargas/datos/CN_Remesa_09/01_MDT/01_MDT_LAS_Resolucion_250cm/C16C5_MDT_Remesa_09.las","C16C5_MDT_Remesa_09.las"
"https://visualizador.ide.uy/descargas/datos/CN_Remesa_09/01_MDT/01_MDT_LAS_Resolucion_250cm/C16C6_MDT_Remesa_09.las","C16C6_MDT_Remesa_09.las"
"https://visualizador.ide.uy/descargas/datos/CN_Remesa_09/01_MDT/01_MDT_LAS_Resolucion_250cm/C16D1_MDT_Remesa_09.las","C16D1_MDT_Remesa_09.las"
"https://visualizador.ide.uy/descargas/datos/CN_Remesa_09/01_MDT/01_MDT_LAS_Resolucion_250cm/C16D2_MDT_Remesa_09.las","C16D2_MDT_Remesa_09.las"
"https://visualizador.ide.uy/descargas/datos/CN_Remesa_09/01_MDT/01_MDT_LAS_Resolucion_250cm/C16D3_MDT_Remesa_09.las","C16D3_MDT_Remesa_09.las"
"https://visualizador.ide.uy/descargas/datos/CN_Remesa_09/01_MDT/01_MDT_LAS_Resolucion_250cm/C16D4_MDT_Remesa_09.las","C16D4_MDT_Remesa_09.las"
"https://visualizador.ide.uy/descargas/datos/CN_Remesa_09/01_MDT/01_MDT_LAS_Resolucion_250cm/C16D5_MDT_Remesa_09.las","C16D5_MDT_Remesa_09.las"
"https://visualizador.ide.uy/descargas/datos/CN_Remesa_09/01_MDT/01_MDT_LAS_Resolucion_250cm/C16D6_MDT_Remesa_09.las","C16D6_MDT_Remesa_09.las"
"https://visualizador.ide.uy/descargas/datos/CN_Remesa_09/01_MDT/01_MDT_LAS_Resolucion_250cm/C17A1_MDT_Remesa_09.las","C17A1_MDT_Remesa_09.las"
"https://visualizador.ide.uy/descargas/datos/CN_Remesa_09/01_MDT/01_MDT_LAS_Resolucion_250cm/C17A2_MDT_Remesa_09.las","C17A2_MDT_Remesa_09.las"
"https://visualizador.ide.uy/descargas/datos/CN_Remesa_09/01_MDT/01_MDT_LAS_Resolucion_250cm/C17A3_MDT_Remesa_09.las","C17A3_MDT_Remesa_09.las"
"https://visualizador.ide.uy/descargas/datos/CN_Remesa_09/01_MDT/01_MDT_LAS_Resolucion_250cm/C17A4_MDT_Remesa_09.las","C17A4_MDT_Remesa_09.las"
"https://visualizador.ide.uy/descargas/datos/CN_Remesa_09/01_MDT/01_MDT_LAS_Resolucion_250cm/C17A5_MDT_Remesa_09.las","C17A5_MDT_Remesa_09.las"
"https://visualizador.ide.uy/descargas/datos/CN_Remesa_09/01_MDT/01_MDT_LAS_Resolucion_250cm/C17A6_MDT_Remesa_09.las","C17A6_MDT_Remesa_09.las"
"https://visualizador.ide.uy/descargas/datos/CN_Remesa_09/01_MDT/01_MDT_LAS_Resolucion_250cm/C17B1_MDT_Remesa_09.las","C17B1_MDT_Remesa_09.las"
"https://visualizador.ide.uy/descargas/datos/CN_Remesa_09/01_MDT/01_MDT_LAS_Resolucion_250cm/C17B2_MDT_Remesa_09.las","C17B2_MDT_Remesa_09.las"
"https://visualizador.ide.uy/descargas/datos/CN_Remesa_09/01_MDT/01_MDT_LAS_Resolucion_250cm/C17B3_MDT_Remesa_09.las","C17B3_MDT_Remesa_09.las"
"https://visualizador.ide.uy/descargas/datos/CN_Remesa_09/01_MDT/01_MDT_LAS_Resolucion_250cm/C17B4_MDT_Remesa_09.las","C17B4_MDT_Remesa_09.las"
"https://visualizador.ide.uy/descargas/datos/CN_Remesa_09/01_MDT/01_MDT_LAS_Resolucion_250cm/C17B5_MDT_Remesa_09.las","C17B5_MDT_Remesa_09.las"
"https://visualizador.ide.uy/descargas/datos/CN_Remesa_09/01_MDT/01_MDT_LAS_Resolucion_250cm/C17B6_MDT_Remesa_09.las","C17B6_MDT_Remesa_09.las"
"https://visualizador.ide.uy/descargas/datos/CN_Remesa_09/01_MDT/01_MDT_LAS_Resolucion_250cm/C17C1_MDT_Remesa_09.las","C17C1_MDT_Remesa_09.las"
"https://visualizador.ide.uy/descargas/datos/CN_Remesa_09/01_MDT/01_MDT_LAS_Resolucion_250cm/C17C2_MDT_Remesa_09.las","C17C2_MDT_Remesa_09.las"
"https://visualizador.ide.uy/descargas/datos/CN_Remesa_09/01_MDT/01_MDT_LAS_Resolucion_250cm/C17C3_MDT_Remesa_09.las","C17C3_MDT_Remesa_09.las"
"https://visualizador.ide.uy/descargas/datos/CN_Remesa_09/01_MDT/01_MDT_LAS_Resolucion_250cm/C17C4_MDT_Remesa_09.las","C17C4_MDT_Remesa_09.las"
"https://visualizador.ide.uy/descargas/datos/CN_Remesa_09/01_MDT/01_MDT_LAS_Resolucion_250cm/C17C5_MDT_Remesa_09.las","C17C5_MDT_Remesa_09.las"
"https://visualizador.ide.uy/descargas/datos/CN_Remesa_09/01_MDT/01_MDT_LAS_Resolucion_250cm/C17C6_MDT_Remesa_09.las","C17C6_MDT_Remesa_09.las"
"https://visualizador.ide.uy/descargas/datos/CN_Remesa_09/01_MDT/01_MDT_LAS_Resolucion_250cm/C17D1_MDT_Remesa_09.las","C17D1_MDT_Remesa_09.las"
"https://visualizador.ide.uy/descargas/datos/CN_Remesa_09/01_MDT/01_MDT_LAS_Resolucion_250cm/C17D2_MDT_Remesa_09.las","C17D2_MDT_Remesa_09.las"
"https://visualizador.ide.uy/descargas/datos/CN_Remesa_09/01_MDT/01_MDT_LAS_Resolucion_250cm/C17D3_MDT_Remesa_09.las","C17D3_MDT_Remesa_09.las"
"https://visualizador.ide.uy/descargas/datos/CN_Remesa_09/01_MDT/01_MDT_LAS_Resolucion_250cm/C17D4_MDT_Remesa_09.las","C17D4_MDT_Remesa_09.las"
"https://visualizador.ide.uy/descargas/datos/CN_Remesa_09/01_MDT/01_MDT_LAS_Resolucion_250cm/C17D5_MDT_Remesa_09.las","C17D5_MDT_Remesa_09.las"
"https://visualizador.ide.uy/descargas/datos/CN_Remesa_09/01_MDT/01_MDT_LAS_Resolucion_250cm/C17D6_MDT_Remesa_09.las","C17D6_MDT_Remesa_09.las"
"https://visualizador.ide.uy/descargas/datos/CN_Remesa_09/01_MDT/01_MDT_LAS_Resolucion_250cm/C18A1_MDT_Remesa_09.las","C18A1_MDT_Remesa_09.las"
"https://visualizador.ide.uy/descargas/datos/CN_Remesa_09/01_MDT/01_MDT_LAS_Resolucion_250cm/C18A2_MDT_Remesa_09.las","C18A2_MDT_Remesa_09.las"
"https://visualizador.ide.uy/descargas/datos/CN_Remesa_09/01_MDT/01_MDT_LAS_Resolucion_250cm/C18A3_MDT_Remesa_09.las","C18A3_MDT_Remesa_09.las"
"https://visualizador.ide.uy/descargas/datos/CN_Remesa_09/01_MDT/01_MDT_LAS_Resolucion_250cm/C18A4_MDT_Remesa_09.las","C18A4_MDT_Remesa_09.las"
"https://visualizador.ide.uy/descargas/datos/CN_Remesa_09/01_MDT/01_MDT_LAS_Resolucion_250cm/C18A5_MDT_Remesa_09.las","C18A5_MDT_Remesa_09.las"
"https://visualizador.ide.uy/descargas/datos/CN_Remesa_09/01_MDT/01_MDT_LAS_Resolucion_250cm/C18A6_MDT_Remesa_09.las","C18A6_MDT_Remesa_09.las"
"https://visualizador.ide.uy/descargas/datos/CN_Remesa_09/01_MDT/01_MDT_LAS_Resolucion_250cm/C18B1_MDT_Remesa_09.las","C18B1_MDT_Remesa_09.las"
"https://visualizador.ide.uy/descargas/datos/CN_Remesa_09/01_MDT/01_MDT_LAS_Resolucion_250cm/C18B2_MDT_Remesa_09.las","C18B2_MDT_Remesa_09.las"
"https://visualizador.ide.uy/descargas/datos/CN_Remesa_09/01_MDT/01_MDT_LAS_Resolucion_250cm/C18B3_MDT_Remesa_09.las","C18B3_MDT_Remesa_09.las"
"https://visualizador.ide.uy/descargas/datos/CN_Remesa_09/01_MDT/01_MDT_LAS_Resolucion_250cm/C18B4_MDT_Remesa_09.las","C18B4_MDT_Remesa_09.las"
"https://visualizador.ide.uy/descargas/datos/CN_Remesa_09/01_MDT/01_MDT_LAS_Resolucion_250cm/C18B5_MDT_Remesa_09.las","C18B5_MDT_Remesa_09.las"
"https://visualizador.ide.uy/descargas/datos/CN_Remesa_09/01_MDT/01_MDT_LAS_Resolucion_250cm/C18B6_MDT_Remesa_09.las","C18B6_MDT_Remesa_09.las"
"https://visualizador.ide.uy/descargas/datos/CN_Remesa_09/01_MDT/01_MDT_LAS_Resolucion_250cm/C18C1_MDT_Remesa_09.las","C18C1_MDT_Remesa_09.las"
"https://visualizador.ide.uy/descargas/datos/CN_Remesa_09/01_MDT/01_MDT_LAS_Resolucion_250cm/C18C2_MDT_Remesa_09.las","C18C2_MDT_Remesa_09.las"
"https://visualizador.ide.uy/descargas/datos/CN_Remesa_09/01_MDT/01_MDT_LAS_Resolucion_250cm/C18C3_MDT_Remesa_09.las","C18C3_MDT_Remesa_09.las"
"https://visualizador.ide.uy/descargas/datos/CN_Remesa_09/01_MDT/01_MDT_LAS_Resolucion_250cm/C18C4_MDT_Remesa_09.las","C18C4_MDT_Remesa_09.las"
"https://visualizador.ide.uy/descargas/datos/CN_Remesa_09/01_MDT/01_MDT_LAS_Resolucion_250cm/C18C5_MDT_Remesa_09.las","C18C5_MDT_Remesa_09.las"
"https://visualizador.ide.uy/descargas/datos/CN_Remesa_09/01_MDT/01_MDT_LAS_Resolucion_250cm/C18C6_MDT_Remesa_09.las","C18C6_MDT_Remesa_09.las"
"https://visualizador.ide.uy/descargas/datos/CN_Remesa_09/01_MDT/01_MDT_LAS_Resolucion_250cm/C18D1_MDT_Remesa_09.las","C18D1_MDT_Remesa_09.las"
"https://visualizador.ide.uy/descargas/datos/CN_Remesa_09/01_MDT/01_MDT_LAS_Resolucion_250cm/C18D2_MDT_Remesa_09.las","C18D2_MDT_Remesa_09.las"
"https://visualizador.ide.uy/descargas/datos/CN_Remesa_09/01_MDT/01_MDT_LAS_Resolucion_250cm/C18D3_MDT_Remesa_09.las","C18D3_MDT_Remesa_09.las"
"https://visualizador.ide.uy/descargas/datos/CN_Remesa_09/01_MDT/01_MDT_LAS_Resolucion_250cm/C18D4_MDT_Remesa_09.las","C18D4_MDT_Remesa_09.las"
"https://visualizador.ide.uy/descargas/datos/CN_Remesa_09/01_MDT/01_MDT_LAS_Resolucion_250cm/C18D5_MDT_Remesa_09.las","C18D5_MDT_Remesa_09.las"
"https://visualizador.ide.uy/descargas/datos/CN_Remesa_09/01_MDT/01_MDT_LAS_Resolucion_250cm/C18D6_MDT_Remesa_09.las","C18D6_MDT_Remesa_09.las"
"https://visualizador.ide.uy/descargas/datos/CN_Remesa_09/01_MDT/01_MDT_LAS_Resolucion_250cm/C19A1_MDT_Remesa_09.las","C19A1_MDT_Remesa_09.las"
"https://visualizador.ide.uy/descargas/datos/CN_Remesa_09/01_MDT/01_MDT_LAS_Resolucion_250cm/C19A2_MDT_Remesa_09.las","C19A2_MDT_Remesa_09.las"
"https://visualizador.ide.uy/descargas/datos/CN_Remesa_09/01_MDT/01_MDT_LAS_Resolucion_250cm/C19A3_MDT_Remesa_09.las","C19A3_MDT_Remesa_09.las"
"https://visualizador.ide.uy/descargas/datos/CN_Remesa_09/01_MDT/01_MDT_LAS_Resolucion_250cm/C19A4_MDT_Remesa_09.las","C19A4_MDT_Remesa_09.las"
"https://visualizador.ide.uy/descargas/datos/CN_Remesa_09/01_MDT/01_MDT_LAS_Resolucion_250cm/C19A5_MDT_Remesa_09.las","C19A5_MDT_Remesa_09.las"
"https://visualizador.ide.uy/descargas/datos/CN_Remesa_09/01_MDT/01_MDT_LAS_Resolucion_250cm/C19A6_MDT_Remesa_09.las","C19A6_MDT_Remesa_09.las"
"https://visualizador.ide.uy/descargas/datos/CN_Remesa_09/01_MDT/01_MDT_LAS_Resolucion_250cm/C19B1_MDT_Remesa_09.las","C19B1_MDT_Remesa_09.las"
"https://visualizador.ide.uy/descargas/datos/CN_Remesa_09/01_MDT/01_MDT_LAS_Resolucion_250cm/C19B2_MDT_Remesa_09.las","C19B2_MDT_Remesa_09.las"
"https://visualizador.ide.uy/descargas/datos/CN_Remesa_09/01_MDT/01_MDT_LAS_Resolucion_250cm/C19B3_MDT_Remesa_09.las","C19B3_MDT_Remesa_09.las"
"https://visualizador.ide.uy/descargas/datos/CN_Remesa_09/01_MDT/01_MDT_LAS_Resolucion_250cm/C19B4_MDT_Remesa_09.las","C19B4_MDT_Remesa_09.las"
"https://visualizador.ide.uy/descargas/datos/CN_Remesa_09/01_MDT/01_MDT_LAS_Resolucion_250cm/C19B5_MDT_Remesa_09.las","C19B5_MDT_Remesa_09.las"
"https://visualizador.ide.uy/descargas/datos/CN_Remesa_09/01_MDT/01_MDT_LAS_Resolucion_250cm/C19B6_MDT_Remesa_09.las","C19B6_MDT_Remesa_09.las"
"https://visualizador.ide.uy/descargas/datos/CN_Remesa_09/01_MDT/01_MDT_LAS_Resolucion_250cm/C19C1_MDT_Remesa_09.las","C19C1_MDT_Remesa_09.las"
"https://visualizador.ide.uy/descargas/datos/CN_Remesa_09/01_MDT/01_MDT_LAS_Resolucion_250cm/C19C2_MDT_Remesa_09.las","C19C2_MDT_Remesa_09.las"
"https://visualizador.ide.uy/descargas/datos/CN_Remesa_09/01_MDT/01_MDT_LAS_Resolucion_250cm/C19C3_MDT_Remesa_09.las","C19C3_MDT_Remesa_09.las"
"https://visualizador.ide.uy/descargas/datos/CN_Remesa_09/01_MDT/01_MDT_LAS_Resolucion_250cm/C19C4_MDT_Remesa_09.las","C19C4_MDT_Remesa_09.las"
"https://visualizador.ide.uy/descargas/datos/CN_Remesa_09/01_MDT/01_MDT_LAS_Resolucion_250cm/C19C5_MDT_Remesa_09.las","C19C5_MDT_Remesa_09.las"
"https://visualizador.ide.uy/descargas/datos/CN_Remesa_09/01_MDT/01_MDT_LAS_Resolucion_250cm/C19C6_MDT_Remesa_09.las","C19C6_MDT_Remesa_09.las"
"https://visualizador.ide.uy/descargas/datos/CN_Remesa_09/01_MDT/01_MDT_LAS_Resolucion_250cm/C19D1_MDT_Remesa_09.las","C19D1_MDT_Remesa_09.las"
"https://visualizador.ide.uy/descargas/datos/CN_Remesa_09/01_MDT/01_MDT_LAS_Resolucion_250cm/C19D2_MDT_Remesa_09.las","C19D2_MDT_Remesa_09.las"
"https://visualizador.ide.uy/descargas/datos/CN_Remesa_09/01_MDT/01_MDT_LAS_Resolucion_250cm/C19D3_MDT_Remesa_09.las","C19D3_MDT_Remesa_09.las"
"https://visualizador.ide.uy/descargas/datos/CN_Remesa_09/01_MDT/01_MDT_LAS_Resolucion_250cm/C19D4_MDT_Remesa_09.las","C19D4_MDT_Remesa_09.las"
"https://visualizador.ide.uy/descargas/datos/CN_Remesa_09/01_MDT/01_MDT_LAS_Resolucion_250cm/C19D5_MDT_Remesa_09.las","C19D5_MDT_Remesa_09.las"
"https://visualizador.ide.uy/descargas/datos/CN_Remesa_09/01_MDT/01_MDT_LAS_Resolucion_250cm/C19D6_MDT_Remesa_09.las","C19D6_MDT_Remesa_09.las"
"https://visualizador.ide.uy/descargas/datos/CN_Remesa_09/01_MDT/01_MDT_LAS_Resolucion_250cm/C20A1_MDT_Remesa_09.las","C20A1_MDT_Remesa_09.las"
"https://visualizador.ide.uy/descargas/datos/CN_Remesa_09/01_MDT/01_MDT_LAS_Resolucion_250cm/C20A2_MDT_Remesa_09.las","C20A2_MDT_Remesa_09.las"
"https://visualizador.ide.uy/descargas/datos/CN_Remesa_09/01_MDT/01_MDT_LAS_Resolucion_250cm/C20A3_MDT_Remesa_09.las","C20A3_MDT_Remesa_09.las"
"https://visualizador.ide.uy/descargas/datos/CN_Remesa_09/01_MDT/01_MDT_LAS_Resolucion_250cm/C20A4_MDT_Remesa_09.las","C20A4_MDT_Remesa_09.las"
"https://visualizador.ide.uy/descargas/datos/CN_Remesa_09/01_MDT/01_MDT_LAS_Resolucion_250cm/C20A5_MDT_Remesa_09.las","C20A5_MDT_Remesa_09.las"
"https://visualizador.ide.uy/descargas/datos/CN_Remesa_09/01_MDT/01_MDT_LAS_Resolucion_250cm/C20A6_MDT_Remesa_09.las","C20A6_MDT_Remesa_09.las"
"https://visualizador.ide.uy/descargas/datos/CN_Remesa_09/01_MDT/01_MDT_LAS_Resolucion_250cm/C20B1_MDT_Remesa_09.las","C20B1_MDT_Remesa_09.las"
"https://visualizador.ide.uy/descargas/datos/CN_Remesa_09/01_MDT/01_MDT_LAS_Resolucion_250cm/C20B2_MDT_Remesa_09.las","C20B2_MDT_Remesa_09.las"
"https://visualizador.ide.uy/descargas/datos/CN_Remesa_09/01_MDT/01_MDT_LAS_Resolucion_250cm/C20B3_MDT_Remesa_09.las","C20B3_MDT_Remesa_09.las"
"https://visualizador.ide.uy/descargas/datos/CN_Remesa_09/01_MDT/01_MDT_LAS_Resolucion_250cm/C20B4_MDT_Remesa_09.las","C20B4_MDT_Remesa_09.las"
"https://visualizador.ide.uy/descargas/datos/CN_Remesa_09/01_MDT/01_MDT_LAS_Resolucion_250cm/C20B5_MDT_Remesa_09.las","C20B5_MDT_Remesa_09.las"
"https://visualizador.ide.uy/descargas/datos/CN_Remesa_09/01_MDT/01_MDT_LAS_Resolucion_250cm/C20B6_MDT_Remesa_09.las","C20B6_MDT_Remesa_09.las"
"https://visualizador.ide.uy/descargas/datos/CN_Remesa_09/01_MDT/01_MDT_LAS_Resolucion_250cm/C20C1_MDT_Remesa_09.las","C20C1_MDT_Remesa_09.las"
"https://visualizador.ide.uy/descargas/datos/CN_Remesa_09/01_MDT/01_MDT_LAS_Resolucion_250cm/C20C2_MDT_Remesa_09.las","C20C2_MDT_Remesa_09.las"
"https://visualizador.ide.uy/descargas/datos/CN_Remesa_09/01_MDT/01_MDT_LAS_Resolucion_250cm/C20C3_MDT_Remesa_09.las","C20C3_MDT_Remesa_09.las"
"https://visualizador.ide.uy/descargas/datos/CN_Remesa_09/01_MDT/01_MDT_LAS_Resolucion_250cm/C20C4_MDT_Remesa_09.las","C20C4_MDT_Remesa_09.las"
"https://visualizador.ide.uy/descargas/datos/CN_Remesa_09/01_MDT/01_MDT_LAS_Resolucion_250cm/C20C5_MDT_Remesa_09.las","C20C5_MDT_Remesa_09.las"
"https://visualizador.ide.uy/descargas/datos/CN_Remesa_09/01_MDT/01_MDT_LAS_Resolucion_250cm/C20C6_MDT_Remesa_09.las","C20C6_MDT_Remesa_09.las"
"https://visualizador.ide.uy/descargas/datos/CN_Remesa_09/01_MDT/01_MDT_LAS_Resolucion_250cm/C20D1_MDT_Remesa_09.las","C20D1_MDT_Remesa_09.las"
"https://visualizador.ide.uy/descargas/datos/CN_Remesa_09/01_MDT/01_MDT_LAS_Resolucion_250cm/C20D2_MDT_Remesa_09.las","C20D2_MDT_Remesa_09.las"
"https://visualizador.ide.uy/descargas/datos/CN_Remesa_09/01_MDT/01_MDT_LAS_Resolucion_250cm/C20D3_MDT_Remesa_09.las","C20D3_MDT_Remesa_09.las"
"https://visualizador.ide.uy/descargas/datos/CN_Remesa_09/01_MDT/01_MDT_LAS_Resolucion_250cm/C20D4_MDT_Remesa_09.las","C20D4_MDT_Remesa_09.las"
"https://visualizador.ide.uy/descargas/datos/CN_Remesa_09/01_MDT/01_MDT_LAS_Resolucion_250cm/C20D5_MDT_Remesa_09.las","C20D5_MDT_Remesa_09.las"
"https://visualizador.ide.uy/descargas/datos/CN_Remesa_09/01_MDT/01_MDT_LAS_Resolucion_250cm/C20D6_MDT_Remesa_09.las","C20D6_MDT_Remesa_09.las"
"https://visualizador.ide.uy/descargas/datos/CN_Remesa_09/01_MDT/01_MDT_LAS_Resolucion_250cm/C21A1_MDT_Remesa_09.las","C21A1_MDT_Remesa_09.las"
"https://visualizador.ide.uy/descargas/datos/CN_Remesa_09/01_MDT/01_MDT_LAS_Resolucion_250cm/C21A2_MDT_Remesa_09.las","C21A2_MDT_Remesa_09.las"
"https://visualizador.ide.uy/descargas/datos/CN_Remesa_09/01_MDT/01_MDT_LAS_Resolucion_250cm/C21A3_MDT_Remesa_09.las","C21A3_MDT_Remesa_09.las"
"https://visualizador.ide.uy/descargas/datos/CN_Remesa_09/01_MDT/01_MDT_LAS_Resolucion_250cm/C21A4_MDT_Remesa_09.las","C21A4_MDT_Remesa_09.las"
"https://visualizador.ide.uy/descargas/datos/CN_Remesa_09/01_MDT/01_MDT_LAS_Resolucion_250cm/C21A5_MDT_Remesa_09.las","C21A5_MDT_Remesa_09.las"
"https://visualizador.ide.uy/descargas/datos/CN_Remesa_09/01_MDT/01_MDT_LAS_Resolucion_250cm/C21A6_MDT_Remesa_09.las","C21A6_MDT_Remesa_09.las"
"https://visualizador.ide.uy/descargas/datos/CN_Remesa_09/01_MDT/01_MDT_LAS_Resolucion_250cm/C21B1_MDT_Remesa_09.las","C21B1_MDT_Remesa_09.las"
"https://visualizador.ide.uy/descargas/datos/CN_Remesa_09/01_MDT/01_MDT_LAS_Resolucion_250cm/C21B2_MDT_Remesa_09.las","C21B2_MDT_Remesa_09.las"
"https://visualizador.ide.uy/descargas/datos/CN_Remesa_09/01_MDT/01_MDT_LAS_Resolucion_250cm/C21B3_MDT_Remesa_09.las","C21B3_MDT_Remesa_09.las"
"https://visualizador.ide.uy/descargas/datos/CN_Remesa_09/01_MDT/01_MDT_LAS_Resolucion_250cm/C21B4_MDT_Remesa_09.las","C21B4_MDT_Remesa_09.las"
"https://visualizador.ide.uy/descargas/datos/CN_Remesa_09/01_MDT/01_MDT_LAS_Resolucion_250cm/C21B5_MDT_Remesa_09.las","C21B5_MDT_Remesa_09.las"
"https://visualizador.ide.uy/descargas/datos/CN_Remesa_09/01_MDT/01_MDT_LAS_Resolucion_250cm/C21B6_MDT_Remesa_09.las","C21B6_MDT_Remesa_09.las"
"https://visualizador.ide.uy/descargas/datos/CN_Remesa_09/01_MDT/01_MDT_LAS_Resolucion_250cm/C21C1_MDT_Remesa_09.las","C21C1_MDT_Remesa_09.las"
"https://visualizador.ide.uy/descargas/datos/CN_Remesa_09/01_MDT/01_MDT_LAS_Resolucion_250cm/C21C2_MDT_Remesa_09.las","C21C2_MDT_Remesa_09.las"
"https://visualizador.ide.uy/descargas/datos/CN_Remesa_09/01_MDT/01_MDT_LAS_Resolucion_250cm/C21C3_MDT_Remesa_09.las","C21C3_MDT_Remesa_09.las"
"https://visualizador.ide.uy/descargas/datos/CN_Remesa_09/01_MDT/01_MDT_LAS_Resolucion_250cm/C21C4_MDT_Remesa_09.las","C21C4_MDT_Remesa_09.las"
"https://visualizador.ide.uy/descargas/datos/CN_Remesa_09/01_MDT/01_MDT_LAS_Resolucion_250cm/C21C5_MDT_Remesa_09.las","C21C5_MDT_Remesa_09.las"
"https://visualizador.ide.uy/descargas/datos/CN_Remesa_09/01_MDT/01_MDT_LAS_Resolucion_250cm/C21C6_MDT_Remesa_09.las","C21C6_MDT_Remesa_09.las"
"https://visualizador.ide.uy/descargas/datos/CN_Remesa_09/01_MDT/01_MDT_LAS_Resolucion_250cm/C21D1_MDT_Remesa_09.las","C21D1_MDT_Remesa_09.las"
"https://visualizador.ide.uy/descargas/datos/CN_Remesa_09/01_MDT/01_MDT_LAS_Resolucion_250cm/C21D2_MDT_Remesa_09.las","C21D2_MDT_Remesa_09.las"
"https://visualizador.ide.uy/descargas/datos/CN_Remesa_09/01_MDT/01_MDT_LAS_Resolucion_250cm/C21D3_MDT_Remesa_09.las","C21D3_MDT_Remesa_09.las"
"https://visualizador.ide.uy/descargas/datos/CN_Remesa_09/01_MDT/01_MDT_LAS_Resolucion_250cm/C21D4_MDT_Remesa_09.las","C21D4_MDT_Remesa_09.las"
"https://visualizador.ide.uy/descargas/datos/CN_Remesa_09/01_MDT/01_MDT_LAS_Resolucion_250cm/C21D5_MDT_Remesa_09.las","C21D5_MDT_Remesa_09.las"
"https://visualizador.ide.uy/descargas/datos/CN_Remesa_09/01_MDT/01_MDT_LAS_Resolucion_250cm/C21D6_MDT_Remesa_09.las","C21D6_MDT_Remesa_09.las"
"https://visualizador.ide.uy/descargas/datos/CN_Remesa_09/01_MDT/01_MDT_LAS_Resolucion_250cm/C22A1_MDT_Remesa_09.las","C22A1_MDT_Remesa_09.las"
"https://visualizador.ide.uy/descargas/datos/CN_Remesa_09/01_MDT/01_MDT_LAS_Resolucion_250cm/C22A2_MDT_Remesa_09.las","C22A2_MDT_Remesa_09.las"
"https://visualizador.ide.uy/descargas/datos/CN_Remesa_09/01_MDT/01_MDT_LAS_Resolucion_250cm/C22A3_MDT_Remesa_09.las","C22A3_MDT_Remesa_09.las"
"https://visualizador.ide.uy/descargas/datos/CN_Remesa_09/01_MDT/01_MDT_LAS_Resolucion_250cm/C22A4_MDT_Remesa_09.las","C22A4_MDT_Remesa_09.las"
"https://visualizador.ide.uy/descargas/datos/CN_Remesa_09/01_MDT/01_MDT_LAS_Resolucion_250cm/C22A5_MDT_Remesa_09.las","C22A5_MDT_Remesa_09.las"
"https://visualizador.ide.uy/descargas/datos/CN_Remesa_09/01_MDT/01_MDT_LAS_Resolucion_250cm/C22A6_MDT_Remesa_09.las","C22A6_MDT_Remesa_09.las"
"https://visualizador.ide.uy/descargas/datos/CN_Remesa_09/01_MDT/01_MDT_LAS_Resolucion_250cm/C22B1_MDT_Remesa_09.las","C22B1_MDT_Remesa_09.las"
"https://visualizador.ide.uy/descargas/datos/CN_Remesa_09/01_MDT/01_MDT_LAS_Resolucion_250cm/C22B2_MDT_Remesa_09.las","C22B2_MDT_Remesa_09.las"
"https://visualizador.ide.uy/descargas/datos/CN_Remesa_09/01_MDT/01_MDT_LAS_Resolucion_250cm/C22B3_MDT_Remesa_09.las","C22B3_MDT_Remesa_09.las"
"https://visualizador.ide.uy/descargas/datos/CN_Remesa_09/01_MDT/01_MDT_LAS_Resolucion_250cm/C22B4_MDT_Remesa_09.las","C22B4_MDT_Remesa_09.las"
"https://visualizador.ide.uy/descargas/datos/CN_Remesa_09/01_MDT/01_MDT_LAS_Resolucion_250cm/C22B5_MDT_Remesa_09.las","C22B5_MDT_Remesa_09.las"
"https://visualizador.ide.uy/descargas/datos/CN_Remesa_09/01_MDT/01_MDT_LAS_Resolucion_250cm/C22B6_MDT_Remesa_09.las","C22B6_MDT_Remesa_09.las"
"https://visualizador.ide.uy/descargas/datos/CN_Remesa_09/01_MDT/01_MDT_LAS_Resolucion_250cm/C22C1_MDT_Remesa_09.las","C22C1_MDT_Remesa_09.las"
"https://visualizador.ide.uy/descargas/datos/CN_Remesa_09/01_MDT/01_MDT_LAS_Resolucion_250cm/C22C2_MDT_Remesa_09.las","C22C2_MDT_Remesa_09.las"
"https://visualizador.ide.uy/descargas/datos/CN_Remesa_09/01_MDT/01_MDT_LAS_Resolucion_250cm/C22C3_MDT_Remesa_09.las","C22C3_MDT_Remesa_09.las"
"https://visualizador.ide.uy/descargas/datos/CN_Remesa_09/01_MDT/01_MDT_LAS_Resolucion_250cm/C22C4_MDT_Remesa_09.las","C22C4_MDT_Remesa_09.las"
"https://visualizador.ide.uy/descargas/datos/CN_Remesa_09/01_MDT/01_MDT_LAS_Resolucion_250cm/C22C5_MDT_Remesa_09.las","C22C5_MDT_Remesa_09.las"
"https://visualizador.ide.uy/descargas/datos/CN_Remesa_09/01_MDT/01_MDT_LAS_Resolucion_250cm/C22C6_MDT_Remesa_09.las","C22C6_MDT_Remesa_09.las"
"https://visualizador.ide.uy/descargas/datos/CN_Remesa_09/01_MDT/01_MDT_LAS_Resolucion_250cm/C22D1_MDT_Remesa_09.las","C22D1_MDT_Remesa_09.las"
"https://visualizador.ide.uy/descargas/datos/CN_Remesa_09/01_MDT/01_MDT_LAS_Resolucion_250cm/C22D2_MDT_Remesa_09.las","C22D2_MDT_Remesa_09.las"
"https://visualizador.ide.uy/descargas/datos/CN_Remesa_09/01_MDT/01_MDT_LAS_Resolucion_250cm/C22D3_MDT_Remesa_09.las","C22D3_MDT_Remesa_09.las"
"https://visualizador.ide.uy/descargas/datos/CN_Remesa_09/01_MDT/01_MDT_LAS_Resolucion_250cm/C22D4_MDT_Remesa_09.las","C22D4_MDT_Remesa_09.las"
"https://visualizador.ide.uy/descargas/datos/CN_Remesa_09/01_MDT/01_MDT_LAS_Resolucion_250cm/C22D5_MDT_Remesa_09.las","C22D5_MDT_Remesa_09.las"
"https://visualizador.ide.uy/descargas/datos/CN_Remesa_09/01_MDT/01_MDT_LAS_Resolucion_250cm/C22D6_MDT_Remesa_09.las","C22D6_MDT_Remesa_09.las"
"https://visualizador.ide.uy/descargas/datos/CN_Remesa_09/01_MDT/01_MDT_LAS_Resolucion_250cm/C23A1_MDT_Remesa_09.las","C23A1_MDT_Remesa_09.las"
"https://visualizador.ide.uy/descargas/datos/CN_Remesa_09/01_MDT/01_MDT_LAS_Resolucion_250cm/C23A2_MDT_Remesa_09.las","C23A2_MDT_Remesa_09.las"
"https://visualizador.ide.uy/descargas/datos/CN_Remesa_09/01_MDT/01_MDT_LAS_Resolucion_250cm/C23A3_MDT_Remesa_09.las","C23A3_MDT_Remesa_09.las"
"https://visualizador.ide.uy/descargas/datos/CN_Remesa_09/01_MDT/01_MDT_LAS_Resolucion_250cm/C23A4_MDT_Remesa_09.las","C23A4_MDT_Remesa_09.las"
"https://visualizador.ide.uy/descargas/datos/CN_Remesa_09/01_MDT/01_MDT_LAS_Resolucion_250cm/C23A5_MDT_Remesa_09.las","C23A5_MDT_Remesa_09.las"
"https://visualizador.ide.uy/descargas/datos/CN_Remesa_09/01_MDT/01_MDT_LAS_Resolucion_250cm/C23A6_MDT_Remesa_09.las","C23A6_MDT_Remesa_09.las"
"https://visualizador.ide.uy/descargas/datos/CN_Remesa_09/01_MDT/01_MDT_LAS_Resolucion_250cm/C23B1_MDT_Remesa_09.las","C23B1_MDT_Remesa_09.las"
"https://visualizador.ide.uy/descargas/datos/CN_Remesa_09/01_MDT/01_MDT_LAS_Resolucion_250cm/C23B2_MDT_Remesa_09.las","C23B2_MDT_Remesa_09.las"
"https://visualizador.ide.uy/descargas/datos/CN_Remesa_09/01_MDT/01_MDT_LAS_Resolucion_250cm/C23B3_MDT_Remesa_09.las","C23B3_MDT_Remesa_09.las"
"https://visualizador.ide.uy/descargas/datos/CN_Remesa_09/01_MDT/01_MDT_LAS_Resolucion_250cm/C23B4_MDT_Remesa_09.las","C23B4_MDT_Remesa_09.las"
"https://visualizador.ide.uy/descargas/datos/CN_Remesa_09/01_MDT/01_MDT_LAS_Resolucion_250cm/C23B5_MDT_Remesa_09.las","C23B5_MDT_Remesa_09.las"
"https://visualizador.ide.uy/descargas/datos/CN_Remesa_09/01_MDT/01_MDT_LAS_Resolucion_250cm/C23B6_MDT_Remesa_09.las","C23B6_MDT_Remesa_09.las"
"https://visualizador.ide.uy/descargas/datos/CN_Remesa_09/01_MDT/01_MDT_LAS_Resolucion_250cm/C23C1_MDT_Remesa_09.las","C23C1_MDT_Remesa_09.las"
"https://visualizador.ide.uy/descargas/datos/CN_Remesa_09/01_MDT/01_MDT_LAS_Resolucion_250cm/C23C2_MDT_Remesa_09.las","C23C2_MDT_Remesa_09.las"
"https://visualizador.ide.uy/descargas/datos/CN_Remesa_09/01_MDT/01_MDT_LAS_Resolucion_250cm/C23C3_MDT_Remesa_09.las","C23C3_MDT_Remesa_09.las"
"https://visualizador.ide.uy/descargas/datos/CN_Remesa_09/01_MDT/01_MDT_LAS_Resolucion_250cm/C23C4_MDT_Remesa_09.las","C23C4_MDT_Remesa_09.las"
"https://visualizador.ide.uy/descargas/datos/CN_Remesa_09/01_MDT/01_MDT_LAS_Resolucion_250cm/C23C5_MDT_Remesa_09.las","C23C5_MDT_Remesa_09.las"
"https://visualizador.ide.uy/descargas/datos/CN_Remesa_09/01_MDT/01_MDT_LAS_Resolucion_250cm/C23C6_MDT_Remesa_09.las","C23C6_MDT_Remesa_09.las"
"https://visualizador.ide.uy/descargas/datos/CN_Remesa_09/01_MDT/01_MDT_LAS_Resolucion_250cm/C23D1_MDT_Remesa_09.las","C23D1_MDT_Remesa_09.las"
"https://visualizador.ide.uy/descargas/datos/CN_Remesa_09/01_MDT/01_MDT_LAS_Resolucion_250cm/C23D2_MDT_Remesa_09.las","C23D2_MDT_Remesa_09.las"
"https://visualizador.ide.uy/descargas/datos/CN_Remesa_09/01_MDT/01_MDT_LAS_Resolucion_250cm/C23D3_MDT_Remesa_09.las","C23D3_MDT_Remesa_09.las"
"https://visualizador.ide.uy/descargas/datos/CN_Remesa_09/01_MDT/01_MDT_LAS_Resolucion_250cm/C23D4_MDT_Remesa_09.las","C23D4_MDT_Remesa_09.las"
"https://visualizador.ide.uy/descargas/datos/CN_Remesa_09/01_MDT/01_MDT_LAS_Resolucion_250cm/C23D5_MDT_Remesa_09.las","C23D5_MDT_Remesa_09.las"
"https://visualizador.ide.uy/descargas/datos/CN_Remesa_09/01_MDT/01_MDT_LAS_Resolucion_250cm/C23D6_MDT_Remesa_09.las","C23D6_MDT_Remesa_09.las"
"https://visualizador.ide.uy/descargas/datos/CN_Remesa_09/01_MDT/01_MDT_LAS_Resolucion_250cm/C24A1_MDT_Remesa_09.las","C24A1_MDT_Remesa_09.las"
"https://visualizador.ide.uy/descargas/datos/CN_Remesa_09/01_MDT/01_MDT_LAS_Resolucion_250cm/C24A2_MDT_Remesa_09.las","C24A2_MDT_Remesa_09.las"
"https://visualizador.ide.uy/descargas/datos/CN_Remesa_09/01_MDT/01_MDT_LAS_Resolucion_250cm/C24A3_MDT_Remesa_09.las","C24A3_MDT_Remesa_09.las"
"https://visualizador.ide.uy/descargas/datos/CN_Remesa_09/01_MDT/01_MDT_LAS_Resolucion_250cm/C24A4_MDT_Remesa_09.las","C24A4_MDT_Remesa_09.las"
"https://visualizador.ide.uy/descargas/datos/CN_Remesa_09/01_MDT/01_MDT_LAS_Resolucion_250cm/C24A5_MDT_Remesa_09.las","C24A5_MDT_Remesa_09.las"
"https://visualizador.ide.uy/descargas/datos/CN_Remesa_09/01_MDT/01_MDT_LAS_Resolucion_250cm/C24A6_MDT_Remesa_09.las","C24A6_MDT_Remesa_09.las"
"https://visualizador.ide.uy/descargas/datos/CN_Remesa_09/01_MDT/01_MDT_LAS_Resolucion_250cm/C24B1_MDT_Remesa_09.las","C24B1_MDT_Remesa_09.las"
"https://visualizador.ide.uy/descargas/datos/CN_Remesa_09/01_MDT/01_MDT_LAS_Resolucion_250cm/C24B2_MDT_Remesa_09.las","C24B2_MDT_Remesa_09.las"
"https://visualizador.ide.uy/descargas/datos/CN_Remesa_09/01_MDT/01_MDT_LAS_Resolucion_250cm/C24B3_MDT_Remesa_09.las","C24B3_MDT_Remesa_09.las"
"https://visualizador.ide.uy/descargas/datos/CN_Remesa_09/01_MDT/01_MDT_LAS_Resolucion_250cm/C24B4_MDT_Remesa_09.las","C24B4_MDT_Remesa_09.las"
"https://visualizador.ide.uy/descargas/datos/CN_Remesa_09/01_MDT/01_MDT_LAS_Resolucion_250cm/C24B5_MDT_Remesa_09.las","C24B5_MDT_Remesa_09.las"
"https://visualizador.ide.uy/descargas/datos/CN_Remesa_09/01_MDT/01_MDT_LAS_Resolucion_250cm/C24B6_MDT_Remesa_09.las","C24B6_MDT_Remesa_09.las"
"https://visualizador.ide.uy/descargas/datos/CN_Remesa_09/01_MDT/01_MDT_LAS_Resolucion_250cm/C24C1_MDT_Remesa_09.las","C24C1_MDT_Remesa_09.las"
"https://visualizador.ide.uy/descargas/datos/CN_Remesa_09/01_MDT/01_MDT_LAS_Resolucion_250cm/C24C2_MDT_Remesa_09.las","C24C2_MDT_Remesa_09.las"
"https://visualizador.ide.uy/descargas/datos/CN_Remesa_09/01_MDT/01_MDT_LAS_Resolucion_250cm/C24C3_MDT_Remesa_09.las","C24C3_MDT_Remesa_09.las"
"https://visualizador.ide.uy/descargas/datos/CN_Remesa_09/01_MDT/01_MDT_LAS_Resolucion_250cm/C24C4_MDT_Remesa_09.las","C24C4_MDT_Remesa_09.las"
"https://visualizador.ide.uy/descargas/datos/CN_Remesa_09/01_MDT/01_MDT_LAS_Resolucion_250cm/C24C5_MDT_Remesa_09.las","C24C5_MDT_Remesa_09.las"
"https://visualizador.ide.uy/descargas/datos/CN_Remesa_09/01_MDT/01_MDT_LAS_Resolucion_250cm/C24C6_MDT_Remesa_09.las","C24C6_MDT_Remesa_09.las"
"https://visualizador.ide.uy/descargas/datos/CN_Remesa_09/01_MDT/01_MDT_LAS_Resolucion_250cm/C24D1_MDT_Remesa_09.las","C24D1_MDT_Remesa_09.las"
"https://visualizador.ide.uy/descargas/datos/CN_Remesa_09/01_MDT/01_MDT_LAS_Resolucion_250cm/C24D2_MDT_Remesa_09.las","C24D2_MDT_Remesa_09.las"
"https://visualizador.ide.uy/descargas/datos/CN_Remesa_09/01_MDT/01_MDT_LAS_Resolucion_250cm/C24D3_MDT_Remesa_09.las","C24D3_MDT_Remesa_09.las"
"https://visualizador.ide.uy/descargas/datos/CN_Remesa_09/01_MDT/01_MDT_LAS_Resolucion_250cm/C24D4_MDT_Remesa_09.las","C24D4_MDT_Remesa_09.las"
"https://visualizador.ide.uy/descargas/datos/CN_Remesa_09/01_MDT/01_MDT_LAS_Resolucion_250cm/C24D5_MDT_Remesa_09.las","C24D5_MDT_Remesa_09.las"
"https://visualizador.ide.uy/descargas/datos/CN_Remesa_09/01_MDT/01_MDT_LAS_Resolucion_250cm/C24D6_MDT_Remesa_09.las","C24D6_MDT_Remesa_09.las"
"https://visualizador.ide.uy/descargas/datos/CN_Remesa_09/01_MDT/01_MDT_LAS_Resolucion_250cm/C25A1_MDT_Remesa_09.las","C25A1_MDT_Remesa_09.las"
"https://visualizador.ide.uy/descargas/datos/CN_Remesa_09/01_MDT/01_MDT_LAS_Resolucion_250cm/C25A2_MDT_Remesa_09.las","C25A2_MDT_Remesa_09.las"
"https://visualizador.ide.uy/descargas/datos/CN_Remesa_09/01_MDT/01_MDT_LAS_Resolucion_250cm/C25A3_MDT_Remesa_09.las","C25A3_MDT_Remesa_09.las"
"https://visualizador.ide.uy/descargas/datos/CN_Remesa_09/01_MDT/01_MDT_LAS_Resolucion_250cm/C25A4_MDT_Remesa_09.las","C25A4_MDT_Remesa_09.las"
"https://visualizador.ide.uy/descargas/datos/CN_Remesa_09/01_MDT/01_MDT_LAS_Resolucion_250cm/C25A5_MDT_Remesa_09.las","C25A5_MDT_Remesa_09.las"
"https://visualizador.ide.uy/descargas/datos/CN_Remesa_09/01_MDT/01_MDT_LAS_Resolucion_250cm/C25A6_MDT_Remesa_09.las","C25A6_MDT_Remesa_09.las"
"https://visualizador.ide.uy/descargas/datos/CN_Remesa_09/01_MDT/01_MDT_LAS_Resolucion_250cm/C25B1_MDT_Remesa_09.las","C25B1_MDT_Remesa_09.las"
"https://visualizador.ide.uy/descargas/datos/CN_Remesa_09/01_MDT/01_MDT_LAS_Resolucion_250cm/C25B2_MDT_Remesa_09.las","C25B2_MDT_Remesa_09.las"
"https://visualizador.ide.uy/descargas/datos/CN_Remesa_09/01_MDT/01_MDT_LAS_Resolucion_250cm/C25B3_MDT_Remesa_09.las","C25B3_MDT_Remesa_09.las"
"https://visualizador.ide.uy/descargas/datos/CN_Remesa_09/01_MDT/01_MDT_LAS_Resolucion_250cm/C25B4_MDT_Remesa_09.las","C25B4_MDT_Remesa_09.las"
"https://visualizador.ide.uy/descargas/datos/CN_Remesa_09/01_MDT/01_MDT_LAS_Resolucion_250cm/C25B5_MDT_Remesa_09.las","C25B5_MDT_Remesa_09.las"
"https://visualizador.ide.uy/descargas/datos/CN_Remesa_09/01_MDT/01_MDT_LAS_Resolucion_250cm/C25B6_MDT_Remesa_09.las","C25B6_MDT_Remesa_09.las"
"https://visualizador.ide.uy/descargas/datos/CN_Remesa_09/01_MDT/01_MDT_LAS_Resolucion_250cm/C25C1_MDT_Remesa_09.las","C25C1_MDT_Remesa_09.las"
"https://visualizador.ide.uy/descargas/datos/CN_Remesa_09/01_MDT/01_MDT_LAS_Resolucion_250cm/C25C2_MDT_Remesa_09.las","C25C2_MDT_Remesa_09.las"
"https://visualizador.ide.uy/descargas/datos/CN_Remesa_09/01_MDT/01_MDT_LAS_Resolucion_250cm/C25C3_MDT_Remesa_09.las","C25C3_MDT_Remesa_09.las"
"https://visualizador.ide.uy/descargas/datos/CN_Remesa_09/01_MDT/01_MDT_LAS_Resolucion_250cm/C25C4_MDT_Remesa_09.las","C25C4_MDT_Remesa_09.las"
"https://visualizador.ide.uy/descargas/datos/CN_Remesa_09/01_MDT/01_MDT_LAS_Resolucion_250cm/C25C5_MDT_Remesa_09.las","C25C5_MDT_Remesa_09.las"
"https://visualizador.ide.uy/descargas/datos/CN_Remesa_09/01_MDT/01_MDT_LAS_Resolucion_250cm/C25C6_MDT_Remesa_09.las","C25C6_MDT_Remesa_09.las"
"https://visualizador.ide.uy/descargas/datos/CN_Remesa_09/01_MDT/01_MDT_LAS_Resolucion_250cm/C25D1_MDT_Remesa_09.las","C25D1_MDT_Remesa_09.las"
"https://visualizador.ide.uy/descargas/datos/CN_Remesa_09/01_MDT/01_MDT_LAS_Resolucion_250cm/C25D2_MDT_Remesa_09.las","C25D2_MDT_Remesa_09.las"
"https://visualizador.ide.uy/descargas/datos/CN_Remesa_09/01_MDT/01_MDT_LAS_Resolucion_250cm/C25D3_MDT_Remesa_09.las","C25D3_MDT_Remesa_09.las"
"https://visualizador.ide.uy/descargas/datos/CN_Remesa_09/01_MDT/01_MDT_LAS_Resolucion_250cm/C25D4_MDT_Remesa_09.las","C25D4_MDT_Remesa_09.las"
"https://visualizador.ide.uy/descargas/datos/CN_Remesa_09/01_MDT/01_MDT_LAS_Resolucion_250cm/C25D5_MDT_Remesa_09.las","C25D5_MDT_Remesa_09.las"
"https://visualizador.ide.uy/descargas/datos/CN_Remesa_09/01_MDT/01_MDT_LAS_Resolucion_250cm/C25D6_MDT_Remesa_09.las","C25D6_MDT_Remesa_09.las"
"https://visualizador.ide.uy/descargas/datos/CN_Remesa_09/01_MDT/01_MDT_LAS_Resolucion_250cm/C26A1_MDT_Remesa_09.las","C26A1_MDT_Remesa_09.las"
"https://visualizador.ide.uy/descargas/datos/CN_Remesa_09/01_MDT/01_MDT_LAS_Resolucion_250cm/C26A2_MDT_Remesa_09.las","C26A2_MDT_Remesa_09.las"
"https://visualizador.ide.uy/descargas/datos/CN_Remesa_09/01_MDT/01_MDT_LAS_Resolucion_250cm/C26A3_MDT_Remesa_09.las","C26A3_MDT_Remesa_09.las"
"https://visualizador.ide.uy/descargas/datos/CN_Remesa_09/01_MDT/01_MDT_LAS_Resolucion_250cm/C26A4_MDT_Remesa_09.las","C26A4_MDT_Remesa_09.las"
"https://visualizador.ide.uy/descargas/datos/CN_Remesa_09/01_MDT/01_MDT_LAS_Resolucion_250cm/C26A5_MDT_Remesa_09.las","C26A5_MDT_Remesa_09.las"
"https://visualizador.ide.uy/descargas/datos/CN_Remesa_09/01_MDT/01_MDT_LAS_Resolucion_250cm/C26A6_MDT_Remesa_09.las","C26A6_MDT_Remesa_09.las"
"https://visualizador.ide.uy/descargas/datos/CN_Remesa_09/01_MDT/01_MDT_LAS_Resolucion_250cm/C26B1_MDT_Remesa_09.las","C26B1_MDT_Remesa_09.las"
"https://visualizador.ide.uy/descargas/datos/CN_Remesa_09/01_MDT/01_MDT_LAS_Resolucion_250cm/C26B2_MDT_Remesa_09.las","C26B2_MDT_Remesa_09.las"
"https://visualizador.ide.uy/descargas/datos/CN_Remesa_09/01_MDT/01_MDT_LAS_Resolucion_250cm/C26B3_MDT_Remesa_09.las","C26B3_MDT_Remesa_09.las"
"https://visualizador.ide.uy/descargas/datos/CN_Remesa_09/01_MDT/01_MDT_LAS_Resolucion_250cm/C26B4_MDT_Remesa_09.las","C26B4_MDT_Remesa_09.las"
"https://visualizador.ide.uy/descargas/datos/CN_Remesa_09/01_MDT/01_MDT_LAS_Resolucion_250cm/C26B5_MDT_Remesa_09.las","C26B5_MDT_Remesa_09.las"
"https://visualizador.ide.uy/descargas/datos/CN_Remesa_09/01_MDT/01_MDT_LAS_Resolucion_250cm/C26C1_MDT_Remesa_09.las","C26C1_MDT_Remesa_09.las"
"https://visualizador.ide.uy/descargas/datos/CN_Remesa_09/01_MDT/01_MDT_LAS_Resolucion_250cm/C26C2_MDT_Remesa_09.las","C26C2_MDT_Remesa_09.las"
"https://visualizador.ide.uy/descargas/datos/CN_Remesa_09/01_MDT/01_MDT_LAS_Resolucion_250cm/C26C3_MDT_Remesa_09.las","C26C3_MDT_Remesa_09.las"
"https://visualizador.ide.uy/descargas/datos/CN_Remesa_09/01_MDT/01_MDT_LAS_Resolucion_250cm/C26C4_MDT_Remesa_09.las","C26C4_MDT_Remesa_09.las"
"https://visualizador.ide.uy/descargas/datos/CN_Remesa_09/01_MDT/01_MDT_LAS_Resolucion_250cm/C26C5_MDT_Remesa_09.las","C26C5_MDT_Remesa_09.las"
"https://visualizador.ide.uy/descargas/datos/CN_Remesa_09/01_MDT/01_MDT_LAS_Resolucion_250cm/C26C6_MDT_Remesa_09.las","C26C6_MDT_Remesa_09.las"
"https://visualizador.ide.uy/descargas/datos/CN_Remesa_09/01_MDT/01_MDT_LAS_Resolucion_250cm/C26D1_MDT_Remesa_09.las","C26D1_MDT_Remesa_09.las"
"https://visualizador.ide.uy/descargas/datos/CN_Remesa_09/01_MDT/01_MDT_LAS_Resolucion_250cm/C26D2_MDT_Remesa_09.las","C26D2_MDT_Remesa_09.las"
"https://visualizador.ide.uy/descargas/datos/CN_Remesa_09/01_MDT/01_MDT_LAS_Resolucion_250cm/C26D4_MDT_Remesa_09.las","C26D4_MDT_Remesa_09.las"
"https://visualizador.ide.uy/descargas/datos/CN_Remesa_09/01_MDT/01_MDT_LAS_Resolucion_250cm/C26D5_MDT_Remesa_09.las","C26D5_MDT_Remesa_09.las"
"https://visualizador.ide.uy/descargas/datos/CN_Remesa_09/01_MDT/01_MDT_LAS_Resolucion_250cm/C27A1_MDT_Remesa_09.las","C27A1_MDT_Remesa_09.las"
"https://visualizador.ide.uy/descargas/datos/CN_Remesa_09/01_MDT/01_MDT_LAS_Resolucion_250cm/C27A2_MDT_Remesa_09.las","C27A2_MDT_Remesa_09.las"
"https://visualizador.ide.uy/descargas/datos/CN_Remesa_09/01_MDT/01_MDT_LAS_Resolucion_250cm/C27A3_MDT_Remesa_09.las","C27A3_MDT_Remesa_09.las"
"https://visualizador.ide.uy/descargas/datos/CN_Remesa_09/01_MDT/01_MDT_LAS_Resolucion_250cm/C27A4_MDT_Remesa_09.las","C27A4_MDT_Remesa_09.las"
"https://visualizador.ide.uy/descargas/datos/CN_Remesa_09/01_MDT/01_MDT_LAS_Resolucion_250cm/C27A5_MDT_Remesa_09.las","C27A5_MDT_Remesa_09.las"
"https://visualizador.ide.uy/descargas/datos/CN_Remesa_09/01_MDT/01_MDT_LAS_Resolucion_250cm/C27A6_MDT_Remesa_09.las","C27A6_MDT_Remesa_09.las"
"https://visualizador.ide.uy/descargas/datos/CN_Remesa_09/01_MDT/01_MDT_LAS_Resolucion_250cm/C27B1_MDT_Remesa_09.las","C27B1_MDT_Remesa_09.las"
"https://visualizador.ide.uy/descargas/datos/CN_Remesa_09/01_MDT/01_MDT_LAS_Resolucion_250cm/C27B2_MDT_Remesa_09.las","C27B2_MDT_Remesa_09.las"
"https://visualizador.ide.uy/descargas/datos/CN_Remesa_09/01_MDT/01_MDT_LAS_Resolucion_250cm/C27B4_MDT_Remesa_09.las","C27B4_MDT_Remesa_09.las"
"https://visualizador.ide.uy/descargas/datos/CN_Remesa_09/01_MDT/01_MDT_LAS_Resolucion_250cm/C27C1_MDT_Remesa_09.las","C27C1_MDT_Remesa_09.las"
"https://visualizador.ide.uy/descargas/datos/CN_Remesa_09/01_MDT/01_MDT_LAS_Resolucion_250cm/C27C2_MDT_Remesa_09.las","C27C2_MDT_Remesa_09.las"
"https://visualizador.ide.uy/descargas/datos/CN_Remesa_09/01_MDT/01_MDT_LAS_Resolucion_250cm/C27C4_MDT_Remesa_09.las","C27C4_MDT_Remesa_09.las"
"https://visualizador.ide.uy/descargas/datos/CN_Remesa_09/01_MDT/01_MDT_LAS_Resolucion_250cm/D19D6_MDT_Remesa_09.las","D19D6_MDT_Remesa_09.las"
"https://visualizador.ide.uy/descargas/datos/CN_Remesa_09/01_MDT/01_MDT_LAS_Resolucion_250cm/D20B3_MDT_Remesa_09.las","D20B3_MDT_Remesa_09.las"
"https://visualizador.ide.uy/descargas/datos/CN_Remesa_09/01_MDT/01_MDT_LAS_Resolucion_250cm/D20B6_MDT_Remesa_09.las","D20B6_MDT_Remesa_09.las"
"https://visualizador.ide.uy/descargas/datos/CN_Remesa_09/01_MDT/01_MDT_LAS_Resolucion_250cm/D20D3_MDT_Remesa_09.las","D20D3_MDT_Remesa_09.las"
"https://visualizador.ide.uy/descargas/datos/CN_Remesa_09/01_MDT/01_MDT_LAS_Resolucion_250cm/D20D6_MDT_Remesa_09.las","D20D6_MDT_Remesa_09.las"
"https://visualizador.ide.uy/descargas/datos/CN_Remesa_09/01_MDT/01_MDT_LAS_Resolucion_250cm/D21B3_MDT_Remesa_09.las","D21B3_MDT_Remesa_09.las"
"https://visualizador.ide.uy/descargas/datos/CN_Remesa_09/01_MDT/01_MDT_LAS_Resolucion_250cm/D21B6_MDT_Remesa_09.las","D21B6_MDT_Remesa_09.las"
"https://visualizador.ide.uy/descargas/datos/CN_Remesa_09/01_MDT/01_MDT_LAS_Resolucion_250cm/D21D3_MDT_Remesa_09.las","D21D3_MDT_Remesa_09.las"
"https://visualizador.ide.uy/descargas/datos/CN_Remesa_09/01_MDT/01_MDT_LAS_Resolucion_250cm/D21D6_MDT_Remesa_09.las","D21D6_MDT_Remesa_09.las"
"https://visualizador.ide.uy/descargas/datos/CN_Remesa_09/01_MDT/01_MDT_LAS_Resolucion_250cm/D22B3_MDT_Remesa_09.las","D22B3_MDT_Remesa_09.las"
"https://visualizador.ide.uy/descargas/datos/CN_Remesa_09/01_MDT/01_MDT_LAS_Resolucion_250cm/D22B6_MDT_Remesa_09.las","D22B6_MDT_Remesa_09.las"
"https://visualizador.ide.uy/descargas/datos/CN_Remesa_09/01_MDT/01_MDT_LAS_Resolucion_250cm/D22D3_MDT_Remesa_09.las","D22D3_MDT_Remesa_09.las"
"https://visualizador.ide.uy/descargas/datos/CN_Remesa_09/01_MDT/01_MDT_LAS_Resolucion_250cm/D22D6_MDT_Remesa_09.las","D22D6_MDT_Remesa_09.las"
"https://visualizador.ide.uy/descargas/datos/CN_Remesa_09/01_MDT/01_MDT_LAS_Resolucion_250cm/D23B3_MDT_Remesa_09.las","D23B3_MDT_Remesa_09.las"
"https://visualizador.ide.uy/descargas/datos/CN_Remesa_09/01_MDT/01_MDT_LAS_Resolucion_250cm/D23B6_MDT_Remesa_09.las","D23B6_MDT_Remesa_09.las"
"https://visualizador.ide.uy/descargas/datos/CN_Remesa_09/01_MDT/01_MDT_LAS_Resolucion_250cm/D23D3_MDT_Remesa_09.las","D23D3_MDT_Remesa_09.las"
"https://visualizador.ide.uy/descargas/datos/CN_Remesa_09/01_MDT/01_MDT_LAS_Resolucion_250cm/D23D6_MDT_Remesa_09.las","D23D6_MDT_Remesa_09.las"
"https://visualizador.ide.uy/descargas/datos/CN_Remesa_09/01_MDT/01_MDT_LAS_Resolucion_250cm/D24B3_MDT_Remesa_09.las","D24B3_MDT_Remesa_09.las"
"https://visualizador.ide.uy/descargas/datos/CN_Remesa_09/01_MDT/01_MDT_LAS_Resolucion_250cm/D24B6_MDT_Remesa_09.las","D24B6_MDT_Remesa_09.las"
"https://visualizador.ide.uy/descargas/datos/CN_Remesa_09/01_MDT/01_MDT_LAS_Resolucion_250cm/D24D3_MDT_Remesa_09.las","D24D3_MDT_Remesa_09.las"
"https://visualizador.ide.uy/descargas/datos/CN_Remesa_09/01_MDT/01_MDT_LAS_Resolucion_250cm/D24D6_MDT_Remesa_09.las","D24D6_MDT_Remesa_09.las"
"https://visualizador.ide.uy/descargas/datos/CN_Remesa_09/01_MDT/01_MDT_LAS_Resolucion_250cm/D25B3_MDT_Remesa_09.las","D25B3_MDT_Remesa_09.las"
"https://visualizador.ide.uy/descargas/datos/CN_Remesa_09/01_MDT/01_MDT_LAS_Resolucion_250cm/D25B6_MDT_Remesa_09.las","D25B6_MDT_Remesa_09.las"
"https://visualizador.ide.uy/descargas/datos/CN_Remesa_09/01_MDT/01_MDT_LAS_Resolucion_250cm/D25D3_MDT_Remesa_09.las","D25D3_MDT_Remesa_09.las"
"https://visualizador.ide.uy/descargas/datos/CN_Remesa_09/01_MDT/01_MDT_LAS_Resolucion_250cm/D25D6_MDT_Remesa_09.las","D25D6_MDT_Remesa_09.las"
"https://visualizador.ide.uy/descargas/datos/CN_Remesa_09/01_MDT/01_MDT_LAS_Resolucion_250cm/D26B3_MDT_Remesa_09.las","D26B3_MDT_Remesa_09.las"
"https://visualizador.ide.uy/descargas/datos/CN_Remesa_09/01_MDT/01_MDT_LAS_Resolucion_250cm/D26B6_MDT_Remesa_09.las","D26B6_MDT_Remesa_09.las"
"https://visualizador.ide.uy/descargas/datos/CN_Remesa_09/01_MDT/01_MDT_LAS_Resolucion_250cm/D26D3_MDT_Remesa_09.las","D26D3_MDT_Remesa_09.las"
"https://visualizador.ide.uy/descargas/datos/CN_Remesa_09/01_MDT/01_MDT_LAS_Resolucion_250cm/D26D6_MDT_Remesa_09.las","D26D6_MDT_Remesa_09.las"
"https://visualizador.ide.uy/descargas/datos/CN_Remesa_09/01_MDT/01_MDT_LAS_Resolucion_250cm/D27B3_MDT_Remesa_09.las","D27B3_MDT_Remesa_09.las"
"https://visualizador.ide.uy/descargas/datos/CN_Remesa_09/01_MDT/01_MDT_LAS_Resolucion_250cm/D27B6_MDT_Remesa_09.las","D27B6_MDT_Remesa_09.las"
"https://visualizador.ide.uy/descargas/datos/CN_Remesa_09/01_MDT/01_MDT_LAS_Resolucion_250cm/D27D3_MDT_Remesa_09.las","D27D3_MDT_Remesa_09.las"
"https://visualizador.ide.uy/descargas/datos/CN_Remesa_09/01_MDT/01_MDT_LAS_Resolucion_250cm/D27D6_MDT_Remesa_09.las","D27D6_MDT_Remesa_09.las"
"https://visualizador.ide.uy/descargas/datos/CN_Remesa_09/01_MDT/01_MDT_LAS_Resolucion_250cm/D28B3_MDT_Remesa_09.las","D28B3_MDT_Remesa_09.las"
