"href","text"
"https://visualizador.ide.uy/descargas/datos/CN_Remesa_02/02_Ortoimagenes/04_Herramientas_de_apoyo/?C=N;O=D","Nombre:"
"https://visualizador.ide.uy/descargas/datos/CN_Remesa_02/02_Ortoimagenes/04_Herramientas_de_apoyo/?C=S;O=A","Size"
"https://visualizador.ide.uy/descargas/datos/CN_Remesa_02/02_Ortoimagenes/","Parent Directory"
"https://visualizador.ide.uy/descargas/datos/CN_Remesa_02/02_Ortoimagenes/04_Herramientas_de_apoyo/Seamline_Remesa_02.dbf","Seamline_Remesa_02.dbf"
"https://visualizador.ide.uy/descargas/datos/CN_Remesa_02/02_Ortoimagenes/04_Herramientas_de_apoyo/Seamline_Remesa_02.prj","Seamline_Remesa_02.prj"
"https://visualizador.ide.uy/descargas/datos/CN_Remesa_02/02_Ortoimagenes/04_Herramientas_de_apoyo/Seamline_Remesa_02.shp","Seamline_Remesa_02.shp"
"https://visualizador.ide.uy/descargas/datos/CN_Remesa_02/02_Ortoimagenes/04_Herramientas_de_apoyo/Seamline_Remesa_02.shx","Seamline_Remesa_02.shx"
