"href","text"
"https://visualizador.ide.uy/descargas/datos/CN_Remesa_09/02_Ortoimagenes/02_RGBI_8bits/?C=N;O=D","Nombre:"
"https://visualizador.ide.uy/descargas/datos/CN_Remesa_09/02_Ortoimagenes/02_RGBI_8bits/?C=S;O=A","Size"
"https://visualizador.ide.uy/descargas/datos/CN_Remesa_09/02_Ortoimagenes/","Parent Directory"
"https://visualizador.ide.uy/descargas/datos/CN_Remesa_09/02_Ortoimagenes/02_RGBI_8bits/A17A1_RGBI_8_Remesa_09.tif","A17A1_RGBI_8_Remesa_09.tif"
"https://visualizador.ide.uy/descargas/datos/CN_Remesa_09/02_Ortoimagenes/02_RGBI_8bits/A17A4_RGBI_8_Remesa_09.tif","A17A4_RGBI_8_Remesa_09.tif"
"https://visualizador.ide.uy/descargas/datos/CN_Remesa_09/02_Ortoimagenes/02_RGBI_8bits/A17A5_RGBI_8_Remesa_09.tif","A17A5_RGBI_8_Remesa_09.tif"
"https://visualizador.ide.uy/descargas/datos/CN_Remesa_09/02_Ortoimagenes/02_RGBI_8bits/A17C1_RGBI_8_Remesa_09.tif","A17C1_RGBI_8_Remesa_09.tif"
"https://visualizador.ide.uy/descargas/datos/CN_Remesa_09/02_Ortoimagenes/02_RGBI_8bits/A17C2_RGBI_8_Remesa_09.tif","A17C2_RGBI_8_Remesa_09.tif"
"https://visualizador.ide.uy/descargas/datos/CN_Remesa_09/02_Ortoimagenes/02_RGBI_8bits/A17C4_RGBI_8_Remesa_09.tif","A17C4_RGBI_8_Remesa_09.tif"
"https://visualizador.ide.uy/descargas/datos/CN_Remesa_09/02_Ortoimagenes/02_RGBI_8bits/A17C5_RGBI_8_Remesa_09.tif","A17C5_RGBI_8_Remesa_09.tif"
"https://visualizador.ide.uy/descargas/datos/CN_Remesa_09/02_Ortoimagenes/02_RGBI_8bits/B15C1_RGBI_8_Remesa_09.tif","B15C1_RGBI_8_Remesa_09.tif"
"https://visualizador.ide.uy/descargas/datos/CN_Remesa_09/02_Ortoimagenes/02_RGBI_8bits/B15C4_RGBI_8_Remesa_09.tif","B15C4_RGBI_8_Remesa_09.tif"
"https://visualizador.ide.uy/descargas/datos/CN_Remesa_09/02_Ortoimagenes/02_RGBI_8bits/B16A1_RGBI_8_Remesa_09.tif","B16A1_RGBI_8_Remesa_09.tif"
"https://visualizador.ide.uy/descargas/datos/CN_Remesa_09/02_Ortoimagenes/02_RGBI_8bits/B16A4_RGBI_8_Remesa_09.tif","B16A4_RGBI_8_Remesa_09.tif"
"https://visualizador.ide.uy/descargas/datos/CN_Remesa_09/02_Ortoimagenes/02_RGBI_8bits/B16A5_RGBI_8_Remesa_09.tif","B16A5_RGBI_8_Remesa_09.tif"
"https://visualizador.ide.uy/descargas/datos/CN_Remesa_09/02_Ortoimagenes/02_RGBI_8bits/B16A6_RGBI_8_Remesa_09.tif","B16A6_RGBI_8_Remesa_09.tif"
"https://visualizador.ide.uy/descargas/datos/CN_Remesa_09/02_Ortoimagenes/02_RGBI_8bits/B16C1_RGBI_8_Remesa_09.tif","B16C1_RGBI_8_Remesa_09.tif"
"https://visualizador.ide.uy/descargas/datos/CN_Remesa_09/02_Ortoimagenes/02_RGBI_8bits/B16C2_RGBI_8_Remesa_09.tif","B16C2_RGBI_8_Remesa_09.tif"
"https://visualizador.ide.uy/descargas/datos/CN_Remesa_09/02_Ortoimagenes/02_RGBI_8bits/B16C3_RGBI_8_Remesa_09.tif","B16C3_RGBI_8_Remesa_09.tif"
"https://visualizador.ide.uy/descargas/datos/CN_Remesa_09/02_Ortoimagenes/02_RGBI_8bits/B16C4_RGBI_8_Remesa_09.tif","B16C4_RGBI_8_Remesa_09.tif"
"https://visualizador.ide.uy/descargas/datos/CN_Remesa_09/02_Ortoimagenes/02_RGBI_8bits/B16C5_RGBI_8_Remesa_09.tif","B16C5_RGBI_8_Remesa_09.tif"
"https://visualizador.ide.uy/descargas/datos/CN_Remesa_09/02_Ortoimagenes/02_RGBI_8bits/B16C6_RGBI_8_Remesa_09.tif","B16C6_RGBI_8_Remesa_09.tif"
"https://visualizador.ide.uy/descargas/datos/CN_Remesa_09/02_Ortoimagenes/02_RGBI_8bits/B16D1_RGBI_8_Remesa_09.tif","B16D1_RGBI_8_Remesa_09.tif"
"https://visualizador.ide.uy/descargas/datos/CN_Remesa_09/02_Ortoimagenes/02_RGBI_8bits/B16D4_RGBI_8_Remesa_09.tif","B16D4_RGBI_8_Remesa_09.tif"
"https://visualizador.ide.uy/descargas/datos/CN_Remesa_09/02_Ortoimagenes/02_RGBI_8bits/B16D5_RGBI_8_Remesa_09.tif","B16D5_RGBI_8_Remesa_09.tif"
"https://visualizador.ide.uy/descargas/datos/CN_Remesa_09/02_Ortoimagenes/02_RGBI_8bits/B17A1_RGBI_8_Remesa_09.tif","B17A1_RGBI_8_Remesa_09.tif"
"https://visualizador.ide.uy/descargas/datos/CN_Remesa_09/02_Ortoimagenes/02_RGBI_8bits/B17A2_RGBI_8_Remesa_09.tif","B17A2_RGBI_8_Remesa_09.tif"
"https://visualizador.ide.uy/descargas/datos/CN_Remesa_09/02_Ortoimagenes/02_RGBI_8bits/B17A3_RGBI_8_Remesa_09.tif","B17A3_RGBI_8_Remesa_09.tif"
"https://visualizador.ide.uy/descargas/datos/CN_Remesa_09/02_Ortoimagenes/02_RGBI_8bits/B17A4_RGBI_8_Remesa_09.tif","B17A4_RGBI_8_Remesa_09.tif"
"https://visualizador.ide.uy/descargas/datos/CN_Remesa_09/02_Ortoimagenes/02_RGBI_8bits/B17A5_RGBI_8_Remesa_09.tif","B17A5_RGBI_8_Remesa_09.tif"
"https://visualizador.ide.uy/descargas/datos/CN_Remesa_09/02_Ortoimagenes/02_RGBI_8bits/B17A6_RGBI_8_Remesa_09.tif","B17A6_RGBI_8_Remesa_09.tif"
"https://visualizador.ide.uy/descargas/datos/CN_Remesa_09/02_Ortoimagenes/02_RGBI_8bits/B17B1_RGBI_8_Remesa_09.tif","B17B1_RGBI_8_Remesa_09.tif"
"https://visualizador.ide.uy/descargas/datos/CN_Remesa_09/02_Ortoimagenes/02_RGBI_8bits/B17B2_RGBI_8_Remesa_09.tif","B17B2_RGBI_8_Remesa_09.tif"
"https://visualizador.ide.uy/descargas/datos/CN_Remesa_09/02_Ortoimagenes/02_RGBI_8bits/B17B3_RGBI_8_Remesa_09.tif","B17B3_RGBI_8_Remesa_09.tif"
"https://visualizador.ide.uy/descargas/datos/CN_Remesa_09/02_Ortoimagenes/02_RGBI_8bits/B17B4_RGBI_8_Remesa_09.tif","B17B4_RGBI_8_Remesa_09.tif"
"https://visualizador.ide.uy/descargas/datos/CN_Remesa_09/02_Ortoimagenes/02_RGBI_8bits/B17B5_RGBI_8_Remesa_09.tif","B17B5_RGBI_8_Remesa_09.tif"
"https://visualizador.ide.uy/descargas/datos/CN_Remesa_09/02_Ortoimagenes/02_RGBI_8bits/B17B6_RGBI_8_Remesa_09.tif","B17B6_RGBI_8_Remesa_09.tif"
"https://visualizador.ide.uy/descargas/datos/CN_Remesa_09/02_Ortoimagenes/02_RGBI_8bits/B17C1_RGBI_8_Remesa_09.tif","B17C1_RGBI_8_Remesa_09.tif"
"https://visualizador.ide.uy/descargas/datos/CN_Remesa_09/02_Ortoimagenes/02_RGBI_8bits/B17C2_RGBI_8_Remesa_09.tif","B17C2_RGBI_8_Remesa_09.tif"
"https://visualizador.ide.uy/descargas/datos/CN_Remesa_09/02_Ortoimagenes/02_RGBI_8bits/B17C3_RGBI_8_Remesa_09.tif","B17C3_RGBI_8_Remesa_09.tif"
"https://visualizador.ide.uy/descargas/datos/CN_Remesa_09/02_Ortoimagenes/02_RGBI_8bits/B17C4_RGBI_8_Remesa_09.tif","B17C4_RGBI_8_Remesa_09.tif"
"https://visualizador.ide.uy/descargas/datos/CN_Remesa_09/02_Ortoimagenes/02_RGBI_8bits/B17C5_RGBI_8_Remesa_09.tif","B17C5_RGBI_8_Remesa_09.tif"
"https://visualizador.ide.uy/descargas/datos/CN_Remesa_09/02_Ortoimagenes/02_RGBI_8bits/B17C6_RGBI_8_Remesa_09.tif","B17C6_RGBI_8_Remesa_09.tif"
"https://visualizador.ide.uy/descargas/datos/CN_Remesa_09/02_Ortoimagenes/02_RGBI_8bits/B17D1_RGBI_8_Remesa_09.tif","B17D1_RGBI_8_Remesa_09.tif"
"https://visualizador.ide.uy/descargas/datos/CN_Remesa_09/02_Ortoimagenes/02_RGBI_8bits/B17D2_RGBI_8_Remesa_09.tif","B17D2_RGBI_8_Remesa_09.tif"
"https://visualizador.ide.uy/descargas/datos/CN_Remesa_09/02_Ortoimagenes/02_RGBI_8bits/B17D3_RGBI_8_Remesa_09.tif","B17D3_RGBI_8_Remesa_09.tif"
"https://visualizador.ide.uy/descargas/datos/CN_Remesa_09/02_Ortoimagenes/02_RGBI_8bits/B17D4_RGBI_8_Remesa_09.tif","B17D4_RGBI_8_Remesa_09.tif"
"https://visualizador.ide.uy/descargas/datos/CN_Remesa_09/02_Ortoimagenes/02_RGBI_8bits/B17D5_RGBI_8_Remesa_09.tif","B17D5_RGBI_8_Remesa_09.tif"
"https://visualizador.ide.uy/descargas/datos/CN_Remesa_09/02_Ortoimagenes/02_RGBI_8bits/B17D6_RGBI_8_Remesa_09.tif","B17D6_RGBI_8_Remesa_09.tif"
"https://visualizador.ide.uy/descargas/datos/CN_Remesa_09/02_Ortoimagenes/02_RGBI_8bits/B18A1_RGBI_8_Remesa_09.tif","B18A1_RGBI_8_Remesa_09.tif"
"https://visualizador.ide.uy/descargas/datos/CN_Remesa_09/02_Ortoimagenes/02_RGBI_8bits/B18A2_RGBI_8_Remesa_09.tif","B18A2_RGBI_8_Remesa_09.tif"
"https://visualizador.ide.uy/descargas/datos/CN_Remesa_09/02_Ortoimagenes/02_RGBI_8bits/B18A3_RGBI_8_Remesa_09.tif","B18A3_RGBI_8_Remesa_09.tif"
"https://visualizador.ide.uy/descargas/datos/CN_Remesa_09/02_Ortoimagenes/02_RGBI_8bits/B18A4_RGBI_8_Remesa_09.tif","B18A4_RGBI_8_Remesa_09.tif"
"https://visualizador.ide.uy/descargas/datos/CN_Remesa_09/02_Ortoimagenes/02_RGBI_8bits/B18A5_RGBI_8_Remesa_09.tif","B18A5_RGBI_8_Remesa_09.tif"
"https://visualizador.ide.uy/descargas/datos/CN_Remesa_09/02_Ortoimagenes/02_RGBI_8bits/B18A6_RGBI_8_Remesa_09.tif","B18A6_RGBI_8_Remesa_09.tif"
"https://visualizador.ide.uy/descargas/datos/CN_Remesa_09/02_Ortoimagenes/02_RGBI_8bits/B18B1_RGBI_8_Remesa_09.tif","B18B1_RGBI_8_Remesa_09.tif"
"https://visualizador.ide.uy/descargas/datos/CN_Remesa_09/02_Ortoimagenes/02_RGBI_8bits/B18B2_RGBI_8_Remesa_09.tif","B18B2_RGBI_8_Remesa_09.tif"
"https://visualizador.ide.uy/descargas/datos/CN_Remesa_09/02_Ortoimagenes/02_RGBI_8bits/B18B3_RGBI_8_Remesa_09.tif","B18B3_RGBI_8_Remesa_09.tif"
"https://visualizador.ide.uy/descargas/datos/CN_Remesa_09/02_Ortoimagenes/02_RGBI_8bits/B18B4_RGBI_8_Remesa_09.tif","B18B4_RGBI_8_Remesa_09.tif"
"https://visualizador.ide.uy/descargas/datos/CN_Remesa_09/02_Ortoimagenes/02_RGBI_8bits/B18B5_RGBI_8_Remesa_09.tif","B18B5_RGBI_8_Remesa_09.tif"
"https://visualizador.ide.uy/descargas/datos/CN_Remesa_09/02_Ortoimagenes/02_RGBI_8bits/B18B6_RGBI_8_Remesa_09.tif","B18B6_RGBI_8_Remesa_09.tif"
"https://visualizador.ide.uy/descargas/datos/CN_Remesa_09/02_Ortoimagenes/02_RGBI_8bits/B18C1_RGBI_8_Remesa_09.tif","B18C1_RGBI_8_Remesa_09.tif"
"https://visualizador.ide.uy/descargas/datos/CN_Remesa_09/02_Ortoimagenes/02_RGBI_8bits/B18C2_RGBI_8_Remesa_09.tif","B18C2_RGBI_8_Remesa_09.tif"
"https://visualizador.ide.uy/descargas/datos/CN_Remesa_09/02_Ortoimagenes/02_RGBI_8bits/B18C3_RGBI_8_Remesa_09.tif","B18C3_RGBI_8_Remesa_09.tif"
"https://visualizador.ide.uy/descargas/datos/CN_Remesa_09/02_Ortoimagenes/02_RGBI_8bits/B18C4_RGBI_8_Remesa_09.tif","B18C4_RGBI_8_Remesa_09.tif"
"https://visualizador.ide.uy/descargas/datos/CN_Remesa_09/02_Ortoimagenes/02_RGBI_8bits/B18C5_RGBI_8_Remesa_09.tif","B18C5_RGBI_8_Remesa_09.tif"
"https://visualizador.ide.uy/descargas/datos/CN_Remesa_09/02_Ortoimagenes/02_RGBI_8bits/B18C6_RGBI_8_Remesa_09.tif","B18C6_RGBI_8_Remesa_09.tif"
"https://visualizador.ide.uy/descargas/datos/CN_Remesa_09/02_Ortoimagenes/02_RGBI_8bits/B18D1_RGBI_8_Remesa_09.tif","B18D1_RGBI_8_Remesa_09.tif"
"https://visualizador.ide.uy/descargas/datos/CN_Remesa_09/02_Ortoimagenes/02_RGBI_8bits/B18D2_RGBI_8_Remesa_09.tif","B18D2_RGBI_8_Remesa_09.tif"
"https://visualizador.ide.uy/descargas/datos/CN_Remesa_09/02_Ortoimagenes/02_RGBI_8bits/B18D3_RGBI_8_Remesa_09.tif","B18D3_RGBI_8_Remesa_09.tif"
"https://visualizador.ide.uy/descargas/datos/CN_Remesa_09/02_Ortoimagenes/02_RGBI_8bits/B18D4_RGBI_8_Remesa_09.tif","B18D4_RGBI_8_Remesa_09.tif"
"https://visualizador.ide.uy/descargas/datos/CN_Remesa_09/02_Ortoimagenes/02_RGBI_8bits/B18D5_RGBI_8_Remesa_09.tif","B18D5_RGBI_8_Remesa_09.tif"
"https://visualizador.ide.uy/descargas/datos/CN_Remesa_09/02_Ortoimagenes/02_RGBI_8bits/B18D6_RGBI_8_Remesa_09.tif","B18D6_RGBI_8_Remesa_09.tif"
"https://visualizador.ide.uy/descargas/datos/CN_Remesa_09/02_Ortoimagenes/02_RGBI_8bits/B19A1_RGBI_8_Remesa_09.tif","B19A1_RGBI_8_Remesa_09.tif"
"https://visualizador.ide.uy/descargas/datos/CN_Remesa_09/02_Ortoimagenes/02_RGBI_8bits/B19A2_RGBI_8_Remesa_09.tif","B19A2_RGBI_8_Remesa_09.tif"
"https://visualizador.ide.uy/descargas/datos/CN_Remesa_09/02_Ortoimagenes/02_RGBI_8bits/B19A3_RGBI_8_Remesa_09.tif","B19A3_RGBI_8_Remesa_09.tif"
"https://visualizador.ide.uy/descargas/datos/CN_Remesa_09/02_Ortoimagenes/02_RGBI_8bits/B19A4_RGBI_8_Remesa_09.tif","B19A4_RGBI_8_Remesa_09.tif"
"https://visualizador.ide.uy/descargas/datos/CN_Remesa_09/02_Ortoimagenes/02_RGBI_8bits/B19A5_RGBI_8_Remesa_09.tif","B19A5_RGBI_8_Remesa_09.tif"
"https://visualizador.ide.uy/descargas/datos/CN_Remesa_09/02_Ortoimagenes/02_RGBI_8bits/B19A6_RGBI_8_Remesa_09.tif","B19A6_RGBI_8_Remesa_09.tif"
"https://visualizador.ide.uy/descargas/datos/CN_Remesa_09/02_Ortoimagenes/02_RGBI_8bits/B19B1_RGBI_8_Remesa_09.tif","B19B1_RGBI_8_Remesa_09.tif"
"https://visualizador.ide.uy/descargas/datos/CN_Remesa_09/02_Ortoimagenes/02_RGBI_8bits/B19B2_RGBI_8_Remesa_09.tif","B19B2_RGBI_8_Remesa_09.tif"
"https://visualizador.ide.uy/descargas/datos/CN_Remesa_09/02_Ortoimagenes/02_RGBI_8bits/B19C1_RGBI_8_Remesa_09.tif","B19C1_RGBI_8_Remesa_09.tif"
"https://visualizador.ide.uy/descargas/datos/CN_Remesa_09/02_Ortoimagenes/02_RGBI_8bits/B19C2_RGBI_8_Remesa_09.tif","B19C2_RGBI_8_Remesa_09.tif"
"https://visualizador.ide.uy/descargas/datos/CN_Remesa_09/02_Ortoimagenes/02_RGBI_8bits/B19C4_RGBI_8_Remesa_09.tif","B19C4_RGBI_8_Remesa_09.tif"
"https://visualizador.ide.uy/descargas/datos/CN_Remesa_09/02_Ortoimagenes/02_RGBI_8bits/B19C5_RGBI_8_Remesa_09.tif","B19C5_RGBI_8_Remesa_09.tif"
"https://visualizador.ide.uy/descargas/datos/CN_Remesa_09/02_Ortoimagenes/02_RGBI_8bits/B20A1_RGBI_8_Remesa_09.tif","B20A1_RGBI_8_Remesa_09.tif"
"https://visualizador.ide.uy/descargas/datos/CN_Remesa_09/02_Ortoimagenes/02_RGBI_8bits/B20A4_RGBI_8_Remesa_09.tif","B20A4_RGBI_8_Remesa_09.tif"
"https://visualizador.ide.uy/descargas/datos/CN_Remesa_09/02_Ortoimagenes/02_RGBI_8bits/B20C1_RGBI_8_Remesa_09.tif","B20C1_RGBI_8_Remesa_09.tif"
"https://visualizador.ide.uy/descargas/datos/CN_Remesa_09/02_Ortoimagenes/02_RGBI_8bits/B20C4_RGBI_8_Remesa_09.tif","B20C4_RGBI_8_Remesa_09.tif"
"https://visualizador.ide.uy/descargas/datos/CN_Remesa_09/02_Ortoimagenes/02_RGBI_8bits/B20C5_RGBI_8_Remesa_09.tif","B20C5_RGBI_8_Remesa_09.tif"
"https://visualizador.ide.uy/descargas/datos/CN_Remesa_09/02_Ortoimagenes/02_RGBI_8bits/B21A1_RGBI_8_Remesa_09.tif","B21A1_RGBI_8_Remesa_09.tif"
"https://visualizador.ide.uy/descargas/datos/CN_Remesa_09/02_Ortoimagenes/02_RGBI_8bits/B21A2_RGBI_8_Remesa_09.tif","B21A2_RGBI_8_Remesa_09.tif"
"https://visualizador.ide.uy/descargas/datos/CN_Remesa_09/02_Ortoimagenes/02_RGBI_8bits/B21A4_RGBI_8_Remesa_09.tif","B21A4_RGBI_8_Remesa_09.tif"
"https://visualizador.ide.uy/descargas/datos/CN_Remesa_09/02_Ortoimagenes/02_RGBI_8bits/B21A5_RGBI_8_Remesa_09.tif","B21A5_RGBI_8_Remesa_09.tif"
"https://visualizador.ide.uy/descargas/datos/CN_Remesa_09/02_Ortoimagenes/02_RGBI_8bits/B21C1_RGBI_8_Remesa_09.tif","B21C1_RGBI_8_Remesa_09.tif"
"https://visualizador.ide.uy/descargas/datos/CN_Remesa_09/02_Ortoimagenes/02_RGBI_8bits/B21C4_RGBI_8_Remesa_09.tif","B21C4_RGBI_8_Remesa_09.tif"
"https://visualizador.ide.uy/descargas/datos/CN_Remesa_09/02_Ortoimagenes/02_RGBI_8bits/B22A1_RGBI_8_Remesa_09.tif","B22A1_RGBI_8_Remesa_09.tif"
"https://visualizador.ide.uy/descargas/datos/CN_Remesa_09/02_Ortoimagenes/02_RGBI_8bits/B22A2_RGBI_8_Remesa_09.tif","B22A2_RGBI_8_Remesa_09.tif"
"https://visualizador.ide.uy/descargas/datos/CN_Remesa_09/02_Ortoimagenes/02_RGBI_8bits/B22A4_RGBI_8_Remesa_09.tif","B22A4_RGBI_8_Remesa_09.tif"
"https://visualizador.ide.uy/descargas/datos/CN_Remesa_09/02_Ortoimagenes/02_RGBI_8bits/B22A5_RGBI_8_Remesa_09.tif","B22A5_RGBI_8_Remesa_09.tif"
"https://visualizador.ide.uy/descargas/datos/CN_Remesa_09/02_Ortoimagenes/02_RGBI_8bits/B22C1_RGBI_8_Remesa_09.tif","B22C1_RGBI_8_Remesa_09.tif"
"https://visualizador.ide.uy/descargas/datos/CN_Remesa_09/02_Ortoimagenes/02_RGBI_8bits/B22C2_RGBI_8_Remesa_09.tif","B22C2_RGBI_8_Remesa_09.tif"
"https://visualizador.ide.uy/descargas/datos/CN_Remesa_09/02_Ortoimagenes/02_RGBI_8bits/B22C4_RGBI_8_Remesa_09.tif","B22C4_RGBI_8_Remesa_09.tif"
"https://visualizador.ide.uy/descargas/datos/CN_Remesa_09/02_Ortoimagenes/02_RGBI_8bits/B22C5_RGBI_8_Remesa_09.tif","B22C5_RGBI_8_Remesa_09.tif"
"https://visualizador.ide.uy/descargas/datos/CN_Remesa_09/02_Ortoimagenes/02_RGBI_8bits/B23A1_RGBI_8_Remesa_09.tif","B23A1_RGBI_8_Remesa_09.tif"
"https://visualizador.ide.uy/descargas/datos/CN_Remesa_09/02_Ortoimagenes/02_RGBI_8bits/B23A2_RGBI_8_Remesa_09.tif","B23A2_RGBI_8_Remesa_09.tif"
"https://visualizador.ide.uy/descargas/datos/CN_Remesa_09/02_Ortoimagenes/02_RGBI_8bits/B23A3_RGBI_8_Remesa_09.tif","B23A3_RGBI_8_Remesa_09.tif"
"https://visualizador.ide.uy/descargas/datos/CN_Remesa_09/02_Ortoimagenes/02_RGBI_8bits/B23A4_RGBI_8_Remesa_09.tif","B23A4_RGBI_8_Remesa_09.tif"
"https://visualizador.ide.uy/descargas/datos/CN_Remesa_09/02_Ortoimagenes/02_RGBI_8bits/B23A5_RGBI_8_Remesa_09.tif","B23A5_RGBI_8_Remesa_09.tif"
"https://visualizador.ide.uy/descargas/datos/CN_Remesa_09/02_Ortoimagenes/02_RGBI_8bits/B23A6_RGBI_8_Remesa_09.tif","B23A6_RGBI_8_Remesa_09.tif"
"https://visualizador.ide.uy/descargas/datos/CN_Remesa_09/02_Ortoimagenes/02_RGBI_8bits/B23B1_RGBI_8_Remesa_09.tif","B23B1_RGBI_8_Remesa_09.tif"
"https://visualizador.ide.uy/descargas/datos/CN_Remesa_09/02_Ortoimagenes/02_RGBI_8bits/B23B4_RGBI_8_Remesa_09.tif","B23B4_RGBI_8_Remesa_09.tif"
"https://visualizador.ide.uy/descargas/datos/CN_Remesa_09/02_Ortoimagenes/02_RGBI_8bits/B23B5_RGBI_8_Remesa_09.tif","B23B5_RGBI_8_Remesa_09.tif"
"https://visualizador.ide.uy/descargas/datos/CN_Remesa_09/02_Ortoimagenes/02_RGBI_8bits/B23C1_RGBI_8_Remesa_09.tif","B23C1_RGBI_8_Remesa_09.tif"
"https://visualizador.ide.uy/descargas/datos/CN_Remesa_09/02_Ortoimagenes/02_RGBI_8bits/B23C2_RGBI_8_Remesa_09.tif","B23C2_RGBI_8_Remesa_09.tif"
"https://visualizador.ide.uy/descargas/datos/CN_Remesa_09/02_Ortoimagenes/02_RGBI_8bits/B23C3_RGBI_8_Remesa_09.tif","B23C3_RGBI_8_Remesa_09.tif"
"https://visualizador.ide.uy/descargas/datos/CN_Remesa_09/02_Ortoimagenes/02_RGBI_8bits/B23C4_RGBI_8_Remesa_09.tif","B23C4_RGBI_8_Remesa_09.tif"
"https://visualizador.ide.uy/descargas/datos/CN_Remesa_09/02_Ortoimagenes/02_RGBI_8bits/B23C5_RGBI_8_Remesa_09.tif","B23C5_RGBI_8_Remesa_09.tif"
"https://visualizador.ide.uy/descargas/datos/CN_Remesa_09/02_Ortoimagenes/02_RGBI_8bits/B23C6_RGBI_8_Remesa_09.tif","B23C6_RGBI_8_Remesa_09.tif"
"https://visualizador.ide.uy/descargas/datos/CN_Remesa_09/02_Ortoimagenes/02_RGBI_8bits/B23D1_RGBI_8_Remesa_09.tif","B23D1_RGBI_8_Remesa_09.tif"
"https://visualizador.ide.uy/descargas/datos/CN_Remesa_09/02_Ortoimagenes/02_RGBI_8bits/B23D2_RGBI_8_Remesa_09.tif","B23D2_RGBI_8_Remesa_09.tif"
"https://visualizador.ide.uy/descargas/datos/CN_Remesa_09/02_Ortoimagenes/02_RGBI_8bits/B23D4_RGBI_8_Remesa_09.tif","B23D4_RGBI_8_Remesa_09.tif"
"https://visualizador.ide.uy/descargas/datos/CN_Remesa_09/02_Ortoimagenes/02_RGBI_8bits/B23D5_RGBI_8_Remesa_09.tif","B23D5_RGBI_8_Remesa_09.tif"
"https://visualizador.ide.uy/descargas/datos/CN_Remesa_09/02_Ortoimagenes/02_RGBI_8bits/B24A1_RGBI_8_Remesa_09.tif","B24A1_RGBI_8_Remesa_09.tif"
"https://visualizador.ide.uy/descargas/datos/CN_Remesa_09/02_Ortoimagenes/02_RGBI_8bits/B24A2_RGBI_8_Remesa_09.tif","B24A2_RGBI_8_Remesa_09.tif"
"https://visualizador.ide.uy/descargas/datos/CN_Remesa_09/02_Ortoimagenes/02_RGBI_8bits/B24A3_RGBI_8_Remesa_09.tif","B24A3_RGBI_8_Remesa_09.tif"
"https://visualizador.ide.uy/descargas/datos/CN_Remesa_09/02_Ortoimagenes/02_RGBI_8bits/B24A4_RGBI_8_Remesa_09.tif","B24A4_RGBI_8_Remesa_09.tif"
"https://visualizador.ide.uy/descargas/datos/CN_Remesa_09/02_Ortoimagenes/02_RGBI_8bits/B24A5_RGBI_8_Remesa_09.tif","B24A5_RGBI_8_Remesa_09.tif"
"https://visualizador.ide.uy/descargas/datos/CN_Remesa_09/02_Ortoimagenes/02_RGBI_8bits/B24A6_RGBI_8_Remesa_09.tif","B24A6_RGBI_8_Remesa_09.tif"
"https://visualizador.ide.uy/descargas/datos/CN_Remesa_09/02_Ortoimagenes/02_RGBI_8bits/B24B1_RGBI_8_Remesa_09.tif","B24B1_RGBI_8_Remesa_09.tif"
"https://visualizador.ide.uy/descargas/datos/CN_Remesa_09/02_Ortoimagenes/02_RGBI_8bits/B24C1_RGBI_8_Remesa_09.tif","B24C1_RGBI_8_Remesa_09.tif"
"https://visualizador.ide.uy/descargas/datos/CN_Remesa_09/02_Ortoimagenes/02_RGBI_8bits/B24C2_RGBI_8_Remesa_09.tif","B24C2_RGBI_8_Remesa_09.tif"
"https://visualizador.ide.uy/descargas/datos/CN_Remesa_09/02_Ortoimagenes/02_RGBI_8bits/B24C3_RGBI_8_Remesa_09.tif","B24C3_RGBI_8_Remesa_09.tif"
"https://visualizador.ide.uy/descargas/datos/CN_Remesa_09/02_Ortoimagenes/02_RGBI_8bits/B24C4_RGBI_8_Remesa_09.tif","B24C4_RGBI_8_Remesa_09.tif"
"https://visualizador.ide.uy/descargas/datos/CN_Remesa_09/02_Ortoimagenes/02_RGBI_8bits/B24C5_RGBI_8_Remesa_09.tif","B24C5_RGBI_8_Remesa_09.tif"
"https://visualizador.ide.uy/descargas/datos/CN_Remesa_09/02_Ortoimagenes/02_RGBI_8bits/B24C6_RGBI_8_Remesa_09.tif","B24C6_RGBI_8_Remesa_09.tif"
"https://visualizador.ide.uy/descargas/datos/CN_Remesa_09/02_Ortoimagenes/02_RGBI_8bits/B25A1_RGBI_8_Remesa_09.tif","B25A1_RGBI_8_Remesa_09.tif"
"https://visualizador.ide.uy/descargas/datos/CN_Remesa_09/02_Ortoimagenes/02_RGBI_8bits/B25A2_RGBI_8_Remesa_09.tif","B25A2_RGBI_8_Remesa_09.tif"
"https://visualizador.ide.uy/descargas/datos/CN_Remesa_09/02_Ortoimagenes/02_RGBI_8bits/B25A3_RGBI_8_Remesa_09.tif","B25A3_RGBI_8_Remesa_09.tif"
"https://visualizador.ide.uy/descargas/datos/CN_Remesa_09/02_Ortoimagenes/02_RGBI_8bits/B25A4_RGBI_8_Remesa_09.tif","B25A4_RGBI_8_Remesa_09.tif"
"https://visualizador.ide.uy/descargas/datos/CN_Remesa_09/02_Ortoimagenes/02_RGBI_8bits/B25A5_RGBI_8_Remesa_09.tif","B25A5_RGBI_8_Remesa_09.tif"
"https://visualizador.ide.uy/descargas/datos/CN_Remesa_09/02_Ortoimagenes/02_RGBI_8bits/B25C1_RGBI_8_Remesa_09.tif","B25C1_RGBI_8_Remesa_09.tif"
"https://visualizador.ide.uy/descargas/datos/CN_Remesa_09/02_Ortoimagenes/02_RGBI_8bits/B25C2_RGBI_8_Remesa_09.tif","B25C2_RGBI_8_Remesa_09.tif"
"https://visualizador.ide.uy/descargas/datos/CN_Remesa_09/02_Ortoimagenes/02_RGBI_8bits/B25C4_RGBI_8_Remesa_09.tif","B25C4_RGBI_8_Remesa_09.tif"
"https://visualizador.ide.uy/descargas/datos/CN_Remesa_09/02_Ortoimagenes/02_RGBI_8bits/C13A4_RGBI_8_Remesa_09.tif","C13A4_RGBI_8_Remesa_09.tif"
"https://visualizador.ide.uy/descargas/datos/CN_Remesa_09/02_Ortoimagenes/02_RGBI_8bits/C13C1_RGBI_8_Remesa_09.tif","C13C1_RGBI_8_Remesa_09.tif"
"https://visualizador.ide.uy/descargas/datos/CN_Remesa_09/02_Ortoimagenes/02_RGBI_8bits/C13C2_RGBI_8_Remesa_09.tif","C13C2_RGBI_8_Remesa_09.tif"
"https://visualizador.ide.uy/descargas/datos/CN_Remesa_09/02_Ortoimagenes/02_RGBI_8bits/C13C3_RGBI_8_Remesa_09.tif","C13C3_RGBI_8_Remesa_09.tif"
"https://visualizador.ide.uy/descargas/datos/CN_Remesa_09/02_Ortoimagenes/02_RGBI_8bits/C13C4_RGBI_8_Remesa_09.tif","C13C4_RGBI_8_Remesa_09.tif"
"https://visualizador.ide.uy/descargas/datos/CN_Remesa_09/02_Ortoimagenes/02_RGBI_8bits/C13C5_RGBI_8_Remesa_09.tif","C13C5_RGBI_8_Remesa_09.tif"
"https://visualizador.ide.uy/descargas/datos/CN_Remesa_09/02_Ortoimagenes/02_RGBI_8bits/C13C6_RGBI_8_Remesa_09.tif","C13C6_RGBI_8_Remesa_09.tif"
"https://visualizador.ide.uy/descargas/datos/CN_Remesa_09/02_Ortoimagenes/02_RGBI_8bits/C14A1_RGBI_8_Remesa_09.tif","C14A1_RGBI_8_Remesa_09.tif"
"https://visualizador.ide.uy/descargas/datos/CN_Remesa_09/02_Ortoimagenes/02_RGBI_8bits/C14A2_RGBI_8_Remesa_09.tif","C14A2_RGBI_8_Remesa_09.tif"
"https://visualizador.ide.uy/descargas/datos/CN_Remesa_09/02_Ortoimagenes/02_RGBI_8bits/C14A3_RGBI_8_Remesa_09.tif","C14A3_RGBI_8_Remesa_09.tif"
"https://visualizador.ide.uy/descargas/datos/CN_Remesa_09/02_Ortoimagenes/02_RGBI_8bits/C14A4_RGBI_8_Remesa_09.tif","C14A4_RGBI_8_Remesa_09.tif"
"https://visualizador.ide.uy/descargas/datos/CN_Remesa_09/02_Ortoimagenes/02_RGBI_8bits/C14A5_RGBI_8_Remesa_09.tif","C14A5_RGBI_8_Remesa_09.tif"
"https://visualizador.ide.uy/descargas/datos/CN_Remesa_09/02_Ortoimagenes/02_RGBI_8bits/C14A6_RGBI_8_Remesa_09.tif","C14A6_RGBI_8_Remesa_09.tif"
"https://visualizador.ide.uy/descargas/datos/CN_Remesa_09/02_Ortoimagenes/02_RGBI_8bits/C14B1_RGBI_8_Remesa_09.tif","C14B1_RGBI_8_Remesa_09.tif"
"https://visualizador.ide.uy/descargas/datos/CN_Remesa_09/02_Ortoimagenes/02_RGBI_8bits/C14B2_RGBI_8_Remesa_09.tif","C14B2_RGBI_8_Remesa_09.tif"
"https://visualizador.ide.uy/descargas/datos/CN_Remesa_09/02_Ortoimagenes/02_RGBI_8bits/C14B4_RGBI_8_Remesa_09.tif","C14B4_RGBI_8_Remesa_09.tif"
"https://visualizador.ide.uy/descargas/datos/CN_Remesa_09/02_Ortoimagenes/02_RGBI_8bits/C14B5_RGBI_8_Remesa_09.tif","C14B5_RGBI_8_Remesa_09.tif"
"https://visualizador.ide.uy/descargas/datos/CN_Remesa_09/02_Ortoimagenes/02_RGBI_8bits/C14C1_RGBI_8_Remesa_09.tif","C14C1_RGBI_8_Remesa_09.tif"
"https://visualizador.ide.uy/descargas/datos/CN_Remesa_09/02_Ortoimagenes/02_RGBI_8bits/C14C2_RGBI_8_Remesa_09.tif","C14C2_RGBI_8_Remesa_09.tif"
"https://visualizador.ide.uy/descargas/datos/CN_Remesa_09/02_Ortoimagenes/02_RGBI_8bits/C14C3_RGBI_8_Remesa_09.tif","C14C3_RGBI_8_Remesa_09.tif"
"https://visualizador.ide.uy/descargas/datos/CN_Remesa_09/02_Ortoimagenes/02_RGBI_8bits/C14C4_RGBI_8_Remesa_09.tif","C14C4_RGBI_8_Remesa_09.tif"
"https://visualizador.ide.uy/descargas/datos/CN_Remesa_09/02_Ortoimagenes/02_RGBI_8bits/C14C5_RGBI_8_Remesa_09.tif","C14C5_RGBI_8_Remesa_09.tif"
"https://visualizador.ide.uy/descargas/datos/CN_Remesa_09/02_Ortoimagenes/02_RGBI_8bits/C14C6_RGBI_8_Remesa_09.tif","C14C6_RGBI_8_Remesa_09.tif"
"https://visualizador.ide.uy/descargas/datos/CN_Remesa_09/02_Ortoimagenes/02_RGBI_8bits/C14D1_RGBI_8_Remesa_09.tif","C14D1_RGBI_8_Remesa_09.tif"
"https://visualizador.ide.uy/descargas/datos/CN_Remesa_09/02_Ortoimagenes/02_RGBI_8bits/C14D2_RGBI_8_Remesa_09.tif","C14D2_RGBI_8_Remesa_09.tif"
"https://visualizador.ide.uy/descargas/datos/CN_Remesa_09/02_Ortoimagenes/02_RGBI_8bits/C14D4_RGBI_8_Remesa_09.tif","C14D4_RGBI_8_Remesa_09.tif"
"https://visualizador.ide.uy/descargas/datos/CN_Remesa_09/02_Ortoimagenes/02_RGBI_8bits/C14D5_RGBI_8_Remesa_09.tif","C14D5_RGBI_8_Remesa_09.tif"
"https://visualizador.ide.uy/descargas/datos/CN_Remesa_09/02_Ortoimagenes/02_RGBI_8bits/C14D6_RGBI_8_Remesa_09.tif","C14D6_RGBI_8_Remesa_09.tif"
"https://visualizador.ide.uy/descargas/datos/CN_Remesa_09/02_Ortoimagenes/02_RGBI_8bits/C15A1_RGBI_8_Remesa_09.tif","C15A1_RGBI_8_Remesa_09.tif"
"https://visualizador.ide.uy/descargas/datos/CN_Remesa_09/02_Ortoimagenes/02_RGBI_8bits/C15A2_RGBI_8_Remesa_09.tif","C15A2_RGBI_8_Remesa_09.tif"
"https://visualizador.ide.uy/descargas/datos/CN_Remesa_09/02_Ortoimagenes/02_RGBI_8bits/C15A3_RGBI_8_Remesa_09.tif","C15A3_RGBI_8_Remesa_09.tif"
"https://visualizador.ide.uy/descargas/datos/CN_Remesa_09/02_Ortoimagenes/02_RGBI_8bits/C15A4_RGBI_8_Remesa_09.tif","C15A4_RGBI_8_Remesa_09.tif"
"https://visualizador.ide.uy/descargas/datos/CN_Remesa_09/02_Ortoimagenes/02_RGBI_8bits/C15A5_RGBI_8_Remesa_09.tif","C15A5_RGBI_8_Remesa_09.tif"
"https://visualizador.ide.uy/descargas/datos/CN_Remesa_09/02_Ortoimagenes/02_RGBI_8bits/C15A6_RGBI_8_Remesa_09.tif","C15A6_RGBI_8_Remesa_09.tif"
"https://visualizador.ide.uy/descargas/datos/CN_Remesa_09/02_Ortoimagenes/02_RGBI_8bits/C15B1_RGBI_8_Remesa_09.tif","C15B1_RGBI_8_Remesa_09.tif"
"https://visualizador.ide.uy/descargas/datos/CN_Remesa_09/02_Ortoimagenes/02_RGBI_8bits/C15B2_RGBI_8_Remesa_09.tif","C15B2_RGBI_8_Remesa_09.tif"
"https://visualizador.ide.uy/descargas/datos/CN_Remesa_09/02_Ortoimagenes/02_RGBI_8bits/C15B3_RGBI_8_Remesa_09.tif","C15B3_RGBI_8_Remesa_09.tif"
"https://visualizador.ide.uy/descargas/datos/CN_Remesa_09/02_Ortoimagenes/02_RGBI_8bits/C15B4_RGBI_8_Remesa_09.tif","C15B4_RGBI_8_Remesa_09.tif"
"https://visualizador.ide.uy/descargas/datos/CN_Remesa_09/02_Ortoimagenes/02_RGBI_8bits/C15B5_RGBI_8_Remesa_09.tif","C15B5_RGBI_8_Remesa_09.tif"
"https://visualizador.ide.uy/descargas/datos/CN_Remesa_09/02_Ortoimagenes/02_RGBI_8bits/C15B6_RGBI_8_Remesa_09.tif","C15B6_RGBI_8_Remesa_09.tif"
"https://visualizador.ide.uy/descargas/datos/CN_Remesa_09/02_Ortoimagenes/02_RGBI_8bits/C15C1_RGBI_8_Remesa_09.tif","C15C1_RGBI_8_Remesa_09.tif"
"https://visualizador.ide.uy/descargas/datos/CN_Remesa_09/02_Ortoimagenes/02_RGBI_8bits/C15C2_RGBI_8_Remesa_09.tif","C15C2_RGBI_8_Remesa_09.tif"
"https://visualizador.ide.uy/descargas/datos/CN_Remesa_09/02_Ortoimagenes/02_RGBI_8bits/C15C3_RGBI_8_Remesa_09.tif","C15C3_RGBI_8_Remesa_09.tif"
"https://visualizador.ide.uy/descargas/datos/CN_Remesa_09/02_Ortoimagenes/02_RGBI_8bits/C15C4_RGBI_8_Remesa_09.tif","C15C4_RGBI_8_Remesa_09.tif"
"https://visualizador.ide.uy/descargas/datos/CN_Remesa_09/02_Ortoimagenes/02_RGBI_8bits/C15C5_RGBI_8_Remesa_09.tif","C15C5_RGBI_8_Remesa_09.tif"
"https://visualizador.ide.uy/descargas/datos/CN_Remesa_09/02_Ortoimagenes/02_RGBI_8bits/C15C6_RGBI_8_Remesa_09.tif","C15C6_RGBI_8_Remesa_09.tif"
"https://visualizador.ide.uy/descargas/datos/CN_Remesa_09/02_Ortoimagenes/02_RGBI_8bits/C15D1_RGBI_8_Remesa_09.tif","C15D1_RGBI_8_Remesa_09.tif"
"https://visualizador.ide.uy/descargas/datos/CN_Remesa_09/02_Ortoimagenes/02_RGBI_8bits/C15D2_RGBI_8_Remesa_09.tif","C15D2_RGBI_8_Remesa_09.tif"
"https://visualizador.ide.uy/descargas/datos/CN_Remesa_09/02_Ortoimagenes/02_RGBI_8bits/C15D3_RGBI_8_Remesa_09.tif","C15D3_RGBI_8_Remesa_09.tif"
"https://visualizador.ide.uy/descargas/datos/CN_Remesa_09/02_Ortoimagenes/02_RGBI_8bits/C15D4_RGBI_8_Remesa_09.tif","C15D4_RGBI_8_Remesa_09.tif"
"https://visualizador.ide.uy/descargas/datos/CN_Remesa_09/02_Ortoimagenes/02_RGBI_8bits/C15D5_RGBI_8_Remesa_09.tif","C15D5_RGBI_8_Remesa_09.tif"
"https://visualizador.ide.uy/descargas/datos/CN_Remesa_09/02_Ortoimagenes/02_RGBI_8bits/C15D6_RGBI_8_Remesa_09.tif","C15D6_RGBI_8_Remesa_09.tif"
"https://visualizador.ide.uy/descargas/datos/CN_Remesa_09/02_Ortoimagenes/02_RGBI_8bits/C16A1_RGBI_8_Remesa_09.tif","C16A1_RGBI_8_Remesa_09.tif"
"https://visualizador.ide.uy/descargas/datos/CN_Remesa_09/02_Ortoimagenes/02_RGBI_8bits/C16A2_RGBI_8_Remesa_09.tif","C16A2_RGBI_8_Remesa_09.tif"
"https://visualizador.ide.uy/descargas/datos/CN_Remesa_09/02_Ortoimagenes/02_RGBI_8bits/C16A3_RGBI_8_Remesa_09.tif","C16A3_RGBI_8_Remesa_09.tif"
"https://visualizador.ide.uy/descargas/datos/CN_Remesa_09/02_Ortoimagenes/02_RGBI_8bits/C16A4_RGBI_8_Remesa_09.tif","C16A4_RGBI_8_Remesa_09.tif"
"https://visualizador.ide.uy/descargas/datos/CN_Remesa_09/02_Ortoimagenes/02_RGBI_8bits/C16A5_RGBI_8_Remesa_09.tif","C16A5_RGBI_8_Remesa_09.tif"
"https://visualizador.ide.uy/descargas/datos/CN_Remesa_09/02_Ortoimagenes/02_RGBI_8bits/C16A6_RGBI_8_Remesa_09.tif","C16A6_RGBI_8_Remesa_09.tif"
"https://visualizador.ide.uy/descargas/datos/CN_Remesa_09/02_Ortoimagenes/02_RGBI_8bits/C16B1_RGBI_8_Remesa_09.tif","C16B1_RGBI_8_Remesa_09.tif"
"https://visualizador.ide.uy/descargas/datos/CN_Remesa_09/02_Ortoimagenes/02_RGBI_8bits/C16B2_RGBI_8_Remesa_09.tif","C16B2_RGBI_8_Remesa_09.tif"
"https://visualizador.ide.uy/descargas/datos/CN_Remesa_09/02_Ortoimagenes/02_RGBI_8bits/C16B3_RGBI_8_Remesa_09.tif","C16B3_RGBI_8_Remesa_09.tif"
"https://visualizador.ide.uy/descargas/datos/CN_Remesa_09/02_Ortoimagenes/02_RGBI_8bits/C16B4_RGBI_8_Remesa_09.tif","C16B4_RGBI_8_Remesa_09.tif"
"https://visualizador.ide.uy/descargas/datos/CN_Remesa_09/02_Ortoimagenes/02_RGBI_8bits/C16B5_RGBI_8_Remesa_09.tif","C16B5_RGBI_8_Remesa_09.tif"
"https://visualizador.ide.uy/descargas/datos/CN_Remesa_09/02_Ortoimagenes/02_RGBI_8bits/C16B6_RGBI_8_Remesa_09.tif","C16B6_RGBI_8_Remesa_09.tif"
"https://visualizador.ide.uy/descargas/datos/CN_Remesa_09/02_Ortoimagenes/02_RGBI_8bits/C16C1_RGBI_8_Remesa_09.tif","C16C1_RGBI_8_Remesa_09.tif"
"https://visualizador.ide.uy/descargas/datos/CN_Remesa_09/02_Ortoimagenes/02_RGBI_8bits/C16C2_RGBI_8_Remesa_09.tif","C16C2_RGBI_8_Remesa_09.tif"
"https://visualizador.ide.uy/descargas/datos/CN_Remesa_09/02_Ortoimagenes/02_RGBI_8bits/C16C3_RGBI_8_Remesa_09.tif","C16C3_RGBI_8_Remesa_09.tif"
"https://visualizador.ide.uy/descargas/datos/CN_Remesa_09/02_Ortoimagenes/02_RGBI_8bits/C16C4_RGBI_8_Remesa_09.tif","C16C4_RGBI_8_Remesa_09.tif"
"https://visualizador.ide.uy/descargas/datos/CN_Remesa_09/02_Ortoimagenes/02_RGBI_8bits/C16C5_RGBI_8_Remesa_09.tif","C16C5_RGBI_8_Remesa_09.tif"
"https://visualizador.ide.uy/descargas/datos/CN_Remesa_09/02_Ortoimagenes/02_RGBI_8bits/C16C6_RGBI_8_Remesa_09.tif","C16C6_RGBI_8_Remesa_09.tif"
"https://visualizador.ide.uy/descargas/datos/CN_Remesa_09/02_Ortoimagenes/02_RGBI_8bits/C16D1_RGBI_8_Remesa_09.tif","C16D1_RGBI_8_Remesa_09.tif"
"https://visualizador.ide.uy/descargas/datos/CN_Remesa_09/02_Ortoimagenes/02_RGBI_8bits/C16D2_RGBI_8_Remesa_09.tif","C16D2_RGBI_8_Remesa_09.tif"
"https://visualizador.ide.uy/descargas/datos/CN_Remesa_09/02_Ortoimagenes/02_RGBI_8bits/C16D3_RGBI_8_Remesa_09.tif","C16D3_RGBI_8_Remesa_09.tif"
"https://visualizador.ide.uy/descargas/datos/CN_Remesa_09/02_Ortoimagenes/02_RGBI_8bits/C16D4_RGBI_8_Remesa_09.tif","C16D4_RGBI_8_Remesa_09.tif"
"https://visualizador.ide.uy/descargas/datos/CN_Remesa_09/02_Ortoimagenes/02_RGBI_8bits/C16D5_RGBI_8_Remesa_09.tif","C16D5_RGBI_8_Remesa_09.tif"
"https://visualizador.ide.uy/descargas/datos/CN_Remesa_09/02_Ortoimagenes/02_RGBI_8bits/C16D6_RGBI_8_Remesa_09.tif","C16D6_RGBI_8_Remesa_09.tif"
"https://visualizador.ide.uy/descargas/datos/CN_Remesa_09/02_Ortoimagenes/02_RGBI_8bits/C17A1_RGBI_8_Remesa_09.tif","C17A1_RGBI_8_Remesa_09.tif"
"https://visualizador.ide.uy/descargas/datos/CN_Remesa_09/02_Ortoimagenes/02_RGBI_8bits/C17A2_RGBI_8_Remesa_09.tif","C17A2_RGBI_8_Remesa_09.tif"
"https://visualizador.ide.uy/descargas/datos/CN_Remesa_09/02_Ortoimagenes/02_RGBI_8bits/C17A3_RGBI_8_Remesa_09.tif","C17A3_RGBI_8_Remesa_09.tif"
"https://visualizador.ide.uy/descargas/datos/CN_Remesa_09/02_Ortoimagenes/02_RGBI_8bits/C17A4_RGBI_8_Remesa_09.tif","C17A4_RGBI_8_Remesa_09.tif"
"https://visualizador.ide.uy/descargas/datos/CN_Remesa_09/02_Ortoimagenes/02_RGBI_8bits/C17A5_RGBI_8_Remesa_09.tif","C17A5_RGBI_8_Remesa_09.tif"
"https://visualizador.ide.uy/descargas/datos/CN_Remesa_09/02_Ortoimagenes/02_RGBI_8bits/C17A6_RGBI_8_Remesa_09.tif","C17A6_RGBI_8_Remesa_09.tif"
"https://visualizador.ide.uy/descargas/datos/CN_Remesa_09/02_Ortoimagenes/02_RGBI_8bits/C17B1_RGBI_8_Remesa_09.tif","C17B1_RGBI_8_Remesa_09.tif"
"https://visualizador.ide.uy/descargas/datos/CN_Remesa_09/02_Ortoimagenes/02_RGBI_8bits/C17B2_RGBI_8_Remesa_09.tif","C17B2_RGBI_8_Remesa_09.tif"
"https://visualizador.ide.uy/descargas/datos/CN_Remesa_09/02_Ortoimagenes/02_RGBI_8bits/C17B3_RGBI_8_Remesa_09.tif","C17B3_RGBI_8_Remesa_09.tif"
"https://visualizador.ide.uy/descargas/datos/CN_Remesa_09/02_Ortoimagenes/02_RGBI_8bits/C17B4_RGBI_8_Remesa_09.tif","C17B4_RGBI_8_Remesa_09.tif"
"https://visualizador.ide.uy/descargas/datos/CN_Remesa_09/02_Ortoimagenes/02_RGBI_8bits/C17B5_RGBI_8_Remesa_09.tif","C17B5_RGBI_8_Remesa_09.tif"
"https://visualizador.ide.uy/descargas/datos/CN_Remesa_09/02_Ortoimagenes/02_RGBI_8bits/C17B6_RGBI_8_Remesa_09.tif","C17B6_RGBI_8_Remesa_09.tif"
"https://visualizador.ide.uy/descargas/datos/CN_Remesa_09/02_Ortoimagenes/02_RGBI_8bits/C17C1_RGBI_8_Remesa_09.tif","C17C1_RGBI_8_Remesa_09.tif"
"https://visualizador.ide.uy/descargas/datos/CN_Remesa_09/02_Ortoimagenes/02_RGBI_8bits/C17C2_RGBI_8_Remesa_09.tif","C17C2_RGBI_8_Remesa_09.tif"
"https://visualizador.ide.uy/descargas/datos/CN_Remesa_09/02_Ortoimagenes/02_RGBI_8bits/C17C3_RGBI_8_Remesa_09.tif","C17C3_RGBI_8_Remesa_09.tif"
"https://visualizador.ide.uy/descargas/datos/CN_Remesa_09/02_Ortoimagenes/02_RGBI_8bits/C17C4_RGBI_8_Remesa_09.tif","C17C4_RGBI_8_Remesa_09.tif"
"https://visualizador.ide.uy/descargas/datos/CN_Remesa_09/02_Ortoimagenes/02_RGBI_8bits/C17C5_RGBI_8_Remesa_09.tif","C17C5_RGBI_8_Remesa_09.tif"
"https://visualizador.ide.uy/descargas/datos/CN_Remesa_09/02_Ortoimagenes/02_RGBI_8bits/C17C6_RGBI_8_Remesa_09.tif","C17C6_RGBI_8_Remesa_09.tif"
"https://visualizador.ide.uy/descargas/datos/CN_Remesa_09/02_Ortoimagenes/02_RGBI_8bits/C17D1_RGBI_8_Remesa_09.tif","C17D1_RGBI_8_Remesa_09.tif"
"https://visualizador.ide.uy/descargas/datos/CN_Remesa_09/02_Ortoimagenes/02_RGBI_8bits/C17D2_RGBI_8_Remesa_09.tif","C17D2_RGBI_8_Remesa_09.tif"
"https://visualizador.ide.uy/descargas/datos/CN_Remesa_09/02_Ortoimagenes/02_RGBI_8bits/C17D3_RGBI_8_Remesa_09.tif","C17D3_RGBI_8_Remesa_09.tif"
"https://visualizador.ide.uy/descargas/datos/CN_Remesa_09/02_Ortoimagenes/02_RGBI_8bits/C17D4_RGBI_8_Remesa_09.tif","C17D4_RGBI_8_Remesa_09.tif"
"https://visualizador.ide.uy/descargas/datos/CN_Remesa_09/02_Ortoimagenes/02_RGBI_8bits/C17D5_RGBI_8_Remesa_09.tif","C17D5_RGBI_8_Remesa_09.tif"
"https://visualizador.ide.uy/descargas/datos/CN_Remesa_09/02_Ortoimagenes/02_RGBI_8bits/C17D6_RGBI_8_Remesa_09.tif","C17D6_RGBI_8_Remesa_09.tif"
"https://visualizador.ide.uy/descargas/datos/CN_Remesa_09/02_Ortoimagenes/02_RGBI_8bits/C18A1_RGBI_8_Remesa_09.tif","C18A1_RGBI_8_Remesa_09.tif"
"https://visualizador.ide.uy/descargas/datos/CN_Remesa_09/02_Ortoimagenes/02_RGBI_8bits/C18A2_RGBI_8_Remesa_09.tif","C18A2_RGBI_8_Remesa_09.tif"
"https://visualizador.ide.uy/descargas/datos/CN_Remesa_09/02_Ortoimagenes/02_RGBI_8bits/C18A3_RGBI_8_Remesa_09.tif","C18A3_RGBI_8_Remesa_09.tif"
"https://visualizador.ide.uy/descargas/datos/CN_Remesa_09/02_Ortoimagenes/02_RGBI_8bits/C18A4_RGBI_8_Remesa_09.tif","C18A4_RGBI_8_Remesa_09.tif"
"https://visualizador.ide.uy/descargas/datos/CN_Remesa_09/02_Ortoimagenes/02_RGBI_8bits/C18A5_RGBI_8_Remesa_09.tif","C18A5_RGBI_8_Remesa_09.tif"
"https://visualizador.ide.uy/descargas/datos/CN_Remesa_09/02_Ortoimagenes/02_RGBI_8bits/C18A6_RGBI_8_Remesa_09.tif","C18A6_RGBI_8_Remesa_09.tif"
"https://visualizador.ide.uy/descargas/datos/CN_Remesa_09/02_Ortoimagenes/02_RGBI_8bits/C18B1_RGBI_8_Remesa_09.tif","C18B1_RGBI_8_Remesa_09.tif"
"https://visualizador.ide.uy/descargas/datos/CN_Remesa_09/02_Ortoimagenes/02_RGBI_8bits/C18B2_RGBI_8_Remesa_09.tif","C18B2_RGBI_8_Remesa_09.tif"
"https://visualizador.ide.uy/descargas/datos/CN_Remesa_09/02_Ortoimagenes/02_RGBI_8bits/C18B3_RGBI_8_Remesa_09.tif","C18B3_RGBI_8_Remesa_09.tif"
"https://visualizador.ide.uy/descargas/datos/CN_Remesa_09/02_Ortoimagenes/02_RGBI_8bits/C18B4_RGBI_8_Remesa_09.tif","C18B4_RGBI_8_Remesa_09.tif"
"https://visualizador.ide.uy/descargas/datos/CN_Remesa_09/02_Ortoimagenes/02_RGBI_8bits/C18B5_RGBI_8_Remesa_09.tif","C18B5_RGBI_8_Remesa_09.tif"
"https://visualizador.ide.uy/descargas/datos/CN_Remesa_09/02_Ortoimagenes/02_RGBI_8bits/C18B6_RGBI_8_Remesa_09.tif","C18B6_RGBI_8_Remesa_09.tif"
"https://visualizador.ide.uy/descargas/datos/CN_Remesa_09/02_Ortoimagenes/02_RGBI_8bits/C18C1_RGBI_8_Remesa_09.tif","C18C1_RGBI_8_Remesa_09.tif"
"https://visualizador.ide.uy/descargas/datos/CN_Remesa_09/02_Ortoimagenes/02_RGBI_8bits/C18C2_RGBI_8_Remesa_09.tif","C18C2_RGBI_8_Remesa_09.tif"
"https://visualizador.ide.uy/descargas/datos/CN_Remesa_09/02_Ortoimagenes/02_RGBI_8bits/C18C3_RGBI_8_Remesa_09.tif","C18C3_RGBI_8_Remesa_09.tif"
"https://visualizador.ide.uy/descargas/datos/CN_Remesa_09/02_Ortoimagenes/02_RGBI_8bits/C18C4_RGBI_8_Remesa_09.tif","C18C4_RGBI_8_Remesa_09.tif"
"https://visualizador.ide.uy/descargas/datos/CN_Remesa_09/02_Ortoimagenes/02_RGBI_8bits/C18C5_RGBI_8_Remesa_09.tif","C18C5_RGBI_8_Remesa_09.tif"
"https://visualizador.ide.uy/descargas/datos/CN_Remesa_09/02_Ortoimagenes/02_RGBI_8bits/C18C6_RGBI_8_Remesa_09.tif","C18C6_RGBI_8_Remesa_09.tif"
"https://visualizador.ide.uy/descargas/datos/CN_Remesa_09/02_Ortoimagenes/02_RGBI_8bits/C18D1_RGBI_8_Remesa_09.tif","C18D1_RGBI_8_Remesa_09.tif"
"https://visualizador.ide.uy/descargas/datos/CN_Remesa_09/02_Ortoimagenes/02_RGBI_8bits/C18D2_RGBI_8_Remesa_09.tif","C18D2_RGBI_8_Remesa_09.tif"
"https://visualizador.ide.uy/descargas/datos/CN_Remesa_09/02_Ortoimagenes/02_RGBI_8bits/C18D3_RGBI_8_Remesa_09.tif","C18D3_RGBI_8_Remesa_09.tif"
"https://visualizador.ide.uy/descargas/datos/CN_Remesa_09/02_Ortoimagenes/02_RGBI_8bits/C18D4_RGBI_8_Remesa_09.tif","C18D4_RGBI_8_Remesa_09.tif"
"https://visualizador.ide.uy/descargas/datos/CN_Remesa_09/02_Ortoimagenes/02_RGBI_8bits/C18D5_RGBI_8_Remesa_09.tif","C18D5_RGBI_8_Remesa_09.tif"
"https://visualizador.ide.uy/descargas/datos/CN_Remesa_09/02_Ortoimagenes/02_RGBI_8bits/C18D6_RGBI_8_Remesa_09.tif","C18D6_RGBI_8_Remesa_09.tif"
"https://visualizador.ide.uy/descargas/datos/CN_Remesa_09/02_Ortoimagenes/02_RGBI_8bits/C19A1_RGBI_8_Remesa_09.tif","C19A1_RGBI_8_Remesa_09.tif"
"https://visualizador.ide.uy/descargas/datos/CN_Remesa_09/02_Ortoimagenes/02_RGBI_8bits/C19A2_RGBI_8_Remesa_09.tif","C19A2_RGBI_8_Remesa_09.tif"
"https://visualizador.ide.uy/descargas/datos/CN_Remesa_09/02_Ortoimagenes/02_RGBI_8bits/C19A3_RGBI_8_Remesa_09.tif","C19A3_RGBI_8_Remesa_09.tif"
"https://visualizador.ide.uy/descargas/datos/CN_Remesa_09/02_Ortoimagenes/02_RGBI_8bits/C19A4_RGBI_8_Remesa_09.tif","C19A4_RGBI_8_Remesa_09.tif"
"https://visualizador.ide.uy/descargas/datos/CN_Remesa_09/02_Ortoimagenes/02_RGBI_8bits/C19A5_RGBI_8_Remesa_09.tif","C19A5_RGBI_8_Remesa_09.tif"
"https://visualizador.ide.uy/descargas/datos/CN_Remesa_09/02_Ortoimagenes/02_RGBI_8bits/C19A6_RGBI_8_Remesa_09.tif","C19A6_RGBI_8_Remesa_09.tif"
"https://visualizador.ide.uy/descargas/datos/CN_Remesa_09/02_Ortoimagenes/02_RGBI_8bits/C19B1_RGBI_8_Remesa_09.tif","C19B1_RGBI_8_Remesa_09.tif"
"https://visualizador.ide.uy/descargas/datos/CN_Remesa_09/02_Ortoimagenes/02_RGBI_8bits/C19B2_RGBI_8_Remesa_09.tif","C19B2_RGBI_8_Remesa_09.tif"
"https://visualizador.ide.uy/descargas/datos/CN_Remesa_09/02_Ortoimagenes/02_RGBI_8bits/C19B3_RGBI_8_Remesa_09.tif","C19B3_RGBI_8_Remesa_09.tif"
"https://visualizador.ide.uy/descargas/datos/CN_Remesa_09/02_Ortoimagenes/02_RGBI_8bits/C19B4_RGBI_8_Remesa_09.tif","C19B4_RGBI_8_Remesa_09.tif"
"https://visualizador.ide.uy/descargas/datos/CN_Remesa_09/02_Ortoimagenes/02_RGBI_8bits/C19B5_RGBI_8_Remesa_09.tif","C19B5_RGBI_8_Remesa_09.tif"
"https://visualizador.ide.uy/descargas/datos/CN_Remesa_09/02_Ortoimagenes/02_RGBI_8bits/C19B6_RGBI_8_Remesa_09.tif","C19B6_RGBI_8_Remesa_09.tif"
"https://visualizador.ide.uy/descargas/datos/CN_Remesa_09/02_Ortoimagenes/02_RGBI_8bits/C19C1_RGBI_8_Remesa_09.tif","C19C1_RGBI_8_Remesa_09.tif"
"https://visualizador.ide.uy/descargas/datos/CN_Remesa_09/02_Ortoimagenes/02_RGBI_8bits/C19C2_RGBI_8_Remesa_09.tif","C19C2_RGBI_8_Remesa_09.tif"
"https://visualizador.ide.uy/descargas/datos/CN_Remesa_09/02_Ortoimagenes/02_RGBI_8bits/C19C3_RGBI_8_Remesa_09.tif","C19C3_RGBI_8_Remesa_09.tif"
"https://visualizador.ide.uy/descargas/datos/CN_Remesa_09/02_Ortoimagenes/02_RGBI_8bits/C19C4_RGBI_8_Remesa_09.tif","C19C4_RGBI_8_Remesa_09.tif"
"https://visualizador.ide.uy/descargas/datos/CN_Remesa_09/02_Ortoimagenes/02_RGBI_8bits/C19C5_RGBI_8_Remesa_09.tif","C19C5_RGBI_8_Remesa_09.tif"
"https://visualizador.ide.uy/descargas/datos/CN_Remesa_09/02_Ortoimagenes/02_RGBI_8bits/C19C6_RGBI_8_Remesa_09.tif","C19C6_RGBI_8_Remesa_09.tif"
"https://visualizador.ide.uy/descargas/datos/CN_Remesa_09/02_Ortoimagenes/02_RGBI_8bits/C19D1_RGBI_8_Remesa_09.tif","C19D1_RGBI_8_Remesa_09.tif"
"https://visualizador.ide.uy/descargas/datos/CN_Remesa_09/02_Ortoimagenes/02_RGBI_8bits/C19D2_RGBI_8_Remesa_09.tif","C19D2_RGBI_8_Remesa_09.tif"
"https://visualizador.ide.uy/descargas/datos/CN_Remesa_09/02_Ortoimagenes/02_RGBI_8bits/C19D3_RGBI_8_Remesa_09.tif","C19D3_RGBI_8_Remesa_09.tif"
"https://visualizador.ide.uy/descargas/datos/CN_Remesa_09/02_Ortoimagenes/02_RGBI_8bits/C19D4_RGBI_8_Remesa_09.tif","C19D4_RGBI_8_Remesa_09.tif"
"https://visualizador.ide.uy/descargas/datos/CN_Remesa_09/02_Ortoimagenes/02_RGBI_8bits/C19D5_RGBI_8_Remesa_09.tif","C19D5_RGBI_8_Remesa_09.tif"
"https://visualizador.ide.uy/descargas/datos/CN_Remesa_09/02_Ortoimagenes/02_RGBI_8bits/C19D6_RGBI_8_Remesa_09.tif","C19D6_RGBI_8_Remesa_09.tif"
"https://visualizador.ide.uy/descargas/datos/CN_Remesa_09/02_Ortoimagenes/02_RGBI_8bits/C20A1_RGBI_8_Remesa_09.tif","C20A1_RGBI_8_Remesa_09.tif"
"https://visualizador.ide.uy/descargas/datos/CN_Remesa_09/02_Ortoimagenes/02_RGBI_8bits/C20A2_RGBI_8_Remesa_09.tif","C20A2_RGBI_8_Remesa_09.tif"
"https://visualizador.ide.uy/descargas/datos/CN_Remesa_09/02_Ortoimagenes/02_RGBI_8bits/C20A3_RGBI_8_Remesa_09.tif","C20A3_RGBI_8_Remesa_09.tif"
"https://visualizador.ide.uy/descargas/datos/CN_Remesa_09/02_Ortoimagenes/02_RGBI_8bits/C20A4_RGBI_8_Remesa_09.tif","C20A4_RGBI_8_Remesa_09.tif"
"https://visualizador.ide.uy/descargas/datos/CN_Remesa_09/02_Ortoimagenes/02_RGBI_8bits/C20A5_RGBI_8_Remesa_09.tif","C20A5_RGBI_8_Remesa_09.tif"
"https://visualizador.ide.uy/descargas/datos/CN_Remesa_09/02_Ortoimagenes/02_RGBI_8bits/C20A6_RGBI_8_Remesa_09.tif","C20A6_RGBI_8_Remesa_09.tif"
"https://visualizador.ide.uy/descargas/datos/CN_Remesa_09/02_Ortoimagenes/02_RGBI_8bits/C20B1_RGBI_8_Remesa_09.tif","C20B1_RGBI_8_Remesa_09.tif"
"https://visualizador.ide.uy/descargas/datos/CN_Remesa_09/02_Ortoimagenes/02_RGBI_8bits/C20B2_RGBI_8_Remesa_09.tif","C20B2_RGBI_8_Remesa_09.tif"
"https://visualizador.ide.uy/descargas/datos/CN_Remesa_09/02_Ortoimagenes/02_RGBI_8bits/C20B3_RGBI_8_Remesa_09.tif","C20B3_RGBI_8_Remesa_09.tif"
"https://visualizador.ide.uy/descargas/datos/CN_Remesa_09/02_Ortoimagenes/02_RGBI_8bits/C20B4_RGBI_8_Remesa_09.tif","C20B4_RGBI_8_Remesa_09.tif"
"https://visualizador.ide.uy/descargas/datos/CN_Remesa_09/02_Ortoimagenes/02_RGBI_8bits/C20B5_RGBI_8_Remesa_09.tif","C20B5_RGBI_8_Remesa_09.tif"
"https://visualizador.ide.uy/descargas/datos/CN_Remesa_09/02_Ortoimagenes/02_RGBI_8bits/C20B6_RGBI_8_Remesa_09.tif","C20B6_RGBI_8_Remesa_09.tif"
"https://visualizador.ide.uy/descargas/datos/CN_Remesa_09/02_Ortoimagenes/02_RGBI_8bits/C20C1_RGBI_8_Remesa_09.tif","C20C1_RGBI_8_Remesa_09.tif"
"https://visualizador.ide.uy/descargas/datos/CN_Remesa_09/02_Ortoimagenes/02_RGBI_8bits/C20C2_RGBI_8_Remesa_09.tif","C20C2_RGBI_8_Remesa_09.tif"
"https://visualizador.ide.uy/descargas/datos/CN_Remesa_09/02_Ortoimagenes/02_RGBI_8bits/C20C3_RGBI_8_Remesa_09.tif","C20C3_RGBI_8_Remesa_09.tif"
"https://visualizador.ide.uy/descargas/datos/CN_Remesa_09/02_Ortoimagenes/02_RGBI_8bits/C20C4_RGBI_8_Remesa_09.tif","C20C4_RGBI_8_Remesa_09.tif"
"https://visualizador.ide.uy/descargas/datos/CN_Remesa_09/02_Ortoimagenes/02_RGBI_8bits/C20C5_RGBI_8_Remesa_09.tif","C20C5_RGBI_8_Remesa_09.tif"
"https://visualizador.ide.uy/descargas/datos/CN_Remesa_09/02_Ortoimagenes/02_RGBI_8bits/C20C6_RGBI_8_Remesa_09.tif","C20C6_RGBI_8_Remesa_09.tif"
"https://visualizador.ide.uy/descargas/datos/CN_Remesa_09/02_Ortoimagenes/02_RGBI_8bits/C20D1_RGBI_8_Remesa_09.tif","C20D1_RGBI_8_Remesa_09.tif"
"https://visualizador.ide.uy/descargas/datos/CN_Remesa_09/02_Ortoimagenes/02_RGBI_8bits/C20D2_RGBI_8_Remesa_09.tif","C20D2_RGBI_8_Remesa_09.tif"
"https://visualizador.ide.uy/descargas/datos/CN_Remesa_09/02_Ortoimagenes/02_RGBI_8bits/C20D3_RGBI_8_Remesa_09.tif","C20D3_RGBI_8_Remesa_09.tif"
"https://visualizador.ide.uy/descargas/datos/CN_Remesa_09/02_Ortoimagenes/02_RGBI_8bits/C20D4_RGBI_8_Remesa_09.tif","C20D4_RGBI_8_Remesa_09.tif"
"https://visualizador.ide.uy/descargas/datos/CN_Remesa_09/02_Ortoimagenes/02_RGBI_8bits/C20D5_RGBI_8_Remesa_09.tif","C20D5_RGBI_8_Remesa_09.tif"
"https://visualizador.ide.uy/descargas/datos/CN_Remesa_09/02_Ortoimagenes/02_RGBI_8bits/C20D6_RGBI_8_Remesa_09.tif","C20D6_RGBI_8_Remesa_09.tif"
"https://visualizador.ide.uy/descargas/datos/CN_Remesa_09/02_Ortoimagenes/02_RGBI_8bits/C21A1_RGBI_8_Remesa_09.tif","C21A1_RGBI_8_Remesa_09.tif"
"https://visualizador.ide.uy/descargas/datos/CN_Remesa_09/02_Ortoimagenes/02_RGBI_8bits/C21A2_RGBI_8_Remesa_09.tif","C21A2_RGBI_8_Remesa_09.tif"
"https://visualizador.ide.uy/descargas/datos/CN_Remesa_09/02_Ortoimagenes/02_RGBI_8bits/C21A3_RGBI_8_Remesa_09.tif","C21A3_RGBI_8_Remesa_09.tif"
"https://visualizador.ide.uy/descargas/datos/CN_Remesa_09/02_Ortoimagenes/02_RGBI_8bits/C21A4_RGBI_8_Remesa_09.tif","C21A4_RGBI_8_Remesa_09.tif"
"https://visualizador.ide.uy/descargas/datos/CN_Remesa_09/02_Ortoimagenes/02_RGBI_8bits/C21A5_RGBI_8_Remesa_09.tif","C21A5_RGBI_8_Remesa_09.tif"
"https://visualizador.ide.uy/descargas/datos/CN_Remesa_09/02_Ortoimagenes/02_RGBI_8bits/C21A6_RGBI_8_Remesa_09.tif","C21A6_RGBI_8_Remesa_09.tif"
"https://visualizador.ide.uy/descargas/datos/CN_Remesa_09/02_Ortoimagenes/02_RGBI_8bits/C21B1_RGBI_8_Remesa_09.tif","C21B1_RGBI_8_Remesa_09.tif"
"https://visualizador.ide.uy/descargas/datos/CN_Remesa_09/02_Ortoimagenes/02_RGBI_8bits/C21B2_RGBI_8_Remesa_09.tif","C21B2_RGBI_8_Remesa_09.tif"
"https://visualizador.ide.uy/descargas/datos/CN_Remesa_09/02_Ortoimagenes/02_RGBI_8bits/C21B3_RGBI_8_Remesa_09.tif","C21B3_RGBI_8_Remesa_09.tif"
"https://visualizador.ide.uy/descargas/datos/CN_Remesa_09/02_Ortoimagenes/02_RGBI_8bits/C21B4_RGBI_8_Remesa_09.tif","C21B4_RGBI_8_Remesa_09.tif"
"https://visualizador.ide.uy/descargas/datos/CN_Remesa_09/02_Ortoimagenes/02_RGBI_8bits/C21B5_RGBI_8_Remesa_09.tif","C21B5_RGBI_8_Remesa_09.tif"
"https://visualizador.ide.uy/descargas/datos/CN_Remesa_09/02_Ortoimagenes/02_RGBI_8bits/C21B6_RGBI_8_Remesa_09.tif","C21B6_RGBI_8_Remesa_09.tif"
"https://visualizador.ide.uy/descargas/datos/CN_Remesa_09/02_Ortoimagenes/02_RGBI_8bits/C21C1_RGBI_8_Remesa_09.tif","C21C1_RGBI_8_Remesa_09.tif"
"https://visualizador.ide.uy/descargas/datos/CN_Remesa_09/02_Ortoimagenes/02_RGBI_8bits/C21C2_RGBI_8_Remesa_09.tif","C21C2_RGBI_8_Remesa_09.tif"
"https://visualizador.ide.uy/descargas/datos/CN_Remesa_09/02_Ortoimagenes/02_RGBI_8bits/C21C3_RGBI_8_Remesa_09.tif","C21C3_RGBI_8_Remesa_09.tif"
"https://visualizador.ide.uy/descargas/datos/CN_Remesa_09/02_Ortoimagenes/02_RGBI_8bits/C21C4_RGBI_8_Remesa_09.tif","C21C4_RGBI_8_Remesa_09.tif"
"https://visualizador.ide.uy/descargas/datos/CN_Remesa_09/02_Ortoimagenes/02_RGBI_8bits/C21C5_RGBI_8_Remesa_09.tif","C21C5_RGBI_8_Remesa_09.tif"
"https://visualizador.ide.uy/descargas/datos/CN_Remesa_09/02_Ortoimagenes/02_RGBI_8bits/C21C6_RGBI_8_Remesa_09.tif","C21C6_RGBI_8_Remesa_09.tif"
"https://visualizador.ide.uy/descargas/datos/CN_Remesa_09/02_Ortoimagenes/02_RGBI_8bits/C21D1_RGBI_8_Remesa_09.tif","C21D1_RGBI_8_Remesa_09.tif"
"https://visualizador.ide.uy/descargas/datos/CN_Remesa_09/02_Ortoimagenes/02_RGBI_8bits/C21D2_RGBI_8_Remesa_09.tif","C21D2_RGBI_8_Remesa_09.tif"
"https://visualizador.ide.uy/descargas/datos/CN_Remesa_09/02_Ortoimagenes/02_RGBI_8bits/C21D3_RGBI_8_Remesa_09.tif","C21D3_RGBI_8_Remesa_09.tif"
"https://visualizador.ide.uy/descargas/datos/CN_Remesa_09/02_Ortoimagenes/02_RGBI_8bits/C21D4_RGBI_8_Remesa_09.tif","C21D4_RGBI_8_Remesa_09.tif"
"https://visualizador.ide.uy/descargas/datos/CN_Remesa_09/02_Ortoimagenes/02_RGBI_8bits/C21D5_RGBI_8_Remesa_09.tif","C21D5_RGBI_8_Remesa_09.tif"
"https://visualizador.ide.uy/descargas/datos/CN_Remesa_09/02_Ortoimagenes/02_RGBI_8bits/C21D6_RGBI_8_Remesa_09.tif","C21D6_RGBI_8_Remesa_09.tif"
"https://visualizador.ide.uy/descargas/datos/CN_Remesa_09/02_Ortoimagenes/02_RGBI_8bits/C22A1_RGBI_8_Remesa_09.tif","C22A1_RGBI_8_Remesa_09.tif"
"https://visualizador.ide.uy/descargas/datos/CN_Remesa_09/02_Ortoimagenes/02_RGBI_8bits/C22A2_RGBI_8_Remesa_09.tif","C22A2_RGBI_8_Remesa_09.tif"
"https://visualizador.ide.uy/descargas/datos/CN_Remesa_09/02_Ortoimagenes/02_RGBI_8bits/C22A3_RGBI_8_Remesa_09.tif","C22A3_RGBI_8_Remesa_09.tif"
"https://visualizador.ide.uy/descargas/datos/CN_Remesa_09/02_Ortoimagenes/02_RGBI_8bits/C22A4_RGBI_8_Remesa_09.tif","C22A4_RGBI_8_Remesa_09.tif"
"https://visualizador.ide.uy/descargas/datos/CN_Remesa_09/02_Ortoimagenes/02_RGBI_8bits/C22A5_RGBI_8_Remesa_09.tif","C22A5_RGBI_8_Remesa_09.tif"
"https://visualizador.ide.uy/descargas/datos/CN_Remesa_09/02_Ortoimagenes/02_RGBI_8bits/C22A6_RGBI_8_Remesa_09.tif","C22A6_RGBI_8_Remesa_09.tif"
"https://visualizador.ide.uy/descargas/datos/CN_Remesa_09/02_Ortoimagenes/02_RGBI_8bits/C22B1_RGBI_8_Remesa_09.tif","C22B1_RGBI_8_Remesa_09.tif"
"https://visualizador.ide.uy/descargas/datos/CN_Remesa_09/02_Ortoimagenes/02_RGBI_8bits/C22B2_RGBI_8_Remesa_09.tif","C22B2_RGBI_8_Remesa_09.tif"
"https://visualizador.ide.uy/descargas/datos/CN_Remesa_09/02_Ortoimagenes/02_RGBI_8bits/C22B3_RGBI_8_Remesa_09.tif","C22B3_RGBI_8_Remesa_09.tif"
"https://visualizador.ide.uy/descargas/datos/CN_Remesa_09/02_Ortoimagenes/02_RGBI_8bits/C22B4_RGBI_8_Remesa_09.tif","C22B4_RGBI_8_Remesa_09.tif"
"https://visualizador.ide.uy/descargas/datos/CN_Remesa_09/02_Ortoimagenes/02_RGBI_8bits/C22B5_RGBI_8_Remesa_09.tif","C22B5_RGBI_8_Remesa_09.tif"
"https://visualizador.ide.uy/descargas/datos/CN_Remesa_09/02_Ortoimagenes/02_RGBI_8bits/C22B6_RGBI_8_Remesa_09.tif","C22B6_RGBI_8_Remesa_09.tif"
"https://visualizador.ide.uy/descargas/datos/CN_Remesa_09/02_Ortoimagenes/02_RGBI_8bits/C22C1_RGBI_8_Remesa_09.tif","C22C1_RGBI_8_Remesa_09.tif"
"https://visualizador.ide.uy/descargas/datos/CN_Remesa_09/02_Ortoimagenes/02_RGBI_8bits/C22C2_RGBI_8_Remesa_09.tif","C22C2_RGBI_8_Remesa_09.tif"
"https://visualizador.ide.uy/descargas/datos/CN_Remesa_09/02_Ortoimagenes/02_RGBI_8bits/C22C3_RGBI_8_Remesa_09.tif","C22C3_RGBI_8_Remesa_09.tif"
"https://visualizador.ide.uy/descargas/datos/CN_Remesa_09/02_Ortoimagenes/02_RGBI_8bits/C22C4_RGBI_8_Remesa_09.tif","C22C4_RGBI_8_Remesa_09.tif"
"https://visualizador.ide.uy/descargas/datos/CN_Remesa_09/02_Ortoimagenes/02_RGBI_8bits/C22C5_RGBI_8_Remesa_09.tif","C22C5_RGBI_8_Remesa_09.tif"
"https://visualizador.ide.uy/descargas/datos/CN_Remesa_09/02_Ortoimagenes/02_RGBI_8bits/C22C6_RGBI_8_Remesa_09.tif","C22C6_RGBI_8_Remesa_09.tif"
"https://visualizador.ide.uy/descargas/datos/CN_Remesa_09/02_Ortoimagenes/02_RGBI_8bits/C22D1_RGBI_8_Remesa_09.tif","C22D1_RGBI_8_Remesa_09.tif"
"https://visualizador.ide.uy/descargas/datos/CN_Remesa_09/02_Ortoimagenes/02_RGBI_8bits/C22D2_RGBI_8_Remesa_09.tif","C22D2_RGBI_8_Remesa_09.tif"
"https://visualizador.ide.uy/descargas/datos/CN_Remesa_09/02_Ortoimagenes/02_RGBI_8bits/C22D3_RGBI_8_Remesa_09.tif","C22D3_RGBI_8_Remesa_09.tif"
"https://visualizador.ide.uy/descargas/datos/CN_Remesa_09/02_Ortoimagenes/02_RGBI_8bits/C22D4_RGBI_8_Remesa_09.tif","C22D4_RGBI_8_Remesa_09.tif"
"https://visualizador.ide.uy/descargas/datos/CN_Remesa_09/02_Ortoimagenes/02_RGBI_8bits/C22D5_RGBI_8_Remesa_09.tif","C22D5_RGBI_8_Remesa_09.tif"
"https://visualizador.ide.uy/descargas/datos/CN_Remesa_09/02_Ortoimagenes/02_RGBI_8bits/C22D6_RGBI_8_Remesa_09.tif","C22D6_RGBI_8_Remesa_09.tif"
"https://visualizador.ide.uy/descargas/datos/CN_Remesa_09/02_Ortoimagenes/02_RGBI_8bits/C23A1_RGBI_8_Remesa_09.tif","C23A1_RGBI_8_Remesa_09.tif"
"https://visualizador.ide.uy/descargas/datos/CN_Remesa_09/02_Ortoimagenes/02_RGBI_8bits/C23A2_RGBI_8_Remesa_09.tif","C23A2_RGBI_8_Remesa_09.tif"
"https://visualizador.ide.uy/descargas/datos/CN_Remesa_09/02_Ortoimagenes/02_RGBI_8bits/C23A3_RGBI_8_Remesa_09.tif","C23A3_RGBI_8_Remesa_09.tif"
"https://visualizador.ide.uy/descargas/datos/CN_Remesa_09/02_Ortoimagenes/02_RGBI_8bits/C23A4_RGBI_8_Remesa_09.tif","C23A4_RGBI_8_Remesa_09.tif"
"https://visualizador.ide.uy/descargas/datos/CN_Remesa_09/02_Ortoimagenes/02_RGBI_8bits/C23A5_RGBI_8_Remesa_09.tif","C23A5_RGBI_8_Remesa_09.tif"
"https://visualizador.ide.uy/descargas/datos/CN_Remesa_09/02_Ortoimagenes/02_RGBI_8bits/C23A6_RGBI_8_Remesa_09.tif","C23A6_RGBI_8_Remesa_09.tif"
"https://visualizador.ide.uy/descargas/datos/CN_Remesa_09/02_Ortoimagenes/02_RGBI_8bits/C23B1_RGBI_8_Remesa_09.tif","C23B1_RGBI_8_Remesa_09.tif"
"https://visualizador.ide.uy/descargas/datos/CN_Remesa_09/02_Ortoimagenes/02_RGBI_8bits/C23B2_RGBI_8_Remesa_09.tif","C23B2_RGBI_8_Remesa_09.tif"
"https://visualizador.ide.uy/descargas/datos/CN_Remesa_09/02_Ortoimagenes/02_RGBI_8bits/C23B3_RGBI_8_Remesa_09.tif","C23B3_RGBI_8_Remesa_09.tif"
"https://visualizador.ide.uy/descargas/datos/CN_Remesa_09/02_Ortoimagenes/02_RGBI_8bits/C23B4_RGBI_8_Remesa_09.tif","C23B4_RGBI_8_Remesa_09.tif"
"https://visualizador.ide.uy/descargas/datos/CN_Remesa_09/02_Ortoimagenes/02_RGBI_8bits/C23B5_RGBI_8_Remesa_09.tif","C23B5_RGBI_8_Remesa_09.tif"
"https://visualizador.ide.uy/descargas/datos/CN_Remesa_09/02_Ortoimagenes/02_RGBI_8bits/C23B6_RGBI_8_Remesa_09.tif","C23B6_RGBI_8_Remesa_09.tif"
"https://visualizador.ide.uy/descargas/datos/CN_Remesa_09/02_Ortoimagenes/02_RGBI_8bits/C23C1_RGBI_8_Remesa_09.tif","C23C1_RGBI_8_Remesa_09.tif"
"https://visualizador.ide.uy/descargas/datos/CN_Remesa_09/02_Ortoimagenes/02_RGBI_8bits/C23C2_RGBI_8_Remesa_09.tif","C23C2_RGBI_8_Remesa_09.tif"
"https://visualizador.ide.uy/descargas/datos/CN_Remesa_09/02_Ortoimagenes/02_RGBI_8bits/C23C3_RGBI_8_Remesa_09.tif","C23C3_RGBI_8_Remesa_09.tif"
"https://visualizador.ide.uy/descargas/datos/CN_Remesa_09/02_Ortoimagenes/02_RGBI_8bits/C23C4_RGBI_8_Remesa_09.tif","C23C4_RGBI_8_Remesa_09.tif"
"https://visualizador.ide.uy/descargas/datos/CN_Remesa_09/02_Ortoimagenes/02_RGBI_8bits/C23C5_RGBI_8_Remesa_09.tif","C23C5_RGBI_8_Remesa_09.tif"
"https://visualizador.ide.uy/descargas/datos/CN_Remesa_09/02_Ortoimagenes/02_RGBI_8bits/C23C6_RGBI_8_Remesa_09.tif","C23C6_RGBI_8_Remesa_09.tif"
"https://visualizador.ide.uy/descargas/datos/CN_Remesa_09/02_Ortoimagenes/02_RGBI_8bits/C23D1_RGBI_8_Remesa_09.tif","C23D1_RGBI_8_Remesa_09.tif"
"https://visualizador.ide.uy/descargas/datos/CN_Remesa_09/02_Ortoimagenes/02_RGBI_8bits/C23D2_RGBI_8_Remesa_09.tif","C23D2_RGBI_8_Remesa_09.tif"
"https://visualizador.ide.uy/descargas/datos/CN_Remesa_09/02_Ortoimagenes/02_RGBI_8bits/C23D3_RGBI_8_Remesa_09.tif","C23D3_RGBI_8_Remesa_09.tif"
"https://visualizador.ide.uy/descargas/datos/CN_Remesa_09/02_Ortoimagenes/02_RGBI_8bits/C23D4_RGBI_8_Remesa_09.tif","C23D4_RGBI_8_Remesa_09.tif"
"https://visualizador.ide.uy/descargas/datos/CN_Remesa_09/02_Ortoimagenes/02_RGBI_8bits/C23D5_RGBI_8_Remesa_09.tif","C23D5_RGBI_8_Remesa_09.tif"
"https://visualizador.ide.uy/descargas/datos/CN_Remesa_09/02_Ortoimagenes/02_RGBI_8bits/C23D6_RGBI_8_Remesa_09.tif","C23D6_RGBI_8_Remesa_09.tif"
"https://visualizador.ide.uy/descargas/datos/CN_Remesa_09/02_Ortoimagenes/02_RGBI_8bits/C24A1_RGBI_8_Remesa_09.tif","C24A1_RGBI_8_Remesa_09.tif"
"https://visualizador.ide.uy/descargas/datos/CN_Remesa_09/02_Ortoimagenes/02_RGBI_8bits/C24A2_RGBI_8_Remesa_09.tif","C24A2_RGBI_8_Remesa_09.tif"
"https://visualizador.ide.uy/descargas/datos/CN_Remesa_09/02_Ortoimagenes/02_RGBI_8bits/C24A3_RGBI_8_Remesa_09.tif","C24A3_RGBI_8_Remesa_09.tif"
"https://visualizador.ide.uy/descargas/datos/CN_Remesa_09/02_Ortoimagenes/02_RGBI_8bits/C24A4_RGBI_8_Remesa_09.tif","C24A4_RGBI_8_Remesa_09.tif"
"https://visualizador.ide.uy/descargas/datos/CN_Remesa_09/02_Ortoimagenes/02_RGBI_8bits/C24A5_RGBI_8_Remesa_09.tif","C24A5_RGBI_8_Remesa_09.tif"
"https://visualizador.ide.uy/descargas/datos/CN_Remesa_09/02_Ortoimagenes/02_RGBI_8bits/C24A6_RGBI_8_Remesa_09.tif","C24A6_RGBI_8_Remesa_09.tif"
"https://visualizador.ide.uy/descargas/datos/CN_Remesa_09/02_Ortoimagenes/02_RGBI_8bits/C24B1_RGBI_8_Remesa_09.tif","C24B1_RGBI_8_Remesa_09.tif"
"https://visualizador.ide.uy/descargas/datos/CN_Remesa_09/02_Ortoimagenes/02_RGBI_8bits/C24B2_RGBI_8_Remesa_09.tif","C24B2_RGBI_8_Remesa_09.tif"
"https://visualizador.ide.uy/descargas/datos/CN_Remesa_09/02_Ortoimagenes/02_RGBI_8bits/C24B3_RGBI_8_Remesa_09.tif","C24B3_RGBI_8_Remesa_09.tif"
"https://visualizador.ide.uy/descargas/datos/CN_Remesa_09/02_Ortoimagenes/02_RGBI_8bits/C24B4_RGBI_8_Remesa_09.tif","C24B4_RGBI_8_Remesa_09.tif"
"https://visualizador.ide.uy/descargas/datos/CN_Remesa_09/02_Ortoimagenes/02_RGBI_8bits/C24B5_RGBI_8_Remesa_09.tif","C24B5_RGBI_8_Remesa_09.tif"
"https://visualizador.ide.uy/descargas/datos/CN_Remesa_09/02_Ortoimagenes/02_RGBI_8bits/C24B6_RGBI_8_Remesa_09.tif","C24B6_RGBI_8_Remesa_09.tif"
"https://visualizador.ide.uy/descargas/datos/CN_Remesa_09/02_Ortoimagenes/02_RGBI_8bits/C24C1_RGBI_8_Remesa_09.tif","C24C1_RGBI_8_Remesa_09.tif"
"https://visualizador.ide.uy/descargas/datos/CN_Remesa_09/02_Ortoimagenes/02_RGBI_8bits/C24C2_RGBI_8_Remesa_09.tif","C24C2_RGBI_8_Remesa_09.tif"
"https://visualizador.ide.uy/descargas/datos/CN_Remesa_09/02_Ortoimagenes/02_RGBI_8bits/C24C3_RGBI_8_Remesa_09.tif","C24C3_RGBI_8_Remesa_09.tif"
"https://visualizador.ide.uy/descargas/datos/CN_Remesa_09/02_Ortoimagenes/02_RGBI_8bits/C24C4_RGBI_8_Remesa_09.tif","C24C4_RGBI_8_Remesa_09.tif"
"https://visualizador.ide.uy/descargas/datos/CN_Remesa_09/02_Ortoimagenes/02_RGBI_8bits/C24C5_RGBI_8_Remesa_09.tif","C24C5_RGBI_8_Remesa_09.tif"
"https://visualizador.ide.uy/descargas/datos/CN_Remesa_09/02_Ortoimagenes/02_RGBI_8bits/C24C6_RGBI_8_Remesa_09.tif","C24C6_RGBI_8_Remesa_09.tif"
"https://visualizador.ide.uy/descargas/datos/CN_Remesa_09/02_Ortoimagenes/02_RGBI_8bits/C24D1_RGBI_8_Remesa_09.tif","C24D1_RGBI_8_Remesa_09.tif"
"https://visualizador.ide.uy/descargas/datos/CN_Remesa_09/02_Ortoimagenes/02_RGBI_8bits/C24D2_RGBI_8_Remesa_09.tif","C24D2_RGBI_8_Remesa_09.tif"
"https://visualizador.ide.uy/descargas/datos/CN_Remesa_09/02_Ortoimagenes/02_RGBI_8bits/C24D3_RGBI_8_Remesa_09.tif","C24D3_RGBI_8_Remesa_09.tif"
"https://visualizador.ide.uy/descargas/datos/CN_Remesa_09/02_Ortoimagenes/02_RGBI_8bits/C24D4_RGBI_8_Remesa_09.tif","C24D4_RGBI_8_Remesa_09.tif"
"https://visualizador.ide.uy/descargas/datos/CN_Remesa_09/02_Ortoimagenes/02_RGBI_8bits/C24D5_RGBI_8_Remesa_09.tif","C24D5_RGBI_8_Remesa_09.tif"
"https://visualizador.ide.uy/descargas/datos/CN_Remesa_09/02_Ortoimagenes/02_RGBI_8bits/C24D6_RGBI_8_Remesa_09.tif","C24D6_RGBI_8_Remesa_09.tif"
"https://visualizador.ide.uy/descargas/datos/CN_Remesa_09/02_Ortoimagenes/02_RGBI_8bits/C25A1_RGBI_8_Remesa_09.tif","C25A1_RGBI_8_Remesa_09.tif"
"https://visualizador.ide.uy/descargas/datos/CN_Remesa_09/02_Ortoimagenes/02_RGBI_8bits/C25A2_RGBI_8_Remesa_09.tif","C25A2_RGBI_8_Remesa_09.tif"
"https://visualizador.ide.uy/descargas/datos/CN_Remesa_09/02_Ortoimagenes/02_RGBI_8bits/C25A3_RGBI_8_Remesa_09.tif","C25A3_RGBI_8_Remesa_09.tif"
"https://visualizador.ide.uy/descargas/datos/CN_Remesa_09/02_Ortoimagenes/02_RGBI_8bits/C25A4_RGBI_8_Remesa_09.tif","C25A4_RGBI_8_Remesa_09.tif"
"https://visualizador.ide.uy/descargas/datos/CN_Remesa_09/02_Ortoimagenes/02_RGBI_8bits/C25A5_RGBI_8_Remesa_09.tif","C25A5_RGBI_8_Remesa_09.tif"
"https://visualizador.ide.uy/descargas/datos/CN_Remesa_09/02_Ortoimagenes/02_RGBI_8bits/C25A6_RGBI_8_Remesa_09.tif","C25A6_RGBI_8_Remesa_09.tif"
"https://visualizador.ide.uy/descargas/datos/CN_Remesa_09/02_Ortoimagenes/02_RGBI_8bits/C25B1_RGBI_8_Remesa_09.tif","C25B1_RGBI_8_Remesa_09.tif"
"https://visualizador.ide.uy/descargas/datos/CN_Remesa_09/02_Ortoimagenes/02_RGBI_8bits/C25B2_RGBI_8_Remesa_09.tif","C25B2_RGBI_8_Remesa_09.tif"
"https://visualizador.ide.uy/descargas/datos/CN_Remesa_09/02_Ortoimagenes/02_RGBI_8bits/C25B3_RGBI_8_Remesa_09.tif","C25B3_RGBI_8_Remesa_09.tif"
"https://visualizador.ide.uy/descargas/datos/CN_Remesa_09/02_Ortoimagenes/02_RGBI_8bits/C25B4_RGBI_8_Remesa_09.tif","C25B4_RGBI_8_Remesa_09.tif"
"https://visualizador.ide.uy/descargas/datos/CN_Remesa_09/02_Ortoimagenes/02_RGBI_8bits/C25B5_RGBI_8_Remesa_09.tif","C25B5_RGBI_8_Remesa_09.tif"
"https://visualizador.ide.uy/descargas/datos/CN_Remesa_09/02_Ortoimagenes/02_RGBI_8bits/C25B6_RGBI_8_Remesa_09.tif","C25B6_RGBI_8_Remesa_09.tif"
"https://visualizador.ide.uy/descargas/datos/CN_Remesa_09/02_Ortoimagenes/02_RGBI_8bits/C25C1_RGBI_8_Remesa_09.tif","C25C1_RGBI_8_Remesa_09.tif"
"https://visualizador.ide.uy/descargas/datos/CN_Remesa_09/02_Ortoimagenes/02_RGBI_8bits/C25C2_RGBI_8_Remesa_09.tif","C25C2_RGBI_8_Remesa_09.tif"
"https://visualizador.ide.uy/descargas/datos/CN_Remesa_09/02_Ortoimagenes/02_RGBI_8bits/C25C3_RGBI_8_Remesa_09.tif","C25C3_RGBI_8_Remesa_09.tif"
"https://visualizador.ide.uy/descargas/datos/CN_Remesa_09/02_Ortoimagenes/02_RGBI_8bits/C25C4_RGBI_8_Remesa_09.tif","C25C4_RGBI_8_Remesa_09.tif"
"https://visualizador.ide.uy/descargas/datos/CN_Remesa_09/02_Ortoimagenes/02_RGBI_8bits/C25C5_RGBI_8_Remesa_09.tif","C25C5_RGBI_8_Remesa_09.tif"
"https://visualizador.ide.uy/descargas/datos/CN_Remesa_09/02_Ortoimagenes/02_RGBI_8bits/C25C6_RGBI_8_Remesa_09.tif","C25C6_RGBI_8_Remesa_09.tif"
"https://visualizador.ide.uy/descargas/datos/CN_Remesa_09/02_Ortoimagenes/02_RGBI_8bits/C25D1_RGBI_8_Remesa_09.tif","C25D1_RGBI_8_Remesa_09.tif"
"https://visualizador.ide.uy/descargas/datos/CN_Remesa_09/02_Ortoimagenes/02_RGBI_8bits/C25D2_RGBI_8_Remesa_09.tif","C25D2_RGBI_8_Remesa_09.tif"
"https://visualizador.ide.uy/descargas/datos/CN_Remesa_09/02_Ortoimagenes/02_RGBI_8bits/C25D3_RGBI_8_Remesa_09.tif","C25D3_RGBI_8_Remesa_09.tif"
"https://visualizador.ide.uy/descargas/datos/CN_Remesa_09/02_Ortoimagenes/02_RGBI_8bits/C25D4_RGBI_8_Remesa_09.tif","C25D4_RGBI_8_Remesa_09.tif"
"https://visualizador.ide.uy/descargas/datos/CN_Remesa_09/02_Ortoimagenes/02_RGBI_8bits/C25D5_RGBI_8_Remesa_09.tif","C25D5_RGBI_8_Remesa_09.tif"
"https://visualizador.ide.uy/descargas/datos/CN_Remesa_09/02_Ortoimagenes/02_RGBI_8bits/C25D6_RGBI_8_Remesa_09.tif","C25D6_RGBI_8_Remesa_09.tif"
"https://visualizador.ide.uy/descargas/datos/CN_Remesa_09/02_Ortoimagenes/02_RGBI_8bits/C26A1_RGBI_8_Remesa_09.tif","C26A1_RGBI_8_Remesa_09.tif"
"https://visualizador.ide.uy/descargas/datos/CN_Remesa_09/02_Ortoimagenes/02_RGBI_8bits/C26A2_RGBI_8_Remesa_09.tif","C26A2_RGBI_8_Remesa_09.tif"
"https://visualizador.ide.uy/descargas/datos/CN_Remesa_09/02_Ortoimagenes/02_RGBI_8bits/C26A3_RGBI_8_Remesa_09.tif","C26A3_RGBI_8_Remesa_09.tif"
"https://visualizador.ide.uy/descargas/datos/CN_Remesa_09/02_Ortoimagenes/02_RGBI_8bits/C26A4_RGBI_8_Remesa_09.tif","C26A4_RGBI_8_Remesa_09.tif"
"https://visualizador.ide.uy/descargas/datos/CN_Remesa_09/02_Ortoimagenes/02_RGBI_8bits/C26A5_RGBI_8_Remesa_09.tif","C26A5_RGBI_8_Remesa_09.tif"
"https://visualizador.ide.uy/descargas/datos/CN_Remesa_09/02_Ortoimagenes/02_RGBI_8bits/C26A6_RGBI_8_Remesa_09.tif","C26A6_RGBI_8_Remesa_09.tif"
"https://visualizador.ide.uy/descargas/datos/CN_Remesa_09/02_Ortoimagenes/02_RGBI_8bits/C26B1_RGBI_8_Remesa_09.tif","C26B1_RGBI_8_Remesa_09.tif"
"https://visualizador.ide.uy/descargas/datos/CN_Remesa_09/02_Ortoimagenes/02_RGBI_8bits/C26B2_RGBI_8_Remesa_09.tif","C26B2_RGBI_8_Remesa_09.tif"
"https://visualizador.ide.uy/descargas/datos/CN_Remesa_09/02_Ortoimagenes/02_RGBI_8bits/C26B3_RGBI_8_Remesa_09.tif","C26B3_RGBI_8_Remesa_09.tif"
"https://visualizador.ide.uy/descargas/datos/CN_Remesa_09/02_Ortoimagenes/02_RGBI_8bits/C26B4_RGBI_8_Remesa_09.tif","C26B4_RGBI_8_Remesa_09.tif"
"https://visualizador.ide.uy/descargas/datos/CN_Remesa_09/02_Ortoimagenes/02_RGBI_8bits/C26B5_RGBI_8_Remesa_09.tif","C26B5_RGBI_8_Remesa_09.tif"
"https://visualizador.ide.uy/descargas/datos/CN_Remesa_09/02_Ortoimagenes/02_RGBI_8bits/C26C1_RGBI_8_Remesa_09.tif","C26C1_RGBI_8_Remesa_09.tif"
"https://visualizador.ide.uy/descargas/datos/CN_Remesa_09/02_Ortoimagenes/02_RGBI_8bits/C26C2_RGBI_8_Remesa_09.tif","C26C2_RGBI_8_Remesa_09.tif"
"https://visualizador.ide.uy/descargas/datos/CN_Remesa_09/02_Ortoimagenes/02_RGBI_8bits/C26C3_RGBI_8_Remesa_09.tif","C26C3_RGBI_8_Remesa_09.tif"
"https://visualizador.ide.uy/descargas/datos/CN_Remesa_09/02_Ortoimagenes/02_RGBI_8bits/C26C4_RGBI_8_Remesa_09.tif","C26C4_RGBI_8_Remesa_09.tif"
"https://visualizador.ide.uy/descargas/datos/CN_Remesa_09/02_Ortoimagenes/02_RGBI_8bits/C26C5_RGBI_8_Remesa_09.tif","C26C5_RGBI_8_Remesa_09.tif"
"https://visualizador.ide.uy/descargas/datos/CN_Remesa_09/02_Ortoimagenes/02_RGBI_8bits/C26C6_RGBI_8_Remesa_09.tif","C26C6_RGBI_8_Remesa_09.tif"
"https://visualizador.ide.uy/descargas/datos/CN_Remesa_09/02_Ortoimagenes/02_RGBI_8bits/C26D1_RGBI_8_Remesa_09.tif","C26D1_RGBI_8_Remesa_09.tif"
"https://visualizador.ide.uy/descargas/datos/CN_Remesa_09/02_Ortoimagenes/02_RGBI_8bits/C26D2_RGBI_8_Remesa_09.tif","C26D2_RGBI_8_Remesa_09.tif"
"https://visualizador.ide.uy/descargas/datos/CN_Remesa_09/02_Ortoimagenes/02_RGBI_8bits/C26D4_RGBI_8_Remesa_09.tif","C26D4_RGBI_8_Remesa_09.tif"
"https://visualizador.ide.uy/descargas/datos/CN_Remesa_09/02_Ortoimagenes/02_RGBI_8bits/C26D5_RGBI_8_Remesa_09.tif","C26D5_RGBI_8_Remesa_09.tif"
"https://visualizador.ide.uy/descargas/datos/CN_Remesa_09/02_Ortoimagenes/02_RGBI_8bits/C27A1_RGBI_8_Remesa_09.tif","C27A1_RGBI_8_Remesa_09.tif"
"https://visualizador.ide.uy/descargas/datos/CN_Remesa_09/02_Ortoimagenes/02_RGBI_8bits/C27A2_RGBI_8_Remesa_09.tif","C27A2_RGBI_8_Remesa_09.tif"
"https://visualizador.ide.uy/descargas/datos/CN_Remesa_09/02_Ortoimagenes/02_RGBI_8bits/C27A3_RGBI_8_Remesa_09.tif","C27A3_RGBI_8_Remesa_09.tif"
"https://visualizador.ide.uy/descargas/datos/CN_Remesa_09/02_Ortoimagenes/02_RGBI_8bits/C27A4_RGBI_8_Remesa_09.tif","C27A4_RGBI_8_Remesa_09.tif"
"https://visualizador.ide.uy/descargas/datos/CN_Remesa_09/02_Ortoimagenes/02_RGBI_8bits/C27A5_RGBI_8_Remesa_09.tif","C27A5_RGBI_8_Remesa_09.tif"
"https://visualizador.ide.uy/descargas/datos/CN_Remesa_09/02_Ortoimagenes/02_RGBI_8bits/C27A6_RGBI_8_Remesa_09.tif","C27A6_RGBI_8_Remesa_09.tif"
"https://visualizador.ide.uy/descargas/datos/CN_Remesa_09/02_Ortoimagenes/02_RGBI_8bits/C27B1_RGBI_8_Remesa_09.tif","C27B1_RGBI_8_Remesa_09.tif"
"https://visualizador.ide.uy/descargas/datos/CN_Remesa_09/02_Ortoimagenes/02_RGBI_8bits/C27B2_RGBI_8_Remesa_09.tif","C27B2_RGBI_8_Remesa_09.tif"
"https://visualizador.ide.uy/descargas/datos/CN_Remesa_09/02_Ortoimagenes/02_RGBI_8bits/C27B4_RGBI_8_Remesa_09.tif","C27B4_RGBI_8_Remesa_09.tif"
"https://visualizador.ide.uy/descargas/datos/CN_Remesa_09/02_Ortoimagenes/02_RGBI_8bits/C27C1_RGBI_8_Remesa_09.tif","C27C1_RGBI_8_Remesa_09.tif"
"https://visualizador.ide.uy/descargas/datos/CN_Remesa_09/02_Ortoimagenes/02_RGBI_8bits/C27C2_RGBI_8_Remesa_09.tif","C27C2_RGBI_8_Remesa_09.tif"
"https://visualizador.ide.uy/descargas/datos/CN_Remesa_09/02_Ortoimagenes/02_RGBI_8bits/C27C4_RGBI_8_Remesa_09.tif","C27C4_RGBI_8_Remesa_09.tif"
"https://visualizador.ide.uy/descargas/datos/CN_Remesa_09/02_Ortoimagenes/02_RGBI_8bits/D19D6_RGBI_8_Remesa_09.tif","D19D6_RGBI_8_Remesa_09.tif"
"https://visualizador.ide.uy/descargas/datos/CN_Remesa_09/02_Ortoimagenes/02_RGBI_8bits/D20B3_RGBI_8_Remesa_09.tif","D20B3_RGBI_8_Remesa_09.tif"
"https://visualizador.ide.uy/descargas/datos/CN_Remesa_09/02_Ortoimagenes/02_RGBI_8bits/D20B6_RGBI_8_Remesa_09.tif","D20B6_RGBI_8_Remesa_09.tif"
"https://visualizador.ide.uy/descargas/datos/CN_Remesa_09/02_Ortoimagenes/02_RGBI_8bits/D20D3_RGBI_8_Remesa_09.tif","D20D3_RGBI_8_Remesa_09.tif"
"https://visualizador.ide.uy/descargas/datos/CN_Remesa_09/02_Ortoimagenes/02_RGBI_8bits/D20D6_RGBI_8_Remesa_09.tif","D20D6_RGBI_8_Remesa_09.tif"
"https://visualizador.ide.uy/descargas/datos/CN_Remesa_09/02_Ortoimagenes/02_RGBI_8bits/D21B3_RGBI_8_Remesa_09.tif","D21B3_RGBI_8_Remesa_09.tif"
"https://visualizador.ide.uy/descargas/datos/CN_Remesa_09/02_Ortoimagenes/02_RGBI_8bits/D21B6_RGBI_8_Remesa_09.tif","D21B6_RGBI_8_Remesa_09.tif"
"https://visualizador.ide.uy/descargas/datos/CN_Remesa_09/02_Ortoimagenes/02_RGBI_8bits/D21D3_RGBI_8_Remesa_09.tif","D21D3_RGBI_8_Remesa_09.tif"
"https://visualizador.ide.uy/descargas/datos/CN_Remesa_09/02_Ortoimagenes/02_RGBI_8bits/D21D6_RGBI_8_Remesa_09.tif","D21D6_RGBI_8_Remesa_09.tif"
"https://visualizador.ide.uy/descargas/datos/CN_Remesa_09/02_Ortoimagenes/02_RGBI_8bits/D22B3_RGBI_8_Remesa_09.tif","D22B3_RGBI_8_Remesa_09.tif"
"https://visualizador.ide.uy/descargas/datos/CN_Remesa_09/02_Ortoimagenes/02_RGBI_8bits/D22B6_RGBI_8_Remesa_09.tif","D22B6_RGBI_8_Remesa_09.tif"
"https://visualizador.ide.uy/descargas/datos/CN_Remesa_09/02_Ortoimagenes/02_RGBI_8bits/D22D3_RGBI_8_Remesa_09.tif","D22D3_RGBI_8_Remesa_09.tif"
"https://visualizador.ide.uy/descargas/datos/CN_Remesa_09/02_Ortoimagenes/02_RGBI_8bits/D22D6_RGBI_8_Remesa_09.tif","D22D6_RGBI_8_Remesa_09.tif"
"https://visualizador.ide.uy/descargas/datos/CN_Remesa_09/02_Ortoimagenes/02_RGBI_8bits/D23B3_RGBI_8_Remesa_09.tif","D23B3_RGBI_8_Remesa_09.tif"
"https://visualizador.ide.uy/descargas/datos/CN_Remesa_09/02_Ortoimagenes/02_RGBI_8bits/D23B6_RGBI_8_Remesa_09.tif","D23B6_RGBI_8_Remesa_09.tif"
"https://visualizador.ide.uy/descargas/datos/CN_Remesa_09/02_Ortoimagenes/02_RGBI_8bits/D23D3_RGBI_8_Remesa_09.tif","D23D3_RGBI_8_Remesa_09.tif"
"https://visualizador.ide.uy/descargas/datos/CN_Remesa_09/02_Ortoimagenes/02_RGBI_8bits/D23D6_RGBI_8_Remesa_09.tif","D23D6_RGBI_8_Remesa_09.tif"
"https://visualizador.ide.uy/descargas/datos/CN_Remesa_09/02_Ortoimagenes/02_RGBI_8bits/D24B3_RGBI_8_Remesa_09.tif","D24B3_RGBI_8_Remesa_09.tif"
"https://visualizador.ide.uy/descargas/datos/CN_Remesa_09/02_Ortoimagenes/02_RGBI_8bits/D24B6_RGBI_8_Remesa_09.tif","D24B6_RGBI_8_Remesa_09.tif"
"https://visualizador.ide.uy/descargas/datos/CN_Remesa_09/02_Ortoimagenes/02_RGBI_8bits/D24D3_RGBI_8_Remesa_09.tif","D24D3_RGBI_8_Remesa_09.tif"
"https://visualizador.ide.uy/descargas/datos/CN_Remesa_09/02_Ortoimagenes/02_RGBI_8bits/D24D6_RGBI_8_Remesa_09.tif","D24D6_RGBI_8_Remesa_09.tif"
"https://visualizador.ide.uy/descargas/datos/CN_Remesa_09/02_Ortoimagenes/02_RGBI_8bits/D25B3_RGBI_8_Remesa_09.tif","D25B3_RGBI_8_Remesa_09.tif"
"https://visualizador.ide.uy/descargas/datos/CN_Remesa_09/02_Ortoimagenes/02_RGBI_8bits/D25B6_RGBI_8_Remesa_09.tif","D25B6_RGBI_8_Remesa_09.tif"
"https://visualizador.ide.uy/descargas/datos/CN_Remesa_09/02_Ortoimagenes/02_RGBI_8bits/D25D3_RGBI_8_Remesa_09.tif","D25D3_RGBI_8_Remesa_09.tif"
"https://visualizador.ide.uy/descargas/datos/CN_Remesa_09/02_Ortoimagenes/02_RGBI_8bits/D25D6_RGBI_8_Remesa_09.tif","D25D6_RGBI_8_Remesa_09.tif"
"https://visualizador.ide.uy/descargas/datos/CN_Remesa_09/02_Ortoimagenes/02_RGBI_8bits/D26B3_RGBI_8_Remesa_09.tif","D26B3_RGBI_8_Remesa_09.tif"
"https://visualizador.ide.uy/descargas/datos/CN_Remesa_09/02_Ortoimagenes/02_RGBI_8bits/D26B6_RGBI_8_Remesa_09.tif","D26B6_RGBI_8_Remesa_09.tif"
"https://visualizador.ide.uy/descargas/datos/CN_Remesa_09/02_Ortoimagenes/02_RGBI_8bits/D26D3_RGBI_8_Remesa_09.tif","D26D3_RGBI_8_Remesa_09.tif"
"https://visualizador.ide.uy/descargas/datos/CN_Remesa_09/02_Ortoimagenes/02_RGBI_8bits/D26D6_RGBI_8_Remesa_09.tif","D26D6_RGBI_8_Remesa_09.tif"
"https://visualizador.ide.uy/descargas/datos/CN_Remesa_09/02_Ortoimagenes/02_RGBI_8bits/D27B3_RGBI_8_Remesa_09.tif","D27B3_RGBI_8_Remesa_09.tif"
"https://visualizador.ide.uy/descargas/datos/CN_Remesa_09/02_Ortoimagenes/02_RGBI_8bits/D27B6_RGBI_8_Remesa_09.tif","D27B6_RGBI_8_Remesa_09.tif"
"https://visualizador.ide.uy/descargas/datos/CN_Remesa_09/02_Ortoimagenes/02_RGBI_8bits/D27D3_RGBI_8_Remesa_09.tif","D27D3_RGBI_8_Remesa_09.tif"
"https://visualizador.ide.uy/descargas/datos/CN_Remesa_09/02_Ortoimagenes/02_RGBI_8bits/D27D6_RGBI_8_Remesa_09.tif","D27D6_RGBI_8_Remesa_09.tif"
"https://visualizador.ide.uy/descargas/datos/CN_Remesa_09/02_Ortoimagenes/02_RGBI_8bits/D28B3_RGBI_8_Remesa_09.tif","D28B3_RGBI_8_Remesa_09.tif"
"https://visualizador.ide.uy/descargas/datos/CN_Remesa_09/02_Ortoimagenes/02_RGBI_8bits/Thumbs.db","Thumbs.db"
