"href","text"
"https://visualizador.ide.uy/descargas/datos/CN_Remesa_04/02_Ortoimagenes/04_Herramientas_de_apoyo/?C=N;O=D","Nombre:"
"https://visualizador.ide.uy/descargas/datos/CN_Remesa_04/02_Ortoimagenes/04_Herramientas_de_apoyo/?C=S;O=A","Size"
"https://visualizador.ide.uy/descargas/datos/CN_Remesa_04/02_Ortoimagenes/","Parent Directory"
"https://visualizador.ide.uy/descargas/datos/CN_Remesa_04/02_Ortoimagenes/04_Herramientas_de_apoyo/Seamline_Remesa_04.dbf","Seamline_Remesa_04.dbf"
"https://visualizador.ide.uy/descargas/datos/CN_Remesa_04/02_Ortoimagenes/04_Herramientas_de_apoyo/Seamline_Remesa_04.prj","Seamline_Remesa_04.prj"
"https://visualizador.ide.uy/descargas/datos/CN_Remesa_04/02_Ortoimagenes/04_Herramientas_de_apoyo/Seamline_Remesa_04.shp","Seamline_Remesa_04.shp"
"https://visualizador.ide.uy/descargas/datos/CN_Remesa_04/02_Ortoimagenes/04_Herramientas_de_apoyo/Seamline_Remesa_04.shx","Seamline_Remesa_04.shx"
