"href","text"
"https://visualizador.ide.uy/descargas/datos/CN_Remesa_06/02_Ortoimagenes/02_RGBI_8bits/?C=N;O=D","Nombre:"
"https://visualizador.ide.uy/descargas/datos/CN_Remesa_06/02_Ortoimagenes/02_RGBI_8bits/?C=S;O=A","Size"
"https://visualizador.ide.uy/descargas/datos/CN_Remesa_06/02_Ortoimagenes/","Parent Directory"
"https://visualizador.ide.uy/descargas/datos/CN_Remesa_06/02_Ortoimagenes/02_RGBI_8bits/D23C4_RGBI_8_Remesa_06.tif","D23C4_RGBI_8_Remesa_06.tif"
"https://visualizador.ide.uy/descargas/datos/CN_Remesa_06/02_Ortoimagenes/02_RGBI_8bits/D23C5_RGBI_8_Remesa_06.tif","D23C5_RGBI_8_Remesa_06.tif"
"https://visualizador.ide.uy/descargas/datos/CN_Remesa_06/02_Ortoimagenes/02_RGBI_8bits/D23C6_RGBI_8_Remesa_06.tif","D23C6_RGBI_8_Remesa_06.tif"
"https://visualizador.ide.uy/descargas/datos/CN_Remesa_06/02_Ortoimagenes/02_RGBI_8bits/D23D4_RGBI_8_Remesa_06.tif","D23D4_RGBI_8_Remesa_06.tif"
"https://visualizador.ide.uy/descargas/datos/CN_Remesa_06/02_Ortoimagenes/02_RGBI_8bits/D23D5_RGBI_8_Remesa_06.tif","D23D5_RGBI_8_Remesa_06.tif"
"https://visualizador.ide.uy/descargas/datos/CN_Remesa_06/02_Ortoimagenes/02_RGBI_8bits/D24A1_RGBI_8_Remesa_06.tif","D24A1_RGBI_8_Remesa_06.tif"
"https://visualizador.ide.uy/descargas/datos/CN_Remesa_06/02_Ortoimagenes/02_RGBI_8bits/D24A2_RGBI_8_Remesa_06.tif","D24A2_RGBI_8_Remesa_06.tif"
"https://visualizador.ide.uy/descargas/datos/CN_Remesa_06/02_Ortoimagenes/02_RGBI_8bits/D24A3_RGBI_8_Remesa_06.tif","D24A3_RGBI_8_Remesa_06.tif"
"https://visualizador.ide.uy/descargas/datos/CN_Remesa_06/02_Ortoimagenes/02_RGBI_8bits/D24A4_RGBI_8_Remesa_06.tif","D24A4_RGBI_8_Remesa_06.tif"
"https://visualizador.ide.uy/descargas/datos/CN_Remesa_06/02_Ortoimagenes/02_RGBI_8bits/D24A5_RGBI_8_Remesa_06.tif","D24A5_RGBI_8_Remesa_06.tif"
"https://visualizador.ide.uy/descargas/datos/CN_Remesa_06/02_Ortoimagenes/02_RGBI_8bits/D24A6_RGBI_8_Remesa_06.tif","D24A6_RGBI_8_Remesa_06.tif"
"https://visualizador.ide.uy/descargas/datos/CN_Remesa_06/02_Ortoimagenes/02_RGBI_8bits/D24B1_RGBI_8_Remesa_06.tif","D24B1_RGBI_8_Remesa_06.tif"
"https://visualizador.ide.uy/descargas/datos/CN_Remesa_06/02_Ortoimagenes/02_RGBI_8bits/D24B2_RGBI_8_Remesa_06.tif","D24B2_RGBI_8_Remesa_06.tif"
"https://visualizador.ide.uy/descargas/datos/CN_Remesa_06/02_Ortoimagenes/02_RGBI_8bits/D24B4_RGBI_8_Remesa_06.tif","D24B4_RGBI_8_Remesa_06.tif"
"https://visualizador.ide.uy/descargas/datos/CN_Remesa_06/02_Ortoimagenes/02_RGBI_8bits/D24B5_RGBI_8_Remesa_06.tif","D24B5_RGBI_8_Remesa_06.tif"
"https://visualizador.ide.uy/descargas/datos/CN_Remesa_06/02_Ortoimagenes/02_RGBI_8bits/D24C1_RGBI_8_Remesa_06.tif","D24C1_RGBI_8_Remesa_06.tif"
"https://visualizador.ide.uy/descargas/datos/CN_Remesa_06/02_Ortoimagenes/02_RGBI_8bits/D24C2_RGBI_8_Remesa_06.tif","D24C2_RGBI_8_Remesa_06.tif"
"https://visualizador.ide.uy/descargas/datos/CN_Remesa_06/02_Ortoimagenes/02_RGBI_8bits/D24C3_RGBI_8_Remesa_06.tif","D24C3_RGBI_8_Remesa_06.tif"
"https://visualizador.ide.uy/descargas/datos/CN_Remesa_06/02_Ortoimagenes/02_RGBI_8bits/D24C4_RGBI_8_Remesa_06.tif","D24C4_RGBI_8_Remesa_06.tif"
"https://visualizador.ide.uy/descargas/datos/CN_Remesa_06/02_Ortoimagenes/02_RGBI_8bits/D24C5_RGBI_8_Remesa_06.tif","D24C5_RGBI_8_Remesa_06.tif"
"https://visualizador.ide.uy/descargas/datos/CN_Remesa_06/02_Ortoimagenes/02_RGBI_8bits/D24C6_RGBI_8_Remesa_06.tif","D24C6_RGBI_8_Remesa_06.tif"
"https://visualizador.ide.uy/descargas/datos/CN_Remesa_06/02_Ortoimagenes/02_RGBI_8bits/D24D1_RGBI_8_Remesa_06.tif","D24D1_RGBI_8_Remesa_06.tif"
"https://visualizador.ide.uy/descargas/datos/CN_Remesa_06/02_Ortoimagenes/02_RGBI_8bits/D24D2_RGBI_8_Remesa_06.tif","D24D2_RGBI_8_Remesa_06.tif"
"https://visualizador.ide.uy/descargas/datos/CN_Remesa_06/02_Ortoimagenes/02_RGBI_8bits/D24D4_RGBI_8_Remesa_06.tif","D24D4_RGBI_8_Remesa_06.tif"
"https://visualizador.ide.uy/descargas/datos/CN_Remesa_06/02_Ortoimagenes/02_RGBI_8bits/D24D5_RGBI_8_Remesa_06.tif","D24D5_RGBI_8_Remesa_06.tif"
"https://visualizador.ide.uy/descargas/datos/CN_Remesa_06/02_Ortoimagenes/02_RGBI_8bits/D25A1_RGBI_8_Remesa_06.tif","D25A1_RGBI_8_Remesa_06.tif"
"https://visualizador.ide.uy/descargas/datos/CN_Remesa_06/02_Ortoimagenes/02_RGBI_8bits/D25A2_RGBI_8_Remesa_06.tif","D25A2_RGBI_8_Remesa_06.tif"
"https://visualizador.ide.uy/descargas/datos/CN_Remesa_06/02_Ortoimagenes/02_RGBI_8bits/D25A3_RGBI_8_Remesa_06.tif","D25A3_RGBI_8_Remesa_06.tif"
"https://visualizador.ide.uy/descargas/datos/CN_Remesa_06/02_Ortoimagenes/02_RGBI_8bits/D25A4_RGBI_8_Remesa_06.tif","D25A4_RGBI_8_Remesa_06.tif"
"https://visualizador.ide.uy/descargas/datos/CN_Remesa_06/02_Ortoimagenes/02_RGBI_8bits/D25A5_RGBI_8_Remesa_06.tif","D25A5_RGBI_8_Remesa_06.tif"
"https://visualizador.ide.uy/descargas/datos/CN_Remesa_06/02_Ortoimagenes/02_RGBI_8bits/D25A6_RGBI_8_Remesa_06.tif","D25A6_RGBI_8_Remesa_06.tif"
"https://visualizador.ide.uy/descargas/datos/CN_Remesa_06/02_Ortoimagenes/02_RGBI_8bits/D25B1_RGBI_8_Remesa_06.tif","D25B1_RGBI_8_Remesa_06.tif"
"https://visualizador.ide.uy/descargas/datos/CN_Remesa_06/02_Ortoimagenes/02_RGBI_8bits/D25B2_RGBI_8_Remesa_06.tif","D25B2_RGBI_8_Remesa_06.tif"
"https://visualizador.ide.uy/descargas/datos/CN_Remesa_06/02_Ortoimagenes/02_RGBI_8bits/D25B4_RGBI_8_Remesa_06.tif","D25B4_RGBI_8_Remesa_06.tif"
"https://visualizador.ide.uy/descargas/datos/CN_Remesa_06/02_Ortoimagenes/02_RGBI_8bits/D25B5_RGBI_8_Remesa_06.tif","D25B5_RGBI_8_Remesa_06.tif"
"https://visualizador.ide.uy/descargas/datos/CN_Remesa_06/02_Ortoimagenes/02_RGBI_8bits/D25C1_RGBI_8_Remesa_06.tif","D25C1_RGBI_8_Remesa_06.tif"
"https://visualizador.ide.uy/descargas/datos/CN_Remesa_06/02_Ortoimagenes/02_RGBI_8bits/D25C2_RGBI_8_Remesa_06.tif","D25C2_RGBI_8_Remesa_06.tif"
"https://visualizador.ide.uy/descargas/datos/CN_Remesa_06/02_Ortoimagenes/02_RGBI_8bits/D25C3_RGBI_8_Remesa_06.tif","D25C3_RGBI_8_Remesa_06.tif"
"https://visualizador.ide.uy/descargas/datos/CN_Remesa_06/02_Ortoimagenes/02_RGBI_8bits/D25C4_RGBI_8_Remesa_06.tif","D25C4_RGBI_8_Remesa_06.tif"
"https://visualizador.ide.uy/descargas/datos/CN_Remesa_06/02_Ortoimagenes/02_RGBI_8bits/D25C5_RGBI_8_Remesa_06.tif","D25C5_RGBI_8_Remesa_06.tif"
"https://visualizador.ide.uy/descargas/datos/CN_Remesa_06/02_Ortoimagenes/02_RGBI_8bits/D25C6_RGBI_8_Remesa_06.tif","D25C6_RGBI_8_Remesa_06.tif"
"https://visualizador.ide.uy/descargas/datos/CN_Remesa_06/02_Ortoimagenes/02_RGBI_8bits/D25D1_RGBI_8_Remesa_06.tif","D25D1_RGBI_8_Remesa_06.tif"
"https://visualizador.ide.uy/descargas/datos/CN_Remesa_06/02_Ortoimagenes/02_RGBI_8bits/D25D2_RGBI_8_Remesa_06.tif","D25D2_RGBI_8_Remesa_06.tif"
"https://visualizador.ide.uy/descargas/datos/CN_Remesa_06/02_Ortoimagenes/02_RGBI_8bits/D25D4_RGBI_8_Remesa_06.tif","D25D4_RGBI_8_Remesa_06.tif"
"https://visualizador.ide.uy/descargas/datos/CN_Remesa_06/02_Ortoimagenes/02_RGBI_8bits/D25D5_RGBI_8_Remesa_06.tif","D25D5_RGBI_8_Remesa_06.tif"
"https://visualizador.ide.uy/descargas/datos/CN_Remesa_06/02_Ortoimagenes/02_RGBI_8bits/D26A1_RGBI_8_Remesa_06.tif","D26A1_RGBI_8_Remesa_06.tif"
"https://visualizador.ide.uy/descargas/datos/CN_Remesa_06/02_Ortoimagenes/02_RGBI_8bits/D26A2_RGBI_8_Remesa_06.tif","D26A2_RGBI_8_Remesa_06.tif"
"https://visualizador.ide.uy/descargas/datos/CN_Remesa_06/02_Ortoimagenes/02_RGBI_8bits/D26A3_RGBI_8_Remesa_06.tif","D26A3_RGBI_8_Remesa_06.tif"
"https://visualizador.ide.uy/descargas/datos/CN_Remesa_06/02_Ortoimagenes/02_RGBI_8bits/D26A4_RGBI_8_Remesa_06.tif","D26A4_RGBI_8_Remesa_06.tif"
"https://visualizador.ide.uy/descargas/datos/CN_Remesa_06/02_Ortoimagenes/02_RGBI_8bits/D26A5_RGBI_8_Remesa_06.tif","D26A5_RGBI_8_Remesa_06.tif"
"https://visualizador.ide.uy/descargas/datos/CN_Remesa_06/02_Ortoimagenes/02_RGBI_8bits/D26A6_RGBI_8_Remesa_06.tif","D26A6_RGBI_8_Remesa_06.tif"
"https://visualizador.ide.uy/descargas/datos/CN_Remesa_06/02_Ortoimagenes/02_RGBI_8bits/D26B1_RGBI_8_Remesa_06.tif","D26B1_RGBI_8_Remesa_06.tif"
"https://visualizador.ide.uy/descargas/datos/CN_Remesa_06/02_Ortoimagenes/02_RGBI_8bits/D26B2_RGBI_8_Remesa_06.tif","D26B2_RGBI_8_Remesa_06.tif"
"https://visualizador.ide.uy/descargas/datos/CN_Remesa_06/02_Ortoimagenes/02_RGBI_8bits/D26B4_RGBI_8_Remesa_06.tif","D26B4_RGBI_8_Remesa_06.tif"
"https://visualizador.ide.uy/descargas/datos/CN_Remesa_06/02_Ortoimagenes/02_RGBI_8bits/D26B5_RGBI_8_Remesa_06.tif","D26B5_RGBI_8_Remesa_06.tif"
"https://visualizador.ide.uy/descargas/datos/CN_Remesa_06/02_Ortoimagenes/02_RGBI_8bits/D26C1_RGBI_8_Remesa_06.tif","D26C1_RGBI_8_Remesa_06.tif"
"https://visualizador.ide.uy/descargas/datos/CN_Remesa_06/02_Ortoimagenes/02_RGBI_8bits/D26C2_RGBI_8_Remesa_06.tif","D26C2_RGBI_8_Remesa_06.tif"
"https://visualizador.ide.uy/descargas/datos/CN_Remesa_06/02_Ortoimagenes/02_RGBI_8bits/D26C3_RGBI_8_Remesa_06.tif","D26C3_RGBI_8_Remesa_06.tif"
"https://visualizador.ide.uy/descargas/datos/CN_Remesa_06/02_Ortoimagenes/02_RGBI_8bits/D26C4_RGBI_8_Remesa_06.tif","D26C4_RGBI_8_Remesa_06.tif"
"https://visualizador.ide.uy/descargas/datos/CN_Remesa_06/02_Ortoimagenes/02_RGBI_8bits/D26C5_RGBI_8_Remesa_06.tif","D26C5_RGBI_8_Remesa_06.tif"
"https://visualizador.ide.uy/descargas/datos/CN_Remesa_06/02_Ortoimagenes/02_RGBI_8bits/D26C6_RGBI_8_Remesa_06.tif","D26C6_RGBI_8_Remesa_06.tif"
"https://visualizador.ide.uy/descargas/datos/CN_Remesa_06/02_Ortoimagenes/02_RGBI_8bits/D26D1_RGBI_8_Remesa_06.tif","D26D1_RGBI_8_Remesa_06.tif"
"https://visualizador.ide.uy/descargas/datos/CN_Remesa_06/02_Ortoimagenes/02_RGBI_8bits/D26D2_RGBI_8_Remesa_06.tif","D26D2_RGBI_8_Remesa_06.tif"
"https://visualizador.ide.uy/descargas/datos/CN_Remesa_06/02_Ortoimagenes/02_RGBI_8bits/D26D4_RGBI_8_Remesa_06.tif","D26D4_RGBI_8_Remesa_06.tif"
"https://visualizador.ide.uy/descargas/datos/CN_Remesa_06/02_Ortoimagenes/02_RGBI_8bits/D26D5_RGBI_8_Remesa_06.tif","D26D5_RGBI_8_Remesa_06.tif"
"https://visualizador.ide.uy/descargas/datos/CN_Remesa_06/02_Ortoimagenes/02_RGBI_8bits/D27A1_RGBI_8_Remesa_06.tif","D27A1_RGBI_8_Remesa_06.tif"
"https://visualizador.ide.uy/descargas/datos/CN_Remesa_06/02_Ortoimagenes/02_RGBI_8bits/D27A2_RGBI_8_Remesa_06.tif","D27A2_RGBI_8_Remesa_06.tif"
"https://visualizador.ide.uy/descargas/datos/CN_Remesa_06/02_Ortoimagenes/02_RGBI_8bits/D27A3_RGBI_8_Remesa_06.tif","D27A3_RGBI_8_Remesa_06.tif"
"https://visualizador.ide.uy/descargas/datos/CN_Remesa_06/02_Ortoimagenes/02_RGBI_8bits/D27A4_RGBI_8_Remesa_06.tif","D27A4_RGBI_8_Remesa_06.tif"
"https://visualizador.ide.uy/descargas/datos/CN_Remesa_06/02_Ortoimagenes/02_RGBI_8bits/D27A5_RGBI_8_Remesa_06.tif","D27A5_RGBI_8_Remesa_06.tif"
"https://visualizador.ide.uy/descargas/datos/CN_Remesa_06/02_Ortoimagenes/02_RGBI_8bits/D27A6_RGBI_8_Remesa_06.tif","D27A6_RGBI_8_Remesa_06.tif"
"https://visualizador.ide.uy/descargas/datos/CN_Remesa_06/02_Ortoimagenes/02_RGBI_8bits/D27B1_RGBI_8_Remesa_06.tif","D27B1_RGBI_8_Remesa_06.tif"
"https://visualizador.ide.uy/descargas/datos/CN_Remesa_06/02_Ortoimagenes/02_RGBI_8bits/D27B2_RGBI_8_Remesa_06.tif","D27B2_RGBI_8_Remesa_06.tif"
"https://visualizador.ide.uy/descargas/datos/CN_Remesa_06/02_Ortoimagenes/02_RGBI_8bits/D27B4_RGBI_8_Remesa_06.tif","D27B4_RGBI_8_Remesa_06.tif"
"https://visualizador.ide.uy/descargas/datos/CN_Remesa_06/02_Ortoimagenes/02_RGBI_8bits/D27B5_RGBI_8_Remesa_06.tif","D27B5_RGBI_8_Remesa_06.tif"
"https://visualizador.ide.uy/descargas/datos/CN_Remesa_06/02_Ortoimagenes/02_RGBI_8bits/D27C1_RGBI_8_Remesa_06.tif","D27C1_RGBI_8_Remesa_06.tif"
"https://visualizador.ide.uy/descargas/datos/CN_Remesa_06/02_Ortoimagenes/02_RGBI_8bits/D27C2_RGBI_8_Remesa_06.tif","D27C2_RGBI_8_Remesa_06.tif"
"https://visualizador.ide.uy/descargas/datos/CN_Remesa_06/02_Ortoimagenes/02_RGBI_8bits/D27C3_RGBI_8_Remesa_06.tif","D27C3_RGBI_8_Remesa_06.tif"
"https://visualizador.ide.uy/descargas/datos/CN_Remesa_06/02_Ortoimagenes/02_RGBI_8bits/D27C4_RGBI_8_Remesa_06.tif","D27C4_RGBI_8_Remesa_06.tif"
"https://visualizador.ide.uy/descargas/datos/CN_Remesa_06/02_Ortoimagenes/02_RGBI_8bits/D27C5_RGBI_8_Remesa_06.tif","D27C5_RGBI_8_Remesa_06.tif"
"https://visualizador.ide.uy/descargas/datos/CN_Remesa_06/02_Ortoimagenes/02_RGBI_8bits/D27C6_RGBI_8_Remesa_06.tif","D27C6_RGBI_8_Remesa_06.tif"
"https://visualizador.ide.uy/descargas/datos/CN_Remesa_06/02_Ortoimagenes/02_RGBI_8bits/D27D1_RGBI_8_Remesa_06.tif","D27D1_RGBI_8_Remesa_06.tif"
"https://visualizador.ide.uy/descargas/datos/CN_Remesa_06/02_Ortoimagenes/02_RGBI_8bits/D27D2_RGBI_8_Remesa_06.tif","D27D2_RGBI_8_Remesa_06.tif"
"https://visualizador.ide.uy/descargas/datos/CN_Remesa_06/02_Ortoimagenes/02_RGBI_8bits/D27D4_RGBI_8_Remesa_06.tif","D27D4_RGBI_8_Remesa_06.tif"
"https://visualizador.ide.uy/descargas/datos/CN_Remesa_06/02_Ortoimagenes/02_RGBI_8bits/D27D5_RGBI_8_Remesa_06.tif","D27D5_RGBI_8_Remesa_06.tif"
"https://visualizador.ide.uy/descargas/datos/CN_Remesa_06/02_Ortoimagenes/02_RGBI_8bits/D28A1_RGBI_8_Remesa_06.tif","D28A1_RGBI_8_Remesa_06.tif"
"https://visualizador.ide.uy/descargas/datos/CN_Remesa_06/02_Ortoimagenes/02_RGBI_8bits/D28A2_RGBI_8_Remesa_06.tif","D28A2_RGBI_8_Remesa_06.tif"
"https://visualizador.ide.uy/descargas/datos/CN_Remesa_06/02_Ortoimagenes/02_RGBI_8bits/D28A3_RGBI_8_Remesa_06.tif","D28A3_RGBI_8_Remesa_06.tif"
"https://visualizador.ide.uy/descargas/datos/CN_Remesa_06/02_Ortoimagenes/02_RGBI_8bits/D28A4_RGBI_8_Remesa_06.tif","D28A4_RGBI_8_Remesa_06.tif"
"https://visualizador.ide.uy/descargas/datos/CN_Remesa_06/02_Ortoimagenes/02_RGBI_8bits/D28A5_RGBI_8_Remesa_06.tif","D28A5_RGBI_8_Remesa_06.tif"
"https://visualizador.ide.uy/descargas/datos/CN_Remesa_06/02_Ortoimagenes/02_RGBI_8bits/D28A6_RGBI_8_Remesa_06.tif","D28A6_RGBI_8_Remesa_06.tif"
"https://visualizador.ide.uy/descargas/datos/CN_Remesa_06/02_Ortoimagenes/02_RGBI_8bits/D28B1_RGBI_8_Remesa_06.tif","D28B1_RGBI_8_Remesa_06.tif"
"https://visualizador.ide.uy/descargas/datos/CN_Remesa_06/02_Ortoimagenes/02_RGBI_8bits/D28B2_RGBI_8_Remesa_06.tif","D28B2_RGBI_8_Remesa_06.tif"
"https://visualizador.ide.uy/descargas/datos/CN_Remesa_06/02_Ortoimagenes/02_RGBI_8bits/D28B4_RGBI_8_Remesa_06.tif","D28B4_RGBI_8_Remesa_06.tif"
"https://visualizador.ide.uy/descargas/datos/CN_Remesa_06/02_Ortoimagenes/02_RGBI_8bits/D28B5_RGBI_8_Remesa_06.tif","D28B5_RGBI_8_Remesa_06.tif"
"https://visualizador.ide.uy/descargas/datos/CN_Remesa_06/02_Ortoimagenes/02_RGBI_8bits/D28C1_RGBI_8_Remesa_06.tif","D28C1_RGBI_8_Remesa_06.tif"
"https://visualizador.ide.uy/descargas/datos/CN_Remesa_06/02_Ortoimagenes/02_RGBI_8bits/D28C2_RGBI_8_Remesa_06.tif","D28C2_RGBI_8_Remesa_06.tif"
"https://visualizador.ide.uy/descargas/datos/CN_Remesa_06/02_Ortoimagenes/02_RGBI_8bits/D28C3_RGBI_8_Remesa_06.tif","D28C3_RGBI_8_Remesa_06.tif"
"https://visualizador.ide.uy/descargas/datos/CN_Remesa_06/02_Ortoimagenes/02_RGBI_8bits/D28C4_RGBI_8_Remesa_06.tif","D28C4_RGBI_8_Remesa_06.tif"
"https://visualizador.ide.uy/descargas/datos/CN_Remesa_06/02_Ortoimagenes/02_RGBI_8bits/D28C5_RGBI_8_Remesa_06.tif","D28C5_RGBI_8_Remesa_06.tif"
"https://visualizador.ide.uy/descargas/datos/CN_Remesa_06/02_Ortoimagenes/02_RGBI_8bits/D28D1_RGBI_8_Remesa_06.tif","D28D1_RGBI_8_Remesa_06.tif"
"https://visualizador.ide.uy/descargas/datos/CN_Remesa_06/02_Ortoimagenes/02_RGBI_8bits/D28D2_RGBI_8_Remesa_06.tif","D28D2_RGBI_8_Remesa_06.tif"
"https://visualizador.ide.uy/descargas/datos/CN_Remesa_06/02_Ortoimagenes/02_RGBI_8bits/E23C4_RGBI_8_Remesa_06.tif","E23C4_RGBI_8_Remesa_06.tif"
"https://visualizador.ide.uy/descargas/datos/CN_Remesa_06/02_Ortoimagenes/02_RGBI_8bits/E23C5_RGBI_8_Remesa_06.tif","E23C5_RGBI_8_Remesa_06.tif"
"https://visualizador.ide.uy/descargas/datos/CN_Remesa_06/02_Ortoimagenes/02_RGBI_8bits/E23C6_RGBI_8_Remesa_06.tif","E23C6_RGBI_8_Remesa_06.tif"
"https://visualizador.ide.uy/descargas/datos/CN_Remesa_06/02_Ortoimagenes/02_RGBI_8bits/E23D4_RGBI_8_Remesa_06.tif","E23D4_RGBI_8_Remesa_06.tif"
"https://visualizador.ide.uy/descargas/datos/CN_Remesa_06/02_Ortoimagenes/02_RGBI_8bits/E23D5_RGBI_8_Remesa_06.tif","E23D5_RGBI_8_Remesa_06.tif"
"https://visualizador.ide.uy/descargas/datos/CN_Remesa_06/02_Ortoimagenes/02_RGBI_8bits/E23D6_RGBI_8_Remesa_06.tif","E23D6_RGBI_8_Remesa_06.tif"
"https://visualizador.ide.uy/descargas/datos/CN_Remesa_06/02_Ortoimagenes/02_RGBI_8bits/E24A1_RGBI_8_Remesa_06.tif","E24A1_RGBI_8_Remesa_06.tif"
"https://visualizador.ide.uy/descargas/datos/CN_Remesa_06/02_Ortoimagenes/02_RGBI_8bits/E24A2_RGBI_8_Remesa_06.tif","E24A2_RGBI_8_Remesa_06.tif"
"https://visualizador.ide.uy/descargas/datos/CN_Remesa_06/02_Ortoimagenes/02_RGBI_8bits/E24A3_RGBI_8_Remesa_06.tif","E24A3_RGBI_8_Remesa_06.tif"
"https://visualizador.ide.uy/descargas/datos/CN_Remesa_06/02_Ortoimagenes/02_RGBI_8bits/E24A4_RGBI_8_Remesa_06.tif","E24A4_RGBI_8_Remesa_06.tif"
"https://visualizador.ide.uy/descargas/datos/CN_Remesa_06/02_Ortoimagenes/02_RGBI_8bits/E24A5_RGBI_8_Remesa_06.tif","E24A5_RGBI_8_Remesa_06.tif"
"https://visualizador.ide.uy/descargas/datos/CN_Remesa_06/02_Ortoimagenes/02_RGBI_8bits/E24A6_RGBI_8_Remesa_06.tif","E24A6_RGBI_8_Remesa_06.tif"
"https://visualizador.ide.uy/descargas/datos/CN_Remesa_06/02_Ortoimagenes/02_RGBI_8bits/E24B1_RGBI_8_Remesa_06.tif","E24B1_RGBI_8_Remesa_06.tif"
"https://visualizador.ide.uy/descargas/datos/CN_Remesa_06/02_Ortoimagenes/02_RGBI_8bits/E24B2_RGBI_8_Remesa_06.tif","E24B2_RGBI_8_Remesa_06.tif"
"https://visualizador.ide.uy/descargas/datos/CN_Remesa_06/02_Ortoimagenes/02_RGBI_8bits/E24B3_RGBI_8_Remesa_06.tif","E24B3_RGBI_8_Remesa_06.tif"
"https://visualizador.ide.uy/descargas/datos/CN_Remesa_06/02_Ortoimagenes/02_RGBI_8bits/E24B4_RGBI_8_Remesa_06.tif","E24B4_RGBI_8_Remesa_06.tif"
"https://visualizador.ide.uy/descargas/datos/CN_Remesa_06/02_Ortoimagenes/02_RGBI_8bits/E24B5_RGBI_8_Remesa_06.tif","E24B5_RGBI_8_Remesa_06.tif"
"https://visualizador.ide.uy/descargas/datos/CN_Remesa_06/02_Ortoimagenes/02_RGBI_8bits/E24B6_RGBI_8_Remesa_06.tif","E24B6_RGBI_8_Remesa_06.tif"
"https://visualizador.ide.uy/descargas/datos/CN_Remesa_06/02_Ortoimagenes/02_RGBI_8bits/E24C1_RGBI_8_Remesa_06.tif","E24C1_RGBI_8_Remesa_06.tif"
"https://visualizador.ide.uy/descargas/datos/CN_Remesa_06/02_Ortoimagenes/02_RGBI_8bits/E24C2_RGBI_8_Remesa_06.tif","E24C2_RGBI_8_Remesa_06.tif"
"https://visualizador.ide.uy/descargas/datos/CN_Remesa_06/02_Ortoimagenes/02_RGBI_8bits/E24C3_RGBI_8_Remesa_06.tif","E24C3_RGBI_8_Remesa_06.tif"
"https://visualizador.ide.uy/descargas/datos/CN_Remesa_06/02_Ortoimagenes/02_RGBI_8bits/E24C4_RGBI_8_Remesa_06.tif","E24C4_RGBI_8_Remesa_06.tif"
"https://visualizador.ide.uy/descargas/datos/CN_Remesa_06/02_Ortoimagenes/02_RGBI_8bits/E24C5_RGBI_8_Remesa_06.tif","E24C5_RGBI_8_Remesa_06.tif"
"https://visualizador.ide.uy/descargas/datos/CN_Remesa_06/02_Ortoimagenes/02_RGBI_8bits/E24C6_RGBI_8_Remesa_06.tif","E24C6_RGBI_8_Remesa_06.tif"
"https://visualizador.ide.uy/descargas/datos/CN_Remesa_06/02_Ortoimagenes/02_RGBI_8bits/E24D1_RGBI_8_Remesa_06.tif","E24D1_RGBI_8_Remesa_06.tif"
"https://visualizador.ide.uy/descargas/datos/CN_Remesa_06/02_Ortoimagenes/02_RGBI_8bits/E24D2_RGBI_8_Remesa_06.tif","E24D2_RGBI_8_Remesa_06.tif"
"https://visualizador.ide.uy/descargas/datos/CN_Remesa_06/02_Ortoimagenes/02_RGBI_8bits/E24D3_RGBI_8_Remesa_06.tif","E24D3_RGBI_8_Remesa_06.tif"
"https://visualizador.ide.uy/descargas/datos/CN_Remesa_06/02_Ortoimagenes/02_RGBI_8bits/E24D4_RGBI_8_Remesa_06.tif","E24D4_RGBI_8_Remesa_06.tif"
"https://visualizador.ide.uy/descargas/datos/CN_Remesa_06/02_Ortoimagenes/02_RGBI_8bits/E24D5_RGBI_8_Remesa_06.tif","E24D5_RGBI_8_Remesa_06.tif"
"https://visualizador.ide.uy/descargas/datos/CN_Remesa_06/02_Ortoimagenes/02_RGBI_8bits/E24D6_RGBI_8_Remesa_06.tif","E24D6_RGBI_8_Remesa_06.tif"
"https://visualizador.ide.uy/descargas/datos/CN_Remesa_06/02_Ortoimagenes/02_RGBI_8bits/E25A1_RGBI_8_Remesa_06.tif","E25A1_RGBI_8_Remesa_06.tif"
"https://visualizador.ide.uy/descargas/datos/CN_Remesa_06/02_Ortoimagenes/02_RGBI_8bits/E25A2_RGBI_8_Remesa_06.tif","E25A2_RGBI_8_Remesa_06.tif"
"https://visualizador.ide.uy/descargas/datos/CN_Remesa_06/02_Ortoimagenes/02_RGBI_8bits/E25A3_RGBI_8_Remesa_06.tif","E25A3_RGBI_8_Remesa_06.tif"
"https://visualizador.ide.uy/descargas/datos/CN_Remesa_06/02_Ortoimagenes/02_RGBI_8bits/E25A4_RGBI_8_Remesa_06.tif","E25A4_RGBI_8_Remesa_06.tif"
"https://visualizador.ide.uy/descargas/datos/CN_Remesa_06/02_Ortoimagenes/02_RGBI_8bits/E25A5_RGBI_8_Remesa_06.tif","E25A5_RGBI_8_Remesa_06.tif"
"https://visualizador.ide.uy/descargas/datos/CN_Remesa_06/02_Ortoimagenes/02_RGBI_8bits/E25A6_RGBI_8_Remesa_06.tif","E25A6_RGBI_8_Remesa_06.tif"
"https://visualizador.ide.uy/descargas/datos/CN_Remesa_06/02_Ortoimagenes/02_RGBI_8bits/E25B1_RGBI_8_Remesa_06.tif","E25B1_RGBI_8_Remesa_06.tif"
"https://visualizador.ide.uy/descargas/datos/CN_Remesa_06/02_Ortoimagenes/02_RGBI_8bits/E25B2_RGBI_8_Remesa_06.tif","E25B2_RGBI_8_Remesa_06.tif"
"https://visualizador.ide.uy/descargas/datos/CN_Remesa_06/02_Ortoimagenes/02_RGBI_8bits/E25B3_RGBI_8_Remesa_06.tif","E25B3_RGBI_8_Remesa_06.tif"
"https://visualizador.ide.uy/descargas/datos/CN_Remesa_06/02_Ortoimagenes/02_RGBI_8bits/E25B4_RGBI_8_Remesa_06.tif","E25B4_RGBI_8_Remesa_06.tif"
"https://visualizador.ide.uy/descargas/datos/CN_Remesa_06/02_Ortoimagenes/02_RGBI_8bits/E25B5_RGBI_8_Remesa_06.tif","E25B5_RGBI_8_Remesa_06.tif"
"https://visualizador.ide.uy/descargas/datos/CN_Remesa_06/02_Ortoimagenes/02_RGBI_8bits/E25B6_RGBI_8_Remesa_06.tif","E25B6_RGBI_8_Remesa_06.tif"
"https://visualizador.ide.uy/descargas/datos/CN_Remesa_06/02_Ortoimagenes/02_RGBI_8bits/E25C1_RGBI_8_Remesa_06.tif","E25C1_RGBI_8_Remesa_06.tif"
"https://visualizador.ide.uy/descargas/datos/CN_Remesa_06/02_Ortoimagenes/02_RGBI_8bits/E25C2_RGBI_8_Remesa_06.tif","E25C2_RGBI_8_Remesa_06.tif"
"https://visualizador.ide.uy/descargas/datos/CN_Remesa_06/02_Ortoimagenes/02_RGBI_8bits/E25C3_RGBI_8_Remesa_06.tif","E25C3_RGBI_8_Remesa_06.tif"
"https://visualizador.ide.uy/descargas/datos/CN_Remesa_06/02_Ortoimagenes/02_RGBI_8bits/E25C4_RGBI_8_Remesa_06.tif","E25C4_RGBI_8_Remesa_06.tif"
"https://visualizador.ide.uy/descargas/datos/CN_Remesa_06/02_Ortoimagenes/02_RGBI_8bits/E25C5_RGBI_8_Remesa_06.tif","E25C5_RGBI_8_Remesa_06.tif"
"https://visualizador.ide.uy/descargas/datos/CN_Remesa_06/02_Ortoimagenes/02_RGBI_8bits/E25C6_RGBI_8_Remesa_06.tif","E25C6_RGBI_8_Remesa_06.tif"
"https://visualizador.ide.uy/descargas/datos/CN_Remesa_06/02_Ortoimagenes/02_RGBI_8bits/E25D1_RGBI_8_Remesa_06.tif","E25D1_RGBI_8_Remesa_06.tif"
"https://visualizador.ide.uy/descargas/datos/CN_Remesa_06/02_Ortoimagenes/02_RGBI_8bits/E25D2_RGBI_8_Remesa_06.tif","E25D2_RGBI_8_Remesa_06.tif"
"https://visualizador.ide.uy/descargas/datos/CN_Remesa_06/02_Ortoimagenes/02_RGBI_8bits/E25D3_RGBI_8_Remesa_06.tif","E25D3_RGBI_8_Remesa_06.tif"
"https://visualizador.ide.uy/descargas/datos/CN_Remesa_06/02_Ortoimagenes/02_RGBI_8bits/E25D4_RGBI_8_Remesa_06.tif","E25D4_RGBI_8_Remesa_06.tif"
"https://visualizador.ide.uy/descargas/datos/CN_Remesa_06/02_Ortoimagenes/02_RGBI_8bits/E25D5_RGBI_8_Remesa_06.tif","E25D5_RGBI_8_Remesa_06.tif"
"https://visualizador.ide.uy/descargas/datos/CN_Remesa_06/02_Ortoimagenes/02_RGBI_8bits/E25D6_RGBI_8_Remesa_06.tif","E25D6_RGBI_8_Remesa_06.tif"
"https://visualizador.ide.uy/descargas/datos/CN_Remesa_06/02_Ortoimagenes/02_RGBI_8bits/E26A1_RGBI_8_Remesa_06.tif","E26A1_RGBI_8_Remesa_06.tif"
"https://visualizador.ide.uy/descargas/datos/CN_Remesa_06/02_Ortoimagenes/02_RGBI_8bits/E26A2_RGBI_8_Remesa_06.tif","E26A2_RGBI_8_Remesa_06.tif"
"https://visualizador.ide.uy/descargas/datos/CN_Remesa_06/02_Ortoimagenes/02_RGBI_8bits/E26A3_RGBI_8_Remesa_06.tif","E26A3_RGBI_8_Remesa_06.tif"
"https://visualizador.ide.uy/descargas/datos/CN_Remesa_06/02_Ortoimagenes/02_RGBI_8bits/E26A4_RGBI_8_Remesa_06.tif","E26A4_RGBI_8_Remesa_06.tif"
"https://visualizador.ide.uy/descargas/datos/CN_Remesa_06/02_Ortoimagenes/02_RGBI_8bits/E26A5_RGBI_8_Remesa_06.tif","E26A5_RGBI_8_Remesa_06.tif"
"https://visualizador.ide.uy/descargas/datos/CN_Remesa_06/02_Ortoimagenes/02_RGBI_8bits/E26A6_RGBI_8_Remesa_06.tif","E26A6_RGBI_8_Remesa_06.tif"
"https://visualizador.ide.uy/descargas/datos/CN_Remesa_06/02_Ortoimagenes/02_RGBI_8bits/E26B1_RGBI_8_Remesa_06.tif","E26B1_RGBI_8_Remesa_06.tif"
"https://visualizador.ide.uy/descargas/datos/CN_Remesa_06/02_Ortoimagenes/02_RGBI_8bits/E26B2_RGBI_8_Remesa_06.tif","E26B2_RGBI_8_Remesa_06.tif"
"https://visualizador.ide.uy/descargas/datos/CN_Remesa_06/02_Ortoimagenes/02_RGBI_8bits/E26B3_RGBI_8_Remesa_06.tif","E26B3_RGBI_8_Remesa_06.tif"
"https://visualizador.ide.uy/descargas/datos/CN_Remesa_06/02_Ortoimagenes/02_RGBI_8bits/E26B4_RGBI_8_Remesa_06.tif","E26B4_RGBI_8_Remesa_06.tif"
"https://visualizador.ide.uy/descargas/datos/CN_Remesa_06/02_Ortoimagenes/02_RGBI_8bits/E26B5_RGBI_8_Remesa_06.tif","E26B5_RGBI_8_Remesa_06.tif"
"https://visualizador.ide.uy/descargas/datos/CN_Remesa_06/02_Ortoimagenes/02_RGBI_8bits/E26B6_RGBI_8_Remesa_06.tif","E26B6_RGBI_8_Remesa_06.tif"
"https://visualizador.ide.uy/descargas/datos/CN_Remesa_06/02_Ortoimagenes/02_RGBI_8bits/E26C1_RGBI_8_Remesa_06.tif","E26C1_RGBI_8_Remesa_06.tif"
"https://visualizador.ide.uy/descargas/datos/CN_Remesa_06/02_Ortoimagenes/02_RGBI_8bits/E26C2_RGBI_8_Remesa_06.tif","E26C2_RGBI_8_Remesa_06.tif"
"https://visualizador.ide.uy/descargas/datos/CN_Remesa_06/02_Ortoimagenes/02_RGBI_8bits/E26C3_RGBI_8_Remesa_06.tif","E26C3_RGBI_8_Remesa_06.tif"
"https://visualizador.ide.uy/descargas/datos/CN_Remesa_06/02_Ortoimagenes/02_RGBI_8bits/E26C4_RGBI_8_Remesa_06.tif","E26C4_RGBI_8_Remesa_06.tif"
"https://visualizador.ide.uy/descargas/datos/CN_Remesa_06/02_Ortoimagenes/02_RGBI_8bits/E26C5_RGBI_8_Remesa_06.tif","E26C5_RGBI_8_Remesa_06.tif"
"https://visualizador.ide.uy/descargas/datos/CN_Remesa_06/02_Ortoimagenes/02_RGBI_8bits/E26C6_RGBI_8_Remesa_06.tif","E26C6_RGBI_8_Remesa_06.tif"
"https://visualizador.ide.uy/descargas/datos/CN_Remesa_06/02_Ortoimagenes/02_RGBI_8bits/E26D1_RGBI_8_Remesa_06.tif","E26D1_RGBI_8_Remesa_06.tif"
"https://visualizador.ide.uy/descargas/datos/CN_Remesa_06/02_Ortoimagenes/02_RGBI_8bits/E26D2_RGBI_8_Remesa_06.tif","E26D2_RGBI_8_Remesa_06.tif"
"https://visualizador.ide.uy/descargas/datos/CN_Remesa_06/02_Ortoimagenes/02_RGBI_8bits/E26D3_RGBI_8_Remesa_06.tif","E26D3_RGBI_8_Remesa_06.tif"
"https://visualizador.ide.uy/descargas/datos/CN_Remesa_06/02_Ortoimagenes/02_RGBI_8bits/E26D4_RGBI_8_Remesa_06.tif","E26D4_RGBI_8_Remesa_06.tif"
"https://visualizador.ide.uy/descargas/datos/CN_Remesa_06/02_Ortoimagenes/02_RGBI_8bits/E26D5_RGBI_8_Remesa_06.tif","E26D5_RGBI_8_Remesa_06.tif"
"https://visualizador.ide.uy/descargas/datos/CN_Remesa_06/02_Ortoimagenes/02_RGBI_8bits/E26D6_RGBI_8_Remesa_06.tif","E26D6_RGBI_8_Remesa_06.tif"
"https://visualizador.ide.uy/descargas/datos/CN_Remesa_06/02_Ortoimagenes/02_RGBI_8bits/E27A1_RGBI_8_Remesa_06.tif","E27A1_RGBI_8_Remesa_06.tif"
"https://visualizador.ide.uy/descargas/datos/CN_Remesa_06/02_Ortoimagenes/02_RGBI_8bits/E27A2_RGBI_8_Remesa_06.tif","E27A2_RGBI_8_Remesa_06.tif"
"https://visualizador.ide.uy/descargas/datos/CN_Remesa_06/02_Ortoimagenes/02_RGBI_8bits/E27A3_RGBI_8_Remesa_06.tif","E27A3_RGBI_8_Remesa_06.tif"
"https://visualizador.ide.uy/descargas/datos/CN_Remesa_06/02_Ortoimagenes/02_RGBI_8bits/E27A4_RGBI_8_Remesa_06.tif","E27A4_RGBI_8_Remesa_06.tif"
"https://visualizador.ide.uy/descargas/datos/CN_Remesa_06/02_Ortoimagenes/02_RGBI_8bits/E27A5_RGBI_8_Remesa_06.tif","E27A5_RGBI_8_Remesa_06.tif"
"https://visualizador.ide.uy/descargas/datos/CN_Remesa_06/02_Ortoimagenes/02_RGBI_8bits/E27A6_RGBI_8_Remesa_06.tif","E27A6_RGBI_8_Remesa_06.tif"
"https://visualizador.ide.uy/descargas/datos/CN_Remesa_06/02_Ortoimagenes/02_RGBI_8bits/E27B1_RGBI_8_Remesa_06.tif","E27B1_RGBI_8_Remesa_06.tif"
"https://visualizador.ide.uy/descargas/datos/CN_Remesa_06/02_Ortoimagenes/02_RGBI_8bits/E27B2_RGBI_8_Remesa_06.tif","E27B2_RGBI_8_Remesa_06.tif"
"https://visualizador.ide.uy/descargas/datos/CN_Remesa_06/02_Ortoimagenes/02_RGBI_8bits/E27B3_RGBI_8_Remesa_06.tif","E27B3_RGBI_8_Remesa_06.tif"
"https://visualizador.ide.uy/descargas/datos/CN_Remesa_06/02_Ortoimagenes/02_RGBI_8bits/E27B4_RGBI_8_Remesa_06.tif","E27B4_RGBI_8_Remesa_06.tif"
"https://visualizador.ide.uy/descargas/datos/CN_Remesa_06/02_Ortoimagenes/02_RGBI_8bits/E27B5_RGBI_8_Remesa_06.tif","E27B5_RGBI_8_Remesa_06.tif"
"https://visualizador.ide.uy/descargas/datos/CN_Remesa_06/02_Ortoimagenes/02_RGBI_8bits/E27B6_RGBI_8_Remesa_06.tif","E27B6_RGBI_8_Remesa_06.tif"
"https://visualizador.ide.uy/descargas/datos/CN_Remesa_06/02_Ortoimagenes/02_RGBI_8bits/E27C1_RGBI_8_Remesa_06.tif","E27C1_RGBI_8_Remesa_06.tif"
"https://visualizador.ide.uy/descargas/datos/CN_Remesa_06/02_Ortoimagenes/02_RGBI_8bits/E27C2_RGBI_8_Remesa_06.tif","E27C2_RGBI_8_Remesa_06.tif"
"https://visualizador.ide.uy/descargas/datos/CN_Remesa_06/02_Ortoimagenes/02_RGBI_8bits/E27C3_RGBI_8_Remesa_06.tif","E27C3_RGBI_8_Remesa_06.tif"
"https://visualizador.ide.uy/descargas/datos/CN_Remesa_06/02_Ortoimagenes/02_RGBI_8bits/E27C4_RGBI_8_Remesa_06.tif","E27C4_RGBI_8_Remesa_06.tif"
"https://visualizador.ide.uy/descargas/datos/CN_Remesa_06/02_Ortoimagenes/02_RGBI_8bits/E27C5_RGBI_8_Remesa_06.tif","E27C5_RGBI_8_Remesa_06.tif"
"https://visualizador.ide.uy/descargas/datos/CN_Remesa_06/02_Ortoimagenes/02_RGBI_8bits/E27C6_RGBI_8_Remesa_06.tif","E27C6_RGBI_8_Remesa_06.tif"
"https://visualizador.ide.uy/descargas/datos/CN_Remesa_06/02_Ortoimagenes/02_RGBI_8bits/E27D1_RGBI_8_Remesa_06.tif","E27D1_RGBI_8_Remesa_06.tif"
"https://visualizador.ide.uy/descargas/datos/CN_Remesa_06/02_Ortoimagenes/02_RGBI_8bits/E27D2_RGBI_8_Remesa_06.tif","E27D2_RGBI_8_Remesa_06.tif"
"https://visualizador.ide.uy/descargas/datos/CN_Remesa_06/02_Ortoimagenes/02_RGBI_8bits/E27D3_RGBI_8_Remesa_06.tif","E27D3_RGBI_8_Remesa_06.tif"
"https://visualizador.ide.uy/descargas/datos/CN_Remesa_06/02_Ortoimagenes/02_RGBI_8bits/E27D4_RGBI_8_Remesa_06.tif","E27D4_RGBI_8_Remesa_06.tif"
"https://visualizador.ide.uy/descargas/datos/CN_Remesa_06/02_Ortoimagenes/02_RGBI_8bits/E27D5_RGBI_8_Remesa_06.tif","E27D5_RGBI_8_Remesa_06.tif"
"https://visualizador.ide.uy/descargas/datos/CN_Remesa_06/02_Ortoimagenes/02_RGBI_8bits/E27D6_RGBI_8_Remesa_06.tif","E27D6_RGBI_8_Remesa_06.tif"
"https://visualizador.ide.uy/descargas/datos/CN_Remesa_06/02_Ortoimagenes/02_RGBI_8bits/E28A1_RGBI_8_Remesa_06.tif","E28A1_RGBI_8_Remesa_06.tif"
"https://visualizador.ide.uy/descargas/datos/CN_Remesa_06/02_Ortoimagenes/02_RGBI_8bits/E28A2_RGBI_8_Remesa_06.tif","E28A2_RGBI_8_Remesa_06.tif"
"https://visualizador.ide.uy/descargas/datos/CN_Remesa_06/02_Ortoimagenes/02_RGBI_8bits/E28A3_RGBI_8_Remesa_06.tif","E28A3_RGBI_8_Remesa_06.tif"
"https://visualizador.ide.uy/descargas/datos/CN_Remesa_06/02_Ortoimagenes/02_RGBI_8bits/E28A4_RGBI_8_Remesa_06.tif","E28A4_RGBI_8_Remesa_06.tif"
"https://visualizador.ide.uy/descargas/datos/CN_Remesa_06/02_Ortoimagenes/02_RGBI_8bits/E28A5_RGBI_8_Remesa_06.tif","E28A5_RGBI_8_Remesa_06.tif"
"https://visualizador.ide.uy/descargas/datos/CN_Remesa_06/02_Ortoimagenes/02_RGBI_8bits/E28A6_RGBI_8_Remesa_06.tif","E28A6_RGBI_8_Remesa_06.tif"
"https://visualizador.ide.uy/descargas/datos/CN_Remesa_06/02_Ortoimagenes/02_RGBI_8bits/E28B1_RGBI_8_Remesa_06.tif","E28B1_RGBI_8_Remesa_06.tif"
"https://visualizador.ide.uy/descargas/datos/CN_Remesa_06/02_Ortoimagenes/02_RGBI_8bits/E28B2_RGBI_8_Remesa_06.tif","E28B2_RGBI_8_Remesa_06.tif"
"https://visualizador.ide.uy/descargas/datos/CN_Remesa_06/02_Ortoimagenes/02_RGBI_8bits/E28B3_RGBI_8_Remesa_06.tif","E28B3_RGBI_8_Remesa_06.tif"
"https://visualizador.ide.uy/descargas/datos/CN_Remesa_06/02_Ortoimagenes/02_RGBI_8bits/E28B4_RGBI_8_Remesa_06.tif","E28B4_RGBI_8_Remesa_06.tif"
"https://visualizador.ide.uy/descargas/datos/CN_Remesa_06/02_Ortoimagenes/02_RGBI_8bits/E28B5_RGBI_8_Remesa_06.tif","E28B5_RGBI_8_Remesa_06.tif"
"https://visualizador.ide.uy/descargas/datos/CN_Remesa_06/02_Ortoimagenes/02_RGBI_8bits/E28B6_RGBI_8_Remesa_06.tif","E28B6_RGBI_8_Remesa_06.tif"
"https://visualizador.ide.uy/descargas/datos/CN_Remesa_06/02_Ortoimagenes/02_RGBI_8bits/E28C1_RGBI_8_Remesa_06.tif","E28C1_RGBI_8_Remesa_06.tif"
"https://visualizador.ide.uy/descargas/datos/CN_Remesa_06/02_Ortoimagenes/02_RGBI_8bits/E28C2_RGBI_8_Remesa_06.tif","E28C2_RGBI_8_Remesa_06.tif"
"https://visualizador.ide.uy/descargas/datos/CN_Remesa_06/02_Ortoimagenes/02_RGBI_8bits/E28C3_RGBI_8_Remesa_06.tif","E28C3_RGBI_8_Remesa_06.tif"
"https://visualizador.ide.uy/descargas/datos/CN_Remesa_06/02_Ortoimagenes/02_RGBI_8bits/E28C4_RGBI_8_Remesa_06.tif","E28C4_RGBI_8_Remesa_06.tif"
"https://visualizador.ide.uy/descargas/datos/CN_Remesa_06/02_Ortoimagenes/02_RGBI_8bits/E28C5_RGBI_8_Remesa_06.tif","E28C5_RGBI_8_Remesa_06.tif"
"https://visualizador.ide.uy/descargas/datos/CN_Remesa_06/02_Ortoimagenes/02_RGBI_8bits/E28C6_RGBI_8_Remesa_06.tif","E28C6_RGBI_8_Remesa_06.tif"
"https://visualizador.ide.uy/descargas/datos/CN_Remesa_06/02_Ortoimagenes/02_RGBI_8bits/E28D1_RGBI_8_Remesa_06.tif","E28D1_RGBI_8_Remesa_06.tif"
"https://visualizador.ide.uy/descargas/datos/CN_Remesa_06/02_Ortoimagenes/02_RGBI_8bits/E28D2_RGBI_8_Remesa_06.tif","E28D2_RGBI_8_Remesa_06.tif"
"https://visualizador.ide.uy/descargas/datos/CN_Remesa_06/02_Ortoimagenes/02_RGBI_8bits/E28D3_RGBI_8_Remesa_06.tif","E28D3_RGBI_8_Remesa_06.tif"
"https://visualizador.ide.uy/descargas/datos/CN_Remesa_06/02_Ortoimagenes/02_RGBI_8bits/E28D4_RGBI_8_Remesa_06.tif","E28D4_RGBI_8_Remesa_06.tif"
"https://visualizador.ide.uy/descargas/datos/CN_Remesa_06/02_Ortoimagenes/02_RGBI_8bits/E28D5_RGBI_8_Remesa_06.tif","E28D5_RGBI_8_Remesa_06.tif"
"https://visualizador.ide.uy/descargas/datos/CN_Remesa_06/02_Ortoimagenes/02_RGBI_8bits/E28D6_RGBI_8_Remesa_06.tif","E28D6_RGBI_8_Remesa_06.tif"
"https://visualizador.ide.uy/descargas/datos/CN_Remesa_06/02_Ortoimagenes/02_RGBI_8bits/E29A1_RGBI_8_Remesa_06.tif","E29A1_RGBI_8_Remesa_06.tif"
"https://visualizador.ide.uy/descargas/datos/CN_Remesa_06/02_Ortoimagenes/02_RGBI_8bits/E29A2_RGBI_8_Remesa_06.tif","E29A2_RGBI_8_Remesa_06.tif"
"https://visualizador.ide.uy/descargas/datos/CN_Remesa_06/02_Ortoimagenes/02_RGBI_8bits/E29A3_RGBI_8_Remesa_06.tif","E29A3_RGBI_8_Remesa_06.tif"
"https://visualizador.ide.uy/descargas/datos/CN_Remesa_06/02_Ortoimagenes/02_RGBI_8bits/E29A4_RGBI_8_Remesa_06.tif","E29A4_RGBI_8_Remesa_06.tif"
"https://visualizador.ide.uy/descargas/datos/CN_Remesa_06/02_Ortoimagenes/02_RGBI_8bits/E29A5_RGBI_8_Remesa_06.tif","E29A5_RGBI_8_Remesa_06.tif"
"https://visualizador.ide.uy/descargas/datos/CN_Remesa_06/02_Ortoimagenes/02_RGBI_8bits/E29A6_RGBI_8_Remesa_06.tif","E29A6_RGBI_8_Remesa_06.tif"
"https://visualizador.ide.uy/descargas/datos/CN_Remesa_06/02_Ortoimagenes/02_RGBI_8bits/E29B1_RGBI_8_Remesa_06.tif","E29B1_RGBI_8_Remesa_06.tif"
"https://visualizador.ide.uy/descargas/datos/CN_Remesa_06/02_Ortoimagenes/02_RGBI_8bits/E29B2_RGBI_8_Remesa_06.tif","E29B2_RGBI_8_Remesa_06.tif"
"https://visualizador.ide.uy/descargas/datos/CN_Remesa_06/02_Ortoimagenes/02_RGBI_8bits/E29B3_RGBI_8_Remesa_06.tif","E29B3_RGBI_8_Remesa_06.tif"
"https://visualizador.ide.uy/descargas/datos/CN_Remesa_06/02_Ortoimagenes/02_RGBI_8bits/E29B4_RGBI_8_Remesa_06.tif","E29B4_RGBI_8_Remesa_06.tif"
"https://visualizador.ide.uy/descargas/datos/CN_Remesa_06/02_Ortoimagenes/02_RGBI_8bits/E29C1_RGBI_8_Remesa_06.tif","E29C1_RGBI_8_Remesa_06.tif"
"https://visualizador.ide.uy/descargas/datos/CN_Remesa_06/02_Ortoimagenes/02_RGBI_8bits/E29C2_RGBI_8_Remesa_06.tif","E29C2_RGBI_8_Remesa_06.tif"
"https://visualizador.ide.uy/descargas/datos/CN_Remesa_06/02_Ortoimagenes/02_RGBI_8bits/E29C3_RGBI_8_Remesa_06.tif","E29C3_RGBI_8_Remesa_06.tif"
"https://visualizador.ide.uy/descargas/datos/CN_Remesa_06/02_Ortoimagenes/02_RGBI_8bits/E29C4_RGBI_8_Remesa_06.tif","E29C4_RGBI_8_Remesa_06.tif"
"https://visualizador.ide.uy/descargas/datos/CN_Remesa_06/02_Ortoimagenes/02_RGBI_8bits/F23C4_RGBI_8_Remesa_06.tif","F23C4_RGBI_8_Remesa_06.tif"
"https://visualizador.ide.uy/descargas/datos/CN_Remesa_06/02_Ortoimagenes/02_RGBI_8bits/F23C5_RGBI_8_Remesa_06.tif","F23C5_RGBI_8_Remesa_06.tif"
"https://visualizador.ide.uy/descargas/datos/CN_Remesa_06/02_Ortoimagenes/02_RGBI_8bits/F23C6_RGBI_8_Remesa_06.tif","F23C6_RGBI_8_Remesa_06.tif"
"https://visualizador.ide.uy/descargas/datos/CN_Remesa_06/02_Ortoimagenes/02_RGBI_8bits/F23D4_RGBI_8_Remesa_06.tif","F23D4_RGBI_8_Remesa_06.tif"
"https://visualizador.ide.uy/descargas/datos/CN_Remesa_06/02_Ortoimagenes/02_RGBI_8bits/F23D5_RGBI_8_Remesa_06.tif","F23D5_RGBI_8_Remesa_06.tif"
"https://visualizador.ide.uy/descargas/datos/CN_Remesa_06/02_Ortoimagenes/02_RGBI_8bits/F23D6_RGBI_8_Remesa_06.tif","F23D6_RGBI_8_Remesa_06.tif"
"https://visualizador.ide.uy/descargas/datos/CN_Remesa_06/02_Ortoimagenes/02_RGBI_8bits/F24A1_RGBI_8_Remesa_06.tif","F24A1_RGBI_8_Remesa_06.tif"
"https://visualizador.ide.uy/descargas/datos/CN_Remesa_06/02_Ortoimagenes/02_RGBI_8bits/F24A2_RGBI_8_Remesa_06.tif","F24A2_RGBI_8_Remesa_06.tif"
"https://visualizador.ide.uy/descargas/datos/CN_Remesa_06/02_Ortoimagenes/02_RGBI_8bits/F24A3_RGBI_8_Remesa_06.tif","F24A3_RGBI_8_Remesa_06.tif"
"https://visualizador.ide.uy/descargas/datos/CN_Remesa_06/02_Ortoimagenes/02_RGBI_8bits/F24A4_RGBI_8_Remesa_06.tif","F24A4_RGBI_8_Remesa_06.tif"
"https://visualizador.ide.uy/descargas/datos/CN_Remesa_06/02_Ortoimagenes/02_RGBI_8bits/F24A5_RGBI_8_Remesa_06.tif","F24A5_RGBI_8_Remesa_06.tif"
"https://visualizador.ide.uy/descargas/datos/CN_Remesa_06/02_Ortoimagenes/02_RGBI_8bits/F24A6_RGBI_8_Remesa_06.tif","F24A6_RGBI_8_Remesa_06.tif"
"https://visualizador.ide.uy/descargas/datos/CN_Remesa_06/02_Ortoimagenes/02_RGBI_8bits/F24B1_RGBI_8_Remesa_06.tif","F24B1_RGBI_8_Remesa_06.tif"
"https://visualizador.ide.uy/descargas/datos/CN_Remesa_06/02_Ortoimagenes/02_RGBI_8bits/F24B2_RGBI_8_Remesa_06.tif","F24B2_RGBI_8_Remesa_06.tif"
"https://visualizador.ide.uy/descargas/datos/CN_Remesa_06/02_Ortoimagenes/02_RGBI_8bits/F24B3_RGBI_8_Remesa_06.tif","F24B3_RGBI_8_Remesa_06.tif"
"https://visualizador.ide.uy/descargas/datos/CN_Remesa_06/02_Ortoimagenes/02_RGBI_8bits/F24B4_RGBI_8_Remesa_06.tif","F24B4_RGBI_8_Remesa_06.tif"
"https://visualizador.ide.uy/descargas/datos/CN_Remesa_06/02_Ortoimagenes/02_RGBI_8bits/F24B5_RGBI_8_Remesa_06.tif","F24B5_RGBI_8_Remesa_06.tif"
"https://visualizador.ide.uy/descargas/datos/CN_Remesa_06/02_Ortoimagenes/02_RGBI_8bits/F24B6_RGBI_8_Remesa_06.tif","F24B6_RGBI_8_Remesa_06.tif"
"https://visualizador.ide.uy/descargas/datos/CN_Remesa_06/02_Ortoimagenes/02_RGBI_8bits/F24C1_RGBI_8_Remesa_06.tif","F24C1_RGBI_8_Remesa_06.tif"
"https://visualizador.ide.uy/descargas/datos/CN_Remesa_06/02_Ortoimagenes/02_RGBI_8bits/F24C2_RGBI_8_Remesa_06.tif","F24C2_RGBI_8_Remesa_06.tif"
"https://visualizador.ide.uy/descargas/datos/CN_Remesa_06/02_Ortoimagenes/02_RGBI_8bits/F24C3_RGBI_8_Remesa_06.tif","F24C3_RGBI_8_Remesa_06.tif"
"https://visualizador.ide.uy/descargas/datos/CN_Remesa_06/02_Ortoimagenes/02_RGBI_8bits/F24C4_RGBI_8_Remesa_06.tif","F24C4_RGBI_8_Remesa_06.tif"
"https://visualizador.ide.uy/descargas/datos/CN_Remesa_06/02_Ortoimagenes/02_RGBI_8bits/F24C5_RGBI_8_Remesa_06.tif","F24C5_RGBI_8_Remesa_06.tif"
"https://visualizador.ide.uy/descargas/datos/CN_Remesa_06/02_Ortoimagenes/02_RGBI_8bits/F24C6_RGBI_8_Remesa_06.tif","F24C6_RGBI_8_Remesa_06.tif"
"https://visualizador.ide.uy/descargas/datos/CN_Remesa_06/02_Ortoimagenes/02_RGBI_8bits/F24D1_RGBI_8_Remesa_06.tif","F24D1_RGBI_8_Remesa_06.tif"
"https://visualizador.ide.uy/descargas/datos/CN_Remesa_06/02_Ortoimagenes/02_RGBI_8bits/F24D2_RGBI_8_Remesa_06.tif","F24D2_RGBI_8_Remesa_06.tif"
"https://visualizador.ide.uy/descargas/datos/CN_Remesa_06/02_Ortoimagenes/02_RGBI_8bits/F24D3_RGBI_8_Remesa_06.tif","F24D3_RGBI_8_Remesa_06.tif"
"https://visualizador.ide.uy/descargas/datos/CN_Remesa_06/02_Ortoimagenes/02_RGBI_8bits/F24D4_RGBI_8_Remesa_06.tif","F24D4_RGBI_8_Remesa_06.tif"
"https://visualizador.ide.uy/descargas/datos/CN_Remesa_06/02_Ortoimagenes/02_RGBI_8bits/F24D5_RGBI_8_Remesa_06.tif","F24D5_RGBI_8_Remesa_06.tif"
"https://visualizador.ide.uy/descargas/datos/CN_Remesa_06/02_Ortoimagenes/02_RGBI_8bits/F24D6_RGBI_8_Remesa_06.tif","F24D6_RGBI_8_Remesa_06.tif"
"https://visualizador.ide.uy/descargas/datos/CN_Remesa_06/02_Ortoimagenes/02_RGBI_8bits/F25A1_RGBI_8_Remesa_06.tif","F25A1_RGBI_8_Remesa_06.tif"
"https://visualizador.ide.uy/descargas/datos/CN_Remesa_06/02_Ortoimagenes/02_RGBI_8bits/F25A2_RGBI_8_Remesa_06.tif","F25A2_RGBI_8_Remesa_06.tif"
"https://visualizador.ide.uy/descargas/datos/CN_Remesa_06/02_Ortoimagenes/02_RGBI_8bits/F25A3_RGBI_8_Remesa_06.tif","F25A3_RGBI_8_Remesa_06.tif"
"https://visualizador.ide.uy/descargas/datos/CN_Remesa_06/02_Ortoimagenes/02_RGBI_8bits/F25A4_RGBI_8_Remesa_06.tif","F25A4_RGBI_8_Remesa_06.tif"
"https://visualizador.ide.uy/descargas/datos/CN_Remesa_06/02_Ortoimagenes/02_RGBI_8bits/F25A5_RGBI_8_Remesa_06.tif","F25A5_RGBI_8_Remesa_06.tif"
"https://visualizador.ide.uy/descargas/datos/CN_Remesa_06/02_Ortoimagenes/02_RGBI_8bits/F25A6_RGBI_8_Remesa_06.tif","F25A6_RGBI_8_Remesa_06.tif"
"https://visualizador.ide.uy/descargas/datos/CN_Remesa_06/02_Ortoimagenes/02_RGBI_8bits/F25B1_RGBI_8_Remesa_06.tif","F25B1_RGBI_8_Remesa_06.tif"
"https://visualizador.ide.uy/descargas/datos/CN_Remesa_06/02_Ortoimagenes/02_RGBI_8bits/F25B2_RGBI_8_Remesa_06.tif","F25B2_RGBI_8_Remesa_06.tif"
"https://visualizador.ide.uy/descargas/datos/CN_Remesa_06/02_Ortoimagenes/02_RGBI_8bits/F25B3_RGBI_8_Remesa_06.tif","F25B3_RGBI_8_Remesa_06.tif"
"https://visualizador.ide.uy/descargas/datos/CN_Remesa_06/02_Ortoimagenes/02_RGBI_8bits/F25B4_RGBI_8_Remesa_06.tif","F25B4_RGBI_8_Remesa_06.tif"
"https://visualizador.ide.uy/descargas/datos/CN_Remesa_06/02_Ortoimagenes/02_RGBI_8bits/F25B5_RGBI_8_Remesa_06.tif","F25B5_RGBI_8_Remesa_06.tif"
"https://visualizador.ide.uy/descargas/datos/CN_Remesa_06/02_Ortoimagenes/02_RGBI_8bits/F25B6_RGBI_8_Remesa_06.tif","F25B6_RGBI_8_Remesa_06.tif"
"https://visualizador.ide.uy/descargas/datos/CN_Remesa_06/02_Ortoimagenes/02_RGBI_8bits/F25C1_RGBI_8_Remesa_06.tif","F25C1_RGBI_8_Remesa_06.tif"
"https://visualizador.ide.uy/descargas/datos/CN_Remesa_06/02_Ortoimagenes/02_RGBI_8bits/F25C2_RGBI_8_Remesa_06.tif","F25C2_RGBI_8_Remesa_06.tif"
"https://visualizador.ide.uy/descargas/datos/CN_Remesa_06/02_Ortoimagenes/02_RGBI_8bits/F25C3_RGBI_8_Remesa_06.tif","F25C3_RGBI_8_Remesa_06.tif"
"https://visualizador.ide.uy/descargas/datos/CN_Remesa_06/02_Ortoimagenes/02_RGBI_8bits/F25C4_RGBI_8_Remesa_06.tif","F25C4_RGBI_8_Remesa_06.tif"
"https://visualizador.ide.uy/descargas/datos/CN_Remesa_06/02_Ortoimagenes/02_RGBI_8bits/F25C5_RGBI_8_Remesa_06.tif","F25C5_RGBI_8_Remesa_06.tif"
"https://visualizador.ide.uy/descargas/datos/CN_Remesa_06/02_Ortoimagenes/02_RGBI_8bits/F25C6_RGBI_8_Remesa_06.tif","F25C6_RGBI_8_Remesa_06.tif"
"https://visualizador.ide.uy/descargas/datos/CN_Remesa_06/02_Ortoimagenes/02_RGBI_8bits/F25D1_RGBI_8_Remesa_06.tif","F25D1_RGBI_8_Remesa_06.tif"
"https://visualizador.ide.uy/descargas/datos/CN_Remesa_06/02_Ortoimagenes/02_RGBI_8bits/F25D2_RGBI_8_Remesa_06.tif","F25D2_RGBI_8_Remesa_06.tif"
"https://visualizador.ide.uy/descargas/datos/CN_Remesa_06/02_Ortoimagenes/02_RGBI_8bits/F25D3_RGBI_8_Remesa_06.tif","F25D3_RGBI_8_Remesa_06.tif"
"https://visualizador.ide.uy/descargas/datos/CN_Remesa_06/02_Ortoimagenes/02_RGBI_8bits/F25D4_RGBI_8_Remesa_06.tif","F25D4_RGBI_8_Remesa_06.tif"
"https://visualizador.ide.uy/descargas/datos/CN_Remesa_06/02_Ortoimagenes/02_RGBI_8bits/F25D5_RGBI_8_Remesa_06.tif","F25D5_RGBI_8_Remesa_06.tif"
"https://visualizador.ide.uy/descargas/datos/CN_Remesa_06/02_Ortoimagenes/02_RGBI_8bits/F25D6_RGBI_8_Remesa_06.tif","F25D6_RGBI_8_Remesa_06.tif"
"https://visualizador.ide.uy/descargas/datos/CN_Remesa_06/02_Ortoimagenes/02_RGBI_8bits/F26A1_RGBI_8_Remesa_06.tif","F26A1_RGBI_8_Remesa_06.tif"
"https://visualizador.ide.uy/descargas/datos/CN_Remesa_06/02_Ortoimagenes/02_RGBI_8bits/F26A2_RGBI_8_Remesa_06.tif","F26A2_RGBI_8_Remesa_06.tif"
"https://visualizador.ide.uy/descargas/datos/CN_Remesa_06/02_Ortoimagenes/02_RGBI_8bits/F26A3_RGBI_8_Remesa_06.tif","F26A3_RGBI_8_Remesa_06.tif"
"https://visualizador.ide.uy/descargas/datos/CN_Remesa_06/02_Ortoimagenes/02_RGBI_8bits/F26A4_RGBI_8_Remesa_06.tif","F26A4_RGBI_8_Remesa_06.tif"
"https://visualizador.ide.uy/descargas/datos/CN_Remesa_06/02_Ortoimagenes/02_RGBI_8bits/F26A5_RGBI_8_Remesa_06.tif","F26A5_RGBI_8_Remesa_06.tif"
"https://visualizador.ide.uy/descargas/datos/CN_Remesa_06/02_Ortoimagenes/02_RGBI_8bits/F26A6_RGBI_8_Remesa_06.tif","F26A6_RGBI_8_Remesa_06.tif"
"https://visualizador.ide.uy/descargas/datos/CN_Remesa_06/02_Ortoimagenes/02_RGBI_8bits/F26B1_RGBI_8_Remesa_06.tif","F26B1_RGBI_8_Remesa_06.tif"
"https://visualizador.ide.uy/descargas/datos/CN_Remesa_06/02_Ortoimagenes/02_RGBI_8bits/F26B2_RGBI_8_Remesa_06.tif","F26B2_RGBI_8_Remesa_06.tif"
"https://visualizador.ide.uy/descargas/datos/CN_Remesa_06/02_Ortoimagenes/02_RGBI_8bits/F26B3_RGBI_8_Remesa_06.tif","F26B3_RGBI_8_Remesa_06.tif"
"https://visualizador.ide.uy/descargas/datos/CN_Remesa_06/02_Ortoimagenes/02_RGBI_8bits/F26B4_RGBI_8_Remesa_06.tif","F26B4_RGBI_8_Remesa_06.tif"
"https://visualizador.ide.uy/descargas/datos/CN_Remesa_06/02_Ortoimagenes/02_RGBI_8bits/F26B5_RGBI_8_Remesa_06.tif","F26B5_RGBI_8_Remesa_06.tif"
"https://visualizador.ide.uy/descargas/datos/CN_Remesa_06/02_Ortoimagenes/02_RGBI_8bits/F26B6_RGBI_8_Remesa_06.tif","F26B6_RGBI_8_Remesa_06.tif"
"https://visualizador.ide.uy/descargas/datos/CN_Remesa_06/02_Ortoimagenes/02_RGBI_8bits/F26C1_RGBI_8_Remesa_06.tif","F26C1_RGBI_8_Remesa_06.tif"
"https://visualizador.ide.uy/descargas/datos/CN_Remesa_06/02_Ortoimagenes/02_RGBI_8bits/F26C2_RGBI_8_Remesa_06.tif","F26C2_RGBI_8_Remesa_06.tif"
"https://visualizador.ide.uy/descargas/datos/CN_Remesa_06/02_Ortoimagenes/02_RGBI_8bits/F26C3_RGBI_8_Remesa_06.tif","F26C3_RGBI_8_Remesa_06.tif"
"https://visualizador.ide.uy/descargas/datos/CN_Remesa_06/02_Ortoimagenes/02_RGBI_8bits/F26C4_RGBI_8_Remesa_06.tif","F26C4_RGBI_8_Remesa_06.tif"
"https://visualizador.ide.uy/descargas/datos/CN_Remesa_06/02_Ortoimagenes/02_RGBI_8bits/F26C5_RGBI_8_Remesa_06.tif","F26C5_RGBI_8_Remesa_06.tif"
"https://visualizador.ide.uy/descargas/datos/CN_Remesa_06/02_Ortoimagenes/02_RGBI_8bits/F26C6_RGBI_8_Remesa_06.tif","F26C6_RGBI_8_Remesa_06.tif"
"https://visualizador.ide.uy/descargas/datos/CN_Remesa_06/02_Ortoimagenes/02_RGBI_8bits/F26D1_RGBI_8_Remesa_06.tif","F26D1_RGBI_8_Remesa_06.tif"
"https://visualizador.ide.uy/descargas/datos/CN_Remesa_06/02_Ortoimagenes/02_RGBI_8bits/F26D2_RGBI_8_Remesa_06.tif","F26D2_RGBI_8_Remesa_06.tif"
"https://visualizador.ide.uy/descargas/datos/CN_Remesa_06/02_Ortoimagenes/02_RGBI_8bits/F26D3_RGBI_8_Remesa_06.tif","F26D3_RGBI_8_Remesa_06.tif"
"https://visualizador.ide.uy/descargas/datos/CN_Remesa_06/02_Ortoimagenes/02_RGBI_8bits/F26D4_RGBI_8_Remesa_06.tif","F26D4_RGBI_8_Remesa_06.tif"
"https://visualizador.ide.uy/descargas/datos/CN_Remesa_06/02_Ortoimagenes/02_RGBI_8bits/F26D5_RGBI_8_Remesa_06.tif","F26D5_RGBI_8_Remesa_06.tif"
"https://visualizador.ide.uy/descargas/datos/CN_Remesa_06/02_Ortoimagenes/02_RGBI_8bits/F26D6_RGBI_8_Remesa_06.tif","F26D6_RGBI_8_Remesa_06.tif"
"https://visualizador.ide.uy/descargas/datos/CN_Remesa_06/02_Ortoimagenes/02_RGBI_8bits/F27A1_RGBI_8_Remesa_06.tif","F27A1_RGBI_8_Remesa_06.tif"
"https://visualizador.ide.uy/descargas/datos/CN_Remesa_06/02_Ortoimagenes/02_RGBI_8bits/F27A2_RGBI_8_Remesa_06.tif","F27A2_RGBI_8_Remesa_06.tif"
"https://visualizador.ide.uy/descargas/datos/CN_Remesa_06/02_Ortoimagenes/02_RGBI_8bits/F27A3_RGBI_8_Remesa_06.tif","F27A3_RGBI_8_Remesa_06.tif"
"https://visualizador.ide.uy/descargas/datos/CN_Remesa_06/02_Ortoimagenes/02_RGBI_8bits/F27A4_RGBI_8_Remesa_06.tif","F27A4_RGBI_8_Remesa_06.tif"
"https://visualizador.ide.uy/descargas/datos/CN_Remesa_06/02_Ortoimagenes/02_RGBI_8bits/F27A5_RGBI_8_Remesa_06.tif","F27A5_RGBI_8_Remesa_06.tif"
"https://visualizador.ide.uy/descargas/datos/CN_Remesa_06/02_Ortoimagenes/02_RGBI_8bits/F27A6_RGBI_8_Remesa_06.tif","F27A6_RGBI_8_Remesa_06.tif"
"https://visualizador.ide.uy/descargas/datos/CN_Remesa_06/02_Ortoimagenes/02_RGBI_8bits/F27B1_RGBI_8_Remesa_06.tif","F27B1_RGBI_8_Remesa_06.tif"
"https://visualizador.ide.uy/descargas/datos/CN_Remesa_06/02_Ortoimagenes/02_RGBI_8bits/F27B2_RGBI_8_Remesa_06.tif","F27B2_RGBI_8_Remesa_06.tif"
"https://visualizador.ide.uy/descargas/datos/CN_Remesa_06/02_Ortoimagenes/02_RGBI_8bits/F27B3_RGBI_8_Remesa_06.tif","F27B3_RGBI_8_Remesa_06.tif"
"https://visualizador.ide.uy/descargas/datos/CN_Remesa_06/02_Ortoimagenes/02_RGBI_8bits/F27B4_RGBI_8_Remesa_06.tif","F27B4_RGBI_8_Remesa_06.tif"
"https://visualizador.ide.uy/descargas/datos/CN_Remesa_06/02_Ortoimagenes/02_RGBI_8bits/F27B5_RGBI_8_Remesa_06.tif","F27B5_RGBI_8_Remesa_06.tif"
"https://visualizador.ide.uy/descargas/datos/CN_Remesa_06/02_Ortoimagenes/02_RGBI_8bits/F27B6_RGBI_8_Remesa_06.tif","F27B6_RGBI_8_Remesa_06.tif"
"https://visualizador.ide.uy/descargas/datos/CN_Remesa_06/02_Ortoimagenes/02_RGBI_8bits/F27C1_RGBI_8_Remesa_06.tif","F27C1_RGBI_8_Remesa_06.tif"
"https://visualizador.ide.uy/descargas/datos/CN_Remesa_06/02_Ortoimagenes/02_RGBI_8bits/F27C2_RGBI_8_Remesa_06.tif","F27C2_RGBI_8_Remesa_06.tif"
"https://visualizador.ide.uy/descargas/datos/CN_Remesa_06/02_Ortoimagenes/02_RGBI_8bits/F27C3_RGBI_8_Remesa_06.tif","F27C3_RGBI_8_Remesa_06.tif"
"https://visualizador.ide.uy/descargas/datos/CN_Remesa_06/02_Ortoimagenes/02_RGBI_8bits/F27C4_RGBI_8_Remesa_06.tif","F27C4_RGBI_8_Remesa_06.tif"
"https://visualizador.ide.uy/descargas/datos/CN_Remesa_06/02_Ortoimagenes/02_RGBI_8bits/F27C5_RGBI_8_Remesa_06.tif","F27C5_RGBI_8_Remesa_06.tif"
"https://visualizador.ide.uy/descargas/datos/CN_Remesa_06/02_Ortoimagenes/02_RGBI_8bits/F27C6_RGBI_8_Remesa_06.tif","F27C6_RGBI_8_Remesa_06.tif"
"https://visualizador.ide.uy/descargas/datos/CN_Remesa_06/02_Ortoimagenes/02_RGBI_8bits/F27D1_RGBI_8_Remesa_06.tif","F27D1_RGBI_8_Remesa_06.tif"
"https://visualizador.ide.uy/descargas/datos/CN_Remesa_06/02_Ortoimagenes/02_RGBI_8bits/F27D2_RGBI_8_Remesa_06.tif","F27D2_RGBI_8_Remesa_06.tif"
"https://visualizador.ide.uy/descargas/datos/CN_Remesa_06/02_Ortoimagenes/02_RGBI_8bits/F27D3_RGBI_8_Remesa_06.tif","F27D3_RGBI_8_Remesa_06.tif"
"https://visualizador.ide.uy/descargas/datos/CN_Remesa_06/02_Ortoimagenes/02_RGBI_8bits/F27D4_RGBI_8_Remesa_06.tif","F27D4_RGBI_8_Remesa_06.tif"
"https://visualizador.ide.uy/descargas/datos/CN_Remesa_06/02_Ortoimagenes/02_RGBI_8bits/F27D5_RGBI_8_Remesa_06.tif","F27D5_RGBI_8_Remesa_06.tif"
"https://visualizador.ide.uy/descargas/datos/CN_Remesa_06/02_Ortoimagenes/02_RGBI_8bits/F27D6_RGBI_8_Remesa_06.tif","F27D6_RGBI_8_Remesa_06.tif"
"https://visualizador.ide.uy/descargas/datos/CN_Remesa_06/02_Ortoimagenes/02_RGBI_8bits/F28A1_RGBI_8_Remesa_06.tif","F28A1_RGBI_8_Remesa_06.tif"
"https://visualizador.ide.uy/descargas/datos/CN_Remesa_06/02_Ortoimagenes/02_RGBI_8bits/F28A2_RGBI_8_Remesa_06.tif","F28A2_RGBI_8_Remesa_06.tif"
"https://visualizador.ide.uy/descargas/datos/CN_Remesa_06/02_Ortoimagenes/02_RGBI_8bits/F28A3_RGBI_8_Remesa_06.tif","F28A3_RGBI_8_Remesa_06.tif"
"https://visualizador.ide.uy/descargas/datos/CN_Remesa_06/02_Ortoimagenes/02_RGBI_8bits/F28A4_RGBI_8_Remesa_06.tif","F28A4_RGBI_8_Remesa_06.tif"
"https://visualizador.ide.uy/descargas/datos/CN_Remesa_06/02_Ortoimagenes/02_RGBI_8bits/F28A5_RGBI_8_Remesa_06.tif","F28A5_RGBI_8_Remesa_06.tif"
"https://visualizador.ide.uy/descargas/datos/CN_Remesa_06/02_Ortoimagenes/02_RGBI_8bits/F28A6_RGBI_8_Remesa_06.tif","F28A6_RGBI_8_Remesa_06.tif"
"https://visualizador.ide.uy/descargas/datos/CN_Remesa_06/02_Ortoimagenes/02_RGBI_8bits/F28B1_RGBI_8_Remesa_06.tif","F28B1_RGBI_8_Remesa_06.tif"
"https://visualizador.ide.uy/descargas/datos/CN_Remesa_06/02_Ortoimagenes/02_RGBI_8bits/F28B2_RGBI_8_Remesa_06.tif","F28B2_RGBI_8_Remesa_06.tif"
"https://visualizador.ide.uy/descargas/datos/CN_Remesa_06/02_Ortoimagenes/02_RGBI_8bits/F28B3_RGBI_8_Remesa_06.tif","F28B3_RGBI_8_Remesa_06.tif"
"https://visualizador.ide.uy/descargas/datos/CN_Remesa_06/02_Ortoimagenes/02_RGBI_8bits/F28B4_RGBI_8_Remesa_06.tif","F28B4_RGBI_8_Remesa_06.tif"
"https://visualizador.ide.uy/descargas/datos/CN_Remesa_06/02_Ortoimagenes/02_RGBI_8bits/F28B5_RGBI_8_Remesa_06.tif","F28B5_RGBI_8_Remesa_06.tif"
"https://visualizador.ide.uy/descargas/datos/CN_Remesa_06/02_Ortoimagenes/02_RGBI_8bits/F28B6_RGBI_8_Remesa_06.tif","F28B6_RGBI_8_Remesa_06.tif"
"https://visualizador.ide.uy/descargas/datos/CN_Remesa_06/02_Ortoimagenes/02_RGBI_8bits/F28C1_RGBI_8_Remesa_06.tif","F28C1_RGBI_8_Remesa_06.tif"
"https://visualizador.ide.uy/descargas/datos/CN_Remesa_06/02_Ortoimagenes/02_RGBI_8bits/F28C2_RGBI_8_Remesa_06.tif","F28C2_RGBI_8_Remesa_06.tif"
"https://visualizador.ide.uy/descargas/datos/CN_Remesa_06/02_Ortoimagenes/02_RGBI_8bits/F28C3_RGBI_8_Remesa_06.tif","F28C3_RGBI_8_Remesa_06.tif"
"https://visualizador.ide.uy/descargas/datos/CN_Remesa_06/02_Ortoimagenes/02_RGBI_8bits/F28C4_RGBI_8_Remesa_06.tif","F28C4_RGBI_8_Remesa_06.tif"
"https://visualizador.ide.uy/descargas/datos/CN_Remesa_06/02_Ortoimagenes/02_RGBI_8bits/F28C5_RGBI_8_Remesa_06.tif","F28C5_RGBI_8_Remesa_06.tif"
"https://visualizador.ide.uy/descargas/datos/CN_Remesa_06/02_Ortoimagenes/02_RGBI_8bits/F28C6_RGBI_8_Remesa_06.tif","F28C6_RGBI_8_Remesa_06.tif"
"https://visualizador.ide.uy/descargas/datos/CN_Remesa_06/02_Ortoimagenes/02_RGBI_8bits/F28D1_RGBI_8_Remesa_06.tif","F28D1_RGBI_8_Remesa_06.tif"
"https://visualizador.ide.uy/descargas/datos/CN_Remesa_06/02_Ortoimagenes/02_RGBI_8bits/F28D2_RGBI_8_Remesa_06.tif","F28D2_RGBI_8_Remesa_06.tif"
"https://visualizador.ide.uy/descargas/datos/CN_Remesa_06/02_Ortoimagenes/02_RGBI_8bits/F28D3_RGBI_8_Remesa_06.tif","F28D3_RGBI_8_Remesa_06.tif"
"https://visualizador.ide.uy/descargas/datos/CN_Remesa_06/02_Ortoimagenes/02_RGBI_8bits/F28D4_RGBI_8_Remesa_06.tif","F28D4_RGBI_8_Remesa_06.tif"
"https://visualizador.ide.uy/descargas/datos/CN_Remesa_06/02_Ortoimagenes/02_RGBI_8bits/F28D5_RGBI_8_Remesa_06.tif","F28D5_RGBI_8_Remesa_06.tif"
"https://visualizador.ide.uy/descargas/datos/CN_Remesa_06/02_Ortoimagenes/02_RGBI_8bits/F28D6_RGBI_8_Remesa_06.tif","F28D6_RGBI_8_Remesa_06.tif"
"https://visualizador.ide.uy/descargas/datos/CN_Remesa_06/02_Ortoimagenes/02_RGBI_8bits/F29A1_RGBI_8_Remesa_06.tif","F29A1_RGBI_8_Remesa_06.tif"
"https://visualizador.ide.uy/descargas/datos/CN_Remesa_06/02_Ortoimagenes/02_RGBI_8bits/F29A2_RGBI_8_Remesa_06.tif","F29A2_RGBI_8_Remesa_06.tif"
"https://visualizador.ide.uy/descargas/datos/CN_Remesa_06/02_Ortoimagenes/02_RGBI_8bits/F29A3_RGBI_8_Remesa_06.tif","F29A3_RGBI_8_Remesa_06.tif"
"https://visualizador.ide.uy/descargas/datos/CN_Remesa_06/02_Ortoimagenes/02_RGBI_8bits/F29A4_RGBI_8_Remesa_06.tif","F29A4_RGBI_8_Remesa_06.tif"
"https://visualizador.ide.uy/descargas/datos/CN_Remesa_06/02_Ortoimagenes/02_RGBI_8bits/F29A5_RGBI_8_Remesa_06.tif","F29A5_RGBI_8_Remesa_06.tif"
"https://visualizador.ide.uy/descargas/datos/CN_Remesa_06/02_Ortoimagenes/02_RGBI_8bits/F29A6_RGBI_8_Remesa_06.tif","F29A6_RGBI_8_Remesa_06.tif"
"https://visualizador.ide.uy/descargas/datos/CN_Remesa_06/02_Ortoimagenes/02_RGBI_8bits/F29B1_RGBI_8_Remesa_06.tif","F29B1_RGBI_8_Remesa_06.tif"
"https://visualizador.ide.uy/descargas/datos/CN_Remesa_06/02_Ortoimagenes/02_RGBI_8bits/F29B2_RGBI_8_Remesa_06.tif","F29B2_RGBI_8_Remesa_06.tif"
"https://visualizador.ide.uy/descargas/datos/CN_Remesa_06/02_Ortoimagenes/02_RGBI_8bits/F29B3_RGBI_8_Remesa_06.tif","F29B3_RGBI_8_Remesa_06.tif"
"https://visualizador.ide.uy/descargas/datos/CN_Remesa_06/02_Ortoimagenes/02_RGBI_8bits/F29B4_RGBI_8_Remesa_06.tif","F29B4_RGBI_8_Remesa_06.tif"
"https://visualizador.ide.uy/descargas/datos/CN_Remesa_06/02_Ortoimagenes/02_RGBI_8bits/F29B5_RGBI_8_Remesa_06.tif","F29B5_RGBI_8_Remesa_06.tif"
"https://visualizador.ide.uy/descargas/datos/CN_Remesa_06/02_Ortoimagenes/02_RGBI_8bits/F29B6_RGBI_8_Remesa_06.tif","F29B6_RGBI_8_Remesa_06.tif"
"https://visualizador.ide.uy/descargas/datos/CN_Remesa_06/02_Ortoimagenes/02_RGBI_8bits/F29C1_RGBI_8_Remesa_06.tif","F29C1_RGBI_8_Remesa_06.tif"
"https://visualizador.ide.uy/descargas/datos/CN_Remesa_06/02_Ortoimagenes/02_RGBI_8bits/F29C2_RGBI_8_Remesa_06.tif","F29C2_RGBI_8_Remesa_06.tif"
"https://visualizador.ide.uy/descargas/datos/CN_Remesa_06/02_Ortoimagenes/02_RGBI_8bits/F29C3_RGBI_8_Remesa_06.tif","F29C3_RGBI_8_Remesa_06.tif"
"https://visualizador.ide.uy/descargas/datos/CN_Remesa_06/02_Ortoimagenes/02_RGBI_8bits/F29C4_RGBI_8_Remesa_06.tif","F29C4_RGBI_8_Remesa_06.tif"
"https://visualizador.ide.uy/descargas/datos/CN_Remesa_06/02_Ortoimagenes/02_RGBI_8bits/F29C5_RGBI_8_Remesa_06.tif","F29C5_RGBI_8_Remesa_06.tif"
"https://visualizador.ide.uy/descargas/datos/CN_Remesa_06/02_Ortoimagenes/02_RGBI_8bits/F29C6_RGBI_8_Remesa_06.tif","F29C6_RGBI_8_Remesa_06.tif"
"https://visualizador.ide.uy/descargas/datos/CN_Remesa_06/02_Ortoimagenes/02_RGBI_8bits/F29D1_RGBI_8_Remesa_06.tif","F29D1_RGBI_8_Remesa_06.tif"
"https://visualizador.ide.uy/descargas/datos/CN_Remesa_06/02_Ortoimagenes/02_RGBI_8bits/F29D2_RGBI_8_Remesa_06.tif","F29D2_RGBI_8_Remesa_06.tif"
"https://visualizador.ide.uy/descargas/datos/CN_Remesa_06/02_Ortoimagenes/02_RGBI_8bits/F29D3_RGBI_8_Remesa_06.tif","F29D3_RGBI_8_Remesa_06.tif"
"https://visualizador.ide.uy/descargas/datos/CN_Remesa_06/02_Ortoimagenes/02_RGBI_8bits/F29D4_RGBI_8_Remesa_06.tif","F29D4_RGBI_8_Remesa_06.tif"
"https://visualizador.ide.uy/descargas/datos/CN_Remesa_06/02_Ortoimagenes/02_RGBI_8bits/F29D5_RGBI_8_Remesa_06.tif","F29D5_RGBI_8_Remesa_06.tif"
"https://visualizador.ide.uy/descargas/datos/CN_Remesa_06/02_Ortoimagenes/02_RGBI_8bits/F29D6_RGBI_8_Remesa_06.tif","F29D6_RGBI_8_Remesa_06.tif"
"https://visualizador.ide.uy/descargas/datos/CN_Remesa_06/02_Ortoimagenes/02_RGBI_8bits/F30A1_RGBI_8_Remesa_06.tif","F30A1_RGBI_8_Remesa_06.tif"
"https://visualizador.ide.uy/descargas/datos/CN_Remesa_06/02_Ortoimagenes/02_RGBI_8bits/F30A2_RGBI_8_Remesa_06.tif","F30A2_RGBI_8_Remesa_06.tif"
"https://visualizador.ide.uy/descargas/datos/CN_Remesa_06/02_Ortoimagenes/02_RGBI_8bits/F30A3_RGBI_8_Remesa_06.tif","F30A3_RGBI_8_Remesa_06.tif"
"https://visualizador.ide.uy/descargas/datos/CN_Remesa_06/02_Ortoimagenes/02_RGBI_8bits/F30A5_RGBI_8_Remesa_06.tif","F30A5_RGBI_8_Remesa_06.tif"
"https://visualizador.ide.uy/descargas/datos/CN_Remesa_06/02_Ortoimagenes/02_RGBI_8bits/F30A6_RGBI_8_Remesa_06.tif","F30A6_RGBI_8_Remesa_06.tif"
"https://visualizador.ide.uy/descargas/datos/CN_Remesa_06/02_Ortoimagenes/02_RGBI_8bits/F30B1_RGBI_8_Remesa_06.tif","F30B1_RGBI_8_Remesa_06.tif"
"https://visualizador.ide.uy/descargas/datos/CN_Remesa_06/02_Ortoimagenes/02_RGBI_8bits/F30B2_RGBI_8_Remesa_06.tif","F30B2_RGBI_8_Remesa_06.tif"
"https://visualizador.ide.uy/descargas/datos/CN_Remesa_06/02_Ortoimagenes/02_RGBI_8bits/F30B4_RGBI_8_Remesa_06.tif","F30B4_RGBI_8_Remesa_06.tif"
"https://visualizador.ide.uy/descargas/datos/CN_Remesa_06/02_Ortoimagenes/02_RGBI_8bits/F30C3_RGBI_8_Remesa_06.tif","F30C3_RGBI_8_Remesa_06.tif"
"https://visualizador.ide.uy/descargas/datos/CN_Remesa_06/02_Ortoimagenes/02_RGBI_8bits/F30D1_RGBI_8_Remesa_06.tif","F30D1_RGBI_8_Remesa_06.tif"
"https://visualizador.ide.uy/descargas/datos/CN_Remesa_06/02_Ortoimagenes/02_RGBI_8bits/G24D6_RGBI_8_Remesa_06.tif","G24D6_RGBI_8_Remesa_06.tif"
"https://visualizador.ide.uy/descargas/datos/CN_Remesa_06/02_Ortoimagenes/02_RGBI_8bits/G25B3_RGBI_8_Remesa_06.tif","G25B3_RGBI_8_Remesa_06.tif"
"https://visualizador.ide.uy/descargas/datos/CN_Remesa_06/02_Ortoimagenes/02_RGBI_8bits/G27A1_RGBI_8_Remesa_06.tif","G27A1_RGBI_8_Remesa_06.tif"
"https://visualizador.ide.uy/descargas/datos/CN_Remesa_06/02_Ortoimagenes/02_RGBI_8bits/G27A4_RGBI_8_Remesa_06.tif","G27A4_RGBI_8_Remesa_06.tif"
"https://visualizador.ide.uy/descargas/datos/CN_Remesa_06/02_Ortoimagenes/02_RGBI_8bits/G27C1_RGBI_8_Remesa_06.tif","G27C1_RGBI_8_Remesa_06.tif"
"https://visualizador.ide.uy/descargas/datos/CN_Remesa_06/02_Ortoimagenes/02_RGBI_8bits/G27C2_RGBI_8_Remesa_06.tif","G27C2_RGBI_8_Remesa_06.tif"
"https://visualizador.ide.uy/descargas/datos/CN_Remesa_06/02_Ortoimagenes/02_RGBI_8bits/G27C4_RGBI_8_Remesa_06.tif","G27C4_RGBI_8_Remesa_06.tif"
"https://visualizador.ide.uy/descargas/datos/CN_Remesa_06/02_Ortoimagenes/02_RGBI_8bits/G27C5_RGBI_8_Remesa_06.tif","G27C5_RGBI_8_Remesa_06.tif"
"https://visualizador.ide.uy/descargas/datos/CN_Remesa_06/02_Ortoimagenes/02_RGBI_8bits/G27C6_RGBI_8_Remesa_06.tif","G27C6_RGBI_8_Remesa_06.tif"
"https://visualizador.ide.uy/descargas/datos/CN_Remesa_06/02_Ortoimagenes/02_RGBI_8bits/G27D4_RGBI_8_Remesa_06.tif","G27D4_RGBI_8_Remesa_06.tif"
"https://visualizador.ide.uy/descargas/datos/CN_Remesa_06/02_Ortoimagenes/02_RGBI_8bits/G27D5_RGBI_8_Remesa_06.tif","G27D5_RGBI_8_Remesa_06.tif"
"https://visualizador.ide.uy/descargas/datos/CN_Remesa_06/02_Ortoimagenes/02_RGBI_8bits/G27D6_RGBI_8_Remesa_06.tif","G27D6_RGBI_8_Remesa_06.tif"
"https://visualizador.ide.uy/descargas/datos/CN_Remesa_06/02_Ortoimagenes/02_RGBI_8bits/G28A1_RGBI_8_Remesa_06.tif","G28A1_RGBI_8_Remesa_06.tif"
"https://visualizador.ide.uy/descargas/datos/CN_Remesa_06/02_Ortoimagenes/02_RGBI_8bits/G28A2_RGBI_8_Remesa_06.tif","G28A2_RGBI_8_Remesa_06.tif"
"https://visualizador.ide.uy/descargas/datos/CN_Remesa_06/02_Ortoimagenes/02_RGBI_8bits/G28A3_RGBI_8_Remesa_06.tif","G28A3_RGBI_8_Remesa_06.tif"
"https://visualizador.ide.uy/descargas/datos/CN_Remesa_06/02_Ortoimagenes/02_RGBI_8bits/G28A4_RGBI_8_Remesa_06.tif","G28A4_RGBI_8_Remesa_06.tif"
"https://visualizador.ide.uy/descargas/datos/CN_Remesa_06/02_Ortoimagenes/02_RGBI_8bits/G28A5_RGBI_8_Remesa_06.tif","G28A5_RGBI_8_Remesa_06.tif"
"https://visualizador.ide.uy/descargas/datos/CN_Remesa_06/02_Ortoimagenes/02_RGBI_8bits/G28A6_RGBI_8_Remesa_06.tif","G28A6_RGBI_8_Remesa_06.tif"
"https://visualizador.ide.uy/descargas/datos/CN_Remesa_06/02_Ortoimagenes/02_RGBI_8bits/G28B1_RGBI_8_Remesa_06.tif","G28B1_RGBI_8_Remesa_06.tif"
"https://visualizador.ide.uy/descargas/datos/CN_Remesa_06/02_Ortoimagenes/02_RGBI_8bits/G28B2_RGBI_8_Remesa_06.tif","G28B2_RGBI_8_Remesa_06.tif"
"https://visualizador.ide.uy/descargas/datos/CN_Remesa_06/02_Ortoimagenes/02_RGBI_8bits/G28B3_RGBI_8_Remesa_06.tif","G28B3_RGBI_8_Remesa_06.tif"
"https://visualizador.ide.uy/descargas/datos/CN_Remesa_06/02_Ortoimagenes/02_RGBI_8bits/G28B4_RGBI_8_Remesa_06.tif","G28B4_RGBI_8_Remesa_06.tif"
"https://visualizador.ide.uy/descargas/datos/CN_Remesa_06/02_Ortoimagenes/02_RGBI_8bits/G28B5_RGBI_8_Remesa_06.tif","G28B5_RGBI_8_Remesa_06.tif"
"https://visualizador.ide.uy/descargas/datos/CN_Remesa_06/02_Ortoimagenes/02_RGBI_8bits/G28B6_RGBI_8_Remesa_06.tif","G28B6_RGBI_8_Remesa_06.tif"
"https://visualizador.ide.uy/descargas/datos/CN_Remesa_06/02_Ortoimagenes/02_RGBI_8bits/G28C1_RGBI_8_Remesa_06.tif","G28C1_RGBI_8_Remesa_06.tif"
"https://visualizador.ide.uy/descargas/datos/CN_Remesa_06/02_Ortoimagenes/02_RGBI_8bits/G28C2_RGBI_8_Remesa_06.tif","G28C2_RGBI_8_Remesa_06.tif"
"https://visualizador.ide.uy/descargas/datos/CN_Remesa_06/02_Ortoimagenes/02_RGBI_8bits/G28C3_RGBI_8_Remesa_06.tif","G28C3_RGBI_8_Remesa_06.tif"
"https://visualizador.ide.uy/descargas/datos/CN_Remesa_06/02_Ortoimagenes/02_RGBI_8bits/G28C4_RGBI_8_Remesa_06.tif","G28C4_RGBI_8_Remesa_06.tif"
"https://visualizador.ide.uy/descargas/datos/CN_Remesa_06/02_Ortoimagenes/02_RGBI_8bits/G28C5_RGBI_8_Remesa_06.tif","G28C5_RGBI_8_Remesa_06.tif"
"https://visualizador.ide.uy/descargas/datos/CN_Remesa_06/02_Ortoimagenes/02_RGBI_8bits/G28C6_RGBI_8_Remesa_06.tif","G28C6_RGBI_8_Remesa_06.tif"
"https://visualizador.ide.uy/descargas/datos/CN_Remesa_06/02_Ortoimagenes/02_RGBI_8bits/G28D1_RGBI_8_Remesa_06.tif","G28D1_RGBI_8_Remesa_06.tif"
"https://visualizador.ide.uy/descargas/datos/CN_Remesa_06/02_Ortoimagenes/02_RGBI_8bits/G28D2_RGBI_8_Remesa_06.tif","G28D2_RGBI_8_Remesa_06.tif"
"https://visualizador.ide.uy/descargas/datos/CN_Remesa_06/02_Ortoimagenes/02_RGBI_8bits/G28D3_RGBI_8_Remesa_06.tif","G28D3_RGBI_8_Remesa_06.tif"
"https://visualizador.ide.uy/descargas/datos/CN_Remesa_06/02_Ortoimagenes/02_RGBI_8bits/G28D4_RGBI_8_Remesa_06.tif","G28D4_RGBI_8_Remesa_06.tif"
"https://visualizador.ide.uy/descargas/datos/CN_Remesa_06/02_Ortoimagenes/02_RGBI_8bits/G28D5_RGBI_8_Remesa_06.tif","G28D5_RGBI_8_Remesa_06.tif"
"https://visualizador.ide.uy/descargas/datos/CN_Remesa_06/02_Ortoimagenes/02_RGBI_8bits/G28D6_RGBI_8_Remesa_06.tif","G28D6_RGBI_8_Remesa_06.tif"
"https://visualizador.ide.uy/descargas/datos/CN_Remesa_06/02_Ortoimagenes/02_RGBI_8bits/G29A1_RGBI_8_Remesa_06.tif","G29A1_RGBI_8_Remesa_06.tif"
"https://visualizador.ide.uy/descargas/datos/CN_Remesa_06/02_Ortoimagenes/02_RGBI_8bits/G29A2_RGBI_8_Remesa_06.tif","G29A2_RGBI_8_Remesa_06.tif"
"https://visualizador.ide.uy/descargas/datos/CN_Remesa_06/02_Ortoimagenes/02_RGBI_8bits/G29A3_RGBI_8_Remesa_06.tif","G29A3_RGBI_8_Remesa_06.tif"
"https://visualizador.ide.uy/descargas/datos/CN_Remesa_06/02_Ortoimagenes/02_RGBI_8bits/G29A4_RGBI_8_Remesa_06.tif","G29A4_RGBI_8_Remesa_06.tif"
"https://visualizador.ide.uy/descargas/datos/CN_Remesa_06/02_Ortoimagenes/02_RGBI_8bits/G29A5_RGBI_8_Remesa_06.tif","G29A5_RGBI_8_Remesa_06.tif"
"https://visualizador.ide.uy/descargas/datos/CN_Remesa_06/02_Ortoimagenes/02_RGBI_8bits/G29A6_RGBI_8_Remesa_06.tif","G29A6_RGBI_8_Remesa_06.tif"
"https://visualizador.ide.uy/descargas/datos/CN_Remesa_06/02_Ortoimagenes/02_RGBI_8bits/G29B1_RGBI_8_Remesa_06.tif","G29B1_RGBI_8_Remesa_06.tif"
"https://visualizador.ide.uy/descargas/datos/CN_Remesa_06/02_Ortoimagenes/02_RGBI_8bits/G29B2_RGBI_8_Remesa_06.tif","G29B2_RGBI_8_Remesa_06.tif"
"https://visualizador.ide.uy/descargas/datos/CN_Remesa_06/02_Ortoimagenes/02_RGBI_8bits/G29B3_RGBI_8_Remesa_06.tif","G29B3_RGBI_8_Remesa_06.tif"
"https://visualizador.ide.uy/descargas/datos/CN_Remesa_06/02_Ortoimagenes/02_RGBI_8bits/G29B4_RGBI_8_Remesa_06.tif","G29B4_RGBI_8_Remesa_06.tif"
"https://visualizador.ide.uy/descargas/datos/CN_Remesa_06/02_Ortoimagenes/02_RGBI_8bits/G29B5_RGBI_8_Remesa_06.tif","G29B5_RGBI_8_Remesa_06.tif"
"https://visualizador.ide.uy/descargas/datos/CN_Remesa_06/02_Ortoimagenes/02_RGBI_8bits/G29B6_RGBI_8_Remesa_06.tif","G29B6_RGBI_8_Remesa_06.tif"
"https://visualizador.ide.uy/descargas/datos/CN_Remesa_06/02_Ortoimagenes/02_RGBI_8bits/G29C2_RGBI_8_Remesa_06.tif","G29C2_RGBI_8_Remesa_06.tif"
"https://visualizador.ide.uy/descargas/datos/CN_Remesa_06/02_Ortoimagenes/02_RGBI_8bits/G29C3_RGBI_8_Remesa_06.tif","G29C3_RGBI_8_Remesa_06.tif"
"https://visualizador.ide.uy/descargas/datos/CN_Remesa_06/02_Ortoimagenes/02_RGBI_8bits/G29C6_RGBI_8_Remesa_06.tif","G29C6_RGBI_8_Remesa_06.tif"
"https://visualizador.ide.uy/descargas/datos/CN_Remesa_06/02_Ortoimagenes/02_RGBI_8bits/G29D1_RGBI_8_Remesa_06.tif","G29D1_RGBI_8_Remesa_06.tif"
"https://visualizador.ide.uy/descargas/datos/CN_Remesa_06/02_Ortoimagenes/02_RGBI_8bits/G29D2_RGBI_8_Remesa_06.tif","G29D2_RGBI_8_Remesa_06.tif"
"https://visualizador.ide.uy/descargas/datos/CN_Remesa_06/02_Ortoimagenes/02_RGBI_8bits/G29D3_RGBI_8_Remesa_06.tif","G29D3_RGBI_8_Remesa_06.tif"
"https://visualizador.ide.uy/descargas/datos/CN_Remesa_06/02_Ortoimagenes/02_RGBI_8bits/G29D4_RGBI_8_Remesa_06.tif","G29D4_RGBI_8_Remesa_06.tif"
"https://visualizador.ide.uy/descargas/datos/CN_Remesa_06/02_Ortoimagenes/02_RGBI_8bits/G29D5_RGBI_8_Remesa_06.tif","G29D5_RGBI_8_Remesa_06.tif"
"https://visualizador.ide.uy/descargas/datos/CN_Remesa_06/02_Ortoimagenes/02_RGBI_8bits/G29D6_RGBI_8_Remesa_06.tif","G29D6_RGBI_8_Remesa_06.tif"
"https://visualizador.ide.uy/descargas/datos/CN_Remesa_06/02_Ortoimagenes/02_RGBI_8bits/G30A3_RGBI_8_Remesa_06.tif","G30A3_RGBI_8_Remesa_06.tif"
"https://visualizador.ide.uy/descargas/datos/CN_Remesa_06/02_Ortoimagenes/02_RGBI_8bits/G30B1_RGBI_8_Remesa_06.tif","G30B1_RGBI_8_Remesa_06.tif"
"https://visualizador.ide.uy/descargas/datos/CN_Remesa_06/02_Ortoimagenes/02_RGBI_8bits/H27B2_RGBI_8_Remesa_06.tif","H27B2_RGBI_8_Remesa_06.tif"
"https://visualizador.ide.uy/descargas/datos/CN_Remesa_06/02_Ortoimagenes/02_RGBI_8bits/H27B3_RGBI_8_Remesa_06.tif","H27B3_RGBI_8_Remesa_06.tif"
"https://visualizador.ide.uy/descargas/datos/CN_Remesa_06/02_Ortoimagenes/02_RGBI_8bits/H27B4_RGBI_8_Remesa_06.tif","H27B4_RGBI_8_Remesa_06.tif"
"https://visualizador.ide.uy/descargas/datos/CN_Remesa_06/02_Ortoimagenes/02_RGBI_8bits/H27B5_RGBI_8_Remesa_06.tif","H27B5_RGBI_8_Remesa_06.tif"
"https://visualizador.ide.uy/descargas/datos/CN_Remesa_06/02_Ortoimagenes/02_RGBI_8bits/H27B6_RGBI_8_Remesa_06.tif","H27B6_RGBI_8_Remesa_06.tif"
"https://visualizador.ide.uy/descargas/datos/CN_Remesa_06/02_Ortoimagenes/02_RGBI_8bits/H27C1_RGBI_8_Remesa_06.tif","H27C1_RGBI_8_Remesa_06.tif"
"https://visualizador.ide.uy/descargas/datos/CN_Remesa_06/02_Ortoimagenes/02_RGBI_8bits/H27C2_RGBI_8_Remesa_06.tif","H27C2_RGBI_8_Remesa_06.tif"
"https://visualizador.ide.uy/descargas/datos/CN_Remesa_06/02_Ortoimagenes/02_RGBI_8bits/H27C3_RGBI_8_Remesa_06.tif","H27C3_RGBI_8_Remesa_06.tif"
"https://visualizador.ide.uy/descargas/datos/CN_Remesa_06/02_Ortoimagenes/02_RGBI_8bits/H27C4_RGBI_8_Remesa_06.tif","H27C4_RGBI_8_Remesa_06.tif"
"https://visualizador.ide.uy/descargas/datos/CN_Remesa_06/02_Ortoimagenes/02_RGBI_8bits/H27C5_RGBI_8_Remesa_06.tif","H27C5_RGBI_8_Remesa_06.tif"
"https://visualizador.ide.uy/descargas/datos/CN_Remesa_06/02_Ortoimagenes/02_RGBI_8bits/H27C6_RGBI_8_Remesa_06.tif","H27C6_RGBI_8_Remesa_06.tif"
"https://visualizador.ide.uy/descargas/datos/CN_Remesa_06/02_Ortoimagenes/02_RGBI_8bits/H27D1_RGBI_8_Remesa_06.tif","H27D1_RGBI_8_Remesa_06.tif"
"https://visualizador.ide.uy/descargas/datos/CN_Remesa_06/02_Ortoimagenes/02_RGBI_8bits/H27D2_RGBI_8_Remesa_06.tif","H27D2_RGBI_8_Remesa_06.tif"
"https://visualizador.ide.uy/descargas/datos/CN_Remesa_06/02_Ortoimagenes/02_RGBI_8bits/H27D3_RGBI_8_Remesa_06.tif","H27D3_RGBI_8_Remesa_06.tif"
"https://visualizador.ide.uy/descargas/datos/CN_Remesa_06/02_Ortoimagenes/02_RGBI_8bits/H27D4_RGBI_8_Remesa_06.tif","H27D4_RGBI_8_Remesa_06.tif"
"https://visualizador.ide.uy/descargas/datos/CN_Remesa_06/02_Ortoimagenes/02_RGBI_8bits/H27D5_RGBI_8_Remesa_06.tif","H27D5_RGBI_8_Remesa_06.tif"
"https://visualizador.ide.uy/descargas/datos/CN_Remesa_06/02_Ortoimagenes/02_RGBI_8bits/H27D6_RGBI_8_Remesa_06.tif","H27D6_RGBI_8_Remesa_06.tif"
"https://visualizador.ide.uy/descargas/datos/CN_Remesa_06/02_Ortoimagenes/02_RGBI_8bits/H28A1_RGBI_8_Remesa_06.tif","H28A1_RGBI_8_Remesa_06.tif"
"https://visualizador.ide.uy/descargas/datos/CN_Remesa_06/02_Ortoimagenes/02_RGBI_8bits/H28A2_RGBI_8_Remesa_06.tif","H28A2_RGBI_8_Remesa_06.tif"
"https://visualizador.ide.uy/descargas/datos/CN_Remesa_06/02_Ortoimagenes/02_RGBI_8bits/H28A3_RGBI_8_Remesa_06.tif","H28A3_RGBI_8_Remesa_06.tif"
"https://visualizador.ide.uy/descargas/datos/CN_Remesa_06/02_Ortoimagenes/02_RGBI_8bits/H28A4_RGBI_8_Remesa_06.tif","H28A4_RGBI_8_Remesa_06.tif"
"https://visualizador.ide.uy/descargas/datos/CN_Remesa_06/02_Ortoimagenes/02_RGBI_8bits/H28A5_RGBI_8_Remesa_06.tif","H28A5_RGBI_8_Remesa_06.tif"
"https://visualizador.ide.uy/descargas/datos/CN_Remesa_06/02_Ortoimagenes/02_RGBI_8bits/H28A6_RGBI_8_Remesa_06.tif","H28A6_RGBI_8_Remesa_06.tif"
"https://visualizador.ide.uy/descargas/datos/CN_Remesa_06/02_Ortoimagenes/02_RGBI_8bits/H28B1_RGBI_8_Remesa_06.tif","H28B1_RGBI_8_Remesa_06.tif"
"https://visualizador.ide.uy/descargas/datos/CN_Remesa_06/02_Ortoimagenes/02_RGBI_8bits/H28B2_RGBI_8_Remesa_06.tif","H28B2_RGBI_8_Remesa_06.tif"
"https://visualizador.ide.uy/descargas/datos/CN_Remesa_06/02_Ortoimagenes/02_RGBI_8bits/H28B3_RGBI_8_Remesa_06.tif","H28B3_RGBI_8_Remesa_06.tif"
"https://visualizador.ide.uy/descargas/datos/CN_Remesa_06/02_Ortoimagenes/02_RGBI_8bits/H28B4_RGBI_8_Remesa_06.tif","H28B4_RGBI_8_Remesa_06.tif"
"https://visualizador.ide.uy/descargas/datos/CN_Remesa_06/02_Ortoimagenes/02_RGBI_8bits/H28B5_RGBI_8_Remesa_06.tif","H28B5_RGBI_8_Remesa_06.tif"
"https://visualizador.ide.uy/descargas/datos/CN_Remesa_06/02_Ortoimagenes/02_RGBI_8bits/H28B6_RGBI_8_Remesa_06.tif","H28B6_RGBI_8_Remesa_06.tif"
"https://visualizador.ide.uy/descargas/datos/CN_Remesa_06/02_Ortoimagenes/02_RGBI_8bits/H28C1_RGBI_8_Remesa_06.tif","H28C1_RGBI_8_Remesa_06.tif"
"https://visualizador.ide.uy/descargas/datos/CN_Remesa_06/02_Ortoimagenes/02_RGBI_8bits/H28C2_RGBI_8_Remesa_06.tif","H28C2_RGBI_8_Remesa_06.tif"
"https://visualizador.ide.uy/descargas/datos/CN_Remesa_06/02_Ortoimagenes/02_RGBI_8bits/H28C3_RGBI_8_Remesa_06.tif","H28C3_RGBI_8_Remesa_06.tif"
"https://visualizador.ide.uy/descargas/datos/CN_Remesa_06/02_Ortoimagenes/02_RGBI_8bits/H28C4_RGBI_8_Remesa_06.tif","H28C4_RGBI_8_Remesa_06.tif"
"https://visualizador.ide.uy/descargas/datos/CN_Remesa_06/02_Ortoimagenes/02_RGBI_8bits/H28C5_RGBI_8_Remesa_06.tif","H28C5_RGBI_8_Remesa_06.tif"
"https://visualizador.ide.uy/descargas/datos/CN_Remesa_06/02_Ortoimagenes/02_RGBI_8bits/H28C6_RGBI_8_Remesa_06.tif","H28C6_RGBI_8_Remesa_06.tif"
"https://visualizador.ide.uy/descargas/datos/CN_Remesa_06/02_Ortoimagenes/02_RGBI_8bits/H28D1_RGBI_8_Remesa_06.tif","H28D1_RGBI_8_Remesa_06.tif"
"https://visualizador.ide.uy/descargas/datos/CN_Remesa_06/02_Ortoimagenes/02_RGBI_8bits/H28D2_RGBI_8_Remesa_06.tif","H28D2_RGBI_8_Remesa_06.tif"
"https://visualizador.ide.uy/descargas/datos/CN_Remesa_06/02_Ortoimagenes/02_RGBI_8bits/H28D3_RGBI_8_Remesa_06.tif","H28D3_RGBI_8_Remesa_06.tif"
"https://visualizador.ide.uy/descargas/datos/CN_Remesa_06/02_Ortoimagenes/02_RGBI_8bits/H28D4_RGBI_8_Remesa_06.tif","H28D4_RGBI_8_Remesa_06.tif"
"https://visualizador.ide.uy/descargas/datos/CN_Remesa_06/02_Ortoimagenes/02_RGBI_8bits/H28D5_RGBI_8_Remesa_06.tif","H28D5_RGBI_8_Remesa_06.tif"
"https://visualizador.ide.uy/descargas/datos/CN_Remesa_06/02_Ortoimagenes/02_RGBI_8bits/H28D6_RGBI_8_Remesa_06.tif","H28D6_RGBI_8_Remesa_06.tif"
"https://visualizador.ide.uy/descargas/datos/CN_Remesa_06/02_Ortoimagenes/02_RGBI_8bits/H29A1_RGBI_8_Remesa_06.tif","H29A1_RGBI_8_Remesa_06.tif"
"https://visualizador.ide.uy/descargas/datos/CN_Remesa_06/02_Ortoimagenes/02_RGBI_8bits/H29A2_RGBI_8_Remesa_06.tif","H29A2_RGBI_8_Remesa_06.tif"
"https://visualizador.ide.uy/descargas/datos/CN_Remesa_06/02_Ortoimagenes/02_RGBI_8bits/H29A3_RGBI_8_Remesa_06.tif","H29A3_RGBI_8_Remesa_06.tif"
"https://visualizador.ide.uy/descargas/datos/CN_Remesa_06/02_Ortoimagenes/02_RGBI_8bits/H29A4_RGBI_8_Remesa_06.tif","H29A4_RGBI_8_Remesa_06.tif"
"https://visualizador.ide.uy/descargas/datos/CN_Remesa_06/02_Ortoimagenes/02_RGBI_8bits/H29A5_RGBI_8_Remesa_06.tif","H29A5_RGBI_8_Remesa_06.tif"
"https://visualizador.ide.uy/descargas/datos/CN_Remesa_06/02_Ortoimagenes/02_RGBI_8bits/H29A6_RGBI_8_Remesa_06.tif","H29A6_RGBI_8_Remesa_06.tif"
"https://visualizador.ide.uy/descargas/datos/CN_Remesa_06/02_Ortoimagenes/02_RGBI_8bits/H29B1_RGBI_8_Remesa_06.tif","H29B1_RGBI_8_Remesa_06.tif"
"https://visualizador.ide.uy/descargas/datos/CN_Remesa_06/02_Ortoimagenes/02_RGBI_8bits/H29B2_RGBI_8_Remesa_06.tif","H29B2_RGBI_8_Remesa_06.tif"
"https://visualizador.ide.uy/descargas/datos/CN_Remesa_06/02_Ortoimagenes/02_RGBI_8bits/H29B3_RGBI_8_Remesa_06.tif","H29B3_RGBI_8_Remesa_06.tif"
"https://visualizador.ide.uy/descargas/datos/CN_Remesa_06/02_Ortoimagenes/02_RGBI_8bits/H29B4_RGBI_8_Remesa_06.tif","H29B4_RGBI_8_Remesa_06.tif"
"https://visualizador.ide.uy/descargas/datos/CN_Remesa_06/02_Ortoimagenes/02_RGBI_8bits/H29B5_RGBI_8_Remesa_06.tif","H29B5_RGBI_8_Remesa_06.tif"
"https://visualizador.ide.uy/descargas/datos/CN_Remesa_06/02_Ortoimagenes/02_RGBI_8bits/H29B6_RGBI_8_Remesa_06.tif","H29B6_RGBI_8_Remesa_06.tif"
"https://visualizador.ide.uy/descargas/datos/CN_Remesa_06/02_Ortoimagenes/02_RGBI_8bits/J27D2_RGBI_8_Remesa_06.tif","J27D2_RGBI_8_Remesa_06.tif"
"https://visualizador.ide.uy/descargas/datos/CN_Remesa_06/02_Ortoimagenes/02_RGBI_8bits/J27D3_RGBI_8_Remesa_06.tif","J27D3_RGBI_8_Remesa_06.tif"
"https://visualizador.ide.uy/descargas/datos/CN_Remesa_06/02_Ortoimagenes/02_RGBI_8bits/J27D4_RGBI_8_Remesa_06.tif","J27D4_RGBI_8_Remesa_06.tif"
"https://visualizador.ide.uy/descargas/datos/CN_Remesa_06/02_Ortoimagenes/02_RGBI_8bits/J27D5_RGBI_8_Remesa_06.tif","J27D5_RGBI_8_Remesa_06.tif"
"https://visualizador.ide.uy/descargas/datos/CN_Remesa_06/02_Ortoimagenes/02_RGBI_8bits/J27D6_RGBI_8_Remesa_06.tif","J27D6_RGBI_8_Remesa_06.tif"
"https://visualizador.ide.uy/descargas/datos/CN_Remesa_06/02_Ortoimagenes/02_RGBI_8bits/J28A3_RGBI_8_Remesa_06.tif","J28A3_RGBI_8_Remesa_06.tif"
"https://visualizador.ide.uy/descargas/datos/CN_Remesa_06/02_Ortoimagenes/02_RGBI_8bits/J28A6_RGBI_8_Remesa_06.tif","J28A6_RGBI_8_Remesa_06.tif"
"https://visualizador.ide.uy/descargas/datos/CN_Remesa_06/02_Ortoimagenes/02_RGBI_8bits/J28B1_RGBI_8_Remesa_06.tif","J28B1_RGBI_8_Remesa_06.tif"
"https://visualizador.ide.uy/descargas/datos/CN_Remesa_06/02_Ortoimagenes/02_RGBI_8bits/J28B2_RGBI_8_Remesa_06.tif","J28B2_RGBI_8_Remesa_06.tif"
"https://visualizador.ide.uy/descargas/datos/CN_Remesa_06/02_Ortoimagenes/02_RGBI_8bits/J28B3_RGBI_8_Remesa_06.tif","J28B3_RGBI_8_Remesa_06.tif"
"https://visualizador.ide.uy/descargas/datos/CN_Remesa_06/02_Ortoimagenes/02_RGBI_8bits/J28B4_RGBI_8_Remesa_06.tif","J28B4_RGBI_8_Remesa_06.tif"
"https://visualizador.ide.uy/descargas/datos/CN_Remesa_06/02_Ortoimagenes/02_RGBI_8bits/J28B5_RGBI_8_Remesa_06.tif","J28B5_RGBI_8_Remesa_06.tif"
"https://visualizador.ide.uy/descargas/datos/CN_Remesa_06/02_Ortoimagenes/02_RGBI_8bits/J28B6_RGBI_8_Remesa_06.tif","J28B6_RGBI_8_Remesa_06.tif"
"https://visualizador.ide.uy/descargas/datos/CN_Remesa_06/02_Ortoimagenes/02_RGBI_8bits/J28C3_RGBI_8_Remesa_06.tif","J28C3_RGBI_8_Remesa_06.tif"
"https://visualizador.ide.uy/descargas/datos/CN_Remesa_06/02_Ortoimagenes/02_RGBI_8bits/J28C6_RGBI_8_Remesa_06.tif","J28C6_RGBI_8_Remesa_06.tif"
"https://visualizador.ide.uy/descargas/datos/CN_Remesa_06/02_Ortoimagenes/02_RGBI_8bits/J28D1_RGBI_8_Remesa_06.tif","J28D1_RGBI_8_Remesa_06.tif"
"https://visualizador.ide.uy/descargas/datos/CN_Remesa_06/02_Ortoimagenes/02_RGBI_8bits/J28D2_RGBI_8_Remesa_06.tif","J28D2_RGBI_8_Remesa_06.tif"
"https://visualizador.ide.uy/descargas/datos/CN_Remesa_06/02_Ortoimagenes/02_RGBI_8bits/J28D3_RGBI_8_Remesa_06.tif","J28D3_RGBI_8_Remesa_06.tif"
"https://visualizador.ide.uy/descargas/datos/CN_Remesa_06/02_Ortoimagenes/02_RGBI_8bits/J28D4_RGBI_8_Remesa_06.tif","J28D4_RGBI_8_Remesa_06.tif"
"https://visualizador.ide.uy/descargas/datos/CN_Remesa_06/02_Ortoimagenes/02_RGBI_8bits/J28D5_RGBI_8_Remesa_06.tif","J28D5_RGBI_8_Remesa_06.tif"
"https://visualizador.ide.uy/descargas/datos/CN_Remesa_06/02_Ortoimagenes/02_RGBI_8bits/J28D6_RGBI_8_Remesa_06.tif","J28D6_RGBI_8_Remesa_06.tif"
"https://visualizador.ide.uy/descargas/datos/CN_Remesa_06/02_Ortoimagenes/02_RGBI_8bits/J29A1_RGBI_8_Remesa_06.tif","J29A1_RGBI_8_Remesa_06.tif"
"https://visualizador.ide.uy/descargas/datos/CN_Remesa_06/02_Ortoimagenes/02_RGBI_8bits/J29A2_RGBI_8_Remesa_06.tif","J29A2_RGBI_8_Remesa_06.tif"
"https://visualizador.ide.uy/descargas/datos/CN_Remesa_06/02_Ortoimagenes/02_RGBI_8bits/J29A3_RGBI_8_Remesa_06.tif","J29A3_RGBI_8_Remesa_06.tif"
"https://visualizador.ide.uy/descargas/datos/CN_Remesa_06/02_Ortoimagenes/02_RGBI_8bits/J29A4_RGBI_8_Remesa_06.tif","J29A4_RGBI_8_Remesa_06.tif"
"https://visualizador.ide.uy/descargas/datos/CN_Remesa_06/02_Ortoimagenes/02_RGBI_8bits/J29A5_RGBI_8_Remesa_06.tif","J29A5_RGBI_8_Remesa_06.tif"
"https://visualizador.ide.uy/descargas/datos/CN_Remesa_06/02_Ortoimagenes/02_RGBI_8bits/J29A6_RGBI_8_Remesa_06.tif","J29A6_RGBI_8_Remesa_06.tif"
"https://visualizador.ide.uy/descargas/datos/CN_Remesa_06/02_Ortoimagenes/02_RGBI_8bits/J29B1_RGBI_8_Remesa_06.tif","J29B1_RGBI_8_Remesa_06.tif"
"https://visualizador.ide.uy/descargas/datos/CN_Remesa_06/02_Ortoimagenes/02_RGBI_8bits/J29B2_RGBI_8_Remesa_06.tif","J29B2_RGBI_8_Remesa_06.tif"
"https://visualizador.ide.uy/descargas/datos/CN_Remesa_06/02_Ortoimagenes/02_RGBI_8bits/J29B3_RGBI_8_Remesa_06.tif","J29B3_RGBI_8_Remesa_06.tif"
"https://visualizador.ide.uy/descargas/datos/CN_Remesa_06/02_Ortoimagenes/02_RGBI_8bits/J29B4_RGBI_8_Remesa_06.tif","J29B4_RGBI_8_Remesa_06.tif"
"https://visualizador.ide.uy/descargas/datos/CN_Remesa_06/02_Ortoimagenes/02_RGBI_8bits/J29B5_RGBI_8_Remesa_06.tif","J29B5_RGBI_8_Remesa_06.tif"
"https://visualizador.ide.uy/descargas/datos/CN_Remesa_06/02_Ortoimagenes/02_RGBI_8bits/J29B6_RGBI_8_Remesa_06.tif","J29B6_RGBI_8_Remesa_06.tif"
"https://visualizador.ide.uy/descargas/datos/CN_Remesa_06/02_Ortoimagenes/02_RGBI_8bits/J29C1_RGBI_8_Remesa_06.tif","J29C1_RGBI_8_Remesa_06.tif"
"https://visualizador.ide.uy/descargas/datos/CN_Remesa_06/02_Ortoimagenes/02_RGBI_8bits/J29C2_RGBI_8_Remesa_06.tif","J29C2_RGBI_8_Remesa_06.tif"
"https://visualizador.ide.uy/descargas/datos/CN_Remesa_06/02_Ortoimagenes/02_RGBI_8bits/J29C3_RGBI_8_Remesa_06.tif","J29C3_RGBI_8_Remesa_06.tif"
"https://visualizador.ide.uy/descargas/datos/CN_Remesa_06/02_Ortoimagenes/02_RGBI_8bits/J29C4_RGBI_8_Remesa_06.tif","J29C4_RGBI_8_Remesa_06.tif"
"https://visualizador.ide.uy/descargas/datos/CN_Remesa_06/02_Ortoimagenes/02_RGBI_8bits/J29C5_RGBI_8_Remesa_06.tif","J29C5_RGBI_8_Remesa_06.tif"
"https://visualizador.ide.uy/descargas/datos/CN_Remesa_06/02_Ortoimagenes/02_RGBI_8bits/J29C6_RGBI_8_Remesa_06.tif","J29C6_RGBI_8_Remesa_06.tif"
"https://visualizador.ide.uy/descargas/datos/CN_Remesa_06/02_Ortoimagenes/02_RGBI_8bits/J29D1_RGBI_8_Remesa_06.tif","J29D1_RGBI_8_Remesa_06.tif"
"https://visualizador.ide.uy/descargas/datos/CN_Remesa_06/02_Ortoimagenes/02_RGBI_8bits/J29D2_RGBI_8_Remesa_06.tif","J29D2_RGBI_8_Remesa_06.tif"
"https://visualizador.ide.uy/descargas/datos/CN_Remesa_06/02_Ortoimagenes/02_RGBI_8bits/J29D4_RGBI_8_Remesa_06.tif","J29D4_RGBI_8_Remesa_06.tif"
"https://visualizador.ide.uy/descargas/datos/CN_Remesa_06/02_Ortoimagenes/02_RGBI_8bits/J29D5_RGBI_8_Remesa_06.tif","J29D5_RGBI_8_Remesa_06.tif"
"https://visualizador.ide.uy/descargas/datos/CN_Remesa_06/02_Ortoimagenes/02_RGBI_8bits/J30A1_RGBI_8_Remesa_06.tif","J30A1_RGBI_8_Remesa_06.tif"
"https://visualizador.ide.uy/descargas/datos/CN_Remesa_06/02_Ortoimagenes/02_RGBI_8bits/J30B1_RGBI_8_Remesa_06.tif","J30B1_RGBI_8_Remesa_06.tif"
"https://visualizador.ide.uy/descargas/datos/CN_Remesa_06/02_Ortoimagenes/02_RGBI_8bits/J30B2_RGBI_8_Remesa_06.tif","J30B2_RGBI_8_Remesa_06.tif"
