"href","text"
"https://visualizador.ide.uy/descargas/datos/CN_Remesa_03/03_Hidrografia/Shapefile/?C=N;O=D","Nombre:"
"https://visualizador.ide.uy/descargas/datos/CN_Remesa_03/03_Hidrografia/Shapefile/?C=S;O=A","Size"
"https://visualizador.ide.uy/descargas/datos/CN_Remesa_03/03_Hidrografia/","Parent Directory"
"https://visualizador.ide.uy/descargas/datos/CN_Remesa_03/03_Hidrografia/Shapefile/CN_HID_Nacional_actividad_minera_abandonada_a_10K_R_03.cpg","CN_HID_Nacional_actividad_minera_abandonada_a_10K_R_03.cpg"
"https://visualizador.ide.uy/descargas/datos/CN_Remesa_03/03_Hidrografia/Shapefile/CN_HID_Nacional_actividad_minera_abandonada_a_10K_R_03.dbf","CN_HID_Nacional_actividad_minera_abandonada_a_10K_R_03.dbf"
"https://visualizador.ide.uy/descargas/datos/CN_Remesa_03/03_Hidrografia/Shapefile/CN_HID_Nacional_actividad_minera_abandonada_a_10K_R_03.prj","CN_HID_Nacional_actividad_minera_abandonada_a_10K_R_03.prj"
"https://visualizador.ide.uy/descargas/datos/CN_Remesa_03/03_Hidrografia/Shapefile/CN_HID_Nacional_actividad_minera_abandonada_a_10K_R_03.shp","CN_HID_Nacional_actividad_minera_abandonada_a_10K_R_03.shp"
"https://visualizador.ide.uy/descargas/datos/CN_Remesa_03/03_Hidrografia/Shapefile/CN_HID_Nacional_actividad_minera_abandonada_a_10K_R_03.shx","CN_HID_Nacional_actividad_minera_abandonada_a_10K_R_03.shx"
"https://visualizador.ide.uy/descargas/datos/CN_Remesa_03/03_Hidrografia/Shapefile/CN_HID_Nacional_agua_estancada_desconocida_a_10K_R_03.cpg","CN_HID_Nacional_agua_estancada_desconocida_a_10K_R_03.cpg"
"https://visualizador.ide.uy/descargas/datos/CN_Remesa_03/03_Hidrografia/Shapefile/CN_HID_Nacional_agua_estancada_desconocida_a_10K_R_03.dbf","CN_HID_Nacional_agua_estancada_desconocida_a_10K_R_03.dbf"
"https://visualizador.ide.uy/descargas/datos/CN_Remesa_03/03_Hidrografia/Shapefile/CN_HID_Nacional_agua_estancada_desconocida_a_10K_R_03.prj","CN_HID_Nacional_agua_estancada_desconocida_a_10K_R_03.prj"
"https://visualizador.ide.uy/descargas/datos/CN_Remesa_03/03_Hidrografia/Shapefile/CN_HID_Nacional_agua_estancada_desconocida_a_10K_R_03.shp","CN_HID_Nacional_agua_estancada_desconocida_a_10K_R_03.shp"
"https://visualizador.ide.uy/descargas/datos/CN_Remesa_03/03_Hidrografia/Shapefile/CN_HID_Nacional_agua_estancada_desconocida_a_10K_R_03.shx","CN_HID_Nacional_agua_estancada_desconocida_a_10K_R_03.shx"
"https://visualizador.ide.uy/descargas/datos/CN_Remesa_03/03_Hidrografia/Shapefile/CN_HID_Nacional_area_humeda_a_10K_R_03.cpg","CN_HID_Nacional_area_humeda_a_10K_R_03.cpg"
"https://visualizador.ide.uy/descargas/datos/CN_Remesa_03/03_Hidrografia/Shapefile/CN_HID_Nacional_area_humeda_a_10K_R_03.dbf","CN_HID_Nacional_area_humeda_a_10K_R_03.dbf"
"https://visualizador.ide.uy/descargas/datos/CN_Remesa_03/03_Hidrografia/Shapefile/CN_HID_Nacional_area_humeda_a_10K_R_03.prj","CN_HID_Nacional_area_humeda_a_10K_R_03.prj"
"https://visualizador.ide.uy/descargas/datos/CN_Remesa_03/03_Hidrografia/Shapefile/CN_HID_Nacional_area_humeda_a_10K_R_03.shp","CN_HID_Nacional_area_humeda_a_10K_R_03.shp"
"https://visualizador.ide.uy/descargas/datos/CN_Remesa_03/03_Hidrografia/Shapefile/CN_HID_Nacional_area_humeda_a_10K_R_03.shx","CN_HID_Nacional_area_humeda_a_10K_R_03.shx"
"https://visualizador.ide.uy/descargas/datos/CN_Remesa_03/03_Hidrografia/Shapefile/CN_HID_Nacional_banco_de_arena_a_10K_R_03.cpg","CN_HID_Nacional_banco_de_arena_a_10K_R_03.cpg"
"https://visualizador.ide.uy/descargas/datos/CN_Remesa_03/03_Hidrografia/Shapefile/CN_HID_Nacional_banco_de_arena_a_10K_R_03.dbf","CN_HID_Nacional_banco_de_arena_a_10K_R_03.dbf"
"https://visualizador.ide.uy/descargas/datos/CN_Remesa_03/03_Hidrografia/Shapefile/CN_HID_Nacional_banco_de_arena_a_10K_R_03.prj","CN_HID_Nacional_banco_de_arena_a_10K_R_03.prj"
"https://visualizador.ide.uy/descargas/datos/CN_Remesa_03/03_Hidrografia/Shapefile/CN_HID_Nacional_banco_de_arena_a_10K_R_03.shp","CN_HID_Nacional_banco_de_arena_a_10K_R_03.shp"
"https://visualizador.ide.uy/descargas/datos/CN_Remesa_03/03_Hidrografia/Shapefile/CN_HID_Nacional_banco_de_arena_a_10K_R_03.shx","CN_HID_Nacional_banco_de_arena_a_10K_R_03.shx"
"https://visualizador.ide.uy/descargas/datos/CN_Remesa_03/03_Hidrografia/Shapefile/CN_HID_Nacional_canal_a_10K_R_03.cpg","CN_HID_Nacional_canal_a_10K_R_03.cpg"
"https://visualizador.ide.uy/descargas/datos/CN_Remesa_03/03_Hidrografia/Shapefile/CN_HID_Nacional_canal_a_10K_R_03.dbf","CN_HID_Nacional_canal_a_10K_R_03.dbf"
"https://visualizador.ide.uy/descargas/datos/CN_Remesa_03/03_Hidrografia/Shapefile/CN_HID_Nacional_canal_a_10K_R_03.prj","CN_HID_Nacional_canal_a_10K_R_03.prj"
"https://visualizador.ide.uy/descargas/datos/CN_Remesa_03/03_Hidrografia/Shapefile/CN_HID_Nacional_canal_a_10K_R_03.shp","CN_HID_Nacional_canal_a_10K_R_03.shp"
"https://visualizador.ide.uy/descargas/datos/CN_Remesa_03/03_Hidrografia/Shapefile/CN_HID_Nacional_canal_a_10K_R_03.shx","CN_HID_Nacional_canal_a_10K_R_03.shx"
"https://visualizador.ide.uy/descargas/datos/CN_Remesa_03/03_Hidrografia/Shapefile/CN_HID_Nacional_canal_l_10K_R_03.cpg","CN_HID_Nacional_canal_l_10K_R_03.cpg"
"https://visualizador.ide.uy/descargas/datos/CN_Remesa_03/03_Hidrografia/Shapefile/CN_HID_Nacional_canal_l_10K_R_03.dbf","CN_HID_Nacional_canal_l_10K_R_03.dbf"
"https://visualizador.ide.uy/descargas/datos/CN_Remesa_03/03_Hidrografia/Shapefile/CN_HID_Nacional_canal_l_10K_R_03.prj","CN_HID_Nacional_canal_l_10K_R_03.prj"
"https://visualizador.ide.uy/descargas/datos/CN_Remesa_03/03_Hidrografia/Shapefile/CN_HID_Nacional_canal_l_10K_R_03.shp","CN_HID_Nacional_canal_l_10K_R_03.shp"
"https://visualizador.ide.uy/descargas/datos/CN_Remesa_03/03_Hidrografia/Shapefile/CN_HID_Nacional_canal_l_10K_R_03.shx","CN_HID_Nacional_canal_l_10K_R_03.shx"
"https://visualizador.ide.uy/descargas/datos/CN_Remesa_03/03_Hidrografia/Shapefile/CN_HID_Nacional_cascada_salto_l_10K_R_03.cpg","CN_HID_Nacional_cascada_salto_l_10K_R_03.cpg"
"https://visualizador.ide.uy/descargas/datos/CN_Remesa_03/03_Hidrografia/Shapefile/CN_HID_Nacional_cascada_salto_l_10K_R_03.dbf","CN_HID_Nacional_cascada_salto_l_10K_R_03.dbf"
"https://visualizador.ide.uy/descargas/datos/CN_Remesa_03/03_Hidrografia/Shapefile/CN_HID_Nacional_cascada_salto_l_10K_R_03.prj","CN_HID_Nacional_cascada_salto_l_10K_R_03.prj"
"https://visualizador.ide.uy/descargas/datos/CN_Remesa_03/03_Hidrografia/Shapefile/CN_HID_Nacional_cascada_salto_l_10K_R_03.shp","CN_HID_Nacional_cascada_salto_l_10K_R_03.shp"
"https://visualizador.ide.uy/descargas/datos/CN_Remesa_03/03_Hidrografia/Shapefile/CN_HID_Nacional_cascada_salto_l_10K_R_03.shx","CN_HID_Nacional_cascada_salto_l_10K_R_03.shx"
"https://visualizador.ide.uy/descargas/datos/CN_Remesa_03/03_Hidrografia/Shapefile/CN_HID_Nacional_curso_de_agua_a_10K_R_03.cpg","CN_HID_Nacional_curso_de_agua_a_10K_R_03.cpg"
"https://visualizador.ide.uy/descargas/datos/CN_Remesa_03/03_Hidrografia/Shapefile/CN_HID_Nacional_curso_de_agua_a_10K_R_03.dbf","CN_HID_Nacional_curso_de_agua_a_10K_R_03.dbf"
"https://visualizador.ide.uy/descargas/datos/CN_Remesa_03/03_Hidrografia/Shapefile/CN_HID_Nacional_curso_de_agua_a_10K_R_03.prj","CN_HID_Nacional_curso_de_agua_a_10K_R_03.prj"
"https://visualizador.ide.uy/descargas/datos/CN_Remesa_03/03_Hidrografia/Shapefile/CN_HID_Nacional_curso_de_agua_a_10K_R_03.shp","CN_HID_Nacional_curso_de_agua_a_10K_R_03.shp"
"https://visualizador.ide.uy/descargas/datos/CN_Remesa_03/03_Hidrografia/Shapefile/CN_HID_Nacional_curso_de_agua_a_10K_R_03.shx","CN_HID_Nacional_curso_de_agua_a_10K_R_03.shx"
"https://visualizador.ide.uy/descargas/datos/CN_Remesa_03/03_Hidrografia/Shapefile/CN_HID_Nacional_curso_de_agua_l_10K_R_03.cpg","CN_HID_Nacional_curso_de_agua_l_10K_R_03.cpg"
"https://visualizador.ide.uy/descargas/datos/CN_Remesa_03/03_Hidrografia/Shapefile/CN_HID_Nacional_curso_de_agua_l_10K_R_03.dbf","CN_HID_Nacional_curso_de_agua_l_10K_R_03.dbf"
"https://visualizador.ide.uy/descargas/datos/CN_Remesa_03/03_Hidrografia/Shapefile/CN_HID_Nacional_curso_de_agua_l_10K_R_03.prj","CN_HID_Nacional_curso_de_agua_l_10K_R_03.prj"
"https://visualizador.ide.uy/descargas/datos/CN_Remesa_03/03_Hidrografia/Shapefile/CN_HID_Nacional_curso_de_agua_l_10K_R_03.shp","CN_HID_Nacional_curso_de_agua_l_10K_R_03.shp"
"https://visualizador.ide.uy/descargas/datos/CN_Remesa_03/03_Hidrografia/Shapefile/CN_HID_Nacional_curso_de_agua_l_10K_R_03.shx","CN_HID_Nacional_curso_de_agua_l_10K_R_03.shx"
"https://visualizador.ide.uy/descargas/datos/CN_Remesa_03/03_Hidrografia/Shapefile/CN_HID_Nacional_eje_canal_l_10K_R_03.cpg","CN_HID_Nacional_eje_canal_l_10K_R_03.cpg"
"https://visualizador.ide.uy/descargas/datos/CN_Remesa_03/03_Hidrografia/Shapefile/CN_HID_Nacional_eje_canal_l_10K_R_03.dbf","CN_HID_Nacional_eje_canal_l_10K_R_03.dbf"
"https://visualizador.ide.uy/descargas/datos/CN_Remesa_03/03_Hidrografia/Shapefile/CN_HID_Nacional_eje_canal_l_10K_R_03.prj","CN_HID_Nacional_eje_canal_l_10K_R_03.prj"
"https://visualizador.ide.uy/descargas/datos/CN_Remesa_03/03_Hidrografia/Shapefile/CN_HID_Nacional_eje_canal_l_10K_R_03.shp","CN_HID_Nacional_eje_canal_l_10K_R_03.shp"
"https://visualizador.ide.uy/descargas/datos/CN_Remesa_03/03_Hidrografia/Shapefile/CN_HID_Nacional_eje_canal_l_10K_R_03.shx","CN_HID_Nacional_eje_canal_l_10K_R_03.shx"
"https://visualizador.ide.uy/descargas/datos/CN_Remesa_03/03_Hidrografia/Shapefile/CN_HID_Nacional_eje_curso_de_agua_l_10K_R_03.cpg","CN_HID_Nacional_eje_curso_de_agua_l_10K_R_03.cpg"
"https://visualizador.ide.uy/descargas/datos/CN_Remesa_03/03_Hidrografia/Shapefile/CN_HID_Nacional_eje_curso_de_agua_l_10K_R_03.dbf","CN_HID_Nacional_eje_curso_de_agua_l_10K_R_03.dbf"
"https://visualizador.ide.uy/descargas/datos/CN_Remesa_03/03_Hidrografia/Shapefile/CN_HID_Nacional_eje_curso_de_agua_l_10K_R_03.prj","CN_HID_Nacional_eje_curso_de_agua_l_10K_R_03.prj"
"https://visualizador.ide.uy/descargas/datos/CN_Remesa_03/03_Hidrografia/Shapefile/CN_HID_Nacional_eje_curso_de_agua_l_10K_R_03.shp","CN_HID_Nacional_eje_curso_de_agua_l_10K_R_03.shp"
"https://visualizador.ide.uy/descargas/datos/CN_Remesa_03/03_Hidrografia/Shapefile/CN_HID_Nacional_eje_curso_de_agua_l_10K_R_03.shx","CN_HID_Nacional_eje_curso_de_agua_l_10K_R_03.shx"
"https://visualizador.ide.uy/descargas/datos/CN_Remesa_03/03_Hidrografia/Shapefile/CN_HID_Nacional_embalse_tajamar_a_10K_R_03.cpg","CN_HID_Nacional_embalse_tajamar_a_10K_R_03.cpg"
"https://visualizador.ide.uy/descargas/datos/CN_Remesa_03/03_Hidrografia/Shapefile/CN_HID_Nacional_embalse_tajamar_a_10K_R_03.dbf","CN_HID_Nacional_embalse_tajamar_a_10K_R_03.dbf"
"https://visualizador.ide.uy/descargas/datos/CN_Remesa_03/03_Hidrografia/Shapefile/CN_HID_Nacional_embalse_tajamar_a_10K_R_03.prj","CN_HID_Nacional_embalse_tajamar_a_10K_R_03.prj"
"https://visualizador.ide.uy/descargas/datos/CN_Remesa_03/03_Hidrografia/Shapefile/CN_HID_Nacional_embalse_tajamar_a_10K_R_03.shp","CN_HID_Nacional_embalse_tajamar_a_10K_R_03.shp"
"https://visualizador.ide.uy/descargas/datos/CN_Remesa_03/03_Hidrografia/Shapefile/CN_HID_Nacional_embalse_tajamar_a_10K_R_03.shx","CN_HID_Nacional_embalse_tajamar_a_10K_R_03.shx"
"https://visualizador.ide.uy/descargas/datos/CN_Remesa_03/03_Hidrografia/Shapefile/CN_HID_Nacional_isla_a_10K_R_03.cpg","CN_HID_Nacional_isla_a_10K_R_03.cpg"
"https://visualizador.ide.uy/descargas/datos/CN_Remesa_03/03_Hidrografia/Shapefile/CN_HID_Nacional_isla_a_10K_R_03.dbf","CN_HID_Nacional_isla_a_10K_R_03.dbf"
"https://visualizador.ide.uy/descargas/datos/CN_Remesa_03/03_Hidrografia/Shapefile/CN_HID_Nacional_isla_a_10K_R_03.prj","CN_HID_Nacional_isla_a_10K_R_03.prj"
"https://visualizador.ide.uy/descargas/datos/CN_Remesa_03/03_Hidrografia/Shapefile/CN_HID_Nacional_isla_a_10K_R_03.shp","CN_HID_Nacional_isla_a_10K_R_03.shp"
"https://visualizador.ide.uy/descargas/datos/CN_Remesa_03/03_Hidrografia/Shapefile/CN_HID_Nacional_isla_a_10K_R_03.shx","CN_HID_Nacional_isla_a_10K_R_03.shx"
"https://visualizador.ide.uy/descargas/datos/CN_Remesa_03/03_Hidrografia/Shapefile/CN_HID_Nacional_lago_laguna_a_10K_R_03.cpg","CN_HID_Nacional_lago_laguna_a_10K_R_03.cpg"
"https://visualizador.ide.uy/descargas/datos/CN_Remesa_03/03_Hidrografia/Shapefile/CN_HID_Nacional_lago_laguna_a_10K_R_03.dbf","CN_HID_Nacional_lago_laguna_a_10K_R_03.dbf"
"https://visualizador.ide.uy/descargas/datos/CN_Remesa_03/03_Hidrografia/Shapefile/CN_HID_Nacional_lago_laguna_a_10K_R_03.prj","CN_HID_Nacional_lago_laguna_a_10K_R_03.prj"
"https://visualizador.ide.uy/descargas/datos/CN_Remesa_03/03_Hidrografia/Shapefile/CN_HID_Nacional_lago_laguna_a_10K_R_03.shp","CN_HID_Nacional_lago_laguna_a_10K_R_03.shp"
"https://visualizador.ide.uy/descargas/datos/CN_Remesa_03/03_Hidrografia/Shapefile/CN_HID_Nacional_lago_laguna_a_10K_R_03.shx","CN_HID_Nacional_lago_laguna_a_10K_R_03.shx"
"https://visualizador.ide.uy/descargas/datos/CN_Remesa_03/03_Hidrografia/Shapefile/CN_HID_Nacional_limite_de_cauce_l_10K_R_03.cpg","CN_HID_Nacional_limite_de_cauce_l_10K_R_03.cpg"
"https://visualizador.ide.uy/descargas/datos/CN_Remesa_03/03_Hidrografia/Shapefile/CN_HID_Nacional_limite_de_cauce_l_10K_R_03.dbf","CN_HID_Nacional_limite_de_cauce_l_10K_R_03.dbf"
"https://visualizador.ide.uy/descargas/datos/CN_Remesa_03/03_Hidrografia/Shapefile/CN_HID_Nacional_limite_de_cauce_l_10K_R_03.prj","CN_HID_Nacional_limite_de_cauce_l_10K_R_03.prj"
"https://visualizador.ide.uy/descargas/datos/CN_Remesa_03/03_Hidrografia/Shapefile/CN_HID_Nacional_limite_de_cauce_l_10K_R_03.shp","CN_HID_Nacional_limite_de_cauce_l_10K_R_03.shp"
"https://visualizador.ide.uy/descargas/datos/CN_Remesa_03/03_Hidrografia/Shapefile/CN_HID_Nacional_limite_de_cauce_l_10K_R_03.shx","CN_HID_Nacional_limite_de_cauce_l_10K_R_03.shx"
"https://visualizador.ide.uy/descargas/datos/CN_Remesa_03/03_Hidrografia/Shapefile/CN_HID_Nacional_limite_obra_civil_a_10K_R_03.cpg","CN_HID_Nacional_limite_obra_civil_a_10K_R_03.cpg"
"https://visualizador.ide.uy/descargas/datos/CN_Remesa_03/03_Hidrografia/Shapefile/CN_HID_Nacional_limite_obra_civil_a_10K_R_03.dbf","CN_HID_Nacional_limite_obra_civil_a_10K_R_03.dbf"
"https://visualizador.ide.uy/descargas/datos/CN_Remesa_03/03_Hidrografia/Shapefile/CN_HID_Nacional_limite_obra_civil_a_10K_R_03.prj","CN_HID_Nacional_limite_obra_civil_a_10K_R_03.prj"
"https://visualizador.ide.uy/descargas/datos/CN_Remesa_03/03_Hidrografia/Shapefile/CN_HID_Nacional_limite_obra_civil_a_10K_R_03.shp","CN_HID_Nacional_limite_obra_civil_a_10K_R_03.shp"
"https://visualizador.ide.uy/descargas/datos/CN_Remesa_03/03_Hidrografia/Shapefile/CN_HID_Nacional_limite_obra_civil_a_10K_R_03.shx","CN_HID_Nacional_limite_obra_civil_a_10K_R_03.shx"
"https://visualizador.ide.uy/descargas/datos/CN_Remesa_03/03_Hidrografia/Shapefile/CN_HID_Nacional_limite_obra_civil_l_10K_R_03.cpg","CN_HID_Nacional_limite_obra_civil_l_10K_R_03.cpg"
"https://visualizador.ide.uy/descargas/datos/CN_Remesa_03/03_Hidrografia/Shapefile/CN_HID_Nacional_limite_obra_civil_l_10K_R_03.dbf","CN_HID_Nacional_limite_obra_civil_l_10K_R_03.dbf"
"https://visualizador.ide.uy/descargas/datos/CN_Remesa_03/03_Hidrografia/Shapefile/CN_HID_Nacional_limite_obra_civil_l_10K_R_03.prj","CN_HID_Nacional_limite_obra_civil_l_10K_R_03.prj"
"https://visualizador.ide.uy/descargas/datos/CN_Remesa_03/03_Hidrografia/Shapefile/CN_HID_Nacional_limite_obra_civil_l_10K_R_03.shp","CN_HID_Nacional_limite_obra_civil_l_10K_R_03.shp"
"https://visualizador.ide.uy/descargas/datos/CN_Remesa_03/03_Hidrografia/Shapefile/CN_HID_Nacional_limite_obra_civil_l_10K_R_03.shx","CN_HID_Nacional_limite_obra_civil_l_10K_R_03.shx"
"https://visualizador.ide.uy/descargas/datos/CN_Remesa_03/03_Hidrografia/Shapefile/CN_HID_Nacional_linea_de_costa_l_10K_R_03.cpg","CN_HID_Nacional_linea_de_costa_l_10K_R_03.cpg"
"https://visualizador.ide.uy/descargas/datos/CN_Remesa_03/03_Hidrografia/Shapefile/CN_HID_Nacional_linea_de_costa_l_10K_R_03.dbf","CN_HID_Nacional_linea_de_costa_l_10K_R_03.dbf"
"https://visualizador.ide.uy/descargas/datos/CN_Remesa_03/03_Hidrografia/Shapefile/CN_HID_Nacional_linea_de_costa_l_10K_R_03.prj","CN_HID_Nacional_linea_de_costa_l_10K_R_03.prj"
"https://visualizador.ide.uy/descargas/datos/CN_Remesa_03/03_Hidrografia/Shapefile/CN_HID_Nacional_linea_de_costa_l_10K_R_03.shp","CN_HID_Nacional_linea_de_costa_l_10K_R_03.shp"
"https://visualizador.ide.uy/descargas/datos/CN_Remesa_03/03_Hidrografia/Shapefile/CN_HID_Nacional_linea_de_costa_l_10K_R_03.shx","CN_HID_Nacional_linea_de_costa_l_10K_R_03.shx"
"https://visualizador.ide.uy/descargas/datos/CN_Remesa_03/03_Hidrografia/Shapefile/CN_HID_Nacional_playa_a_10K_R_03.cpg","CN_HID_Nacional_playa_a_10K_R_03.cpg"
"https://visualizador.ide.uy/descargas/datos/CN_Remesa_03/03_Hidrografia/Shapefile/CN_HID_Nacional_playa_a_10K_R_03.dbf","CN_HID_Nacional_playa_a_10K_R_03.dbf"
"https://visualizador.ide.uy/descargas/datos/CN_Remesa_03/03_Hidrografia/Shapefile/CN_HID_Nacional_playa_a_10K_R_03.prj","CN_HID_Nacional_playa_a_10K_R_03.prj"
"https://visualizador.ide.uy/descargas/datos/CN_Remesa_03/03_Hidrografia/Shapefile/CN_HID_Nacional_playa_a_10K_R_03.shp","CN_HID_Nacional_playa_a_10K_R_03.shp"
"https://visualizador.ide.uy/descargas/datos/CN_Remesa_03/03_Hidrografia/Shapefile/CN_HID_Nacional_playa_a_10K_R_03.shx","CN_HID_Nacional_playa_a_10K_R_03.shx"
"https://visualizador.ide.uy/descargas/datos/CN_Remesa_03/03_Hidrografia/Shapefile/CN_HID_Nacional_punto_hidrografico_p_10K_R_03.cpg","CN_HID_Nacional_punto_hidrografico_p_10K_R_03.cpg"
"https://visualizador.ide.uy/descargas/datos/CN_Remesa_03/03_Hidrografia/Shapefile/CN_HID_Nacional_punto_hidrografico_p_10K_R_03.dbf","CN_HID_Nacional_punto_hidrografico_p_10K_R_03.dbf"
"https://visualizador.ide.uy/descargas/datos/CN_Remesa_03/03_Hidrografia/Shapefile/CN_HID_Nacional_punto_hidrografico_p_10K_R_03.prj","CN_HID_Nacional_punto_hidrografico_p_10K_R_03.prj"
"https://visualizador.ide.uy/descargas/datos/CN_Remesa_03/03_Hidrografia/Shapefile/CN_HID_Nacional_punto_hidrografico_p_10K_R_03.shp","CN_HID_Nacional_punto_hidrografico_p_10K_R_03.shp"
"https://visualizador.ide.uy/descargas/datos/CN_Remesa_03/03_Hidrografia/Shapefile/CN_HID_Nacional_punto_hidrografico_p_10K_R_03.shx","CN_HID_Nacional_punto_hidrografico_p_10K_R_03.shx"
"https://visualizador.ide.uy/descargas/datos/CN_Remesa_03/03_Hidrografia/Shapefile/CN_HID_Nacional_rapidos_a_10K_R_03.cpg","CN_HID_Nacional_rapidos_a_10K_R_03.cpg"
"https://visualizador.ide.uy/descargas/datos/CN_Remesa_03/03_Hidrografia/Shapefile/CN_HID_Nacional_rapidos_a_10K_R_03.dbf","CN_HID_Nacional_rapidos_a_10K_R_03.dbf"
"https://visualizador.ide.uy/descargas/datos/CN_Remesa_03/03_Hidrografia/Shapefile/CN_HID_Nacional_rapidos_a_10K_R_03.prj","CN_HID_Nacional_rapidos_a_10K_R_03.prj"
"https://visualizador.ide.uy/descargas/datos/CN_Remesa_03/03_Hidrografia/Shapefile/CN_HID_Nacional_rapidos_a_10K_R_03.shp","CN_HID_Nacional_rapidos_a_10K_R_03.shp"
"https://visualizador.ide.uy/descargas/datos/CN_Remesa_03/03_Hidrografia/Shapefile/CN_HID_Nacional_rapidos_a_10K_R_03.shx","CN_HID_Nacional_rapidos_a_10K_R_03.shx"
