"href","text"
"https://visualizador.ide.uy/descargas/datos/CN_Remesa_03/02_Ortoimagenes/01_RGBI_16bits/?C=N;O=D","Nombre:"
"https://visualizador.ide.uy/descargas/datos/CN_Remesa_03/02_Ortoimagenes/01_RGBI_16bits/?C=S;O=A","Size"
"https://visualizador.ide.uy/descargas/datos/CN_Remesa_03/02_Ortoimagenes/","Parent Directory"
"https://visualizador.ide.uy/descargas/datos/CN_Remesa_03/02_Ortoimagenes/01_RGBI_16bits/L26C4_RGBI_16_Remesa_03.tif","L26C4_RGBI_16_Remesa_03.tif"
"https://visualizador.ide.uy/descargas/datos/CN_Remesa_03/02_Ortoimagenes/01_RGBI_16bits/L27A1_RGBI_16_Remesa_03.tif","L27A1_RGBI_16_Remesa_03.tif"
"https://visualizador.ide.uy/descargas/datos/CN_Remesa_03/02_Ortoimagenes/01_RGBI_16bits/L27A4_RGBI_16_Remesa_03.tif","L27A4_RGBI_16_Remesa_03.tif"
"https://visualizador.ide.uy/descargas/datos/CN_Remesa_03/02_Ortoimagenes/01_RGBI_16bits/L27C1_RGBI_16_Remesa_03.tif","L27C1_RGBI_16_Remesa_03.tif"
"https://visualizador.ide.uy/descargas/datos/CN_Remesa_03/02_Ortoimagenes/01_RGBI_16bits/L27C4_RGBI_16_Remesa_03.tif","L27C4_RGBI_16_Remesa_03.tif"
"https://visualizador.ide.uy/descargas/datos/CN_Remesa_03/02_Ortoimagenes/01_RGBI_16bits/L28A1_RGBI_16_Remesa_03.tif","L28A1_RGBI_16_Remesa_03.tif"
"https://visualizador.ide.uy/descargas/datos/CN_Remesa_03/02_Ortoimagenes/01_RGBI_16bits/L28A2_RGBI_16_Remesa_03.tif","L28A2_RGBI_16_Remesa_03.tif"
"https://visualizador.ide.uy/descargas/datos/CN_Remesa_03/02_Ortoimagenes/01_RGBI_16bits/L28A4_RGBI_16_Remesa_03.tif","L28A4_RGBI_16_Remesa_03.tif"
"https://visualizador.ide.uy/descargas/datos/CN_Remesa_03/02_Ortoimagenes/01_RGBI_16bits/L28A5_RGBI_16_Remesa_03.tif","L28A5_RGBI_16_Remesa_03.tif"
"https://visualizador.ide.uy/descargas/datos/CN_Remesa_03/02_Ortoimagenes/01_RGBI_16bits/L28C1_RGBI_16_Remesa_03.tif","L28C1_RGBI_16_Remesa_03.tif"
"https://visualizador.ide.uy/descargas/datos/CN_Remesa_03/02_Ortoimagenes/01_RGBI_16bits/L28C2_RGBI_16_Remesa_03.tif","L28C2_RGBI_16_Remesa_03.tif"
"https://visualizador.ide.uy/descargas/datos/CN_Remesa_03/02_Ortoimagenes/01_RGBI_16bits/L28C4_RGBI_16_Remesa_03.tif","L28C4_RGBI_16_Remesa_03.tif"
"https://visualizador.ide.uy/descargas/datos/CN_Remesa_03/02_Ortoimagenes/01_RGBI_16bits/L28C5_RGBI_16_Remesa_03.tif","L28C5_RGBI_16_Remesa_03.tif"
"https://visualizador.ide.uy/descargas/datos/CN_Remesa_03/02_Ortoimagenes/01_RGBI_16bits/M21A1_RGBI_16_Remesa_03.tif","M21A1_RGBI_16_Remesa_03.tif"
"https://visualizador.ide.uy/descargas/datos/CN_Remesa_03/02_Ortoimagenes/01_RGBI_16bits/M21A4_RGBI_16_Remesa_03.tif","M21A4_RGBI_16_Remesa_03.tif"
"https://visualizador.ide.uy/descargas/datos/CN_Remesa_03/02_Ortoimagenes/01_RGBI_16bits/M21C1_RGBI_16_Remesa_03.tif","M21C1_RGBI_16_Remesa_03.tif"
"https://visualizador.ide.uy/descargas/datos/CN_Remesa_03/02_Ortoimagenes/01_RGBI_16bits/M21C4_RGBI_16_Remesa_03.tif","M21C4_RGBI_16_Remesa_03.tif"
"https://visualizador.ide.uy/descargas/datos/CN_Remesa_03/02_Ortoimagenes/01_RGBI_16bits/M22A1_RGBI_16_Remesa_03.tif","M22A1_RGBI_16_Remesa_03.tif"
"https://visualizador.ide.uy/descargas/datos/CN_Remesa_03/02_Ortoimagenes/01_RGBI_16bits/M22A4_RGBI_16_Remesa_03.tif","M22A4_RGBI_16_Remesa_03.tif"
"https://visualizador.ide.uy/descargas/datos/CN_Remesa_03/02_Ortoimagenes/01_RGBI_16bits/M22C1_RGBI_16_Remesa_03.tif","M22C1_RGBI_16_Remesa_03.tif"
"https://visualizador.ide.uy/descargas/datos/CN_Remesa_03/02_Ortoimagenes/01_RGBI_16bits/M22C4_RGBI_16_Remesa_03.tif","M22C4_RGBI_16_Remesa_03.tif"
"https://visualizador.ide.uy/descargas/datos/CN_Remesa_03/02_Ortoimagenes/01_RGBI_16bits/M23A1_RGBI_16_Remesa_03.tif","M23A1_RGBI_16_Remesa_03.tif"
"https://visualizador.ide.uy/descargas/datos/CN_Remesa_03/02_Ortoimagenes/01_RGBI_16bits/M23A4_RGBI_16_Remesa_03.tif","M23A4_RGBI_16_Remesa_03.tif"
"https://visualizador.ide.uy/descargas/datos/CN_Remesa_03/02_Ortoimagenes/01_RGBI_16bits/M23C1_RGBI_16_Remesa_03.tif","M23C1_RGBI_16_Remesa_03.tif"
"https://visualizador.ide.uy/descargas/datos/CN_Remesa_03/02_Ortoimagenes/01_RGBI_16bits/M23C4_RGBI_16_Remesa_03.tif","M23C4_RGBI_16_Remesa_03.tif"
"https://visualizador.ide.uy/descargas/datos/CN_Remesa_03/02_Ortoimagenes/01_RGBI_16bits/M24A1_RGBI_16_Remesa_03.tif","M24A1_RGBI_16_Remesa_03.tif"
"https://visualizador.ide.uy/descargas/datos/CN_Remesa_03/02_Ortoimagenes/01_RGBI_16bits/M24A4_RGBI_16_Remesa_03.tif","M24A4_RGBI_16_Remesa_03.tif"
"https://visualizador.ide.uy/descargas/datos/CN_Remesa_03/02_Ortoimagenes/01_RGBI_16bits/M24C1_RGBI_16_Remesa_03.tif","M24C1_RGBI_16_Remesa_03.tif"
"https://visualizador.ide.uy/descargas/datos/CN_Remesa_03/02_Ortoimagenes/01_RGBI_16bits/M24C2_RGBI_16_Remesa_03.tif","M24C2_RGBI_16_Remesa_03.tif"
"https://visualizador.ide.uy/descargas/datos/CN_Remesa_03/02_Ortoimagenes/01_RGBI_16bits/M24C4_RGBI_16_Remesa_03.tif","M24C4_RGBI_16_Remesa_03.tif"
"https://visualizador.ide.uy/descargas/datos/CN_Remesa_03/02_Ortoimagenes/01_RGBI_16bits/M24C5_RGBI_16_Remesa_03.tif","M24C5_RGBI_16_Remesa_03.tif"
"https://visualizador.ide.uy/descargas/datos/CN_Remesa_03/02_Ortoimagenes/01_RGBI_16bits/M25A1_RGBI_16_Remesa_03.tif","M25A1_RGBI_16_Remesa_03.tif"
"https://visualizador.ide.uy/descargas/datos/CN_Remesa_03/02_Ortoimagenes/01_RGBI_16bits/M25A2_RGBI_16_Remesa_03.tif","M25A2_RGBI_16_Remesa_03.tif"
"https://visualizador.ide.uy/descargas/datos/CN_Remesa_03/02_Ortoimagenes/01_RGBI_16bits/M25A4_RGBI_16_Remesa_03.tif","M25A4_RGBI_16_Remesa_03.tif"
"https://visualizador.ide.uy/descargas/datos/CN_Remesa_03/02_Ortoimagenes/01_RGBI_16bits/M25A5_RGBI_16_Remesa_03.tif","M25A5_RGBI_16_Remesa_03.tif"
"https://visualizador.ide.uy/descargas/datos/CN_Remesa_03/02_Ortoimagenes/01_RGBI_16bits/M25A6_RGBI_16_Remesa_03.tif","M25A6_RGBI_16_Remesa_03.tif"
"https://visualizador.ide.uy/descargas/datos/CN_Remesa_03/02_Ortoimagenes/01_RGBI_16bits/M25C1_RGBI_16_Remesa_03.tif","M25C1_RGBI_16_Remesa_03.tif"
"https://visualizador.ide.uy/descargas/datos/CN_Remesa_03/02_Ortoimagenes/01_RGBI_16bits/M25C2_RGBI_16_Remesa_03.tif","M25C2_RGBI_16_Remesa_03.tif"
"https://visualizador.ide.uy/descargas/datos/CN_Remesa_03/02_Ortoimagenes/01_RGBI_16bits/M25C3_RGBI_16_Remesa_03.tif","M25C3_RGBI_16_Remesa_03.tif"
"https://visualizador.ide.uy/descargas/datos/CN_Remesa_03/02_Ortoimagenes/01_RGBI_16bits/M25C4_RGBI_16_Remesa_03.tif","M25C4_RGBI_16_Remesa_03.tif"
"https://visualizador.ide.uy/descargas/datos/CN_Remesa_03/02_Ortoimagenes/01_RGBI_16bits/M25C5_RGBI_16_Remesa_03.tif","M25C5_RGBI_16_Remesa_03.tif"
"https://visualizador.ide.uy/descargas/datos/CN_Remesa_03/02_Ortoimagenes/01_RGBI_16bits/M25C6_RGBI_16_Remesa_03.tif","M25C6_RGBI_16_Remesa_03.tif"
"https://visualizador.ide.uy/descargas/datos/CN_Remesa_03/02_Ortoimagenes/01_RGBI_16bits/M25D4_RGBI_16_Remesa_03.tif","M25D4_RGBI_16_Remesa_03.tif"
"https://visualizador.ide.uy/descargas/datos/CN_Remesa_03/02_Ortoimagenes/01_RGBI_16bits/M26A1_RGBI_16_Remesa_03.tif","M26A1_RGBI_16_Remesa_03.tif"
"https://visualizador.ide.uy/descargas/datos/CN_Remesa_03/02_Ortoimagenes/01_RGBI_16bits/M26A2_RGBI_16_Remesa_03.tif","M26A2_RGBI_16_Remesa_03.tif"
"https://visualizador.ide.uy/descargas/datos/CN_Remesa_03/02_Ortoimagenes/01_RGBI_16bits/M26A3_RGBI_16_Remesa_03.tif","M26A3_RGBI_16_Remesa_03.tif"
"https://visualizador.ide.uy/descargas/datos/CN_Remesa_03/02_Ortoimagenes/01_RGBI_16bits/M26A4_RGBI_16_Remesa_03.tif","M26A4_RGBI_16_Remesa_03.tif"
"https://visualizador.ide.uy/descargas/datos/CN_Remesa_03/02_Ortoimagenes/01_RGBI_16bits/M26A5_RGBI_16_Remesa_03.tif","M26A5_RGBI_16_Remesa_03.tif"
"https://visualizador.ide.uy/descargas/datos/CN_Remesa_03/02_Ortoimagenes/01_RGBI_16bits/M26A6_RGBI_16_Remesa_03.tif","M26A6_RGBI_16_Remesa_03.tif"
"https://visualizador.ide.uy/descargas/datos/CN_Remesa_03/02_Ortoimagenes/01_RGBI_16bits/M26B1_RGBI_16_Remesa_03.tif","M26B1_RGBI_16_Remesa_03.tif"
"https://visualizador.ide.uy/descargas/datos/CN_Remesa_03/02_Ortoimagenes/01_RGBI_16bits/M26B2_RGBI_16_Remesa_03.tif","M26B2_RGBI_16_Remesa_03.tif"
"https://visualizador.ide.uy/descargas/datos/CN_Remesa_03/02_Ortoimagenes/01_RGBI_16bits/M26B4_RGBI_16_Remesa_03.tif","M26B4_RGBI_16_Remesa_03.tif"
"https://visualizador.ide.uy/descargas/datos/CN_Remesa_03/02_Ortoimagenes/01_RGBI_16bits/M26B5_RGBI_16_Remesa_03.tif","M26B5_RGBI_16_Remesa_03.tif"
"https://visualizador.ide.uy/descargas/datos/CN_Remesa_03/02_Ortoimagenes/01_RGBI_16bits/M26B6_RGBI_16_Remesa_03.tif","M26B6_RGBI_16_Remesa_03.tif"
"https://visualizador.ide.uy/descargas/datos/CN_Remesa_03/02_Ortoimagenes/01_RGBI_16bits/M26C1_RGBI_16_Remesa_03.tif","M26C1_RGBI_16_Remesa_03.tif"
"https://visualizador.ide.uy/descargas/datos/CN_Remesa_03/02_Ortoimagenes/01_RGBI_16bits/M26C2_RGBI_16_Remesa_03.tif","M26C2_RGBI_16_Remesa_03.tif"
"https://visualizador.ide.uy/descargas/datos/CN_Remesa_03/02_Ortoimagenes/01_RGBI_16bits/M26C3_RGBI_16_Remesa_03.tif","M26C3_RGBI_16_Remesa_03.tif"
"https://visualizador.ide.uy/descargas/datos/CN_Remesa_03/02_Ortoimagenes/01_RGBI_16bits/M26C4_RGBI_16_Remesa_03.tif","M26C4_RGBI_16_Remesa_03.tif"
"https://visualizador.ide.uy/descargas/datos/CN_Remesa_03/02_Ortoimagenes/01_RGBI_16bits/M26C5_RGBI_16_Remesa_03.tif","M26C5_RGBI_16_Remesa_03.tif"
"https://visualizador.ide.uy/descargas/datos/CN_Remesa_03/02_Ortoimagenes/01_RGBI_16bits/M26C6_RGBI_16_Remesa_03.tif","M26C6_RGBI_16_Remesa_03.tif"
"https://visualizador.ide.uy/descargas/datos/CN_Remesa_03/02_Ortoimagenes/01_RGBI_16bits/M26D1_RGBI_16_Remesa_03.tif","M26D1_RGBI_16_Remesa_03.tif"
"https://visualizador.ide.uy/descargas/datos/CN_Remesa_03/02_Ortoimagenes/01_RGBI_16bits/M26D2_RGBI_16_Remesa_03.tif","M26D2_RGBI_16_Remesa_03.tif"
"https://visualizador.ide.uy/descargas/datos/CN_Remesa_03/02_Ortoimagenes/01_RGBI_16bits/M26D3_RGBI_16_Remesa_03.tif","M26D3_RGBI_16_Remesa_03.tif"
"https://visualizador.ide.uy/descargas/datos/CN_Remesa_03/02_Ortoimagenes/01_RGBI_16bits/M26D4_RGBI_16_Remesa_03.tif","M26D4_RGBI_16_Remesa_03.tif"
"https://visualizador.ide.uy/descargas/datos/CN_Remesa_03/02_Ortoimagenes/01_RGBI_16bits/M26D5_RGBI_16_Remesa_03.tif","M26D5_RGBI_16_Remesa_03.tif"
"https://visualizador.ide.uy/descargas/datos/CN_Remesa_03/02_Ortoimagenes/01_RGBI_16bits/M26D6_RGBI_16_Remesa_03.tif","M26D6_RGBI_16_Remesa_03.tif"
"https://visualizador.ide.uy/descargas/datos/CN_Remesa_03/02_Ortoimagenes/01_RGBI_16bits/M27A1_RGBI_16_Remesa_03.tif","M27A1_RGBI_16_Remesa_03.tif"
"https://visualizador.ide.uy/descargas/datos/CN_Remesa_03/02_Ortoimagenes/01_RGBI_16bits/M27A2_RGBI_16_Remesa_03.tif","M27A2_RGBI_16_Remesa_03.tif"
"https://visualizador.ide.uy/descargas/datos/CN_Remesa_03/02_Ortoimagenes/01_RGBI_16bits/M27A3_RGBI_16_Remesa_03.tif","M27A3_RGBI_16_Remesa_03.tif"
"https://visualizador.ide.uy/descargas/datos/CN_Remesa_03/02_Ortoimagenes/01_RGBI_16bits/M27A4_RGBI_16_Remesa_03.tif","M27A4_RGBI_16_Remesa_03.tif"
"https://visualizador.ide.uy/descargas/datos/CN_Remesa_03/02_Ortoimagenes/01_RGBI_16bits/M27A5_RGBI_16_Remesa_03.tif","M27A5_RGBI_16_Remesa_03.tif"
"https://visualizador.ide.uy/descargas/datos/CN_Remesa_03/02_Ortoimagenes/01_RGBI_16bits/M27A6_RGBI_16_Remesa_03.tif","M27A6_RGBI_16_Remesa_03.tif"
"https://visualizador.ide.uy/descargas/datos/CN_Remesa_03/02_Ortoimagenes/01_RGBI_16bits/M27B1_RGBI_16_Remesa_03.tif","M27B1_RGBI_16_Remesa_03.tif"
"https://visualizador.ide.uy/descargas/datos/CN_Remesa_03/02_Ortoimagenes/01_RGBI_16bits/M27B2_RGBI_16_Remesa_03.tif","M27B2_RGBI_16_Remesa_03.tif"
"https://visualizador.ide.uy/descargas/datos/CN_Remesa_03/02_Ortoimagenes/01_RGBI_16bits/M27B3_RGBI_16_Remesa_03.tif","M27B3_RGBI_16_Remesa_03.tif"
"https://visualizador.ide.uy/descargas/datos/CN_Remesa_03/02_Ortoimagenes/01_RGBI_16bits/M27B4_RGBI_16_Remesa_03.tif","M27B4_RGBI_16_Remesa_03.tif"
"https://visualizador.ide.uy/descargas/datos/CN_Remesa_03/02_Ortoimagenes/01_RGBI_16bits/M27B5_RGBI_16_Remesa_03.tif","M27B5_RGBI_16_Remesa_03.tif"
"https://visualizador.ide.uy/descargas/datos/CN_Remesa_03/02_Ortoimagenes/01_RGBI_16bits/M27B6_RGBI_16_Remesa_03.tif","M27B6_RGBI_16_Remesa_03.tif"
"https://visualizador.ide.uy/descargas/datos/CN_Remesa_03/02_Ortoimagenes/01_RGBI_16bits/M27C2_RGBI_16_Remesa_03.tif","M27C2_RGBI_16_Remesa_03.tif"
"https://visualizador.ide.uy/descargas/datos/CN_Remesa_03/02_Ortoimagenes/01_RGBI_16bits/M27C3_RGBI_16_Remesa_03.tif","M27C3_RGBI_16_Remesa_03.tif"
"https://visualizador.ide.uy/descargas/datos/CN_Remesa_03/02_Ortoimagenes/01_RGBI_16bits/M27C6_RGBI_16_Remesa_03.tif","M27C6_RGBI_16_Remesa_03.tif"
"https://visualizador.ide.uy/descargas/datos/CN_Remesa_03/02_Ortoimagenes/01_RGBI_16bits/M27D1_RGBI_16_Remesa_03.tif","M27D1_RGBI_16_Remesa_03.tif"
"https://visualizador.ide.uy/descargas/datos/CN_Remesa_03/02_Ortoimagenes/01_RGBI_16bits/M27D2_RGBI_16_Remesa_03.tif","M27D2_RGBI_16_Remesa_03.tif"
"https://visualizador.ide.uy/descargas/datos/CN_Remesa_03/02_Ortoimagenes/01_RGBI_16bits/M27D3_RGBI_16_Remesa_03.tif","M27D3_RGBI_16_Remesa_03.tif"
"https://visualizador.ide.uy/descargas/datos/CN_Remesa_03/02_Ortoimagenes/01_RGBI_16bits/M27D4_RGBI_16_Remesa_03.tif","M27D4_RGBI_16_Remesa_03.tif"
"https://visualizador.ide.uy/descargas/datos/CN_Remesa_03/02_Ortoimagenes/01_RGBI_16bits/M27D5_RGBI_16_Remesa_03.tif","M27D5_RGBI_16_Remesa_03.tif"
"https://visualizador.ide.uy/descargas/datos/CN_Remesa_03/02_Ortoimagenes/01_RGBI_16bits/M27D6_RGBI_16_Remesa_03.tif","M27D6_RGBI_16_Remesa_03.tif"
"https://visualizador.ide.uy/descargas/datos/CN_Remesa_03/02_Ortoimagenes/01_RGBI_16bits/M28B1_RGBI_16_Remesa_03.tif","M28B1_RGBI_16_Remesa_03.tif"
"https://visualizador.ide.uy/descargas/datos/CN_Remesa_03/02_Ortoimagenes/01_RGBI_16bits/M28B2_RGBI_16_Remesa_03.tif","M28B2_RGBI_16_Remesa_03.tif"
"https://visualizador.ide.uy/descargas/datos/CN_Remesa_03/02_Ortoimagenes/01_RGBI_16bits/M28B3_RGBI_16_Remesa_03.tif","M28B3_RGBI_16_Remesa_03.tif"
"https://visualizador.ide.uy/descargas/datos/CN_Remesa_03/02_Ortoimagenes/01_RGBI_16bits/M28B5_RGBI_16_Remesa_03.tif","M28B5_RGBI_16_Remesa_03.tif"
"https://visualizador.ide.uy/descargas/datos/CN_Remesa_03/02_Ortoimagenes/01_RGBI_16bits/M28B6_RGBI_16_Remesa_03.tif","M28B6_RGBI_16_Remesa_03.tif"
"https://visualizador.ide.uy/descargas/datos/CN_Remesa_03/02_Ortoimagenes/01_RGBI_16bits/M28D3_RGBI_16_Remesa_03.tif","M28D3_RGBI_16_Remesa_03.tif"
"https://visualizador.ide.uy/descargas/datos/CN_Remesa_03/02_Ortoimagenes/01_RGBI_16bits/N20A1_RGBI_16_Remesa_03.tif","N20A1_RGBI_16_Remesa_03.tif"
"https://visualizador.ide.uy/descargas/datos/CN_Remesa_03/02_Ortoimagenes/01_RGBI_16bits/N20A2_RGBI_16_Remesa_03.tif","N20A2_RGBI_16_Remesa_03.tif"
"https://visualizador.ide.uy/descargas/datos/CN_Remesa_03/02_Ortoimagenes/01_RGBI_16bits/N20A3_RGBI_16_Remesa_03.tif","N20A3_RGBI_16_Remesa_03.tif"
"https://visualizador.ide.uy/descargas/datos/CN_Remesa_03/02_Ortoimagenes/01_RGBI_16bits/N20A4_RGBI_16_Remesa_03.tif","N20A4_RGBI_16_Remesa_03.tif"
"https://visualizador.ide.uy/descargas/datos/CN_Remesa_03/02_Ortoimagenes/01_RGBI_16bits/N20A5_RGBI_16_Remesa_03.tif","N20A5_RGBI_16_Remesa_03.tif"
"https://visualizador.ide.uy/descargas/datos/CN_Remesa_03/02_Ortoimagenes/01_RGBI_16bits/N20A6_RGBI_16_Remesa_03.tif","N20A6_RGBI_16_Remesa_03.tif"
"https://visualizador.ide.uy/descargas/datos/CN_Remesa_03/02_Ortoimagenes/01_RGBI_16bits/N20B1_RGBI_16_Remesa_03.tif","N20B1_RGBI_16_Remesa_03.tif"
"https://visualizador.ide.uy/descargas/datos/CN_Remesa_03/02_Ortoimagenes/01_RGBI_16bits/N20B2_RGBI_16_Remesa_03.tif","N20B2_RGBI_16_Remesa_03.tif"
"https://visualizador.ide.uy/descargas/datos/CN_Remesa_03/02_Ortoimagenes/01_RGBI_16bits/N20B4_RGBI_16_Remesa_03.tif","N20B4_RGBI_16_Remesa_03.tif"
"https://visualizador.ide.uy/descargas/datos/CN_Remesa_03/02_Ortoimagenes/01_RGBI_16bits/N20B5_RGBI_16_Remesa_03.tif","N20B5_RGBI_16_Remesa_03.tif"
"https://visualizador.ide.uy/descargas/datos/CN_Remesa_03/02_Ortoimagenes/01_RGBI_16bits/N20C1_RGBI_16_Remesa_03.tif","N20C1_RGBI_16_Remesa_03.tif"
"https://visualizador.ide.uy/descargas/datos/CN_Remesa_03/02_Ortoimagenes/01_RGBI_16bits/N20C2_RGBI_16_Remesa_03.tif","N20C2_RGBI_16_Remesa_03.tif"
"https://visualizador.ide.uy/descargas/datos/CN_Remesa_03/02_Ortoimagenes/01_RGBI_16bits/N20C3_RGBI_16_Remesa_03.tif","N20C3_RGBI_16_Remesa_03.tif"
"https://visualizador.ide.uy/descargas/datos/CN_Remesa_03/02_Ortoimagenes/01_RGBI_16bits/N20C4_RGBI_16_Remesa_03.tif","N20C4_RGBI_16_Remesa_03.tif"
"https://visualizador.ide.uy/descargas/datos/CN_Remesa_03/02_Ortoimagenes/01_RGBI_16bits/N20C5_RGBI_16_Remesa_03.tif","N20C5_RGBI_16_Remesa_03.tif"
"https://visualizador.ide.uy/descargas/datos/CN_Remesa_03/02_Ortoimagenes/01_RGBI_16bits/N20C6_RGBI_16_Remesa_03.tif","N20C6_RGBI_16_Remesa_03.tif"
"https://visualizador.ide.uy/descargas/datos/CN_Remesa_03/02_Ortoimagenes/01_RGBI_16bits/N20D1_RGBI_16_Remesa_03.tif","N20D1_RGBI_16_Remesa_03.tif"
"https://visualizador.ide.uy/descargas/datos/CN_Remesa_03/02_Ortoimagenes/01_RGBI_16bits/N20D2_RGBI_16_Remesa_03.tif","N20D2_RGBI_16_Remesa_03.tif"
"https://visualizador.ide.uy/descargas/datos/CN_Remesa_03/02_Ortoimagenes/01_RGBI_16bits/N20D4_RGBI_16_Remesa_03.tif","N20D4_RGBI_16_Remesa_03.tif"
"https://visualizador.ide.uy/descargas/datos/CN_Remesa_03/02_Ortoimagenes/01_RGBI_16bits/N20D5_RGBI_16_Remesa_03.tif","N20D5_RGBI_16_Remesa_03.tif"
"https://visualizador.ide.uy/descargas/datos/CN_Remesa_03/02_Ortoimagenes/01_RGBI_16bits/N21A1_RGBI_16_Remesa_03.tif","N21A1_RGBI_16_Remesa_03.tif"
"https://visualizador.ide.uy/descargas/datos/CN_Remesa_03/02_Ortoimagenes/01_RGBI_16bits/N21A2_RGBI_16_Remesa_03.tif","N21A2_RGBI_16_Remesa_03.tif"
"https://visualizador.ide.uy/descargas/datos/CN_Remesa_03/02_Ortoimagenes/01_RGBI_16bits/N21A3_RGBI_16_Remesa_03.tif","N21A3_RGBI_16_Remesa_03.tif"
"https://visualizador.ide.uy/descargas/datos/CN_Remesa_03/02_Ortoimagenes/01_RGBI_16bits/N21A4_RGBI_16_Remesa_03.tif","N21A4_RGBI_16_Remesa_03.tif"
"https://visualizador.ide.uy/descargas/datos/CN_Remesa_03/02_Ortoimagenes/01_RGBI_16bits/N21A5_RGBI_16_Remesa_03.tif","N21A5_RGBI_16_Remesa_03.tif"
"https://visualizador.ide.uy/descargas/datos/CN_Remesa_03/02_Ortoimagenes/01_RGBI_16bits/N21A6_RGBI_16_Remesa_03.tif","N21A6_RGBI_16_Remesa_03.tif"
"https://visualizador.ide.uy/descargas/datos/CN_Remesa_03/02_Ortoimagenes/01_RGBI_16bits/N21B1_RGBI_16_Remesa_03.tif","N21B1_RGBI_16_Remesa_03.tif"
"https://visualizador.ide.uy/descargas/datos/CN_Remesa_03/02_Ortoimagenes/01_RGBI_16bits/N21B2_RGBI_16_Remesa_03.tif","N21B2_RGBI_16_Remesa_03.tif"
"https://visualizador.ide.uy/descargas/datos/CN_Remesa_03/02_Ortoimagenes/01_RGBI_16bits/N21B3_RGBI_16_Remesa_03.tif","N21B3_RGBI_16_Remesa_03.tif"
"https://visualizador.ide.uy/descargas/datos/CN_Remesa_03/02_Ortoimagenes/01_RGBI_16bits/N21B4_RGBI_16_Remesa_03.tif","N21B4_RGBI_16_Remesa_03.tif"
"https://visualizador.ide.uy/descargas/datos/CN_Remesa_03/02_Ortoimagenes/01_RGBI_16bits/N21B5_RGBI_16_Remesa_03.tif","N21B5_RGBI_16_Remesa_03.tif"
"https://visualizador.ide.uy/descargas/datos/CN_Remesa_03/02_Ortoimagenes/01_RGBI_16bits/N21B6_RGBI_16_Remesa_03.tif","N21B6_RGBI_16_Remesa_03.tif"
"https://visualizador.ide.uy/descargas/datos/CN_Remesa_03/02_Ortoimagenes/01_RGBI_16bits/N21C1_RGBI_16_Remesa_03.tif","N21C1_RGBI_16_Remesa_03.tif"
"https://visualizador.ide.uy/descargas/datos/CN_Remesa_03/02_Ortoimagenes/01_RGBI_16bits/N21C2_RGBI_16_Remesa_03.tif","N21C2_RGBI_16_Remesa_03.tif"
"https://visualizador.ide.uy/descargas/datos/CN_Remesa_03/02_Ortoimagenes/01_RGBI_16bits/N21C3_RGBI_16_Remesa_03.tif","N21C3_RGBI_16_Remesa_03.tif"
"https://visualizador.ide.uy/descargas/datos/CN_Remesa_03/02_Ortoimagenes/01_RGBI_16bits/N21C4_RGBI_16_Remesa_03.tif","N21C4_RGBI_16_Remesa_03.tif"
"https://visualizador.ide.uy/descargas/datos/CN_Remesa_03/02_Ortoimagenes/01_RGBI_16bits/N21C5_RGBI_16_Remesa_03.tif","N21C5_RGBI_16_Remesa_03.tif"
"https://visualizador.ide.uy/descargas/datos/CN_Remesa_03/02_Ortoimagenes/01_RGBI_16bits/N21C6_RGBI_16_Remesa_03.tif","N21C6_RGBI_16_Remesa_03.tif"
"https://visualizador.ide.uy/descargas/datos/CN_Remesa_03/02_Ortoimagenes/01_RGBI_16bits/N21D1_RGBI_16_Remesa_03.tif","N21D1_RGBI_16_Remesa_03.tif"
"https://visualizador.ide.uy/descargas/datos/CN_Remesa_03/02_Ortoimagenes/01_RGBI_16bits/N21D2_RGBI_16_Remesa_03.tif","N21D2_RGBI_16_Remesa_03.tif"
"https://visualizador.ide.uy/descargas/datos/CN_Remesa_03/02_Ortoimagenes/01_RGBI_16bits/N21D3_RGBI_16_Remesa_03.tif","N21D3_RGBI_16_Remesa_03.tif"
"https://visualizador.ide.uy/descargas/datos/CN_Remesa_03/02_Ortoimagenes/01_RGBI_16bits/N21D4_RGBI_16_Remesa_03.tif","N21D4_RGBI_16_Remesa_03.tif"
"https://visualizador.ide.uy/descargas/datos/CN_Remesa_03/02_Ortoimagenes/01_RGBI_16bits/N21D5_RGBI_16_Remesa_03.tif","N21D5_RGBI_16_Remesa_03.tif"
"https://visualizador.ide.uy/descargas/datos/CN_Remesa_03/02_Ortoimagenes/01_RGBI_16bits/N21D6_RGBI_16_Remesa_03.tif","N21D6_RGBI_16_Remesa_03.tif"
"https://visualizador.ide.uy/descargas/datos/CN_Remesa_03/02_Ortoimagenes/01_RGBI_16bits/N22A1_RGBI_16_Remesa_03.tif","N22A1_RGBI_16_Remesa_03.tif"
"https://visualizador.ide.uy/descargas/datos/CN_Remesa_03/02_Ortoimagenes/01_RGBI_16bits/N22A2_RGBI_16_Remesa_03.tif","N22A2_RGBI_16_Remesa_03.tif"
"https://visualizador.ide.uy/descargas/datos/CN_Remesa_03/02_Ortoimagenes/01_RGBI_16bits/N22A3_RGBI_16_Remesa_03.tif","N22A3_RGBI_16_Remesa_03.tif"
"https://visualizador.ide.uy/descargas/datos/CN_Remesa_03/02_Ortoimagenes/01_RGBI_16bits/N22A4_RGBI_16_Remesa_03.tif","N22A4_RGBI_16_Remesa_03.tif"
"https://visualizador.ide.uy/descargas/datos/CN_Remesa_03/02_Ortoimagenes/01_RGBI_16bits/N22A5_RGBI_16_Remesa_03.tif","N22A5_RGBI_16_Remesa_03.tif"
"https://visualizador.ide.uy/descargas/datos/CN_Remesa_03/02_Ortoimagenes/01_RGBI_16bits/N22A6_RGBI_16_Remesa_03.tif","N22A6_RGBI_16_Remesa_03.tif"
"https://visualizador.ide.uy/descargas/datos/CN_Remesa_03/02_Ortoimagenes/01_RGBI_16bits/N22B1_RGBI_16_Remesa_03.tif","N22B1_RGBI_16_Remesa_03.tif"
"https://visualizador.ide.uy/descargas/datos/CN_Remesa_03/02_Ortoimagenes/01_RGBI_16bits/N22B2_RGBI_16_Remesa_03.tif","N22B2_RGBI_16_Remesa_03.tif"
"https://visualizador.ide.uy/descargas/datos/CN_Remesa_03/02_Ortoimagenes/01_RGBI_16bits/N22B3_RGBI_16_Remesa_03.tif","N22B3_RGBI_16_Remesa_03.tif"
"https://visualizador.ide.uy/descargas/datos/CN_Remesa_03/02_Ortoimagenes/01_RGBI_16bits/N22B4_RGBI_16_Remesa_03.tif","N22B4_RGBI_16_Remesa_03.tif"
"https://visualizador.ide.uy/descargas/datos/CN_Remesa_03/02_Ortoimagenes/01_RGBI_16bits/N22B5_RGBI_16_Remesa_03.tif","N22B5_RGBI_16_Remesa_03.tif"
"https://visualizador.ide.uy/descargas/datos/CN_Remesa_03/02_Ortoimagenes/01_RGBI_16bits/N22B6_RGBI_16_Remesa_03.tif","N22B6_RGBI_16_Remesa_03.tif"
"https://visualizador.ide.uy/descargas/datos/CN_Remesa_03/02_Ortoimagenes/01_RGBI_16bits/N22C1_RGBI_16_Remesa_03.tif","N22C1_RGBI_16_Remesa_03.tif"
"https://visualizador.ide.uy/descargas/datos/CN_Remesa_03/02_Ortoimagenes/01_RGBI_16bits/N22C2_RGBI_16_Remesa_03.tif","N22C2_RGBI_16_Remesa_03.tif"
"https://visualizador.ide.uy/descargas/datos/CN_Remesa_03/02_Ortoimagenes/01_RGBI_16bits/N22C3_RGBI_16_Remesa_03.tif","N22C3_RGBI_16_Remesa_03.tif"
"https://visualizador.ide.uy/descargas/datos/CN_Remesa_03/02_Ortoimagenes/01_RGBI_16bits/N22C4_RGBI_16_Remesa_03.tif","N22C4_RGBI_16_Remesa_03.tif"
"https://visualizador.ide.uy/descargas/datos/CN_Remesa_03/02_Ortoimagenes/01_RGBI_16bits/N22C5_RGBI_16_Remesa_03.tif","N22C5_RGBI_16_Remesa_03.tif"
"https://visualizador.ide.uy/descargas/datos/CN_Remesa_03/02_Ortoimagenes/01_RGBI_16bits/N22C6_RGBI_16_Remesa_03.tif","N22C6_RGBI_16_Remesa_03.tif"
"https://visualizador.ide.uy/descargas/datos/CN_Remesa_03/02_Ortoimagenes/01_RGBI_16bits/N22D1_RGBI_16_Remesa_03.tif","N22D1_RGBI_16_Remesa_03.tif"
"https://visualizador.ide.uy/descargas/datos/CN_Remesa_03/02_Ortoimagenes/01_RGBI_16bits/N22D2_RGBI_16_Remesa_03.tif","N22D2_RGBI_16_Remesa_03.tif"
"https://visualizador.ide.uy/descargas/datos/CN_Remesa_03/02_Ortoimagenes/01_RGBI_16bits/N22D3_RGBI_16_Remesa_03.tif","N22D3_RGBI_16_Remesa_03.tif"
"https://visualizador.ide.uy/descargas/datos/CN_Remesa_03/02_Ortoimagenes/01_RGBI_16bits/N22D4_RGBI_16_Remesa_03.tif","N22D4_RGBI_16_Remesa_03.tif"
"https://visualizador.ide.uy/descargas/datos/CN_Remesa_03/02_Ortoimagenes/01_RGBI_16bits/N22D5_RGBI_16_Remesa_03.tif","N22D5_RGBI_16_Remesa_03.tif"
"https://visualizador.ide.uy/descargas/datos/CN_Remesa_03/02_Ortoimagenes/01_RGBI_16bits/N22D6_RGBI_16_Remesa_03.tif","N22D6_RGBI_16_Remesa_03.tif"
"https://visualizador.ide.uy/descargas/datos/CN_Remesa_03/02_Ortoimagenes/01_RGBI_16bits/N23A1_RGBI_16_Remesa_03.tif","N23A1_RGBI_16_Remesa_03.tif"
"https://visualizador.ide.uy/descargas/datos/CN_Remesa_03/02_Ortoimagenes/01_RGBI_16bits/N23A2_RGBI_16_Remesa_03.tif","N23A2_RGBI_16_Remesa_03.tif"
"https://visualizador.ide.uy/descargas/datos/CN_Remesa_03/02_Ortoimagenes/01_RGBI_16bits/N23A3_RGBI_16_Remesa_03.tif","N23A3_RGBI_16_Remesa_03.tif"
"https://visualizador.ide.uy/descargas/datos/CN_Remesa_03/02_Ortoimagenes/01_RGBI_16bits/N23A4_RGBI_16_Remesa_03.tif","N23A4_RGBI_16_Remesa_03.tif"
"https://visualizador.ide.uy/descargas/datos/CN_Remesa_03/02_Ortoimagenes/01_RGBI_16bits/N23A5_RGBI_16_Remesa_03.tif","N23A5_RGBI_16_Remesa_03.tif"
"https://visualizador.ide.uy/descargas/datos/CN_Remesa_03/02_Ortoimagenes/01_RGBI_16bits/N23A6_RGBI_16_Remesa_03.tif","N23A6_RGBI_16_Remesa_03.tif"
"https://visualizador.ide.uy/descargas/datos/CN_Remesa_03/02_Ortoimagenes/01_RGBI_16bits/N23B1_RGBI_16_Remesa_03.tif","N23B1_RGBI_16_Remesa_03.tif"
"https://visualizador.ide.uy/descargas/datos/CN_Remesa_03/02_Ortoimagenes/01_RGBI_16bits/N23B2_RGBI_16_Remesa_03.tif","N23B2_RGBI_16_Remesa_03.tif"
"https://visualizador.ide.uy/descargas/datos/CN_Remesa_03/02_Ortoimagenes/01_RGBI_16bits/N23B3_RGBI_16_Remesa_03.tif","N23B3_RGBI_16_Remesa_03.tif"
"https://visualizador.ide.uy/descargas/datos/CN_Remesa_03/02_Ortoimagenes/01_RGBI_16bits/N23B4_RGBI_16_Remesa_03.tif","N23B4_RGBI_16_Remesa_03.tif"
"https://visualizador.ide.uy/descargas/datos/CN_Remesa_03/02_Ortoimagenes/01_RGBI_16bits/N23B5_RGBI_16_Remesa_03.tif","N23B5_RGBI_16_Remesa_03.tif"
"https://visualizador.ide.uy/descargas/datos/CN_Remesa_03/02_Ortoimagenes/01_RGBI_16bits/N23B6_RGBI_16_Remesa_03.tif","N23B6_RGBI_16_Remesa_03.tif"
"https://visualizador.ide.uy/descargas/datos/CN_Remesa_03/02_Ortoimagenes/01_RGBI_16bits/N23C1_RGBI_16_Remesa_03.tif","N23C1_RGBI_16_Remesa_03.tif"
"https://visualizador.ide.uy/descargas/datos/CN_Remesa_03/02_Ortoimagenes/01_RGBI_16bits/N23C2_RGBI_16_Remesa_03.tif","N23C2_RGBI_16_Remesa_03.tif"
"https://visualizador.ide.uy/descargas/datos/CN_Remesa_03/02_Ortoimagenes/01_RGBI_16bits/N23C3_RGBI_16_Remesa_03.tif","N23C3_RGBI_16_Remesa_03.tif"
"https://visualizador.ide.uy/descargas/datos/CN_Remesa_03/02_Ortoimagenes/01_RGBI_16bits/N23C4_RGBI_16_Remesa_03.tif","N23C4_RGBI_16_Remesa_03.tif"
"https://visualizador.ide.uy/descargas/datos/CN_Remesa_03/02_Ortoimagenes/01_RGBI_16bits/N23C5_RGBI_16_Remesa_03.tif","N23C5_RGBI_16_Remesa_03.tif"
"https://visualizador.ide.uy/descargas/datos/CN_Remesa_03/02_Ortoimagenes/01_RGBI_16bits/N23C6_RGBI_16_Remesa_03.tif","N23C6_RGBI_16_Remesa_03.tif"
"https://visualizador.ide.uy/descargas/datos/CN_Remesa_03/02_Ortoimagenes/01_RGBI_16bits/N23D1_RGBI_16_Remesa_03.tif","N23D1_RGBI_16_Remesa_03.tif"
"https://visualizador.ide.uy/descargas/datos/CN_Remesa_03/02_Ortoimagenes/01_RGBI_16bits/N23D2_RGBI_16_Remesa_03.tif","N23D2_RGBI_16_Remesa_03.tif"
"https://visualizador.ide.uy/descargas/datos/CN_Remesa_03/02_Ortoimagenes/01_RGBI_16bits/N23D3_RGBI_16_Remesa_03.tif","N23D3_RGBI_16_Remesa_03.tif"
"https://visualizador.ide.uy/descargas/datos/CN_Remesa_03/02_Ortoimagenes/01_RGBI_16bits/N23D4_RGBI_16_Remesa_03.tif","N23D4_RGBI_16_Remesa_03.tif"
"https://visualizador.ide.uy/descargas/datos/CN_Remesa_03/02_Ortoimagenes/01_RGBI_16bits/N23D5_RGBI_16_Remesa_03.tif","N23D5_RGBI_16_Remesa_03.tif"
"https://visualizador.ide.uy/descargas/datos/CN_Remesa_03/02_Ortoimagenes/01_RGBI_16bits/N23D6_RGBI_16_Remesa_03.tif","N23D6_RGBI_16_Remesa_03.tif"
"https://visualizador.ide.uy/descargas/datos/CN_Remesa_03/02_Ortoimagenes/01_RGBI_16bits/N24A1_RGBI_16_Remesa_03.tif","N24A1_RGBI_16_Remesa_03.tif"
"https://visualizador.ide.uy/descargas/datos/CN_Remesa_03/02_Ortoimagenes/01_RGBI_16bits/N24A2_RGBI_16_Remesa_03.tif","N24A2_RGBI_16_Remesa_03.tif"
"https://visualizador.ide.uy/descargas/datos/CN_Remesa_03/02_Ortoimagenes/01_RGBI_16bits/N24A3_RGBI_16_Remesa_03.tif","N24A3_RGBI_16_Remesa_03.tif"
"https://visualizador.ide.uy/descargas/datos/CN_Remesa_03/02_Ortoimagenes/01_RGBI_16bits/N24A4_RGBI_16_Remesa_03.tif","N24A4_RGBI_16_Remesa_03.tif"
"https://visualizador.ide.uy/descargas/datos/CN_Remesa_03/02_Ortoimagenes/01_RGBI_16bits/N24A5_RGBI_16_Remesa_03.tif","N24A5_RGBI_16_Remesa_03.tif"
"https://visualizador.ide.uy/descargas/datos/CN_Remesa_03/02_Ortoimagenes/01_RGBI_16bits/N24A6_RGBI_16_Remesa_03.tif","N24A6_RGBI_16_Remesa_03.tif"
"https://visualizador.ide.uy/descargas/datos/CN_Remesa_03/02_Ortoimagenes/01_RGBI_16bits/N24B1_RGBI_16_Remesa_03.tif","N24B1_RGBI_16_Remesa_03.tif"
"https://visualizador.ide.uy/descargas/datos/CN_Remesa_03/02_Ortoimagenes/01_RGBI_16bits/N24B2_RGBI_16_Remesa_03.tif","N24B2_RGBI_16_Remesa_03.tif"
"https://visualizador.ide.uy/descargas/datos/CN_Remesa_03/02_Ortoimagenes/01_RGBI_16bits/N24B3_RGBI_16_Remesa_03.tif","N24B3_RGBI_16_Remesa_03.tif"
"https://visualizador.ide.uy/descargas/datos/CN_Remesa_03/02_Ortoimagenes/01_RGBI_16bits/N24B4_RGBI_16_Remesa_03.tif","N24B4_RGBI_16_Remesa_03.tif"
"https://visualizador.ide.uy/descargas/datos/CN_Remesa_03/02_Ortoimagenes/01_RGBI_16bits/N24B5_RGBI_16_Remesa_03.tif","N24B5_RGBI_16_Remesa_03.tif"
"https://visualizador.ide.uy/descargas/datos/CN_Remesa_03/02_Ortoimagenes/01_RGBI_16bits/N24B6_RGBI_16_Remesa_03.tif","N24B6_RGBI_16_Remesa_03.tif"
"https://visualizador.ide.uy/descargas/datos/CN_Remesa_03/02_Ortoimagenes/01_RGBI_16bits/N24C1_RGBI_16_Remesa_03.tif","N24C1_RGBI_16_Remesa_03.tif"
"https://visualizador.ide.uy/descargas/datos/CN_Remesa_03/02_Ortoimagenes/01_RGBI_16bits/N24C2_RGBI_16_Remesa_03.tif","N24C2_RGBI_16_Remesa_03.tif"
"https://visualizador.ide.uy/descargas/datos/CN_Remesa_03/02_Ortoimagenes/01_RGBI_16bits/N24C3_RGBI_16_Remesa_03.tif","N24C3_RGBI_16_Remesa_03.tif"
"https://visualizador.ide.uy/descargas/datos/CN_Remesa_03/02_Ortoimagenes/01_RGBI_16bits/N24C4_RGBI_16_Remesa_03.tif","N24C4_RGBI_16_Remesa_03.tif"
"https://visualizador.ide.uy/descargas/datos/CN_Remesa_03/02_Ortoimagenes/01_RGBI_16bits/N24C5_RGBI_16_Remesa_03.tif","N24C5_RGBI_16_Remesa_03.tif"
"https://visualizador.ide.uy/descargas/datos/CN_Remesa_03/02_Ortoimagenes/01_RGBI_16bits/N24C6_RGBI_16_Remesa_03.tif","N24C6_RGBI_16_Remesa_03.tif"
"https://visualizador.ide.uy/descargas/datos/CN_Remesa_03/02_Ortoimagenes/01_RGBI_16bits/N24D1_RGBI_16_Remesa_03.tif","N24D1_RGBI_16_Remesa_03.tif"
"https://visualizador.ide.uy/descargas/datos/CN_Remesa_03/02_Ortoimagenes/01_RGBI_16bits/N24D2_RGBI_16_Remesa_03.tif","N24D2_RGBI_16_Remesa_03.tif"
"https://visualizador.ide.uy/descargas/datos/CN_Remesa_03/02_Ortoimagenes/01_RGBI_16bits/N24D3_RGBI_16_Remesa_03.tif","N24D3_RGBI_16_Remesa_03.tif"
"https://visualizador.ide.uy/descargas/datos/CN_Remesa_03/02_Ortoimagenes/01_RGBI_16bits/N24D4_RGBI_16_Remesa_03.tif","N24D4_RGBI_16_Remesa_03.tif"
"https://visualizador.ide.uy/descargas/datos/CN_Remesa_03/02_Ortoimagenes/01_RGBI_16bits/N24D5_RGBI_16_Remesa_03.tif","N24D5_RGBI_16_Remesa_03.tif"
"https://visualizador.ide.uy/descargas/datos/CN_Remesa_03/02_Ortoimagenes/01_RGBI_16bits/N24D6_RGBI_16_Remesa_03.tif","N24D6_RGBI_16_Remesa_03.tif"
"https://visualizador.ide.uy/descargas/datos/CN_Remesa_03/02_Ortoimagenes/01_RGBI_16bits/N25A1_RGBI_16_Remesa_03.tif","N25A1_RGBI_16_Remesa_03.tif"
"https://visualizador.ide.uy/descargas/datos/CN_Remesa_03/02_Ortoimagenes/01_RGBI_16bits/N25A2_RGBI_16_Remesa_03.tif","N25A2_RGBI_16_Remesa_03.tif"
"https://visualizador.ide.uy/descargas/datos/CN_Remesa_03/02_Ortoimagenes/01_RGBI_16bits/N25A3_RGBI_16_Remesa_03.tif","N25A3_RGBI_16_Remesa_03.tif"
"https://visualizador.ide.uy/descargas/datos/CN_Remesa_03/02_Ortoimagenes/01_RGBI_16bits/N25A4_RGBI_16_Remesa_03.tif","N25A4_RGBI_16_Remesa_03.tif"
"https://visualizador.ide.uy/descargas/datos/CN_Remesa_03/02_Ortoimagenes/01_RGBI_16bits/N25A5_RGBI_16_Remesa_03.tif","N25A5_RGBI_16_Remesa_03.tif"
"https://visualizador.ide.uy/descargas/datos/CN_Remesa_03/02_Ortoimagenes/01_RGBI_16bits/N25A6_RGBI_16_Remesa_03.tif","N25A6_RGBI_16_Remesa_03.tif"
"https://visualizador.ide.uy/descargas/datos/CN_Remesa_03/02_Ortoimagenes/01_RGBI_16bits/N25B1_RGBI_16_Remesa_03.tif","N25B1_RGBI_16_Remesa_03.tif"
"https://visualizador.ide.uy/descargas/datos/CN_Remesa_03/02_Ortoimagenes/01_RGBI_16bits/N25B2_RGBI_16_Remesa_03.tif","N25B2_RGBI_16_Remesa_03.tif"
"https://visualizador.ide.uy/descargas/datos/CN_Remesa_03/02_Ortoimagenes/01_RGBI_16bits/N25B3_RGBI_16_Remesa_03.tif","N25B3_RGBI_16_Remesa_03.tif"
"https://visualizador.ide.uy/descargas/datos/CN_Remesa_03/02_Ortoimagenes/01_RGBI_16bits/N25B4_RGBI_16_Remesa_03.tif","N25B4_RGBI_16_Remesa_03.tif"
"https://visualizador.ide.uy/descargas/datos/CN_Remesa_03/02_Ortoimagenes/01_RGBI_16bits/N25B5_RGBI_16_Remesa_03.tif","N25B5_RGBI_16_Remesa_03.tif"
"https://visualizador.ide.uy/descargas/datos/CN_Remesa_03/02_Ortoimagenes/01_RGBI_16bits/N25B6_RGBI_16_Remesa_03.tif","N25B6_RGBI_16_Remesa_03.tif"
"https://visualizador.ide.uy/descargas/datos/CN_Remesa_03/02_Ortoimagenes/01_RGBI_16bits/N25C1_RGBI_16_Remesa_03.tif","N25C1_RGBI_16_Remesa_03.tif"
"https://visualizador.ide.uy/descargas/datos/CN_Remesa_03/02_Ortoimagenes/01_RGBI_16bits/N25C2_RGBI_16_Remesa_03.tif","N25C2_RGBI_16_Remesa_03.tif"
"https://visualizador.ide.uy/descargas/datos/CN_Remesa_03/02_Ortoimagenes/01_RGBI_16bits/N25C3_RGBI_16_Remesa_03.tif","N25C3_RGBI_16_Remesa_03.tif"
"https://visualizador.ide.uy/descargas/datos/CN_Remesa_03/02_Ortoimagenes/01_RGBI_16bits/N25C4_RGBI_16_Remesa_03.tif","N25C4_RGBI_16_Remesa_03.tif"
"https://visualizador.ide.uy/descargas/datos/CN_Remesa_03/02_Ortoimagenes/01_RGBI_16bits/N25C5_RGBI_16_Remesa_03.tif","N25C5_RGBI_16_Remesa_03.tif"
"https://visualizador.ide.uy/descargas/datos/CN_Remesa_03/02_Ortoimagenes/01_RGBI_16bits/N25C6_RGBI_16_Remesa_03.tif","N25C6_RGBI_16_Remesa_03.tif"
"https://visualizador.ide.uy/descargas/datos/CN_Remesa_03/02_Ortoimagenes/01_RGBI_16bits/N25D1_RGBI_16_Remesa_03.tif","N25D1_RGBI_16_Remesa_03.tif"
"https://visualizador.ide.uy/descargas/datos/CN_Remesa_03/02_Ortoimagenes/01_RGBI_16bits/N25D2_RGBI_16_Remesa_03.tif","N25D2_RGBI_16_Remesa_03.tif"
"https://visualizador.ide.uy/descargas/datos/CN_Remesa_03/02_Ortoimagenes/01_RGBI_16bits/N25D3_RGBI_16_Remesa_03.tif","N25D3_RGBI_16_Remesa_03.tif"
"https://visualizador.ide.uy/descargas/datos/CN_Remesa_03/02_Ortoimagenes/01_RGBI_16bits/N25D4_RGBI_16_Remesa_03.tif","N25D4_RGBI_16_Remesa_03.tif"
"https://visualizador.ide.uy/descargas/datos/CN_Remesa_03/02_Ortoimagenes/01_RGBI_16bits/N25D5_RGBI_16_Remesa_03.tif","N25D5_RGBI_16_Remesa_03.tif"
"https://visualizador.ide.uy/descargas/datos/CN_Remesa_03/02_Ortoimagenes/01_RGBI_16bits/N25D6_RGBI_16_Remesa_03.tif","N25D6_RGBI_16_Remesa_03.tif"
"https://visualizador.ide.uy/descargas/datos/CN_Remesa_03/02_Ortoimagenes/01_RGBI_16bits/N26A1_RGBI_16_Remesa_03.tif","N26A1_RGBI_16_Remesa_03.tif"
"https://visualizador.ide.uy/descargas/datos/CN_Remesa_03/02_Ortoimagenes/01_RGBI_16bits/N26A2_RGBI_16_Remesa_03.tif","N26A2_RGBI_16_Remesa_03.tif"
"https://visualizador.ide.uy/descargas/datos/CN_Remesa_03/02_Ortoimagenes/01_RGBI_16bits/N26A3_RGBI_16_Remesa_03.tif","N26A3_RGBI_16_Remesa_03.tif"
"https://visualizador.ide.uy/descargas/datos/CN_Remesa_03/02_Ortoimagenes/01_RGBI_16bits/N26A4_RGBI_16_Remesa_03.tif","N26A4_RGBI_16_Remesa_03.tif"
"https://visualizador.ide.uy/descargas/datos/CN_Remesa_03/02_Ortoimagenes/01_RGBI_16bits/N26A5_RGBI_16_Remesa_03.tif","N26A5_RGBI_16_Remesa_03.tif"
"https://visualizador.ide.uy/descargas/datos/CN_Remesa_03/02_Ortoimagenes/01_RGBI_16bits/N26A6_RGBI_16_Remesa_03.tif","N26A6_RGBI_16_Remesa_03.tif"
"https://visualizador.ide.uy/descargas/datos/CN_Remesa_03/02_Ortoimagenes/01_RGBI_16bits/N26B1_RGBI_16_Remesa_03.tif","N26B1_RGBI_16_Remesa_03.tif"
"https://visualizador.ide.uy/descargas/datos/CN_Remesa_03/02_Ortoimagenes/01_RGBI_16bits/N26B2_RGBI_16_Remesa_03.tif","N26B2_RGBI_16_Remesa_03.tif"
"https://visualizador.ide.uy/descargas/datos/CN_Remesa_03/02_Ortoimagenes/01_RGBI_16bits/N26B3_RGBI_16_Remesa_03.tif","N26B3_RGBI_16_Remesa_03.tif"
"https://visualizador.ide.uy/descargas/datos/CN_Remesa_03/02_Ortoimagenes/01_RGBI_16bits/N26B4_RGBI_16_Remesa_03.tif","N26B4_RGBI_16_Remesa_03.tif"
"https://visualizador.ide.uy/descargas/datos/CN_Remesa_03/02_Ortoimagenes/01_RGBI_16bits/N26B5_RGBI_16_Remesa_03.tif","N26B5_RGBI_16_Remesa_03.tif"
"https://visualizador.ide.uy/descargas/datos/CN_Remesa_03/02_Ortoimagenes/01_RGBI_16bits/N26B6_RGBI_16_Remesa_03.tif","N26B6_RGBI_16_Remesa_03.tif"
"https://visualizador.ide.uy/descargas/datos/CN_Remesa_03/02_Ortoimagenes/01_RGBI_16bits/N26C1_RGBI_16_Remesa_03.tif","N26C1_RGBI_16_Remesa_03.tif"
"https://visualizador.ide.uy/descargas/datos/CN_Remesa_03/02_Ortoimagenes/01_RGBI_16bits/N26C2_RGBI_16_Remesa_03.tif","N26C2_RGBI_16_Remesa_03.tif"
"https://visualizador.ide.uy/descargas/datos/CN_Remesa_03/02_Ortoimagenes/01_RGBI_16bits/N26C3_RGBI_16_Remesa_03.tif","N26C3_RGBI_16_Remesa_03.tif"
"https://visualizador.ide.uy/descargas/datos/CN_Remesa_03/02_Ortoimagenes/01_RGBI_16bits/N26C4_RGBI_16_Remesa_03.tif","N26C4_RGBI_16_Remesa_03.tif"
"https://visualizador.ide.uy/descargas/datos/CN_Remesa_03/02_Ortoimagenes/01_RGBI_16bits/N26C5_RGBI_16_Remesa_03.tif","N26C5_RGBI_16_Remesa_03.tif"
"https://visualizador.ide.uy/descargas/datos/CN_Remesa_03/02_Ortoimagenes/01_RGBI_16bits/N26C6_RGBI_16_Remesa_03.tif","N26C6_RGBI_16_Remesa_03.tif"
"https://visualizador.ide.uy/descargas/datos/CN_Remesa_03/02_Ortoimagenes/01_RGBI_16bits/N26D1_RGBI_16_Remesa_03.tif","N26D1_RGBI_16_Remesa_03.tif"
"https://visualizador.ide.uy/descargas/datos/CN_Remesa_03/02_Ortoimagenes/01_RGBI_16bits/N26D2_RGBI_16_Remesa_03.tif","N26D2_RGBI_16_Remesa_03.tif"
"https://visualizador.ide.uy/descargas/datos/CN_Remesa_03/02_Ortoimagenes/01_RGBI_16bits/N26D3_RGBI_16_Remesa_03.tif","N26D3_RGBI_16_Remesa_03.tif"
"https://visualizador.ide.uy/descargas/datos/CN_Remesa_03/02_Ortoimagenes/01_RGBI_16bits/N26D4_RGBI_16_Remesa_03.tif","N26D4_RGBI_16_Remesa_03.tif"
"https://visualizador.ide.uy/descargas/datos/CN_Remesa_03/02_Ortoimagenes/01_RGBI_16bits/N26D5_RGBI_16_Remesa_03.tif","N26D5_RGBI_16_Remesa_03.tif"
"https://visualizador.ide.uy/descargas/datos/CN_Remesa_03/02_Ortoimagenes/01_RGBI_16bits/N26D6_RGBI_16_Remesa_03.tif","N26D6_RGBI_16_Remesa_03.tif"
"https://visualizador.ide.uy/descargas/datos/CN_Remesa_03/02_Ortoimagenes/01_RGBI_16bits/N27A1_RGBI_16_Remesa_03.tif","N27A1_RGBI_16_Remesa_03.tif"
"https://visualizador.ide.uy/descargas/datos/CN_Remesa_03/02_Ortoimagenes/01_RGBI_16bits/N27A2_RGBI_16_Remesa_03.tif","N27A2_RGBI_16_Remesa_03.tif"
"https://visualizador.ide.uy/descargas/datos/CN_Remesa_03/02_Ortoimagenes/01_RGBI_16bits/N27A3_RGBI_16_Remesa_03.tif","N27A3_RGBI_16_Remesa_03.tif"
"https://visualizador.ide.uy/descargas/datos/CN_Remesa_03/02_Ortoimagenes/01_RGBI_16bits/N27A4_RGBI_16_Remesa_03.tif","N27A4_RGBI_16_Remesa_03.tif"
"https://visualizador.ide.uy/descargas/datos/CN_Remesa_03/02_Ortoimagenes/01_RGBI_16bits/N27A5_RGBI_16_Remesa_03.tif","N27A5_RGBI_16_Remesa_03.tif"
"https://visualizador.ide.uy/descargas/datos/CN_Remesa_03/02_Ortoimagenes/01_RGBI_16bits/N27A6_RGBI_16_Remesa_03.tif","N27A6_RGBI_16_Remesa_03.tif"
"https://visualizador.ide.uy/descargas/datos/CN_Remesa_03/02_Ortoimagenes/01_RGBI_16bits/N27B1_RGBI_16_Remesa_03.tif","N27B1_RGBI_16_Remesa_03.tif"
"https://visualizador.ide.uy/descargas/datos/CN_Remesa_03/02_Ortoimagenes/01_RGBI_16bits/N27B2_RGBI_16_Remesa_03.tif","N27B2_RGBI_16_Remesa_03.tif"
"https://visualizador.ide.uy/descargas/datos/CN_Remesa_03/02_Ortoimagenes/01_RGBI_16bits/N27B3_RGBI_16_Remesa_03.tif","N27B3_RGBI_16_Remesa_03.tif"
"https://visualizador.ide.uy/descargas/datos/CN_Remesa_03/02_Ortoimagenes/01_RGBI_16bits/N27B4_RGBI_16_Remesa_03.tif","N27B4_RGBI_16_Remesa_03.tif"
"https://visualizador.ide.uy/descargas/datos/CN_Remesa_03/02_Ortoimagenes/01_RGBI_16bits/N27B5_RGBI_16_Remesa_03.tif","N27B5_RGBI_16_Remesa_03.tif"
"https://visualizador.ide.uy/descargas/datos/CN_Remesa_03/02_Ortoimagenes/01_RGBI_16bits/N27B6_RGBI_16_Remesa_03.tif","N27B6_RGBI_16_Remesa_03.tif"
"https://visualizador.ide.uy/descargas/datos/CN_Remesa_03/02_Ortoimagenes/01_RGBI_16bits/N27C1_RGBI_16_Remesa_03.tif","N27C1_RGBI_16_Remesa_03.tif"
"https://visualizador.ide.uy/descargas/datos/CN_Remesa_03/02_Ortoimagenes/01_RGBI_16bits/N27C2_RGBI_16_Remesa_03.tif","N27C2_RGBI_16_Remesa_03.tif"
"https://visualizador.ide.uy/descargas/datos/CN_Remesa_03/02_Ortoimagenes/01_RGBI_16bits/O20A1_RGBI_16_Remesa_03.tif","O20A1_RGBI_16_Remesa_03.tif"
"https://visualizador.ide.uy/descargas/datos/CN_Remesa_03/02_Ortoimagenes/01_RGBI_16bits/O20A2_RGBI_16_Remesa_03.tif","O20A2_RGBI_16_Remesa_03.tif"
"https://visualizador.ide.uy/descargas/datos/CN_Remesa_03/02_Ortoimagenes/01_RGBI_16bits/O20A3_RGBI_16_Remesa_03.tif","O20A3_RGBI_16_Remesa_03.tif"
"https://visualizador.ide.uy/descargas/datos/CN_Remesa_03/02_Ortoimagenes/01_RGBI_16bits/O20A4_RGBI_16_Remesa_03.tif","O20A4_RGBI_16_Remesa_03.tif"
"https://visualizador.ide.uy/descargas/datos/CN_Remesa_03/02_Ortoimagenes/01_RGBI_16bits/O20A5_RGBI_16_Remesa_03.tif","O20A5_RGBI_16_Remesa_03.tif"
"https://visualizador.ide.uy/descargas/datos/CN_Remesa_03/02_Ortoimagenes/01_RGBI_16bits/O20A6_RGBI_16_Remesa_03.tif","O20A6_RGBI_16_Remesa_03.tif"
"https://visualizador.ide.uy/descargas/datos/CN_Remesa_03/02_Ortoimagenes/01_RGBI_16bits/O20B1_RGBI_16_Remesa_03.tif","O20B1_RGBI_16_Remesa_03.tif"
"https://visualizador.ide.uy/descargas/datos/CN_Remesa_03/02_Ortoimagenes/01_RGBI_16bits/O20B2_RGBI_16_Remesa_03.tif","O20B2_RGBI_16_Remesa_03.tif"
"https://visualizador.ide.uy/descargas/datos/CN_Remesa_03/02_Ortoimagenes/01_RGBI_16bits/O20B3_RGBI_16_Remesa_03.tif","O20B3_RGBI_16_Remesa_03.tif"
"https://visualizador.ide.uy/descargas/datos/CN_Remesa_03/02_Ortoimagenes/01_RGBI_16bits/O20B4_RGBI_16_Remesa_03.tif","O20B4_RGBI_16_Remesa_03.tif"
"https://visualizador.ide.uy/descargas/datos/CN_Remesa_03/02_Ortoimagenes/01_RGBI_16bits/O20B5_RGBI_16_Remesa_03.tif","O20B5_RGBI_16_Remesa_03.tif"
"https://visualizador.ide.uy/descargas/datos/CN_Remesa_03/02_Ortoimagenes/01_RGBI_16bits/O20B6_RGBI_16_Remesa_03.tif","O20B6_RGBI_16_Remesa_03.tif"
"https://visualizador.ide.uy/descargas/datos/CN_Remesa_03/02_Ortoimagenes/01_RGBI_16bits/O20C1_RGBI_16_Remesa_03.tif","O20C1_RGBI_16_Remesa_03.tif"
"https://visualizador.ide.uy/descargas/datos/CN_Remesa_03/02_Ortoimagenes/01_RGBI_16bits/O20C2_RGBI_16_Remesa_03.tif","O20C2_RGBI_16_Remesa_03.tif"
"https://visualizador.ide.uy/descargas/datos/CN_Remesa_03/02_Ortoimagenes/01_RGBI_16bits/O20C3_RGBI_16_Remesa_03.tif","O20C3_RGBI_16_Remesa_03.tif"
"https://visualizador.ide.uy/descargas/datos/CN_Remesa_03/02_Ortoimagenes/01_RGBI_16bits/O20C4_RGBI_16_Remesa_03.tif","O20C4_RGBI_16_Remesa_03.tif"
"https://visualizador.ide.uy/descargas/datos/CN_Remesa_03/02_Ortoimagenes/01_RGBI_16bits/O20C5_RGBI_16_Remesa_03.tif","O20C5_RGBI_16_Remesa_03.tif"
"https://visualizador.ide.uy/descargas/datos/CN_Remesa_03/02_Ortoimagenes/01_RGBI_16bits/O20C6_RGBI_16_Remesa_03.tif","O20C6_RGBI_16_Remesa_03.tif"
"https://visualizador.ide.uy/descargas/datos/CN_Remesa_03/02_Ortoimagenes/01_RGBI_16bits/O20D1_RGBI_16_Remesa_03.tif","O20D1_RGBI_16_Remesa_03.tif"
"https://visualizador.ide.uy/descargas/datos/CN_Remesa_03/02_Ortoimagenes/01_RGBI_16bits/O20D2_RGBI_16_Remesa_03.tif","O20D2_RGBI_16_Remesa_03.tif"
"https://visualizador.ide.uy/descargas/datos/CN_Remesa_03/02_Ortoimagenes/01_RGBI_16bits/O20D3_RGBI_16_Remesa_03.tif","O20D3_RGBI_16_Remesa_03.tif"
"https://visualizador.ide.uy/descargas/datos/CN_Remesa_03/02_Ortoimagenes/01_RGBI_16bits/O20D4_RGBI_16_Remesa_03.tif","O20D4_RGBI_16_Remesa_03.tif"
"https://visualizador.ide.uy/descargas/datos/CN_Remesa_03/02_Ortoimagenes/01_RGBI_16bits/O20D5_RGBI_16_Remesa_03.tif","O20D5_RGBI_16_Remesa_03.tif"
"https://visualizador.ide.uy/descargas/datos/CN_Remesa_03/02_Ortoimagenes/01_RGBI_16bits/O20D6_RGBI_16_Remesa_03.tif","O20D6_RGBI_16_Remesa_03.tif"
"https://visualizador.ide.uy/descargas/datos/CN_Remesa_03/02_Ortoimagenes/01_RGBI_16bits/O21A1_RGBI_16_Remesa_03.tif","O21A1_RGBI_16_Remesa_03.tif"
"https://visualizador.ide.uy/descargas/datos/CN_Remesa_03/02_Ortoimagenes/01_RGBI_16bits/O21A2_RGBI_16_Remesa_03.tif","O21A2_RGBI_16_Remesa_03.tif"
"https://visualizador.ide.uy/descargas/datos/CN_Remesa_03/02_Ortoimagenes/01_RGBI_16bits/O21A3_RGBI_16_Remesa_03.tif","O21A3_RGBI_16_Remesa_03.tif"
"https://visualizador.ide.uy/descargas/datos/CN_Remesa_03/02_Ortoimagenes/01_RGBI_16bits/O21A4_RGBI_16_Remesa_03.tif","O21A4_RGBI_16_Remesa_03.tif"
"https://visualizador.ide.uy/descargas/datos/CN_Remesa_03/02_Ortoimagenes/01_RGBI_16bits/O21A5_RGBI_16_Remesa_03.tif","O21A5_RGBI_16_Remesa_03.tif"
"https://visualizador.ide.uy/descargas/datos/CN_Remesa_03/02_Ortoimagenes/01_RGBI_16bits/O21A6_RGBI_16_Remesa_03.tif","O21A6_RGBI_16_Remesa_03.tif"
"https://visualizador.ide.uy/descargas/datos/CN_Remesa_03/02_Ortoimagenes/01_RGBI_16bits/O21B1_RGBI_16_Remesa_03.tif","O21B1_RGBI_16_Remesa_03.tif"
"https://visualizador.ide.uy/descargas/datos/CN_Remesa_03/02_Ortoimagenes/01_RGBI_16bits/O21B2_RGBI_16_Remesa_03.tif","O21B2_RGBI_16_Remesa_03.tif"
"https://visualizador.ide.uy/descargas/datos/CN_Remesa_03/02_Ortoimagenes/01_RGBI_16bits/O21B3_RGBI_16_Remesa_03.tif","O21B3_RGBI_16_Remesa_03.tif"
"https://visualizador.ide.uy/descargas/datos/CN_Remesa_03/02_Ortoimagenes/01_RGBI_16bits/O21B4_RGBI_16_Remesa_03.tif","O21B4_RGBI_16_Remesa_03.tif"
"https://visualizador.ide.uy/descargas/datos/CN_Remesa_03/02_Ortoimagenes/01_RGBI_16bits/O21B5_RGBI_16_Remesa_03.tif","O21B5_RGBI_16_Remesa_03.tif"
"https://visualizador.ide.uy/descargas/datos/CN_Remesa_03/02_Ortoimagenes/01_RGBI_16bits/O21B6_RGBI_16_Remesa_03.tif","O21B6_RGBI_16_Remesa_03.tif"
"https://visualizador.ide.uy/descargas/datos/CN_Remesa_03/02_Ortoimagenes/01_RGBI_16bits/O21C1_RGBI_16_Remesa_03.tif","O21C1_RGBI_16_Remesa_03.tif"
"https://visualizador.ide.uy/descargas/datos/CN_Remesa_03/02_Ortoimagenes/01_RGBI_16bits/O21C2_RGBI_16_Remesa_03.tif","O21C2_RGBI_16_Remesa_03.tif"
"https://visualizador.ide.uy/descargas/datos/CN_Remesa_03/02_Ortoimagenes/01_RGBI_16bits/O21C3_RGBI_16_Remesa_03.tif","O21C3_RGBI_16_Remesa_03.tif"
"https://visualizador.ide.uy/descargas/datos/CN_Remesa_03/02_Ortoimagenes/01_RGBI_16bits/O21C4_RGBI_16_Remesa_03.tif","O21C4_RGBI_16_Remesa_03.tif"
"https://visualizador.ide.uy/descargas/datos/CN_Remesa_03/02_Ortoimagenes/01_RGBI_16bits/O21C5_RGBI_16_Remesa_03.tif","O21C5_RGBI_16_Remesa_03.tif"
"https://visualizador.ide.uy/descargas/datos/CN_Remesa_03/02_Ortoimagenes/01_RGBI_16bits/O21C6_RGBI_16_Remesa_03.tif","O21C6_RGBI_16_Remesa_03.tif"
"https://visualizador.ide.uy/descargas/datos/CN_Remesa_03/02_Ortoimagenes/01_RGBI_16bits/O21D1_RGBI_16_Remesa_03.tif","O21D1_RGBI_16_Remesa_03.tif"
"https://visualizador.ide.uy/descargas/datos/CN_Remesa_03/02_Ortoimagenes/01_RGBI_16bits/O21D2_RGBI_16_Remesa_03.tif","O21D2_RGBI_16_Remesa_03.tif"
"https://visualizador.ide.uy/descargas/datos/CN_Remesa_03/02_Ortoimagenes/01_RGBI_16bits/O21D3_RGBI_16_Remesa_03.tif","O21D3_RGBI_16_Remesa_03.tif"
"https://visualizador.ide.uy/descargas/datos/CN_Remesa_03/02_Ortoimagenes/01_RGBI_16bits/O21D4_RGBI_16_Remesa_03.tif","O21D4_RGBI_16_Remesa_03.tif"
"https://visualizador.ide.uy/descargas/datos/CN_Remesa_03/02_Ortoimagenes/01_RGBI_16bits/O21D5_RGBI_16_Remesa_03.tif","O21D5_RGBI_16_Remesa_03.tif"
"https://visualizador.ide.uy/descargas/datos/CN_Remesa_03/02_Ortoimagenes/01_RGBI_16bits/O21D6_RGBI_16_Remesa_03.tif","O21D6_RGBI_16_Remesa_03.tif"
"https://visualizador.ide.uy/descargas/datos/CN_Remesa_03/02_Ortoimagenes/01_RGBI_16bits/O22A1_RGBI_16_Remesa_03.tif","O22A1_RGBI_16_Remesa_03.tif"
"https://visualizador.ide.uy/descargas/datos/CN_Remesa_03/02_Ortoimagenes/01_RGBI_16bits/O22A2_RGBI_16_Remesa_03.tif","O22A2_RGBI_16_Remesa_03.tif"
"https://visualizador.ide.uy/descargas/datos/CN_Remesa_03/02_Ortoimagenes/01_RGBI_16bits/O22A3_RGBI_16_Remesa_03.tif","O22A3_RGBI_16_Remesa_03.tif"
"https://visualizador.ide.uy/descargas/datos/CN_Remesa_03/02_Ortoimagenes/01_RGBI_16bits/O22A4_RGBI_16_Remesa_03.tif","O22A4_RGBI_16_Remesa_03.tif"
"https://visualizador.ide.uy/descargas/datos/CN_Remesa_03/02_Ortoimagenes/01_RGBI_16bits/O22A5_RGBI_16_Remesa_03.tif","O22A5_RGBI_16_Remesa_03.tif"
"https://visualizador.ide.uy/descargas/datos/CN_Remesa_03/02_Ortoimagenes/01_RGBI_16bits/O22A6_RGBI_16_Remesa_03.tif","O22A6_RGBI_16_Remesa_03.tif"
"https://visualizador.ide.uy/descargas/datos/CN_Remesa_03/02_Ortoimagenes/01_RGBI_16bits/O22B1_RGBI_16_Remesa_03.tif","O22B1_RGBI_16_Remesa_03.tif"
"https://visualizador.ide.uy/descargas/datos/CN_Remesa_03/02_Ortoimagenes/01_RGBI_16bits/O22B2_RGBI_16_Remesa_03.tif","O22B2_RGBI_16_Remesa_03.tif"
"https://visualizador.ide.uy/descargas/datos/CN_Remesa_03/02_Ortoimagenes/01_RGBI_16bits/O22B3_RGBI_16_Remesa_03.tif","O22B3_RGBI_16_Remesa_03.tif"
"https://visualizador.ide.uy/descargas/datos/CN_Remesa_03/02_Ortoimagenes/01_RGBI_16bits/O22B4_RGBI_16_Remesa_03.tif","O22B4_RGBI_16_Remesa_03.tif"
"https://visualizador.ide.uy/descargas/datos/CN_Remesa_03/02_Ortoimagenes/01_RGBI_16bits/O22B5_RGBI_16_Remesa_03.tif","O22B5_RGBI_16_Remesa_03.tif"
"https://visualizador.ide.uy/descargas/datos/CN_Remesa_03/02_Ortoimagenes/01_RGBI_16bits/O22B6_RGBI_16_Remesa_03.tif","O22B6_RGBI_16_Remesa_03.tif"
"https://visualizador.ide.uy/descargas/datos/CN_Remesa_03/02_Ortoimagenes/01_RGBI_16bits/O22C1_RGBI_16_Remesa_03.tif","O22C1_RGBI_16_Remesa_03.tif"
"https://visualizador.ide.uy/descargas/datos/CN_Remesa_03/02_Ortoimagenes/01_RGBI_16bits/O22C2_RGBI_16_Remesa_03.tif","O22C2_RGBI_16_Remesa_03.tif"
"https://visualizador.ide.uy/descargas/datos/CN_Remesa_03/02_Ortoimagenes/01_RGBI_16bits/O22C3_RGBI_16_Remesa_03.tif","O22C3_RGBI_16_Remesa_03.tif"
"https://visualizador.ide.uy/descargas/datos/CN_Remesa_03/02_Ortoimagenes/01_RGBI_16bits/O22C4_RGBI_16_Remesa_03.tif","O22C4_RGBI_16_Remesa_03.tif"
"https://visualizador.ide.uy/descargas/datos/CN_Remesa_03/02_Ortoimagenes/01_RGBI_16bits/O22C5_RGBI_16_Remesa_03.tif","O22C5_RGBI_16_Remesa_03.tif"
"https://visualizador.ide.uy/descargas/datos/CN_Remesa_03/02_Ortoimagenes/01_RGBI_16bits/O22C6_RGBI_16_Remesa_03.tif","O22C6_RGBI_16_Remesa_03.tif"
"https://visualizador.ide.uy/descargas/datos/CN_Remesa_03/02_Ortoimagenes/01_RGBI_16bits/O22D1_RGBI_16_Remesa_03.tif","O22D1_RGBI_16_Remesa_03.tif"
"https://visualizador.ide.uy/descargas/datos/CN_Remesa_03/02_Ortoimagenes/01_RGBI_16bits/O22D2_RGBI_16_Remesa_03.tif","O22D2_RGBI_16_Remesa_03.tif"
"https://visualizador.ide.uy/descargas/datos/CN_Remesa_03/02_Ortoimagenes/01_RGBI_16bits/O22D3_RGBI_16_Remesa_03.tif","O22D3_RGBI_16_Remesa_03.tif"
"https://visualizador.ide.uy/descargas/datos/CN_Remesa_03/02_Ortoimagenes/01_RGBI_16bits/O22D4_RGBI_16_Remesa_03.tif","O22D4_RGBI_16_Remesa_03.tif"
"https://visualizador.ide.uy/descargas/datos/CN_Remesa_03/02_Ortoimagenes/01_RGBI_16bits/O22D5_RGBI_16_Remesa_03.tif","O22D5_RGBI_16_Remesa_03.tif"
"https://visualizador.ide.uy/descargas/datos/CN_Remesa_03/02_Ortoimagenes/01_RGBI_16bits/O22D6_RGBI_16_Remesa_03.tif","O22D6_RGBI_16_Remesa_03.tif"
"https://visualizador.ide.uy/descargas/datos/CN_Remesa_03/02_Ortoimagenes/01_RGBI_16bits/O23A1_RGBI_16_Remesa_03.tif","O23A1_RGBI_16_Remesa_03.tif"
"https://visualizador.ide.uy/descargas/datos/CN_Remesa_03/02_Ortoimagenes/01_RGBI_16bits/O23A2_RGBI_16_Remesa_03.tif","O23A2_RGBI_16_Remesa_03.tif"
"https://visualizador.ide.uy/descargas/datos/CN_Remesa_03/02_Ortoimagenes/01_RGBI_16bits/O23A3_RGBI_16_Remesa_03.tif","O23A3_RGBI_16_Remesa_03.tif"
"https://visualizador.ide.uy/descargas/datos/CN_Remesa_03/02_Ortoimagenes/01_RGBI_16bits/O23A4_RGBI_16_Remesa_03.tif","O23A4_RGBI_16_Remesa_03.tif"
"https://visualizador.ide.uy/descargas/datos/CN_Remesa_03/02_Ortoimagenes/01_RGBI_16bits/O23A5_RGBI_16_Remesa_03.tif","O23A5_RGBI_16_Remesa_03.tif"
"https://visualizador.ide.uy/descargas/datos/CN_Remesa_03/02_Ortoimagenes/01_RGBI_16bits/O23A6_RGBI_16_Remesa_03.tif","O23A6_RGBI_16_Remesa_03.tif"
"https://visualizador.ide.uy/descargas/datos/CN_Remesa_03/02_Ortoimagenes/01_RGBI_16bits/O23B1_RGBI_16_Remesa_03.tif","O23B1_RGBI_16_Remesa_03.tif"
"https://visualizador.ide.uy/descargas/datos/CN_Remesa_03/02_Ortoimagenes/01_RGBI_16bits/O23B2_RGBI_16_Remesa_03.tif","O23B2_RGBI_16_Remesa_03.tif"
"https://visualizador.ide.uy/descargas/datos/CN_Remesa_03/02_Ortoimagenes/01_RGBI_16bits/O23B3_RGBI_16_Remesa_03.tif","O23B3_RGBI_16_Remesa_03.tif"
"https://visualizador.ide.uy/descargas/datos/CN_Remesa_03/02_Ortoimagenes/01_RGBI_16bits/O23B4_RGBI_16_Remesa_03.tif","O23B4_RGBI_16_Remesa_03.tif"
"https://visualizador.ide.uy/descargas/datos/CN_Remesa_03/02_Ortoimagenes/01_RGBI_16bits/O23B5_RGBI_16_Remesa_03.tif","O23B5_RGBI_16_Remesa_03.tif"
"https://visualizador.ide.uy/descargas/datos/CN_Remesa_03/02_Ortoimagenes/01_RGBI_16bits/O23B6_RGBI_16_Remesa_03.tif","O23B6_RGBI_16_Remesa_03.tif"
"https://visualizador.ide.uy/descargas/datos/CN_Remesa_03/02_Ortoimagenes/01_RGBI_16bits/O23C1_RGBI_16_Remesa_03.tif","O23C1_RGBI_16_Remesa_03.tif"
"https://visualizador.ide.uy/descargas/datos/CN_Remesa_03/02_Ortoimagenes/01_RGBI_16bits/O23C2_RGBI_16_Remesa_03.tif","O23C2_RGBI_16_Remesa_03.tif"
"https://visualizador.ide.uy/descargas/datos/CN_Remesa_03/02_Ortoimagenes/01_RGBI_16bits/O23C3_RGBI_16_Remesa_03.tif","O23C3_RGBI_16_Remesa_03.tif"
"https://visualizador.ide.uy/descargas/datos/CN_Remesa_03/02_Ortoimagenes/01_RGBI_16bits/O23C4_RGBI_16_Remesa_03.tif","O23C4_RGBI_16_Remesa_03.tif"
"https://visualizador.ide.uy/descargas/datos/CN_Remesa_03/02_Ortoimagenes/01_RGBI_16bits/O23C5_RGBI_16_Remesa_03.tif","O23C5_RGBI_16_Remesa_03.tif"
"https://visualizador.ide.uy/descargas/datos/CN_Remesa_03/02_Ortoimagenes/01_RGBI_16bits/O23C6_RGBI_16_Remesa_03.tif","O23C6_RGBI_16_Remesa_03.tif"
"https://visualizador.ide.uy/descargas/datos/CN_Remesa_03/02_Ortoimagenes/01_RGBI_16bits/O23D1_RGBI_16_Remesa_03.tif","O23D1_RGBI_16_Remesa_03.tif"
"https://visualizador.ide.uy/descargas/datos/CN_Remesa_03/02_Ortoimagenes/01_RGBI_16bits/O23D2_RGBI_16_Remesa_03.tif","O23D2_RGBI_16_Remesa_03.tif"
"https://visualizador.ide.uy/descargas/datos/CN_Remesa_03/02_Ortoimagenes/01_RGBI_16bits/O23D3_RGBI_16_Remesa_03.tif","O23D3_RGBI_16_Remesa_03.tif"
"https://visualizador.ide.uy/descargas/datos/CN_Remesa_03/02_Ortoimagenes/01_RGBI_16bits/O23D4_RGBI_16_Remesa_03.tif","O23D4_RGBI_16_Remesa_03.tif"
"https://visualizador.ide.uy/descargas/datos/CN_Remesa_03/02_Ortoimagenes/01_RGBI_16bits/O23D5_RGBI_16_Remesa_03.tif","O23D5_RGBI_16_Remesa_03.tif"
"https://visualizador.ide.uy/descargas/datos/CN_Remesa_03/02_Ortoimagenes/01_RGBI_16bits/O23D6_RGBI_16_Remesa_03.tif","O23D6_RGBI_16_Remesa_03.tif"
"https://visualizador.ide.uy/descargas/datos/CN_Remesa_03/02_Ortoimagenes/01_RGBI_16bits/O24A1_RGBI_16_Remesa_03.tif","O24A1_RGBI_16_Remesa_03.tif"
"https://visualizador.ide.uy/descargas/datos/CN_Remesa_03/02_Ortoimagenes/01_RGBI_16bits/O24A2_RGBI_16_Remesa_03.tif","O24A2_RGBI_16_Remesa_03.tif"
"https://visualizador.ide.uy/descargas/datos/CN_Remesa_03/02_Ortoimagenes/01_RGBI_16bits/O24A3_RGBI_16_Remesa_03.tif","O24A3_RGBI_16_Remesa_03.tif"
"https://visualizador.ide.uy/descargas/datos/CN_Remesa_03/02_Ortoimagenes/01_RGBI_16bits/O24A4_RGBI_16_Remesa_03.tif","O24A4_RGBI_16_Remesa_03.tif"
"https://visualizador.ide.uy/descargas/datos/CN_Remesa_03/02_Ortoimagenes/01_RGBI_16bits/O24A5_RGBI_16_Remesa_03.tif","O24A5_RGBI_16_Remesa_03.tif"
"https://visualizador.ide.uy/descargas/datos/CN_Remesa_03/02_Ortoimagenes/01_RGBI_16bits/O24A6_RGBI_16_Remesa_03.tif","O24A6_RGBI_16_Remesa_03.tif"
"https://visualizador.ide.uy/descargas/datos/CN_Remesa_03/02_Ortoimagenes/01_RGBI_16bits/O24B1_RGBI_16_Remesa_03.tif","O24B1_RGBI_16_Remesa_03.tif"
"https://visualizador.ide.uy/descargas/datos/CN_Remesa_03/02_Ortoimagenes/01_RGBI_16bits/O24B2_RGBI_16_Remesa_03.tif","O24B2_RGBI_16_Remesa_03.tif"
"https://visualizador.ide.uy/descargas/datos/CN_Remesa_03/02_Ortoimagenes/01_RGBI_16bits/O24B3_RGBI_16_Remesa_03.tif","O24B3_RGBI_16_Remesa_03.tif"
"https://visualizador.ide.uy/descargas/datos/CN_Remesa_03/02_Ortoimagenes/01_RGBI_16bits/O24B4_RGBI_16_Remesa_03.tif","O24B4_RGBI_16_Remesa_03.tif"
"https://visualizador.ide.uy/descargas/datos/CN_Remesa_03/02_Ortoimagenes/01_RGBI_16bits/O24B5_RGBI_16_Remesa_03.tif","O24B5_RGBI_16_Remesa_03.tif"
"https://visualizador.ide.uy/descargas/datos/CN_Remesa_03/02_Ortoimagenes/01_RGBI_16bits/O24B6_RGBI_16_Remesa_03.tif","O24B6_RGBI_16_Remesa_03.tif"
"https://visualizador.ide.uy/descargas/datos/CN_Remesa_03/02_Ortoimagenes/01_RGBI_16bits/O24C1_RGBI_16_Remesa_03.tif","O24C1_RGBI_16_Remesa_03.tif"
"https://visualizador.ide.uy/descargas/datos/CN_Remesa_03/02_Ortoimagenes/01_RGBI_16bits/O24C2_RGBI_16_Remesa_03.tif","O24C2_RGBI_16_Remesa_03.tif"
"https://visualizador.ide.uy/descargas/datos/CN_Remesa_03/02_Ortoimagenes/01_RGBI_16bits/O24C3_RGBI_16_Remesa_03.tif","O24C3_RGBI_16_Remesa_03.tif"
"https://visualizador.ide.uy/descargas/datos/CN_Remesa_03/02_Ortoimagenes/01_RGBI_16bits/O24C4_RGBI_16_Remesa_03.tif","O24C4_RGBI_16_Remesa_03.tif"
"https://visualizador.ide.uy/descargas/datos/CN_Remesa_03/02_Ortoimagenes/01_RGBI_16bits/O24C5_RGBI_16_Remesa_03.tif","O24C5_RGBI_16_Remesa_03.tif"
"https://visualizador.ide.uy/descargas/datos/CN_Remesa_03/02_Ortoimagenes/01_RGBI_16bits/O24C6_RGBI_16_Remesa_03.tif","O24C6_RGBI_16_Remesa_03.tif"
"https://visualizador.ide.uy/descargas/datos/CN_Remesa_03/02_Ortoimagenes/01_RGBI_16bits/O24D1_RGBI_16_Remesa_03.tif","O24D1_RGBI_16_Remesa_03.tif"
"https://visualizador.ide.uy/descargas/datos/CN_Remesa_03/02_Ortoimagenes/01_RGBI_16bits/O24D2_RGBI_16_Remesa_03.tif","O24D2_RGBI_16_Remesa_03.tif"
"https://visualizador.ide.uy/descargas/datos/CN_Remesa_03/02_Ortoimagenes/01_RGBI_16bits/O24D3_RGBI_16_Remesa_03.tif","O24D3_RGBI_16_Remesa_03.tif"
"https://visualizador.ide.uy/descargas/datos/CN_Remesa_03/02_Ortoimagenes/01_RGBI_16bits/O24D4_RGBI_16_Remesa_03.tif","O24D4_RGBI_16_Remesa_03.tif"
"https://visualizador.ide.uy/descargas/datos/CN_Remesa_03/02_Ortoimagenes/01_RGBI_16bits/O24D5_RGBI_16_Remesa_03.tif","O24D5_RGBI_16_Remesa_03.tif"
"https://visualizador.ide.uy/descargas/datos/CN_Remesa_03/02_Ortoimagenes/01_RGBI_16bits/O24D6_RGBI_16_Remesa_03.tif","O24D6_RGBI_16_Remesa_03.tif"
"https://visualizador.ide.uy/descargas/datos/CN_Remesa_03/02_Ortoimagenes/01_RGBI_16bits/O25A1_RGBI_16_Remesa_03.tif","O25A1_RGBI_16_Remesa_03.tif"
"https://visualizador.ide.uy/descargas/datos/CN_Remesa_03/02_Ortoimagenes/01_RGBI_16bits/O25A2_RGBI_16_Remesa_03.tif","O25A2_RGBI_16_Remesa_03.tif"
"https://visualizador.ide.uy/descargas/datos/CN_Remesa_03/02_Ortoimagenes/01_RGBI_16bits/O25A3_RGBI_16_Remesa_03.tif","O25A3_RGBI_16_Remesa_03.tif"
"https://visualizador.ide.uy/descargas/datos/CN_Remesa_03/02_Ortoimagenes/01_RGBI_16bits/O25A4_RGBI_16_Remesa_03.tif","O25A4_RGBI_16_Remesa_03.tif"
"https://visualizador.ide.uy/descargas/datos/CN_Remesa_03/02_Ortoimagenes/01_RGBI_16bits/O25A5_RGBI_16_Remesa_03.tif","O25A5_RGBI_16_Remesa_03.tif"
"https://visualizador.ide.uy/descargas/datos/CN_Remesa_03/02_Ortoimagenes/01_RGBI_16bits/O25A6_RGBI_16_Remesa_03.tif","O25A6_RGBI_16_Remesa_03.tif"
"https://visualizador.ide.uy/descargas/datos/CN_Remesa_03/02_Ortoimagenes/01_RGBI_16bits/O25B1_RGBI_16_Remesa_03.tif","O25B1_RGBI_16_Remesa_03.tif"
"https://visualizador.ide.uy/descargas/datos/CN_Remesa_03/02_Ortoimagenes/01_RGBI_16bits/O25B2_RGBI_16_Remesa_03.tif","O25B2_RGBI_16_Remesa_03.tif"
"https://visualizador.ide.uy/descargas/datos/CN_Remesa_03/02_Ortoimagenes/01_RGBI_16bits/O25B3_RGBI_16_Remesa_03.tif","O25B3_RGBI_16_Remesa_03.tif"
"https://visualizador.ide.uy/descargas/datos/CN_Remesa_03/02_Ortoimagenes/01_RGBI_16bits/O25B4_RGBI_16_Remesa_03.tif","O25B4_RGBI_16_Remesa_03.tif"
"https://visualizador.ide.uy/descargas/datos/CN_Remesa_03/02_Ortoimagenes/01_RGBI_16bits/O25B5_RGBI_16_Remesa_03.tif","O25B5_RGBI_16_Remesa_03.tif"
"https://visualizador.ide.uy/descargas/datos/CN_Remesa_03/02_Ortoimagenes/01_RGBI_16bits/O25B6_RGBI_16_Remesa_03.tif","O25B6_RGBI_16_Remesa_03.tif"
"https://visualizador.ide.uy/descargas/datos/CN_Remesa_03/02_Ortoimagenes/01_RGBI_16bits/O25C1_RGBI_16_Remesa_03.tif","O25C1_RGBI_16_Remesa_03.tif"
"https://visualizador.ide.uy/descargas/datos/CN_Remesa_03/02_Ortoimagenes/01_RGBI_16bits/O25C2_RGBI_16_Remesa_03.tif","O25C2_RGBI_16_Remesa_03.tif"
"https://visualizador.ide.uy/descargas/datos/CN_Remesa_03/02_Ortoimagenes/01_RGBI_16bits/O25C3_RGBI_16_Remesa_03.tif","O25C3_RGBI_16_Remesa_03.tif"
"https://visualizador.ide.uy/descargas/datos/CN_Remesa_03/02_Ortoimagenes/01_RGBI_16bits/O25C4_RGBI_16_Remesa_03.tif","O25C4_RGBI_16_Remesa_03.tif"
"https://visualizador.ide.uy/descargas/datos/CN_Remesa_03/02_Ortoimagenes/01_RGBI_16bits/O25C5_RGBI_16_Remesa_03.tif","O25C5_RGBI_16_Remesa_03.tif"
"https://visualizador.ide.uy/descargas/datos/CN_Remesa_03/02_Ortoimagenes/01_RGBI_16bits/O25C6_RGBI_16_Remesa_03.tif","O25C6_RGBI_16_Remesa_03.tif"
"https://visualizador.ide.uy/descargas/datos/CN_Remesa_03/02_Ortoimagenes/01_RGBI_16bits/O25D1_RGBI_16_Remesa_03.tif","O25D1_RGBI_16_Remesa_03.tif"
"https://visualizador.ide.uy/descargas/datos/CN_Remesa_03/02_Ortoimagenes/01_RGBI_16bits/O25D2_RGBI_16_Remesa_03.tif","O25D2_RGBI_16_Remesa_03.tif"
"https://visualizador.ide.uy/descargas/datos/CN_Remesa_03/02_Ortoimagenes/01_RGBI_16bits/O25D3_RGBI_16_Remesa_03.tif","O25D3_RGBI_16_Remesa_03.tif"
"https://visualizador.ide.uy/descargas/datos/CN_Remesa_03/02_Ortoimagenes/01_RGBI_16bits/O25D4_RGBI_16_Remesa_03.tif","O25D4_RGBI_16_Remesa_03.tif"
"https://visualizador.ide.uy/descargas/datos/CN_Remesa_03/02_Ortoimagenes/01_RGBI_16bits/O25D5_RGBI_16_Remesa_03.tif","O25D5_RGBI_16_Remesa_03.tif"
"https://visualizador.ide.uy/descargas/datos/CN_Remesa_03/02_Ortoimagenes/01_RGBI_16bits/O25D6_RGBI_16_Remesa_03.tif","O25D6_RGBI_16_Remesa_03.tif"
"https://visualizador.ide.uy/descargas/datos/CN_Remesa_03/02_Ortoimagenes/01_RGBI_16bits/O26A1_RGBI_16_Remesa_03.tif","O26A1_RGBI_16_Remesa_03.tif"
"https://visualizador.ide.uy/descargas/datos/CN_Remesa_03/02_Ortoimagenes/01_RGBI_16bits/O26A2_RGBI_16_Remesa_03.tif","O26A2_RGBI_16_Remesa_03.tif"
"https://visualizador.ide.uy/descargas/datos/CN_Remesa_03/02_Ortoimagenes/01_RGBI_16bits/O26A3_RGBI_16_Remesa_03.tif","O26A3_RGBI_16_Remesa_03.tif"
"https://visualizador.ide.uy/descargas/datos/CN_Remesa_03/02_Ortoimagenes/01_RGBI_16bits/O26A4_RGBI_16_Remesa_03.tif","O26A4_RGBI_16_Remesa_03.tif"
"https://visualizador.ide.uy/descargas/datos/CN_Remesa_03/02_Ortoimagenes/01_RGBI_16bits/O26A5_RGBI_16_Remesa_03.tif","O26A5_RGBI_16_Remesa_03.tif"
"https://visualizador.ide.uy/descargas/datos/CN_Remesa_03/02_Ortoimagenes/01_RGBI_16bits/O26A6_RGBI_16_Remesa_03.tif","O26A6_RGBI_16_Remesa_03.tif"
"https://visualizador.ide.uy/descargas/datos/CN_Remesa_03/02_Ortoimagenes/01_RGBI_16bits/O26B1_RGBI_16_Remesa_03.tif","O26B1_RGBI_16_Remesa_03.tif"
"https://visualizador.ide.uy/descargas/datos/CN_Remesa_03/02_Ortoimagenes/01_RGBI_16bits/O26B2_RGBI_16_Remesa_03.tif","O26B2_RGBI_16_Remesa_03.tif"
"https://visualizador.ide.uy/descargas/datos/CN_Remesa_03/02_Ortoimagenes/01_RGBI_16bits/O26B3_RGBI_16_Remesa_03.tif","O26B3_RGBI_16_Remesa_03.tif"
"https://visualizador.ide.uy/descargas/datos/CN_Remesa_03/02_Ortoimagenes/01_RGBI_16bits/O26B4_RGBI_16_Remesa_03.tif","O26B4_RGBI_16_Remesa_03.tif"
"https://visualizador.ide.uy/descargas/datos/CN_Remesa_03/02_Ortoimagenes/01_RGBI_16bits/O26B5_RGBI_16_Remesa_03.tif","O26B5_RGBI_16_Remesa_03.tif"
"https://visualizador.ide.uy/descargas/datos/CN_Remesa_03/02_Ortoimagenes/01_RGBI_16bits/O26B6_RGBI_16_Remesa_03.tif","O26B6_RGBI_16_Remesa_03.tif"
"https://visualizador.ide.uy/descargas/datos/CN_Remesa_03/02_Ortoimagenes/01_RGBI_16bits/O26C1_RGBI_16_Remesa_03.tif","O26C1_RGBI_16_Remesa_03.tif"
"https://visualizador.ide.uy/descargas/datos/CN_Remesa_03/02_Ortoimagenes/01_RGBI_16bits/O26C2_RGBI_16_Remesa_03.tif","O26C2_RGBI_16_Remesa_03.tif"
"https://visualizador.ide.uy/descargas/datos/CN_Remesa_03/02_Ortoimagenes/01_RGBI_16bits/O26C3_RGBI_16_Remesa_03.tif","O26C3_RGBI_16_Remesa_03.tif"
"https://visualizador.ide.uy/descargas/datos/CN_Remesa_03/02_Ortoimagenes/01_RGBI_16bits/O26C4_RGBI_16_Remesa_03.tif","O26C4_RGBI_16_Remesa_03.tif"
"https://visualizador.ide.uy/descargas/datos/CN_Remesa_03/02_Ortoimagenes/01_RGBI_16bits/O26C5_RGBI_16_Remesa_03.tif","O26C5_RGBI_16_Remesa_03.tif"
"https://visualizador.ide.uy/descargas/datos/CN_Remesa_03/02_Ortoimagenes/01_RGBI_16bits/O26C6_RGBI_16_Remesa_03.tif","O26C6_RGBI_16_Remesa_03.tif"
"https://visualizador.ide.uy/descargas/datos/CN_Remesa_03/02_Ortoimagenes/01_RGBI_16bits/O26D1_RGBI_16_Remesa_03.tif","O26D1_RGBI_16_Remesa_03.tif"
"https://visualizador.ide.uy/descargas/datos/CN_Remesa_03/02_Ortoimagenes/01_RGBI_16bits/O26D2_RGBI_16_Remesa_03.tif","O26D2_RGBI_16_Remesa_03.tif"
"https://visualizador.ide.uy/descargas/datos/CN_Remesa_03/02_Ortoimagenes/01_RGBI_16bits/O26D3_RGBI_16_Remesa_03.tif","O26D3_RGBI_16_Remesa_03.tif"
"https://visualizador.ide.uy/descargas/datos/CN_Remesa_03/02_Ortoimagenes/01_RGBI_16bits/O26D4_RGBI_16_Remesa_03.tif","O26D4_RGBI_16_Remesa_03.tif"
"https://visualizador.ide.uy/descargas/datos/CN_Remesa_03/02_Ortoimagenes/01_RGBI_16bits/O26D5_RGBI_16_Remesa_03.tif","O26D5_RGBI_16_Remesa_03.tif"
"https://visualizador.ide.uy/descargas/datos/CN_Remesa_03/02_Ortoimagenes/01_RGBI_16bits/O26D6_RGBI_16_Remesa_03.tif","O26D6_RGBI_16_Remesa_03.tif"
"https://visualizador.ide.uy/descargas/datos/CN_Remesa_03/02_Ortoimagenes/01_RGBI_16bits/O27A1_RGBI_16_Remesa_03.tif","O27A1_RGBI_16_Remesa_03.tif"
"https://visualizador.ide.uy/descargas/datos/CN_Remesa_03/02_Ortoimagenes/01_RGBI_16bits/O27A2_RGBI_16_Remesa_03.tif","O27A2_RGBI_16_Remesa_03.tif"
"https://visualizador.ide.uy/descargas/datos/CN_Remesa_03/02_Ortoimagenes/01_RGBI_16bits/O27A3_RGBI_16_Remesa_03.tif","O27A3_RGBI_16_Remesa_03.tif"
"https://visualizador.ide.uy/descargas/datos/CN_Remesa_03/02_Ortoimagenes/01_RGBI_16bits/O27A4_RGBI_16_Remesa_03.tif","O27A4_RGBI_16_Remesa_03.tif"
"https://visualizador.ide.uy/descargas/datos/CN_Remesa_03/02_Ortoimagenes/01_RGBI_16bits/O27A5_RGBI_16_Remesa_03.tif","O27A5_RGBI_16_Remesa_03.tif"
"https://visualizador.ide.uy/descargas/datos/CN_Remesa_03/02_Ortoimagenes/01_RGBI_16bits/O27A6_RGBI_16_Remesa_03.tif","O27A6_RGBI_16_Remesa_03.tif"
"https://visualizador.ide.uy/descargas/datos/CN_Remesa_03/02_Ortoimagenes/01_RGBI_16bits/O27B1_RGBI_16_Remesa_03.tif","O27B1_RGBI_16_Remesa_03.tif"
"https://visualizador.ide.uy/descargas/datos/CN_Remesa_03/02_Ortoimagenes/01_RGBI_16bits/O27B2_RGBI_16_Remesa_03.tif","O27B2_RGBI_16_Remesa_03.tif"
"https://visualizador.ide.uy/descargas/datos/CN_Remesa_03/02_Ortoimagenes/01_RGBI_16bits/O27B3_RGBI_16_Remesa_03.tif","O27B3_RGBI_16_Remesa_03.tif"
"https://visualizador.ide.uy/descargas/datos/CN_Remesa_03/02_Ortoimagenes/01_RGBI_16bits/O27B4_RGBI_16_Remesa_03.tif","O27B4_RGBI_16_Remesa_03.tif"
"https://visualizador.ide.uy/descargas/datos/CN_Remesa_03/02_Ortoimagenes/01_RGBI_16bits/O27B5_RGBI_16_Remesa_03.tif","O27B5_RGBI_16_Remesa_03.tif"
"https://visualizador.ide.uy/descargas/datos/CN_Remesa_03/02_Ortoimagenes/01_RGBI_16bits/O27B6_RGBI_16_Remesa_03.tif","O27B6_RGBI_16_Remesa_03.tif"
"https://visualizador.ide.uy/descargas/datos/CN_Remesa_03/02_Ortoimagenes/01_RGBI_16bits/O27C1_RGBI_16_Remesa_03.tif","O27C1_RGBI_16_Remesa_03.tif"
"https://visualizador.ide.uy/descargas/datos/CN_Remesa_03/02_Ortoimagenes/01_RGBI_16bits/O27C2_RGBI_16_Remesa_03.tif","O27C2_RGBI_16_Remesa_03.tif"
"https://visualizador.ide.uy/descargas/datos/CN_Remesa_03/02_Ortoimagenes/01_RGBI_16bits/O27C3_RGBI_16_Remesa_03.tif","O27C3_RGBI_16_Remesa_03.tif"
"https://visualizador.ide.uy/descargas/datos/CN_Remesa_03/02_Ortoimagenes/01_RGBI_16bits/O27D1_RGBI_16_Remesa_03.tif","O27D1_RGBI_16_Remesa_03.tif"
"https://visualizador.ide.uy/descargas/datos/CN_Remesa_03/02_Ortoimagenes/01_RGBI_16bits/O27D2_RGBI_16_Remesa_03.tif","O27D2_RGBI_16_Remesa_03.tif"
"https://visualizador.ide.uy/descargas/datos/CN_Remesa_03/02_Ortoimagenes/01_RGBI_16bits/P20A1_RGBI_16_Remesa_03.tif","P20A1_RGBI_16_Remesa_03.tif"
"https://visualizador.ide.uy/descargas/datos/CN_Remesa_03/02_Ortoimagenes/01_RGBI_16bits/P20A2_RGBI_16_Remesa_03.tif","P20A2_RGBI_16_Remesa_03.tif"
"https://visualizador.ide.uy/descargas/datos/CN_Remesa_03/02_Ortoimagenes/01_RGBI_16bits/P20A3_RGBI_16_Remesa_03.tif","P20A3_RGBI_16_Remesa_03.tif"
"https://visualizador.ide.uy/descargas/datos/CN_Remesa_03/02_Ortoimagenes/01_RGBI_16bits/P20A4_RGBI_16_Remesa_03.tif","P20A4_RGBI_16_Remesa_03.tif"
"https://visualizador.ide.uy/descargas/datos/CN_Remesa_03/02_Ortoimagenes/01_RGBI_16bits/P20A5_RGBI_16_Remesa_03.tif","P20A5_RGBI_16_Remesa_03.tif"
"https://visualizador.ide.uy/descargas/datos/CN_Remesa_03/02_Ortoimagenes/01_RGBI_16bits/P20A6_RGBI_16_Remesa_03.tif","P20A6_RGBI_16_Remesa_03.tif"
"https://visualizador.ide.uy/descargas/datos/CN_Remesa_03/02_Ortoimagenes/01_RGBI_16bits/P20B1_RGBI_16_Remesa_03.tif","P20B1_RGBI_16_Remesa_03.tif"
"https://visualizador.ide.uy/descargas/datos/CN_Remesa_03/02_Ortoimagenes/01_RGBI_16bits/P20B2_RGBI_16_Remesa_03.tif","P20B2_RGBI_16_Remesa_03.tif"
"https://visualizador.ide.uy/descargas/datos/CN_Remesa_03/02_Ortoimagenes/01_RGBI_16bits/P20B3_RGBI_16_Remesa_03.tif","P20B3_RGBI_16_Remesa_03.tif"
"https://visualizador.ide.uy/descargas/datos/CN_Remesa_03/02_Ortoimagenes/01_RGBI_16bits/P20B4_RGBI_16_Remesa_03.tif","P20B4_RGBI_16_Remesa_03.tif"
"https://visualizador.ide.uy/descargas/datos/CN_Remesa_03/02_Ortoimagenes/01_RGBI_16bits/P20B5_RGBI_16_Remesa_03.tif","P20B5_RGBI_16_Remesa_03.tif"
"https://visualizador.ide.uy/descargas/datos/CN_Remesa_03/02_Ortoimagenes/01_RGBI_16bits/P20B6_RGBI_16_Remesa_03.tif","P20B6_RGBI_16_Remesa_03.tif"
"https://visualizador.ide.uy/descargas/datos/CN_Remesa_03/02_Ortoimagenes/01_RGBI_16bits/P20C1_RGBI_16_Remesa_03.tif","P20C1_RGBI_16_Remesa_03.tif"
"https://visualizador.ide.uy/descargas/datos/CN_Remesa_03/02_Ortoimagenes/01_RGBI_16bits/P20C2_RGBI_16_Remesa_03.tif","P20C2_RGBI_16_Remesa_03.tif"
"https://visualizador.ide.uy/descargas/datos/CN_Remesa_03/02_Ortoimagenes/01_RGBI_16bits/P20C3_RGBI_16_Remesa_03.tif","P20C3_RGBI_16_Remesa_03.tif"
"https://visualizador.ide.uy/descargas/datos/CN_Remesa_03/02_Ortoimagenes/01_RGBI_16bits/P20C4_RGBI_16_Remesa_03.tif","P20C4_RGBI_16_Remesa_03.tif"
"https://visualizador.ide.uy/descargas/datos/CN_Remesa_03/02_Ortoimagenes/01_RGBI_16bits/P20C5_RGBI_16_Remesa_03.tif","P20C5_RGBI_16_Remesa_03.tif"
"https://visualizador.ide.uy/descargas/datos/CN_Remesa_03/02_Ortoimagenes/01_RGBI_16bits/P20C6_RGBI_16_Remesa_03.tif","P20C6_RGBI_16_Remesa_03.tif"
"https://visualizador.ide.uy/descargas/datos/CN_Remesa_03/02_Ortoimagenes/01_RGBI_16bits/P20D1_RGBI_16_Remesa_03.tif","P20D1_RGBI_16_Remesa_03.tif"
"https://visualizador.ide.uy/descargas/datos/CN_Remesa_03/02_Ortoimagenes/01_RGBI_16bits/P20D2_RGBI_16_Remesa_03.tif","P20D2_RGBI_16_Remesa_03.tif"
"https://visualizador.ide.uy/descargas/datos/CN_Remesa_03/02_Ortoimagenes/01_RGBI_16bits/P20D3_RGBI_16_Remesa_03.tif","P20D3_RGBI_16_Remesa_03.tif"
"https://visualizador.ide.uy/descargas/datos/CN_Remesa_03/02_Ortoimagenes/01_RGBI_16bits/P20D4_RGBI_16_Remesa_03.tif","P20D4_RGBI_16_Remesa_03.tif"
"https://visualizador.ide.uy/descargas/datos/CN_Remesa_03/02_Ortoimagenes/01_RGBI_16bits/P20D5_RGBI_16_Remesa_03.tif","P20D5_RGBI_16_Remesa_03.tif"
"https://visualizador.ide.uy/descargas/datos/CN_Remesa_03/02_Ortoimagenes/01_RGBI_16bits/P20D6_RGBI_16_Remesa_03.tif","P20D6_RGBI_16_Remesa_03.tif"
"https://visualizador.ide.uy/descargas/datos/CN_Remesa_03/02_Ortoimagenes/01_RGBI_16bits/P21A1_RGBI_16_Remesa_03.tif","P21A1_RGBI_16_Remesa_03.tif"
"https://visualizador.ide.uy/descargas/datos/CN_Remesa_03/02_Ortoimagenes/01_RGBI_16bits/P21A2_RGBI_16_Remesa_03.tif","P21A2_RGBI_16_Remesa_03.tif"
"https://visualizador.ide.uy/descargas/datos/CN_Remesa_03/02_Ortoimagenes/01_RGBI_16bits/P21A3_RGBI_16_Remesa_03.tif","P21A3_RGBI_16_Remesa_03.tif"
"https://visualizador.ide.uy/descargas/datos/CN_Remesa_03/02_Ortoimagenes/01_RGBI_16bits/P21A4_RGBI_16_Remesa_03.tif","P21A4_RGBI_16_Remesa_03.tif"
"https://visualizador.ide.uy/descargas/datos/CN_Remesa_03/02_Ortoimagenes/01_RGBI_16bits/P21A5_RGBI_16_Remesa_03.tif","P21A5_RGBI_16_Remesa_03.tif"
"https://visualizador.ide.uy/descargas/datos/CN_Remesa_03/02_Ortoimagenes/01_RGBI_16bits/P21A6_RGBI_16_Remesa_03.tif","P21A6_RGBI_16_Remesa_03.tif"
"https://visualizador.ide.uy/descargas/datos/CN_Remesa_03/02_Ortoimagenes/01_RGBI_16bits/P21B1_RGBI_16_Remesa_03.tif","P21B1_RGBI_16_Remesa_03.tif"
"https://visualizador.ide.uy/descargas/datos/CN_Remesa_03/02_Ortoimagenes/01_RGBI_16bits/P21B2_RGBI_16_Remesa_03.tif","P21B2_RGBI_16_Remesa_03.tif"
"https://visualizador.ide.uy/descargas/datos/CN_Remesa_03/02_Ortoimagenes/01_RGBI_16bits/P21B3_RGBI_16_Remesa_03.tif","P21B3_RGBI_16_Remesa_03.tif"
"https://visualizador.ide.uy/descargas/datos/CN_Remesa_03/02_Ortoimagenes/01_RGBI_16bits/P21B4_RGBI_16_Remesa_03.tif","P21B4_RGBI_16_Remesa_03.tif"
"https://visualizador.ide.uy/descargas/datos/CN_Remesa_03/02_Ortoimagenes/01_RGBI_16bits/P21B5_RGBI_16_Remesa_03.tif","P21B5_RGBI_16_Remesa_03.tif"
"https://visualizador.ide.uy/descargas/datos/CN_Remesa_03/02_Ortoimagenes/01_RGBI_16bits/P21B6_RGBI_16_Remesa_03.tif","P21B6_RGBI_16_Remesa_03.tif"
"https://visualizador.ide.uy/descargas/datos/CN_Remesa_03/02_Ortoimagenes/01_RGBI_16bits/P21C1_RGBI_16_Remesa_03.tif","P21C1_RGBI_16_Remesa_03.tif"
"https://visualizador.ide.uy/descargas/datos/CN_Remesa_03/02_Ortoimagenes/01_RGBI_16bits/P21C2_RGBI_16_Remesa_03.tif","P21C2_RGBI_16_Remesa_03.tif"
"https://visualizador.ide.uy/descargas/datos/CN_Remesa_03/02_Ortoimagenes/01_RGBI_16bits/P21C3_RGBI_16_Remesa_03.tif","P21C3_RGBI_16_Remesa_03.tif"
"https://visualizador.ide.uy/descargas/datos/CN_Remesa_03/02_Ortoimagenes/01_RGBI_16bits/P21C4_RGBI_16_Remesa_03.tif","P21C4_RGBI_16_Remesa_03.tif"
"https://visualizador.ide.uy/descargas/datos/CN_Remesa_03/02_Ortoimagenes/01_RGBI_16bits/P21C5_RGBI_16_Remesa_03.tif","P21C5_RGBI_16_Remesa_03.tif"
"https://visualizador.ide.uy/descargas/datos/CN_Remesa_03/02_Ortoimagenes/01_RGBI_16bits/P21C6_RGBI_16_Remesa_03.tif","P21C6_RGBI_16_Remesa_03.tif"
"https://visualizador.ide.uy/descargas/datos/CN_Remesa_03/02_Ortoimagenes/01_RGBI_16bits/P21D1_RGBI_16_Remesa_03.tif","P21D1_RGBI_16_Remesa_03.tif"
"https://visualizador.ide.uy/descargas/datos/CN_Remesa_03/02_Ortoimagenes/01_RGBI_16bits/P21D2_RGBI_16_Remesa_03.tif","P21D2_RGBI_16_Remesa_03.tif"
"https://visualizador.ide.uy/descargas/datos/CN_Remesa_03/02_Ortoimagenes/01_RGBI_16bits/P21D3_RGBI_16_Remesa_03.tif","P21D3_RGBI_16_Remesa_03.tif"
"https://visualizador.ide.uy/descargas/datos/CN_Remesa_03/02_Ortoimagenes/01_RGBI_16bits/P21D4_RGBI_16_Remesa_03.tif","P21D4_RGBI_16_Remesa_03.tif"
"https://visualizador.ide.uy/descargas/datos/CN_Remesa_03/02_Ortoimagenes/01_RGBI_16bits/P21D5_RGBI_16_Remesa_03.tif","P21D5_RGBI_16_Remesa_03.tif"
"https://visualizador.ide.uy/descargas/datos/CN_Remesa_03/02_Ortoimagenes/01_RGBI_16bits/P21D6_RGBI_16_Remesa_03.tif","P21D6_RGBI_16_Remesa_03.tif"
"https://visualizador.ide.uy/descargas/datos/CN_Remesa_03/02_Ortoimagenes/01_RGBI_16bits/P22A1_RGBI_16_Remesa_03.tif","P22A1_RGBI_16_Remesa_03.tif"
"https://visualizador.ide.uy/descargas/datos/CN_Remesa_03/02_Ortoimagenes/01_RGBI_16bits/P22A2_RGBI_16_Remesa_03.tif","P22A2_RGBI_16_Remesa_03.tif"
"https://visualizador.ide.uy/descargas/datos/CN_Remesa_03/02_Ortoimagenes/01_RGBI_16bits/P22A3_RGBI_16_Remesa_03.tif","P22A3_RGBI_16_Remesa_03.tif"
"https://visualizador.ide.uy/descargas/datos/CN_Remesa_03/02_Ortoimagenes/01_RGBI_16bits/P22A4_RGBI_16_Remesa_03.tif","P22A4_RGBI_16_Remesa_03.tif"
"https://visualizador.ide.uy/descargas/datos/CN_Remesa_03/02_Ortoimagenes/01_RGBI_16bits/P22A5_RGBI_16_Remesa_03.tif","P22A5_RGBI_16_Remesa_03.tif"
"https://visualizador.ide.uy/descargas/datos/CN_Remesa_03/02_Ortoimagenes/01_RGBI_16bits/P22A6_RGBI_16_Remesa_03.tif","P22A6_RGBI_16_Remesa_03.tif"
"https://visualizador.ide.uy/descargas/datos/CN_Remesa_03/02_Ortoimagenes/01_RGBI_16bits/P22B1_RGBI_16_Remesa_03.tif","P22B1_RGBI_16_Remesa_03.tif"
"https://visualizador.ide.uy/descargas/datos/CN_Remesa_03/02_Ortoimagenes/01_RGBI_16bits/P22B2_RGBI_16_Remesa_03.tif","P22B2_RGBI_16_Remesa_03.tif"
"https://visualizador.ide.uy/descargas/datos/CN_Remesa_03/02_Ortoimagenes/01_RGBI_16bits/P22B3_RGBI_16_Remesa_03.tif","P22B3_RGBI_16_Remesa_03.tif"
"https://visualizador.ide.uy/descargas/datos/CN_Remesa_03/02_Ortoimagenes/01_RGBI_16bits/P22B4_RGBI_16_Remesa_03.tif","P22B4_RGBI_16_Remesa_03.tif"
"https://visualizador.ide.uy/descargas/datos/CN_Remesa_03/02_Ortoimagenes/01_RGBI_16bits/P22B5_RGBI_16_Remesa_03.tif","P22B5_RGBI_16_Remesa_03.tif"
"https://visualizador.ide.uy/descargas/datos/CN_Remesa_03/02_Ortoimagenes/01_RGBI_16bits/P22B6_RGBI_16_Remesa_03.tif","P22B6_RGBI_16_Remesa_03.tif"
"https://visualizador.ide.uy/descargas/datos/CN_Remesa_03/02_Ortoimagenes/01_RGBI_16bits/P22C1_RGBI_16_Remesa_03.tif","P22C1_RGBI_16_Remesa_03.tif"
"https://visualizador.ide.uy/descargas/datos/CN_Remesa_03/02_Ortoimagenes/01_RGBI_16bits/P22C2_RGBI_16_Remesa_03.tif","P22C2_RGBI_16_Remesa_03.tif"
"https://visualizador.ide.uy/descargas/datos/CN_Remesa_03/02_Ortoimagenes/01_RGBI_16bits/P22C3_RGBI_16_Remesa_03.tif","P22C3_RGBI_16_Remesa_03.tif"
"https://visualizador.ide.uy/descargas/datos/CN_Remesa_03/02_Ortoimagenes/01_RGBI_16bits/P22C4_RGBI_16_Remesa_03.tif","P22C4_RGBI_16_Remesa_03.tif"
"https://visualizador.ide.uy/descargas/datos/CN_Remesa_03/02_Ortoimagenes/01_RGBI_16bits/P22C5_RGBI_16_Remesa_03.tif","P22C5_RGBI_16_Remesa_03.tif"
"https://visualizador.ide.uy/descargas/datos/CN_Remesa_03/02_Ortoimagenes/01_RGBI_16bits/P22C6_RGBI_16_Remesa_03.tif","P22C6_RGBI_16_Remesa_03.tif"
"https://visualizador.ide.uy/descargas/datos/CN_Remesa_03/02_Ortoimagenes/01_RGBI_16bits/P22D1_RGBI_16_Remesa_03.tif","P22D1_RGBI_16_Remesa_03.tif"
"https://visualizador.ide.uy/descargas/datos/CN_Remesa_03/02_Ortoimagenes/01_RGBI_16bits/P22D2_RGBI_16_Remesa_03.tif","P22D2_RGBI_16_Remesa_03.tif"
"https://visualizador.ide.uy/descargas/datos/CN_Remesa_03/02_Ortoimagenes/01_RGBI_16bits/P22D3_RGBI_16_Remesa_03.tif","P22D3_RGBI_16_Remesa_03.tif"
"https://visualizador.ide.uy/descargas/datos/CN_Remesa_03/02_Ortoimagenes/01_RGBI_16bits/P22D4_RGBI_16_Remesa_03.tif","P22D4_RGBI_16_Remesa_03.tif"
"https://visualizador.ide.uy/descargas/datos/CN_Remesa_03/02_Ortoimagenes/01_RGBI_16bits/P22D5_RGBI_16_Remesa_03.tif","P22D5_RGBI_16_Remesa_03.tif"
"https://visualizador.ide.uy/descargas/datos/CN_Remesa_03/02_Ortoimagenes/01_RGBI_16bits/P22D6_RGBI_16_Remesa_03.tif","P22D6_RGBI_16_Remesa_03.tif"
"https://visualizador.ide.uy/descargas/datos/CN_Remesa_03/02_Ortoimagenes/01_RGBI_16bits/P23A1_RGBI_16_Remesa_03.tif","P23A1_RGBI_16_Remesa_03.tif"
"https://visualizador.ide.uy/descargas/datos/CN_Remesa_03/02_Ortoimagenes/01_RGBI_16bits/P23A2_RGBI_16_Remesa_03.tif","P23A2_RGBI_16_Remesa_03.tif"
"https://visualizador.ide.uy/descargas/datos/CN_Remesa_03/02_Ortoimagenes/01_RGBI_16bits/P23A3_RGBI_16_Remesa_03.tif","P23A3_RGBI_16_Remesa_03.tif"
"https://visualizador.ide.uy/descargas/datos/CN_Remesa_03/02_Ortoimagenes/01_RGBI_16bits/P23A4_RGBI_16_Remesa_03.tif","P23A4_RGBI_16_Remesa_03.tif"
"https://visualizador.ide.uy/descargas/datos/CN_Remesa_03/02_Ortoimagenes/01_RGBI_16bits/P23A5_RGBI_16_Remesa_03.tif","P23A5_RGBI_16_Remesa_03.tif"
"https://visualizador.ide.uy/descargas/datos/CN_Remesa_03/02_Ortoimagenes/01_RGBI_16bits/P23A6_RGBI_16_Remesa_03.tif","P23A6_RGBI_16_Remesa_03.tif"
"https://visualizador.ide.uy/descargas/datos/CN_Remesa_03/02_Ortoimagenes/01_RGBI_16bits/P23B1_RGBI_16_Remesa_03.tif","P23B1_RGBI_16_Remesa_03.tif"
"https://visualizador.ide.uy/descargas/datos/CN_Remesa_03/02_Ortoimagenes/01_RGBI_16bits/P23B2_RGBI_16_Remesa_03.tif","P23B2_RGBI_16_Remesa_03.tif"
"https://visualizador.ide.uy/descargas/datos/CN_Remesa_03/02_Ortoimagenes/01_RGBI_16bits/P23B3_RGBI_16_Remesa_03.tif","P23B3_RGBI_16_Remesa_03.tif"
"https://visualizador.ide.uy/descargas/datos/CN_Remesa_03/02_Ortoimagenes/01_RGBI_16bits/P23B4_RGBI_16_Remesa_03.tif","P23B4_RGBI_16_Remesa_03.tif"
"https://visualizador.ide.uy/descargas/datos/CN_Remesa_03/02_Ortoimagenes/01_RGBI_16bits/P23B5_RGBI_16_Remesa_03.tif","P23B5_RGBI_16_Remesa_03.tif"
"https://visualizador.ide.uy/descargas/datos/CN_Remesa_03/02_Ortoimagenes/01_RGBI_16bits/P23B6_RGBI_16_Remesa_03.tif","P23B6_RGBI_16_Remesa_03.tif"
"https://visualizador.ide.uy/descargas/datos/CN_Remesa_03/02_Ortoimagenes/01_RGBI_16bits/P23C1_RGBI_16_Remesa_03.tif","P23C1_RGBI_16_Remesa_03.tif"
"https://visualizador.ide.uy/descargas/datos/CN_Remesa_03/02_Ortoimagenes/01_RGBI_16bits/P23C2_RGBI_16_Remesa_03.tif","P23C2_RGBI_16_Remesa_03.tif"
"https://visualizador.ide.uy/descargas/datos/CN_Remesa_03/02_Ortoimagenes/01_RGBI_16bits/P23C3_RGBI_16_Remesa_03.tif","P23C3_RGBI_16_Remesa_03.tif"
"https://visualizador.ide.uy/descargas/datos/CN_Remesa_03/02_Ortoimagenes/01_RGBI_16bits/P23C4_RGBI_16_Remesa_03.tif","P23C4_RGBI_16_Remesa_03.tif"
"https://visualizador.ide.uy/descargas/datos/CN_Remesa_03/02_Ortoimagenes/01_RGBI_16bits/P23C5_RGBI_16_Remesa_03.tif","P23C5_RGBI_16_Remesa_03.tif"
"https://visualizador.ide.uy/descargas/datos/CN_Remesa_03/02_Ortoimagenes/01_RGBI_16bits/P23C6_RGBI_16_Remesa_03.tif","P23C6_RGBI_16_Remesa_03.tif"
"https://visualizador.ide.uy/descargas/datos/CN_Remesa_03/02_Ortoimagenes/01_RGBI_16bits/P23D1_RGBI_16_Remesa_03.tif","P23D1_RGBI_16_Remesa_03.tif"
"https://visualizador.ide.uy/descargas/datos/CN_Remesa_03/02_Ortoimagenes/01_RGBI_16bits/P23D2_RGBI_16_Remesa_03.tif","P23D2_RGBI_16_Remesa_03.tif"
"https://visualizador.ide.uy/descargas/datos/CN_Remesa_03/02_Ortoimagenes/01_RGBI_16bits/P23D3_RGBI_16_Remesa_03.tif","P23D3_RGBI_16_Remesa_03.tif"
"https://visualizador.ide.uy/descargas/datos/CN_Remesa_03/02_Ortoimagenes/01_RGBI_16bits/P23D4_RGBI_16_Remesa_03.tif","P23D4_RGBI_16_Remesa_03.tif"
"https://visualizador.ide.uy/descargas/datos/CN_Remesa_03/02_Ortoimagenes/01_RGBI_16bits/P23D5_RGBI_16_Remesa_03.tif","P23D5_RGBI_16_Remesa_03.tif"
"https://visualizador.ide.uy/descargas/datos/CN_Remesa_03/02_Ortoimagenes/01_RGBI_16bits/P23D6_RGBI_16_Remesa_03.tif","P23D6_RGBI_16_Remesa_03.tif"
"https://visualizador.ide.uy/descargas/datos/CN_Remesa_03/02_Ortoimagenes/01_RGBI_16bits/P24A1_RGBI_16_Remesa_03.tif","P24A1_RGBI_16_Remesa_03.tif"
"https://visualizador.ide.uy/descargas/datos/CN_Remesa_03/02_Ortoimagenes/01_RGBI_16bits/P24A2_RGBI_16_Remesa_03.tif","P24A2_RGBI_16_Remesa_03.tif"
"https://visualizador.ide.uy/descargas/datos/CN_Remesa_03/02_Ortoimagenes/01_RGBI_16bits/P24A3_RGBI_16_Remesa_03.tif","P24A3_RGBI_16_Remesa_03.tif"
"https://visualizador.ide.uy/descargas/datos/CN_Remesa_03/02_Ortoimagenes/01_RGBI_16bits/P24A4_RGBI_16_Remesa_03.tif","P24A4_RGBI_16_Remesa_03.tif"
"https://visualizador.ide.uy/descargas/datos/CN_Remesa_03/02_Ortoimagenes/01_RGBI_16bits/P24A5_RGBI_16_Remesa_03.tif","P24A5_RGBI_16_Remesa_03.tif"
"https://visualizador.ide.uy/descargas/datos/CN_Remesa_03/02_Ortoimagenes/01_RGBI_16bits/P24A6_RGBI_16_Remesa_03.tif","P24A6_RGBI_16_Remesa_03.tif"
"https://visualizador.ide.uy/descargas/datos/CN_Remesa_03/02_Ortoimagenes/01_RGBI_16bits/P24B1_RGBI_16_Remesa_03.tif","P24B1_RGBI_16_Remesa_03.tif"
"https://visualizador.ide.uy/descargas/datos/CN_Remesa_03/02_Ortoimagenes/01_RGBI_16bits/P24B2_RGBI_16_Remesa_03.tif","P24B2_RGBI_16_Remesa_03.tif"
"https://visualizador.ide.uy/descargas/datos/CN_Remesa_03/02_Ortoimagenes/01_RGBI_16bits/P24B3_RGBI_16_Remesa_03.tif","P24B3_RGBI_16_Remesa_03.tif"
"https://visualizador.ide.uy/descargas/datos/CN_Remesa_03/02_Ortoimagenes/01_RGBI_16bits/P24B4_RGBI_16_Remesa_03.tif","P24B4_RGBI_16_Remesa_03.tif"
"https://visualizador.ide.uy/descargas/datos/CN_Remesa_03/02_Ortoimagenes/01_RGBI_16bits/P24B5_RGBI_16_Remesa_03.tif","P24B5_RGBI_16_Remesa_03.tif"
"https://visualizador.ide.uy/descargas/datos/CN_Remesa_03/02_Ortoimagenes/01_RGBI_16bits/P24B6_RGBI_16_Remesa_03.tif","P24B6_RGBI_16_Remesa_03.tif"
"https://visualizador.ide.uy/descargas/datos/CN_Remesa_03/02_Ortoimagenes/01_RGBI_16bits/P24C1_RGBI_16_Remesa_03.tif","P24C1_RGBI_16_Remesa_03.tif"
"https://visualizador.ide.uy/descargas/datos/CN_Remesa_03/02_Ortoimagenes/01_RGBI_16bits/P24C2_RGBI_16_Remesa_03.tif","P24C2_RGBI_16_Remesa_03.tif"
"https://visualizador.ide.uy/descargas/datos/CN_Remesa_03/02_Ortoimagenes/01_RGBI_16bits/P24C3_RGBI_16_Remesa_03.tif","P24C3_RGBI_16_Remesa_03.tif"
"https://visualizador.ide.uy/descargas/datos/CN_Remesa_03/02_Ortoimagenes/01_RGBI_16bits/P24C4_RGBI_16_Remesa_03.tif","P24C4_RGBI_16_Remesa_03.tif"
"https://visualizador.ide.uy/descargas/datos/CN_Remesa_03/02_Ortoimagenes/01_RGBI_16bits/P24C5_RGBI_16_Remesa_03.tif","P24C5_RGBI_16_Remesa_03.tif"
"https://visualizador.ide.uy/descargas/datos/CN_Remesa_03/02_Ortoimagenes/01_RGBI_16bits/P24C6_RGBI_16_Remesa_03.tif","P24C6_RGBI_16_Remesa_03.tif"
"https://visualizador.ide.uy/descargas/datos/CN_Remesa_03/02_Ortoimagenes/01_RGBI_16bits/P24D1_RGBI_16_Remesa_03.tif","P24D1_RGBI_16_Remesa_03.tif"
"https://visualizador.ide.uy/descargas/datos/CN_Remesa_03/02_Ortoimagenes/01_RGBI_16bits/P24D2_RGBI_16_Remesa_03.tif","P24D2_RGBI_16_Remesa_03.tif"
"https://visualizador.ide.uy/descargas/datos/CN_Remesa_03/02_Ortoimagenes/01_RGBI_16bits/P24D3_RGBI_16_Remesa_03.tif","P24D3_RGBI_16_Remesa_03.tif"
"https://visualizador.ide.uy/descargas/datos/CN_Remesa_03/02_Ortoimagenes/01_RGBI_16bits/P24D4_RGBI_16_Remesa_03.tif","P24D4_RGBI_16_Remesa_03.tif"
"https://visualizador.ide.uy/descargas/datos/CN_Remesa_03/02_Ortoimagenes/01_RGBI_16bits/P24D5_RGBI_16_Remesa_03.tif","P24D5_RGBI_16_Remesa_03.tif"
"https://visualizador.ide.uy/descargas/datos/CN_Remesa_03/02_Ortoimagenes/01_RGBI_16bits/P24D6_RGBI_16_Remesa_03.tif","P24D6_RGBI_16_Remesa_03.tif"
"https://visualizador.ide.uy/descargas/datos/CN_Remesa_03/02_Ortoimagenes/01_RGBI_16bits/P25A1_RGBI_16_Remesa_03.tif","P25A1_RGBI_16_Remesa_03.tif"
"https://visualizador.ide.uy/descargas/datos/CN_Remesa_03/02_Ortoimagenes/01_RGBI_16bits/P25A2_RGBI_16_Remesa_03.tif","P25A2_RGBI_16_Remesa_03.tif"
"https://visualizador.ide.uy/descargas/datos/CN_Remesa_03/02_Ortoimagenes/01_RGBI_16bits/P25A3_RGBI_16_Remesa_03.tif","P25A3_RGBI_16_Remesa_03.tif"
"https://visualizador.ide.uy/descargas/datos/CN_Remesa_03/02_Ortoimagenes/01_RGBI_16bits/P25A4_RGBI_16_Remesa_03.tif","P25A4_RGBI_16_Remesa_03.tif"
"https://visualizador.ide.uy/descargas/datos/CN_Remesa_03/02_Ortoimagenes/01_RGBI_16bits/P25A5_RGBI_16_Remesa_03.tif","P25A5_RGBI_16_Remesa_03.tif"
"https://visualizador.ide.uy/descargas/datos/CN_Remesa_03/02_Ortoimagenes/01_RGBI_16bits/P25A6_RGBI_16_Remesa_03.tif","P25A6_RGBI_16_Remesa_03.tif"
"https://visualizador.ide.uy/descargas/datos/CN_Remesa_03/02_Ortoimagenes/01_RGBI_16bits/P25B1_RGBI_16_Remesa_03.tif","P25B1_RGBI_16_Remesa_03.tif"
"https://visualizador.ide.uy/descargas/datos/CN_Remesa_03/02_Ortoimagenes/01_RGBI_16bits/P25B2_RGBI_16_Remesa_03.tif","P25B2_RGBI_16_Remesa_03.tif"
"https://visualizador.ide.uy/descargas/datos/CN_Remesa_03/02_Ortoimagenes/01_RGBI_16bits/P25B3_RGBI_16_Remesa_03.tif","P25B3_RGBI_16_Remesa_03.tif"
"https://visualizador.ide.uy/descargas/datos/CN_Remesa_03/02_Ortoimagenes/01_RGBI_16bits/P25B4_RGBI_16_Remesa_03.tif","P25B4_RGBI_16_Remesa_03.tif"
"https://visualizador.ide.uy/descargas/datos/CN_Remesa_03/02_Ortoimagenes/01_RGBI_16bits/P25B5_RGBI_16_Remesa_03.tif","P25B5_RGBI_16_Remesa_03.tif"
"https://visualizador.ide.uy/descargas/datos/CN_Remesa_03/02_Ortoimagenes/01_RGBI_16bits/P25B6_RGBI_16_Remesa_03.tif","P25B6_RGBI_16_Remesa_03.tif"
"https://visualizador.ide.uy/descargas/datos/CN_Remesa_03/02_Ortoimagenes/01_RGBI_16bits/P25C2_RGBI_16_Remesa_03.tif","P25C2_RGBI_16_Remesa_03.tif"
"https://visualizador.ide.uy/descargas/datos/CN_Remesa_03/02_Ortoimagenes/01_RGBI_16bits/P25C3_RGBI_16_Remesa_03.tif","P25C3_RGBI_16_Remesa_03.tif"
"https://visualizador.ide.uy/descargas/datos/CN_Remesa_03/02_Ortoimagenes/01_RGBI_16bits/P25C4_RGBI_16_Remesa_03.tif","P25C4_RGBI_16_Remesa_03.tif"
"https://visualizador.ide.uy/descargas/datos/CN_Remesa_03/02_Ortoimagenes/01_RGBI_16bits/P25C5_RGBI_16_Remesa_03.tif","P25C5_RGBI_16_Remesa_03.tif"
"https://visualizador.ide.uy/descargas/datos/CN_Remesa_03/02_Ortoimagenes/01_RGBI_16bits/P25C6_RGBI_16_Remesa_03.tif","P25C6_RGBI_16_Remesa_03.tif"
"https://visualizador.ide.uy/descargas/datos/CN_Remesa_03/02_Ortoimagenes/01_RGBI_16bits/P25D1_RGBI_16_Remesa_03.tif","P25D1_RGBI_16_Remesa_03.tif"
"https://visualizador.ide.uy/descargas/datos/CN_Remesa_03/02_Ortoimagenes/01_RGBI_16bits/P25D2_RGBI_16_Remesa_03.tif","P25D2_RGBI_16_Remesa_03.tif"
"https://visualizador.ide.uy/descargas/datos/CN_Remesa_03/02_Ortoimagenes/01_RGBI_16bits/P25D3_RGBI_16_Remesa_03.tif","P25D3_RGBI_16_Remesa_03.tif"
"https://visualizador.ide.uy/descargas/datos/CN_Remesa_03/02_Ortoimagenes/01_RGBI_16bits/P25D4_RGBI_16_Remesa_03.tif","P25D4_RGBI_16_Remesa_03.tif"
"https://visualizador.ide.uy/descargas/datos/CN_Remesa_03/02_Ortoimagenes/01_RGBI_16bits/P25D5_RGBI_16_Remesa_03.tif","P25D5_RGBI_16_Remesa_03.tif"
"https://visualizador.ide.uy/descargas/datos/CN_Remesa_03/02_Ortoimagenes/01_RGBI_16bits/P25D6_RGBI_16_Remesa_03.tif","P25D6_RGBI_16_Remesa_03.tif"
"https://visualizador.ide.uy/descargas/datos/CN_Remesa_03/02_Ortoimagenes/01_RGBI_16bits/P26B1_RGBI_16_Remesa_03.tif","P26B1_RGBI_16_Remesa_03.tif"
"https://visualizador.ide.uy/descargas/datos/CN_Remesa_03/02_Ortoimagenes/01_RGBI_16bits/P26B2_RGBI_16_Remesa_03.tif","P26B2_RGBI_16_Remesa_03.tif"
"https://visualizador.ide.uy/descargas/datos/CN_Remesa_03/02_Ortoimagenes/01_RGBI_16bits/P26B3_RGBI_16_Remesa_03.tif","P26B3_RGBI_16_Remesa_03.tif"
"https://visualizador.ide.uy/descargas/datos/CN_Remesa_03/02_Ortoimagenes/01_RGBI_16bits/P26B4_RGBI_16_Remesa_03.tif","P26B4_RGBI_16_Remesa_03.tif"
"https://visualizador.ide.uy/descargas/datos/CN_Remesa_03/02_Ortoimagenes/01_RGBI_16bits/P26B5_RGBI_16_Remesa_03.tif","P26B5_RGBI_16_Remesa_03.tif"
"https://visualizador.ide.uy/descargas/datos/CN_Remesa_03/02_Ortoimagenes/01_RGBI_16bits/P26B6_RGBI_16_Remesa_03.tif","P26B6_RGBI_16_Remesa_03.tif"
"https://visualizador.ide.uy/descargas/datos/CN_Remesa_03/02_Ortoimagenes/01_RGBI_16bits/P26D3_RGBI_16_Remesa_03.tif","P26D3_RGBI_16_Remesa_03.tif"
"https://visualizador.ide.uy/descargas/datos/CN_Remesa_03/02_Ortoimagenes/01_RGBI_16bits/P26D6_RGBI_16_Remesa_03.tif","P26D6_RGBI_16_Remesa_03.tif"
"https://visualizador.ide.uy/descargas/datos/CN_Remesa_03/02_Ortoimagenes/01_RGBI_16bits/R20B3_RGBI_16_Remesa_03.tif","R20B3_RGBI_16_Remesa_03.tif"
"https://visualizador.ide.uy/descargas/datos/CN_Remesa_03/02_Ortoimagenes/01_RGBI_16bits/R20B6_RGBI_16_Remesa_03.tif","R20B6_RGBI_16_Remesa_03.tif"
"https://visualizador.ide.uy/descargas/datos/CN_Remesa_03/02_Ortoimagenes/01_RGBI_16bits/R20D3_RGBI_16_Remesa_03.tif","R20D3_RGBI_16_Remesa_03.tif"
"https://visualizador.ide.uy/descargas/datos/CN_Remesa_03/02_Ortoimagenes/01_RGBI_16bits/R20D6_RGBI_16_Remesa_03.tif","R20D6_RGBI_16_Remesa_03.tif"
"https://visualizador.ide.uy/descargas/datos/CN_Remesa_03/02_Ortoimagenes/01_RGBI_16bits/R21B2_RGBI_16_Remesa_03.tif","R21B2_RGBI_16_Remesa_03.tif"
"https://visualizador.ide.uy/descargas/datos/CN_Remesa_03/02_Ortoimagenes/01_RGBI_16bits/R21B3_RGBI_16_Remesa_03.tif","R21B3_RGBI_16_Remesa_03.tif"
"https://visualizador.ide.uy/descargas/datos/CN_Remesa_03/02_Ortoimagenes/01_RGBI_16bits/R21B5_RGBI_16_Remesa_03.tif","R21B5_RGBI_16_Remesa_03.tif"
"https://visualizador.ide.uy/descargas/datos/CN_Remesa_03/02_Ortoimagenes/01_RGBI_16bits/R21B6_RGBI_16_Remesa_03.tif","R21B6_RGBI_16_Remesa_03.tif"
"https://visualizador.ide.uy/descargas/datos/CN_Remesa_03/02_Ortoimagenes/01_RGBI_16bits/R21D2_RGBI_16_Remesa_03.tif","R21D2_RGBI_16_Remesa_03.tif"
"https://visualizador.ide.uy/descargas/datos/CN_Remesa_03/02_Ortoimagenes/01_RGBI_16bits/R21D3_RGBI_16_Remesa_03.tif","R21D3_RGBI_16_Remesa_03.tif"
"https://visualizador.ide.uy/descargas/datos/CN_Remesa_03/02_Ortoimagenes/01_RGBI_16bits/R21D5_RGBI_16_Remesa_03.tif","R21D5_RGBI_16_Remesa_03.tif"
"https://visualizador.ide.uy/descargas/datos/CN_Remesa_03/02_Ortoimagenes/01_RGBI_16bits/R21D6_RGBI_16_Remesa_03.tif","R21D6_RGBI_16_Remesa_03.tif"
"https://visualizador.ide.uy/descargas/datos/CN_Remesa_03/02_Ortoimagenes/01_RGBI_16bits/R22B2_RGBI_16_Remesa_03.tif","R22B2_RGBI_16_Remesa_03.tif"
"https://visualizador.ide.uy/descargas/datos/CN_Remesa_03/02_Ortoimagenes/01_RGBI_16bits/R22B3_RGBI_16_Remesa_03.tif","R22B3_RGBI_16_Remesa_03.tif"
"https://visualizador.ide.uy/descargas/datos/CN_Remesa_03/02_Ortoimagenes/01_RGBI_16bits/R22B5_RGBI_16_Remesa_03.tif","R22B5_RGBI_16_Remesa_03.tif"
"https://visualizador.ide.uy/descargas/datos/CN_Remesa_03/02_Ortoimagenes/01_RGBI_16bits/R22B6_RGBI_16_Remesa_03.tif","R22B6_RGBI_16_Remesa_03.tif"
"https://visualizador.ide.uy/descargas/datos/CN_Remesa_03/02_Ortoimagenes/01_RGBI_16bits/R22D2_RGBI_16_Remesa_03.tif","R22D2_RGBI_16_Remesa_03.tif"
"https://visualizador.ide.uy/descargas/datos/CN_Remesa_03/02_Ortoimagenes/01_RGBI_16bits/R22D3_RGBI_16_Remesa_03.tif","R22D3_RGBI_16_Remesa_03.tif"
"https://visualizador.ide.uy/descargas/datos/CN_Remesa_03/02_Ortoimagenes/01_RGBI_16bits/R22D5_RGBI_16_Remesa_03.tif","R22D5_RGBI_16_Remesa_03.tif"
"https://visualizador.ide.uy/descargas/datos/CN_Remesa_03/02_Ortoimagenes/01_RGBI_16bits/R22D6_RGBI_16_Remesa_03.tif","R22D6_RGBI_16_Remesa_03.tif"
"https://visualizador.ide.uy/descargas/datos/CN_Remesa_03/02_Ortoimagenes/01_RGBI_16bits/R23B2_RGBI_16_Remesa_03.tif","R23B2_RGBI_16_Remesa_03.tif"
"https://visualizador.ide.uy/descargas/datos/CN_Remesa_03/02_Ortoimagenes/01_RGBI_16bits/R23B3_RGBI_16_Remesa_03.tif","R23B3_RGBI_16_Remesa_03.tif"
"https://visualizador.ide.uy/descargas/datos/CN_Remesa_03/02_Ortoimagenes/01_RGBI_16bits/R23B5_RGBI_16_Remesa_03.tif","R23B5_RGBI_16_Remesa_03.tif"
"https://visualizador.ide.uy/descargas/datos/CN_Remesa_03/02_Ortoimagenes/01_RGBI_16bits/R23B6_RGBI_16_Remesa_03.tif","R23B6_RGBI_16_Remesa_03.tif"
"https://visualizador.ide.uy/descargas/datos/CN_Remesa_03/02_Ortoimagenes/01_RGBI_16bits/R23D2_RGBI_16_Remesa_03.tif","R23D2_RGBI_16_Remesa_03.tif"
"https://visualizador.ide.uy/descargas/datos/CN_Remesa_03/02_Ortoimagenes/01_RGBI_16bits/R23D3_RGBI_16_Remesa_03.tif","R23D3_RGBI_16_Remesa_03.tif"
"https://visualizador.ide.uy/descargas/datos/CN_Remesa_03/02_Ortoimagenes/01_RGBI_16bits/R23D5_RGBI_16_Remesa_03.tif","R23D5_RGBI_16_Remesa_03.tif"
"https://visualizador.ide.uy/descargas/datos/CN_Remesa_03/02_Ortoimagenes/01_RGBI_16bits/R23D6_RGBI_16_Remesa_03.tif","R23D6_RGBI_16_Remesa_03.tif"
"https://visualizador.ide.uy/descargas/datos/CN_Remesa_03/02_Ortoimagenes/01_RGBI_16bits/R24B2_RGBI_16_Remesa_03.tif","R24B2_RGBI_16_Remesa_03.tif"
"https://visualizador.ide.uy/descargas/datos/CN_Remesa_03/02_Ortoimagenes/01_RGBI_16bits/R24B3_RGBI_16_Remesa_03.tif","R24B3_RGBI_16_Remesa_03.tif"
"https://visualizador.ide.uy/descargas/datos/CN_Remesa_03/02_Ortoimagenes/01_RGBI_16bits/R24B5_RGBI_16_Remesa_03.tif","R24B5_RGBI_16_Remesa_03.tif"
"https://visualizador.ide.uy/descargas/datos/CN_Remesa_03/02_Ortoimagenes/01_RGBI_16bits/R24B6_RGBI_16_Remesa_03.tif","R24B6_RGBI_16_Remesa_03.tif"
"https://visualizador.ide.uy/descargas/datos/CN_Remesa_03/02_Ortoimagenes/01_RGBI_16bits/R24D2_RGBI_16_Remesa_03.tif","R24D2_RGBI_16_Remesa_03.tif"
"https://visualizador.ide.uy/descargas/datos/CN_Remesa_03/02_Ortoimagenes/01_RGBI_16bits/R24D3_RGBI_16_Remesa_03.tif","R24D3_RGBI_16_Remesa_03.tif"
"https://visualizador.ide.uy/descargas/datos/CN_Remesa_03/02_Ortoimagenes/01_RGBI_16bits/R24D5_RGBI_16_Remesa_03.tif","R24D5_RGBI_16_Remesa_03.tif"
"https://visualizador.ide.uy/descargas/datos/CN_Remesa_03/02_Ortoimagenes/01_RGBI_16bits/R24D6_RGBI_16_Remesa_03.tif","R24D6_RGBI_16_Remesa_03.tif"
