"href","text"
"https://visualizador.ide.uy/descargas/datos/CN_Remesa_11/01_MDT/01_MDT_LAS_Resolucion_250cm/?C=N;O=D","Nombre:"
"https://visualizador.ide.uy/descargas/datos/CN_Remesa_11/01_MDT/01_MDT_LAS_Resolucion_250cm/?C=S;O=A","Size"
"https://visualizador.ide.uy/descargas/datos/CN_Remesa_11/01_MDT/","Parent Directory"
"https://visualizador.ide.uy/descargas/datos/CN_Remesa_11/01_MDT/01_MDT_LAS_Resolucion_250cm/E10C1_MDT_Remesa_11.las","E10C1_MDT_Remesa_11.las"
"https://visualizador.ide.uy/descargas/datos/CN_Remesa_11/01_MDT/01_MDT_LAS_Resolucion_250cm/E10C2_MDT_Remesa_11.las","E10C2_MDT_Remesa_11.las"
"https://visualizador.ide.uy/descargas/datos/CN_Remesa_11/01_MDT/01_MDT_LAS_Resolucion_250cm/E10C4_MDT_Remesa_11.las","E10C4_MDT_Remesa_11.las"
"https://visualizador.ide.uy/descargas/datos/CN_Remesa_11/01_MDT/01_MDT_LAS_Resolucion_250cm/E10C5_MDT_Remesa_11.las","E10C5_MDT_Remesa_11.las"
"https://visualizador.ide.uy/descargas/datos/CN_Remesa_11/01_MDT/01_MDT_LAS_Resolucion_250cm/E10C6_MDT_Remesa_11.las","E10C6_MDT_Remesa_11.las"
"https://visualizador.ide.uy/descargas/datos/CN_Remesa_11/01_MDT/01_MDT_LAS_Resolucion_250cm/E10D4_MDT_Remesa_11.las","E10D4_MDT_Remesa_11.las"
"https://visualizador.ide.uy/descargas/datos/CN_Remesa_11/01_MDT/01_MDT_LAS_Resolucion_250cm/E11A1_MDT_Remesa_11.las","E11A1_MDT_Remesa_11.las"
"https://visualizador.ide.uy/descargas/datos/CN_Remesa_11/01_MDT/01_MDT_LAS_Resolucion_250cm/E11A2_MDT_Remesa_11.las","E11A2_MDT_Remesa_11.las"
"https://visualizador.ide.uy/descargas/datos/CN_Remesa_11/01_MDT/01_MDT_LAS_Resolucion_250cm/E11A3_MDT_Remesa_11.las","E11A3_MDT_Remesa_11.las"
"https://visualizador.ide.uy/descargas/datos/CN_Remesa_11/01_MDT/01_MDT_LAS_Resolucion_250cm/E11A4_MDT_Remesa_11.las","E11A4_MDT_Remesa_11.las"
"https://visualizador.ide.uy/descargas/datos/CN_Remesa_11/01_MDT/01_MDT_LAS_Resolucion_250cm/E11A5_MDT_Remesa_11.las","E11A5_MDT_Remesa_11.las"
"https://visualizador.ide.uy/descargas/datos/CN_Remesa_11/01_MDT/01_MDT_LAS_Resolucion_250cm/E11A6_MDT_Remesa_11.las","E11A6_MDT_Remesa_11.las"
"https://visualizador.ide.uy/descargas/datos/CN_Remesa_11/01_MDT/01_MDT_LAS_Resolucion_250cm/E11B1_MDT_Remesa_11.las","E11B1_MDT_Remesa_11.las"
"https://visualizador.ide.uy/descargas/datos/CN_Remesa_11/01_MDT/01_MDT_LAS_Resolucion_250cm/E11B4_MDT_Remesa_11.las","E11B4_MDT_Remesa_11.las"
"https://visualizador.ide.uy/descargas/datos/CN_Remesa_11/01_MDT/01_MDT_LAS_Resolucion_250cm/E11B5_MDT_Remesa_11.las","E11B5_MDT_Remesa_11.las"
"https://visualizador.ide.uy/descargas/datos/CN_Remesa_11/01_MDT/01_MDT_LAS_Resolucion_250cm/E11C1_MDT_Remesa_11.las","E11C1_MDT_Remesa_11.las"
"https://visualizador.ide.uy/descargas/datos/CN_Remesa_11/01_MDT/01_MDT_LAS_Resolucion_250cm/E11C2_MDT_Remesa_11.las","E11C2_MDT_Remesa_11.las"
"https://visualizador.ide.uy/descargas/datos/CN_Remesa_11/01_MDT/01_MDT_LAS_Resolucion_250cm/E11C3_MDT_Remesa_11.las","E11C3_MDT_Remesa_11.las"
"https://visualizador.ide.uy/descargas/datos/CN_Remesa_11/01_MDT/01_MDT_LAS_Resolucion_250cm/E11D1_MDT_Remesa_11.las","E11D1_MDT_Remesa_11.las"
"https://visualizador.ide.uy/descargas/datos/CN_Remesa_11/01_MDT/01_MDT_LAS_Resolucion_250cm/E11D2_MDT_Remesa_11.las","E11D2_MDT_Remesa_11.las"
"https://visualizador.ide.uy/descargas/datos/CN_Remesa_11/01_MDT/01_MDT_LAS_Resolucion_250cm/F09C1_MDT_Remesa_11.las","F09C1_MDT_Remesa_11.las"
"https://visualizador.ide.uy/descargas/datos/CN_Remesa_11/01_MDT/01_MDT_LAS_Resolucion_250cm/F09C2_MDT_Remesa_11.las","F09C2_MDT_Remesa_11.las"
"https://visualizador.ide.uy/descargas/datos/CN_Remesa_11/01_MDT/01_MDT_LAS_Resolucion_250cm/F09C4_MDT_Remesa_11.las","F09C4_MDT_Remesa_11.las"
"https://visualizador.ide.uy/descargas/datos/CN_Remesa_11/01_MDT/01_MDT_LAS_Resolucion_250cm/F09C5_MDT_Remesa_11.las","F09C5_MDT_Remesa_11.las"
"https://visualizador.ide.uy/descargas/datos/CN_Remesa_11/01_MDT/01_MDT_LAS_Resolucion_250cm/F10A1_MDT_Remesa_11.las","F10A1_MDT_Remesa_11.las"
"https://visualizador.ide.uy/descargas/datos/CN_Remesa_11/01_MDT/01_MDT_LAS_Resolucion_250cm/F10A2_MDT_Remesa_11.las","F10A2_MDT_Remesa_11.las"
"https://visualizador.ide.uy/descargas/datos/CN_Remesa_11/01_MDT/01_MDT_LAS_Resolucion_250cm/F10A3_MDT_Remesa_11.las","F10A3_MDT_Remesa_11.las"
"https://visualizador.ide.uy/descargas/datos/CN_Remesa_11/01_MDT/01_MDT_LAS_Resolucion_250cm/F10A4_MDT_Remesa_11.las","F10A4_MDT_Remesa_11.las"
"https://visualizador.ide.uy/descargas/datos/CN_Remesa_11/01_MDT/01_MDT_LAS_Resolucion_250cm/F10A5_MDT_Remesa_11.las","F10A5_MDT_Remesa_11.las"
"https://visualizador.ide.uy/descargas/datos/CN_Remesa_11/01_MDT/01_MDT_LAS_Resolucion_250cm/F10A6_MDT_Remesa_11.las","F10A6_MDT_Remesa_11.las"
"https://visualizador.ide.uy/descargas/datos/CN_Remesa_11/01_MDT/01_MDT_LAS_Resolucion_250cm/F10B4_MDT_Remesa_11.las","F10B4_MDT_Remesa_11.las"
"https://visualizador.ide.uy/descargas/datos/CN_Remesa_11/01_MDT/01_MDT_LAS_Resolucion_250cm/F10C1_MDT_Remesa_11.las","F10C1_MDT_Remesa_11.las"
"https://visualizador.ide.uy/descargas/datos/CN_Remesa_11/01_MDT/01_MDT_LAS_Resolucion_250cm/F10C2_MDT_Remesa_11.las","F10C2_MDT_Remesa_11.las"
"https://visualizador.ide.uy/descargas/datos/CN_Remesa_11/01_MDT/01_MDT_LAS_Resolucion_250cm/F10C3_MDT_Remesa_11.las","F10C3_MDT_Remesa_11.las"
"https://visualizador.ide.uy/descargas/datos/CN_Remesa_11/01_MDT/01_MDT_LAS_Resolucion_250cm/F10C4_MDT_Remesa_11.las","F10C4_MDT_Remesa_11.las"
"https://visualizador.ide.uy/descargas/datos/CN_Remesa_11/01_MDT/01_MDT_LAS_Resolucion_250cm/F10C5_MDT_Remesa_11.las","F10C5_MDT_Remesa_11.las"
"https://visualizador.ide.uy/descargas/datos/CN_Remesa_11/01_MDT/01_MDT_LAS_Resolucion_250cm/F10C6_MDT_Remesa_11.las","F10C6_MDT_Remesa_11.las"
"https://visualizador.ide.uy/descargas/datos/CN_Remesa_11/01_MDT/01_MDT_LAS_Resolucion_250cm/F10D1_MDT_Remesa_11.las","F10D1_MDT_Remesa_11.las"
"https://visualizador.ide.uy/descargas/datos/CN_Remesa_11/01_MDT/01_MDT_LAS_Resolucion_250cm/F10D2_MDT_Remesa_11.las","F10D2_MDT_Remesa_11.las"
"https://visualizador.ide.uy/descargas/datos/CN_Remesa_11/01_MDT/01_MDT_LAS_Resolucion_250cm/F10D3_MDT_Remesa_11.las","F10D3_MDT_Remesa_11.las"
"https://visualizador.ide.uy/descargas/datos/CN_Remesa_11/01_MDT/01_MDT_LAS_Resolucion_250cm/F10D4_MDT_Remesa_11.las","F10D4_MDT_Remesa_11.las"
"https://visualizador.ide.uy/descargas/datos/CN_Remesa_11/01_MDT/01_MDT_LAS_Resolucion_250cm/F10D5_MDT_Remesa_11.las","F10D5_MDT_Remesa_11.las"
"https://visualizador.ide.uy/descargas/datos/CN_Remesa_11/01_MDT/01_MDT_LAS_Resolucion_250cm/F10D6_MDT_Remesa_11.las","F10D6_MDT_Remesa_11.las"
"https://visualizador.ide.uy/descargas/datos/CN_Remesa_11/01_MDT/01_MDT_LAS_Resolucion_250cm/F11A1_MDT_Remesa_11.las","F11A1_MDT_Remesa_11.las"
"https://visualizador.ide.uy/descargas/datos/CN_Remesa_11/01_MDT/01_MDT_LAS_Resolucion_250cm/F11A2_MDT_Remesa_11.las","F11A2_MDT_Remesa_11.las"
"https://visualizador.ide.uy/descargas/datos/CN_Remesa_11/01_MDT/01_MDT_LAS_Resolucion_250cm/F11A3_MDT_Remesa_11.las","F11A3_MDT_Remesa_11.las"
"https://visualizador.ide.uy/descargas/datos/CN_Remesa_11/01_MDT/01_MDT_LAS_Resolucion_250cm/F11A4_MDT_Remesa_11.las","F11A4_MDT_Remesa_11.las"
"https://visualizador.ide.uy/descargas/datos/CN_Remesa_11/01_MDT/01_MDT_LAS_Resolucion_250cm/F11A5_MDT_Remesa_11.las","F11A5_MDT_Remesa_11.las"
"https://visualizador.ide.uy/descargas/datos/CN_Remesa_11/01_MDT/01_MDT_LAS_Resolucion_250cm/F11A6_MDT_Remesa_11.las","F11A6_MDT_Remesa_11.las"
"https://visualizador.ide.uy/descargas/datos/CN_Remesa_11/01_MDT/01_MDT_LAS_Resolucion_250cm/F11B1_MDT_Remesa_11.las","F11B1_MDT_Remesa_11.las"
"https://visualizador.ide.uy/descargas/datos/CN_Remesa_11/01_MDT/01_MDT_LAS_Resolucion_250cm/F11B2_MDT_Remesa_11.las","F11B2_MDT_Remesa_11.las"
"https://visualizador.ide.uy/descargas/datos/CN_Remesa_11/01_MDT/01_MDT_LAS_Resolucion_250cm/F11B3_MDT_Remesa_11.las","F11B3_MDT_Remesa_11.las"
"https://visualizador.ide.uy/descargas/datos/CN_Remesa_11/01_MDT/01_MDT_LAS_Resolucion_250cm/F11B4_MDT_Remesa_11.las","F11B4_MDT_Remesa_11.las"
"https://visualizador.ide.uy/descargas/datos/CN_Remesa_11/01_MDT/01_MDT_LAS_Resolucion_250cm/F11B5_MDT_Remesa_11.las","F11B5_MDT_Remesa_11.las"
"https://visualizador.ide.uy/descargas/datos/CN_Remesa_11/01_MDT/01_MDT_LAS_Resolucion_250cm/F11B6_MDT_Remesa_11.las","F11B6_MDT_Remesa_11.las"
"https://visualizador.ide.uy/descargas/datos/CN_Remesa_11/01_MDT/01_MDT_LAS_Resolucion_250cm/F11C1_MDT_Remesa_11.las","F11C1_MDT_Remesa_11.las"
"https://visualizador.ide.uy/descargas/datos/CN_Remesa_11/01_MDT/01_MDT_LAS_Resolucion_250cm/F11C2_MDT_Remesa_11.las","F11C2_MDT_Remesa_11.las"
"https://visualizador.ide.uy/descargas/datos/CN_Remesa_11/01_MDT/01_MDT_LAS_Resolucion_250cm/F11C3_MDT_Remesa_11.las","F11C3_MDT_Remesa_11.las"
"https://visualizador.ide.uy/descargas/datos/CN_Remesa_11/01_MDT/01_MDT_LAS_Resolucion_250cm/F11D1_MDT_Remesa_11.las","F11D1_MDT_Remesa_11.las"
"https://visualizador.ide.uy/descargas/datos/CN_Remesa_11/01_MDT/01_MDT_LAS_Resolucion_250cm/F11D2_MDT_Remesa_11.las","F11D2_MDT_Remesa_11.las"
"https://visualizador.ide.uy/descargas/datos/CN_Remesa_11/01_MDT/01_MDT_LAS_Resolucion_250cm/F11D3_MDT_Remesa_11.las","F11D3_MDT_Remesa_11.las"
"https://visualizador.ide.uy/descargas/datos/CN_Remesa_11/01_MDT/01_MDT_LAS_Resolucion_250cm/G08A1_MDT_Remesa_11.las","G08A1_MDT_Remesa_11.las"
"https://visualizador.ide.uy/descargas/datos/CN_Remesa_11/01_MDT/01_MDT_LAS_Resolucion_250cm/G08A4_MDT_Remesa_11.las","G08A4_MDT_Remesa_11.las"
"https://visualizador.ide.uy/descargas/datos/CN_Remesa_11/01_MDT/01_MDT_LAS_Resolucion_250cm/G08A5_MDT_Remesa_11.las","G08A5_MDT_Remesa_11.las"
"https://visualizador.ide.uy/descargas/datos/CN_Remesa_11/01_MDT/01_MDT_LAS_Resolucion_250cm/G08C1_MDT_Remesa_11.las","G08C1_MDT_Remesa_11.las"
"https://visualizador.ide.uy/descargas/datos/CN_Remesa_11/01_MDT/01_MDT_LAS_Resolucion_250cm/G08C2_MDT_Remesa_11.las","G08C2_MDT_Remesa_11.las"
"https://visualizador.ide.uy/descargas/datos/CN_Remesa_11/01_MDT/01_MDT_LAS_Resolucion_250cm/G08C4_MDT_Remesa_11.las","G08C4_MDT_Remesa_11.las"
"https://visualizador.ide.uy/descargas/datos/CN_Remesa_11/01_MDT/01_MDT_LAS_Resolucion_250cm/G08C5_MDT_Remesa_11.las","G08C5_MDT_Remesa_11.las"
"https://visualizador.ide.uy/descargas/datos/CN_Remesa_11/01_MDT/01_MDT_LAS_Resolucion_250cm/G08C6_MDT_Remesa_11.las","G08C6_MDT_Remesa_11.las"
"https://visualizador.ide.uy/descargas/datos/CN_Remesa_11/01_MDT/01_MDT_LAS_Resolucion_250cm/G09A1_MDT_Remesa_11.las","G09A1_MDT_Remesa_11.las"
"https://visualizador.ide.uy/descargas/datos/CN_Remesa_11/01_MDT/01_MDT_LAS_Resolucion_250cm/G09A2_MDT_Remesa_11.las","G09A2_MDT_Remesa_11.las"
"https://visualizador.ide.uy/descargas/datos/CN_Remesa_11/01_MDT/01_MDT_LAS_Resolucion_250cm/G09A3_MDT_Remesa_11.las","G09A3_MDT_Remesa_11.las"
"https://visualizador.ide.uy/descargas/datos/CN_Remesa_11/01_MDT/01_MDT_LAS_Resolucion_250cm/G09A4_MDT_Remesa_11.las","G09A4_MDT_Remesa_11.las"
"https://visualizador.ide.uy/descargas/datos/CN_Remesa_11/01_MDT/01_MDT_LAS_Resolucion_250cm/G09A5_MDT_Remesa_11.las","G09A5_MDT_Remesa_11.las"
"https://visualizador.ide.uy/descargas/datos/CN_Remesa_11/01_MDT/01_MDT_LAS_Resolucion_250cm/G09A6_MDT_Remesa_11.las","G09A6_MDT_Remesa_11.las"
"https://visualizador.ide.uy/descargas/datos/CN_Remesa_11/01_MDT/01_MDT_LAS_Resolucion_250cm/G09B4_MDT_Remesa_11.las","G09B4_MDT_Remesa_11.las"
"https://visualizador.ide.uy/descargas/datos/CN_Remesa_11/01_MDT/01_MDT_LAS_Resolucion_250cm/G09C1_MDT_Remesa_11.las","G09C1_MDT_Remesa_11.las"
"https://visualizador.ide.uy/descargas/datos/CN_Remesa_11/01_MDT/01_MDT_LAS_Resolucion_250cm/G09C2_MDT_Remesa_11.las","G09C2_MDT_Remesa_11.las"
"https://visualizador.ide.uy/descargas/datos/CN_Remesa_11/01_MDT/01_MDT_LAS_Resolucion_250cm/G09C3_MDT_Remesa_11.las","G09C3_MDT_Remesa_11.las"
"https://visualizador.ide.uy/descargas/datos/CN_Remesa_11/01_MDT/01_MDT_LAS_Resolucion_250cm/G09C4_MDT_Remesa_11.las","G09C4_MDT_Remesa_11.las"
"https://visualizador.ide.uy/descargas/datos/CN_Remesa_11/01_MDT/01_MDT_LAS_Resolucion_250cm/G09C5_MDT_Remesa_11.las","G09C5_MDT_Remesa_11.las"
"https://visualizador.ide.uy/descargas/datos/CN_Remesa_11/01_MDT/01_MDT_LAS_Resolucion_250cm/G09C6_MDT_Remesa_11.las","G09C6_MDT_Remesa_11.las"
"https://visualizador.ide.uy/descargas/datos/CN_Remesa_11/01_MDT/01_MDT_LAS_Resolucion_250cm/G09D1_MDT_Remesa_11.las","G09D1_MDT_Remesa_11.las"
"https://visualizador.ide.uy/descargas/datos/CN_Remesa_11/01_MDT/01_MDT_LAS_Resolucion_250cm/G09D2_MDT_Remesa_11.las","G09D2_MDT_Remesa_11.las"
"https://visualizador.ide.uy/descargas/datos/CN_Remesa_11/01_MDT/01_MDT_LAS_Resolucion_250cm/G09D4_MDT_Remesa_11.las","G09D4_MDT_Remesa_11.las"
"https://visualizador.ide.uy/descargas/datos/CN_Remesa_11/01_MDT/01_MDT_LAS_Resolucion_250cm/G09D5_MDT_Remesa_11.las","G09D5_MDT_Remesa_11.las"
"https://visualizador.ide.uy/descargas/datos/CN_Remesa_11/01_MDT/01_MDT_LAS_Resolucion_250cm/G09D6_MDT_Remesa_11.las","G09D6_MDT_Remesa_11.las"
"https://visualizador.ide.uy/descargas/datos/CN_Remesa_11/01_MDT/01_MDT_LAS_Resolucion_250cm/G10A1_MDT_Remesa_11.las","G10A1_MDT_Remesa_11.las"
"https://visualizador.ide.uy/descargas/datos/CN_Remesa_11/01_MDT/01_MDT_LAS_Resolucion_250cm/G10A2_MDT_Remesa_11.las","G10A2_MDT_Remesa_11.las"
"https://visualizador.ide.uy/descargas/datos/CN_Remesa_11/01_MDT/01_MDT_LAS_Resolucion_250cm/G10A3_MDT_Remesa_11.las","G10A3_MDT_Remesa_11.las"
"https://visualizador.ide.uy/descargas/datos/CN_Remesa_11/01_MDT/01_MDT_LAS_Resolucion_250cm/G10A4_MDT_Remesa_11.las","G10A4_MDT_Remesa_11.las"
"https://visualizador.ide.uy/descargas/datos/CN_Remesa_11/01_MDT/01_MDT_LAS_Resolucion_250cm/G10A5_MDT_Remesa_11.las","G10A5_MDT_Remesa_11.las"
"https://visualizador.ide.uy/descargas/datos/CN_Remesa_11/01_MDT/01_MDT_LAS_Resolucion_250cm/G10A6_MDT_Remesa_11.las","G10A6_MDT_Remesa_11.las"
"https://visualizador.ide.uy/descargas/datos/CN_Remesa_11/01_MDT/01_MDT_LAS_Resolucion_250cm/G10B1_MDT_Remesa_11.las","G10B1_MDT_Remesa_11.las"
"https://visualizador.ide.uy/descargas/datos/CN_Remesa_11/01_MDT/01_MDT_LAS_Resolucion_250cm/G10B2_MDT_Remesa_11.las","G10B2_MDT_Remesa_11.las"
"https://visualizador.ide.uy/descargas/datos/CN_Remesa_11/01_MDT/01_MDT_LAS_Resolucion_250cm/G10B3_MDT_Remesa_11.las","G10B3_MDT_Remesa_11.las"
"https://visualizador.ide.uy/descargas/datos/CN_Remesa_11/01_MDT/01_MDT_LAS_Resolucion_250cm/G10B4_MDT_Remesa_11.las","G10B4_MDT_Remesa_11.las"
"https://visualizador.ide.uy/descargas/datos/CN_Remesa_11/01_MDT/01_MDT_LAS_Resolucion_250cm/G10B5_MDT_Remesa_11.las","G10B5_MDT_Remesa_11.las"
"https://visualizador.ide.uy/descargas/datos/CN_Remesa_11/01_MDT/01_MDT_LAS_Resolucion_250cm/G10B6_MDT_Remesa_11.las","G10B6_MDT_Remesa_11.las"
"https://visualizador.ide.uy/descargas/datos/CN_Remesa_11/01_MDT/01_MDT_LAS_Resolucion_250cm/G10C1_MDT_Remesa_11.las","G10C1_MDT_Remesa_11.las"
"https://visualizador.ide.uy/descargas/datos/CN_Remesa_11/01_MDT/01_MDT_LAS_Resolucion_250cm/G10C2_MDT_Remesa_11.las","G10C2_MDT_Remesa_11.las"
"https://visualizador.ide.uy/descargas/datos/CN_Remesa_11/01_MDT/01_MDT_LAS_Resolucion_250cm/G10C3_MDT_Remesa_11.las","G10C3_MDT_Remesa_11.las"
"https://visualizador.ide.uy/descargas/datos/CN_Remesa_11/01_MDT/01_MDT_LAS_Resolucion_250cm/G10C4_MDT_Remesa_11.las","G10C4_MDT_Remesa_11.las"
"https://visualizador.ide.uy/descargas/datos/CN_Remesa_11/01_MDT/01_MDT_LAS_Resolucion_250cm/G10C5_MDT_Remesa_11.las","G10C5_MDT_Remesa_11.las"
"https://visualizador.ide.uy/descargas/datos/CN_Remesa_11/01_MDT/01_MDT_LAS_Resolucion_250cm/G10C6_MDT_Remesa_11.las","G10C6_MDT_Remesa_11.las"
"https://visualizador.ide.uy/descargas/datos/CN_Remesa_11/01_MDT/01_MDT_LAS_Resolucion_250cm/G10D1_MDT_Remesa_11.las","G10D1_MDT_Remesa_11.las"
"https://visualizador.ide.uy/descargas/datos/CN_Remesa_11/01_MDT/01_MDT_LAS_Resolucion_250cm/G10D2_MDT_Remesa_11.las","G10D2_MDT_Remesa_11.las"
"https://visualizador.ide.uy/descargas/datos/CN_Remesa_11/01_MDT/01_MDT_LAS_Resolucion_250cm/G10D3_MDT_Remesa_11.las","G10D3_MDT_Remesa_11.las"
"https://visualizador.ide.uy/descargas/datos/CN_Remesa_11/01_MDT/01_MDT_LAS_Resolucion_250cm/G10D4_MDT_Remesa_11.las","G10D4_MDT_Remesa_11.las"
"https://visualizador.ide.uy/descargas/datos/CN_Remesa_11/01_MDT/01_MDT_LAS_Resolucion_250cm/G10D5_MDT_Remesa_11.las","G10D5_MDT_Remesa_11.las"
"https://visualizador.ide.uy/descargas/datos/CN_Remesa_11/01_MDT/01_MDT_LAS_Resolucion_250cm/G10D6_MDT_Remesa_11.las","G10D6_MDT_Remesa_11.las"
"https://visualizador.ide.uy/descargas/datos/CN_Remesa_11/01_MDT/01_MDT_LAS_Resolucion_250cm/G11A1_MDT_Remesa_11.las","G11A1_MDT_Remesa_11.las"
"https://visualizador.ide.uy/descargas/datos/CN_Remesa_11/01_MDT/01_MDT_LAS_Resolucion_250cm/G11A2_MDT_Remesa_11.las","G11A2_MDT_Remesa_11.las"
"https://visualizador.ide.uy/descargas/datos/CN_Remesa_11/01_MDT/01_MDT_LAS_Resolucion_250cm/G11A3_MDT_Remesa_11.las","G11A3_MDT_Remesa_11.las"
"https://visualizador.ide.uy/descargas/datos/CN_Remesa_11/01_MDT/01_MDT_LAS_Resolucion_250cm/G11A4_MDT_Remesa_11.las","G11A4_MDT_Remesa_11.las"
"https://visualizador.ide.uy/descargas/datos/CN_Remesa_11/01_MDT/01_MDT_LAS_Resolucion_250cm/G11A5_MDT_Remesa_11.las","G11A5_MDT_Remesa_11.las"
"https://visualizador.ide.uy/descargas/datos/CN_Remesa_11/01_MDT/01_MDT_LAS_Resolucion_250cm/G11A6_MDT_Remesa_11.las","G11A6_MDT_Remesa_11.las"
"https://visualizador.ide.uy/descargas/datos/CN_Remesa_11/01_MDT/01_MDT_LAS_Resolucion_250cm/G11B1_MDT_Remesa_11.las","G11B1_MDT_Remesa_11.las"
"https://visualizador.ide.uy/descargas/datos/CN_Remesa_11/01_MDT/01_MDT_LAS_Resolucion_250cm/G11B2_MDT_Remesa_11.las","G11B2_MDT_Remesa_11.las"
"https://visualizador.ide.uy/descargas/datos/CN_Remesa_11/01_MDT/01_MDT_LAS_Resolucion_250cm/G11B3_MDT_Remesa_11.las","G11B3_MDT_Remesa_11.las"
"https://visualizador.ide.uy/descargas/datos/CN_Remesa_11/01_MDT/01_MDT_LAS_Resolucion_250cm/G11B4_MDT_Remesa_11.las","G11B4_MDT_Remesa_11.las"
"https://visualizador.ide.uy/descargas/datos/CN_Remesa_11/01_MDT/01_MDT_LAS_Resolucion_250cm/G11B5_MDT_Remesa_11.las","G11B5_MDT_Remesa_11.las"
"https://visualizador.ide.uy/descargas/datos/CN_Remesa_11/01_MDT/01_MDT_LAS_Resolucion_250cm/G11B6_MDT_Remesa_11.las","G11B6_MDT_Remesa_11.las"
"https://visualizador.ide.uy/descargas/datos/CN_Remesa_11/01_MDT/01_MDT_LAS_Resolucion_250cm/G11C1_MDT_Remesa_11.las","G11C1_MDT_Remesa_11.las"
"https://visualizador.ide.uy/descargas/datos/CN_Remesa_11/01_MDT/01_MDT_LAS_Resolucion_250cm/G11C2_MDT_Remesa_11.las","G11C2_MDT_Remesa_11.las"
"https://visualizador.ide.uy/descargas/datos/CN_Remesa_11/01_MDT/01_MDT_LAS_Resolucion_250cm/G11C3_MDT_Remesa_11.las","G11C3_MDT_Remesa_11.las"
"https://visualizador.ide.uy/descargas/datos/CN_Remesa_11/01_MDT/01_MDT_LAS_Resolucion_250cm/G11D1_MDT_Remesa_11.las","G11D1_MDT_Remesa_11.las"
"https://visualizador.ide.uy/descargas/datos/CN_Remesa_11/01_MDT/01_MDT_LAS_Resolucion_250cm/G11D2_MDT_Remesa_11.las","G11D2_MDT_Remesa_11.las"
"https://visualizador.ide.uy/descargas/datos/CN_Remesa_11/01_MDT/01_MDT_LAS_Resolucion_250cm/G11D3_MDT_Remesa_11.las","G11D3_MDT_Remesa_11.las"
"https://visualizador.ide.uy/descargas/datos/CN_Remesa_11/01_MDT/01_MDT_LAS_Resolucion_250cm/H07A6_MDT_Remesa_11.las","H07A6_MDT_Remesa_11.las"
"https://visualizador.ide.uy/descargas/datos/CN_Remesa_11/01_MDT/01_MDT_LAS_Resolucion_250cm/H07B4_MDT_Remesa_11.las","H07B4_MDT_Remesa_11.las"
"https://visualizador.ide.uy/descargas/datos/CN_Remesa_11/01_MDT/01_MDT_LAS_Resolucion_250cm/H07B5_MDT_Remesa_11.las","H07B5_MDT_Remesa_11.las"
"https://visualizador.ide.uy/descargas/datos/CN_Remesa_11/01_MDT/01_MDT_LAS_Resolucion_250cm/H07C3_MDT_Remesa_11.las","H07C3_MDT_Remesa_11.las"
"https://visualizador.ide.uy/descargas/datos/CN_Remesa_11/01_MDT/01_MDT_LAS_Resolucion_250cm/H07C5_MDT_Remesa_11.las","H07C5_MDT_Remesa_11.las"
"https://visualizador.ide.uy/descargas/datos/CN_Remesa_11/01_MDT/01_MDT_LAS_Resolucion_250cm/H07C6_MDT_Remesa_11.las","H07C6_MDT_Remesa_11.las"
"https://visualizador.ide.uy/descargas/datos/CN_Remesa_11/01_MDT/01_MDT_LAS_Resolucion_250cm/H07D1_MDT_Remesa_11.las","H07D1_MDT_Remesa_11.las"
"https://visualizador.ide.uy/descargas/datos/CN_Remesa_11/01_MDT/01_MDT_LAS_Resolucion_250cm/H07D2_MDT_Remesa_11.las","H07D2_MDT_Remesa_11.las"
"https://visualizador.ide.uy/descargas/datos/CN_Remesa_11/01_MDT/01_MDT_LAS_Resolucion_250cm/H07D4_MDT_Remesa_11.las","H07D4_MDT_Remesa_11.las"
"https://visualizador.ide.uy/descargas/datos/CN_Remesa_11/01_MDT/01_MDT_LAS_Resolucion_250cm/H07D5_MDT_Remesa_11.las","H07D5_MDT_Remesa_11.las"
"https://visualizador.ide.uy/descargas/datos/CN_Remesa_11/01_MDT/01_MDT_LAS_Resolucion_250cm/H07D6_MDT_Remesa_11.las","H07D6_MDT_Remesa_11.las"
"https://visualizador.ide.uy/descargas/datos/CN_Remesa_11/01_MDT/01_MDT_LAS_Resolucion_250cm/H08A1_MDT_Remesa_11.las","H08A1_MDT_Remesa_11.las"
"https://visualizador.ide.uy/descargas/datos/CN_Remesa_11/01_MDT/01_MDT_LAS_Resolucion_250cm/H08A2_MDT_Remesa_11.las","H08A2_MDT_Remesa_11.las"
"https://visualizador.ide.uy/descargas/datos/CN_Remesa_11/01_MDT/01_MDT_LAS_Resolucion_250cm/H08A3_MDT_Remesa_11.las","H08A3_MDT_Remesa_11.las"
"https://visualizador.ide.uy/descargas/datos/CN_Remesa_11/01_MDT/01_MDT_LAS_Resolucion_250cm/H08A4_MDT_Remesa_11.las","H08A4_MDT_Remesa_11.las"
"https://visualizador.ide.uy/descargas/datos/CN_Remesa_11/01_MDT/01_MDT_LAS_Resolucion_250cm/H08A5_MDT_Remesa_11.las","H08A5_MDT_Remesa_11.las"
"https://visualizador.ide.uy/descargas/datos/CN_Remesa_11/01_MDT/01_MDT_LAS_Resolucion_250cm/H08A6_MDT_Remesa_11.las","H08A6_MDT_Remesa_11.las"
"https://visualizador.ide.uy/descargas/datos/CN_Remesa_11/01_MDT/01_MDT_LAS_Resolucion_250cm/H08B1_MDT_Remesa_11.las","H08B1_MDT_Remesa_11.las"
"https://visualizador.ide.uy/descargas/datos/CN_Remesa_11/01_MDT/01_MDT_LAS_Resolucion_250cm/H08B2_MDT_Remesa_11.las","H08B2_MDT_Remesa_11.las"
"https://visualizador.ide.uy/descargas/datos/CN_Remesa_11/01_MDT/01_MDT_LAS_Resolucion_250cm/H08B3_MDT_Remesa_11.las","H08B3_MDT_Remesa_11.las"
"https://visualizador.ide.uy/descargas/datos/CN_Remesa_11/01_MDT/01_MDT_LAS_Resolucion_250cm/H08B4_MDT_Remesa_11.las","H08B4_MDT_Remesa_11.las"
"https://visualizador.ide.uy/descargas/datos/CN_Remesa_11/01_MDT/01_MDT_LAS_Resolucion_250cm/H08B5_MDT_Remesa_11.las","H08B5_MDT_Remesa_11.las"
"https://visualizador.ide.uy/descargas/datos/CN_Remesa_11/01_MDT/01_MDT_LAS_Resolucion_250cm/H08B6_MDT_Remesa_11.las","H08B6_MDT_Remesa_11.las"
"https://visualizador.ide.uy/descargas/datos/CN_Remesa_11/01_MDT/01_MDT_LAS_Resolucion_250cm/H08C1_MDT_Remesa_11.las","H08C1_MDT_Remesa_11.las"
"https://visualizador.ide.uy/descargas/datos/CN_Remesa_11/01_MDT/01_MDT_LAS_Resolucion_250cm/H08C2_MDT_Remesa_11.las","H08C2_MDT_Remesa_11.las"
"https://visualizador.ide.uy/descargas/datos/CN_Remesa_11/01_MDT/01_MDT_LAS_Resolucion_250cm/H08C3_MDT_Remesa_11.las","H08C3_MDT_Remesa_11.las"
"https://visualizador.ide.uy/descargas/datos/CN_Remesa_11/01_MDT/01_MDT_LAS_Resolucion_250cm/H08C4_MDT_Remesa_11.las","H08C4_MDT_Remesa_11.las"
"https://visualizador.ide.uy/descargas/datos/CN_Remesa_11/01_MDT/01_MDT_LAS_Resolucion_250cm/H08C5_MDT_Remesa_11.las","H08C5_MDT_Remesa_11.las"
"https://visualizador.ide.uy/descargas/datos/CN_Remesa_11/01_MDT/01_MDT_LAS_Resolucion_250cm/H08C6_MDT_Remesa_11.las","H08C6_MDT_Remesa_11.las"
"https://visualizador.ide.uy/descargas/datos/CN_Remesa_11/01_MDT/01_MDT_LAS_Resolucion_250cm/H08D1_MDT_Remesa_11.las","H08D1_MDT_Remesa_11.las"
"https://visualizador.ide.uy/descargas/datos/CN_Remesa_11/01_MDT/01_MDT_LAS_Resolucion_250cm/H08D2_MDT_Remesa_11.las","H08D2_MDT_Remesa_11.las"
"https://visualizador.ide.uy/descargas/datos/CN_Remesa_11/01_MDT/01_MDT_LAS_Resolucion_250cm/H08D3_MDT_Remesa_11.las","H08D3_MDT_Remesa_11.las"
"https://visualizador.ide.uy/descargas/datos/CN_Remesa_11/01_MDT/01_MDT_LAS_Resolucion_250cm/H08D4_MDT_Remesa_11.las","H08D4_MDT_Remesa_11.las"
"https://visualizador.ide.uy/descargas/datos/CN_Remesa_11/01_MDT/01_MDT_LAS_Resolucion_250cm/H08D5_MDT_Remesa_11.las","H08D5_MDT_Remesa_11.las"
"https://visualizador.ide.uy/descargas/datos/CN_Remesa_11/01_MDT/01_MDT_LAS_Resolucion_250cm/H08D6_MDT_Remesa_11.las","H08D6_MDT_Remesa_11.las"
"https://visualizador.ide.uy/descargas/datos/CN_Remesa_11/01_MDT/01_MDT_LAS_Resolucion_250cm/H09A1_MDT_Remesa_11.las","H09A1_MDT_Remesa_11.las"
"https://visualizador.ide.uy/descargas/datos/CN_Remesa_11/01_MDT/01_MDT_LAS_Resolucion_250cm/H09A2_MDT_Remesa_11.las","H09A2_MDT_Remesa_11.las"
"https://visualizador.ide.uy/descargas/datos/CN_Remesa_11/01_MDT/01_MDT_LAS_Resolucion_250cm/H09A3_MDT_Remesa_11.las","H09A3_MDT_Remesa_11.las"
"https://visualizador.ide.uy/descargas/datos/CN_Remesa_11/01_MDT/01_MDT_LAS_Resolucion_250cm/H09A4_MDT_Remesa_11.las","H09A4_MDT_Remesa_11.las"
"https://visualizador.ide.uy/descargas/datos/CN_Remesa_11/01_MDT/01_MDT_LAS_Resolucion_250cm/H09A5_MDT_Remesa_11.las","H09A5_MDT_Remesa_11.las"
"https://visualizador.ide.uy/descargas/datos/CN_Remesa_11/01_MDT/01_MDT_LAS_Resolucion_250cm/H09A6_MDT_Remesa_11.las","H09A6_MDT_Remesa_11.las"
"https://visualizador.ide.uy/descargas/datos/CN_Remesa_11/01_MDT/01_MDT_LAS_Resolucion_250cm/H09B1_MDT_Remesa_11.las","H09B1_MDT_Remesa_11.las"
"https://visualizador.ide.uy/descargas/datos/CN_Remesa_11/01_MDT/01_MDT_LAS_Resolucion_250cm/H09B2_MDT_Remesa_11.las","H09B2_MDT_Remesa_11.las"
"https://visualizador.ide.uy/descargas/datos/CN_Remesa_11/01_MDT/01_MDT_LAS_Resolucion_250cm/H09B3_MDT_Remesa_11.las","H09B3_MDT_Remesa_11.las"
"https://visualizador.ide.uy/descargas/datos/CN_Remesa_11/01_MDT/01_MDT_LAS_Resolucion_250cm/H09B4_MDT_Remesa_11.las","H09B4_MDT_Remesa_11.las"
"https://visualizador.ide.uy/descargas/datos/CN_Remesa_11/01_MDT/01_MDT_LAS_Resolucion_250cm/H09B5_MDT_Remesa_11.las","H09B5_MDT_Remesa_11.las"
"https://visualizador.ide.uy/descargas/datos/CN_Remesa_11/01_MDT/01_MDT_LAS_Resolucion_250cm/H09B6_MDT_Remesa_11.las","H09B6_MDT_Remesa_11.las"
"https://visualizador.ide.uy/descargas/datos/CN_Remesa_11/01_MDT/01_MDT_LAS_Resolucion_250cm/H09C1_MDT_Remesa_11.las","H09C1_MDT_Remesa_11.las"
"https://visualizador.ide.uy/descargas/datos/CN_Remesa_11/01_MDT/01_MDT_LAS_Resolucion_250cm/H09C2_MDT_Remesa_11.las","H09C2_MDT_Remesa_11.las"
"https://visualizador.ide.uy/descargas/datos/CN_Remesa_11/01_MDT/01_MDT_LAS_Resolucion_250cm/H09C3_MDT_Remesa_11.las","H09C3_MDT_Remesa_11.las"
"https://visualizador.ide.uy/descargas/datos/CN_Remesa_11/01_MDT/01_MDT_LAS_Resolucion_250cm/H09C4_MDT_Remesa_11.las","H09C4_MDT_Remesa_11.las"
"https://visualizador.ide.uy/descargas/datos/CN_Remesa_11/01_MDT/01_MDT_LAS_Resolucion_250cm/H09C5_MDT_Remesa_11.las","H09C5_MDT_Remesa_11.las"
"https://visualizador.ide.uy/descargas/datos/CN_Remesa_11/01_MDT/01_MDT_LAS_Resolucion_250cm/H09C6_MDT_Remesa_11.las","H09C6_MDT_Remesa_11.las"
"https://visualizador.ide.uy/descargas/datos/CN_Remesa_11/01_MDT/01_MDT_LAS_Resolucion_250cm/H09D1_MDT_Remesa_11.las","H09D1_MDT_Remesa_11.las"
"https://visualizador.ide.uy/descargas/datos/CN_Remesa_11/01_MDT/01_MDT_LAS_Resolucion_250cm/H09D2_MDT_Remesa_11.las","H09D2_MDT_Remesa_11.las"
"https://visualizador.ide.uy/descargas/datos/CN_Remesa_11/01_MDT/01_MDT_LAS_Resolucion_250cm/H09D3_MDT_Remesa_11.las","H09D3_MDT_Remesa_11.las"
"https://visualizador.ide.uy/descargas/datos/CN_Remesa_11/01_MDT/01_MDT_LAS_Resolucion_250cm/H09D4_MDT_Remesa_11.las","H09D4_MDT_Remesa_11.las"
"https://visualizador.ide.uy/descargas/datos/CN_Remesa_11/01_MDT/01_MDT_LAS_Resolucion_250cm/H09D5_MDT_Remesa_11.las","H09D5_MDT_Remesa_11.las"
"https://visualizador.ide.uy/descargas/datos/CN_Remesa_11/01_MDT/01_MDT_LAS_Resolucion_250cm/H09D6_MDT_Remesa_11.las","H09D6_MDT_Remesa_11.las"
"https://visualizador.ide.uy/descargas/datos/CN_Remesa_11/01_MDT/01_MDT_LAS_Resolucion_250cm/H10A1_MDT_Remesa_11.las","H10A1_MDT_Remesa_11.las"
"https://visualizador.ide.uy/descargas/datos/CN_Remesa_11/01_MDT/01_MDT_LAS_Resolucion_250cm/H10A2_MDT_Remesa_11.las","H10A2_MDT_Remesa_11.las"
"https://visualizador.ide.uy/descargas/datos/CN_Remesa_11/01_MDT/01_MDT_LAS_Resolucion_250cm/H10A3_MDT_Remesa_11.las","H10A3_MDT_Remesa_11.las"
"https://visualizador.ide.uy/descargas/datos/CN_Remesa_11/01_MDT/01_MDT_LAS_Resolucion_250cm/H10A4_MDT_Remesa_11.las","H10A4_MDT_Remesa_11.las"
"https://visualizador.ide.uy/descargas/datos/CN_Remesa_11/01_MDT/01_MDT_LAS_Resolucion_250cm/H10A5_MDT_Remesa_11.las","H10A5_MDT_Remesa_11.las"
"https://visualizador.ide.uy/descargas/datos/CN_Remesa_11/01_MDT/01_MDT_LAS_Resolucion_250cm/H10A6_MDT_Remesa_11.las","H10A6_MDT_Remesa_11.las"
"https://visualizador.ide.uy/descargas/datos/CN_Remesa_11/01_MDT/01_MDT_LAS_Resolucion_250cm/H10B1_MDT_Remesa_11.las","H10B1_MDT_Remesa_11.las"
"https://visualizador.ide.uy/descargas/datos/CN_Remesa_11/01_MDT/01_MDT_LAS_Resolucion_250cm/H10B2_MDT_Remesa_11.las","H10B2_MDT_Remesa_11.las"
"https://visualizador.ide.uy/descargas/datos/CN_Remesa_11/01_MDT/01_MDT_LAS_Resolucion_250cm/H10B3_MDT_Remesa_11.las","H10B3_MDT_Remesa_11.las"
"https://visualizador.ide.uy/descargas/datos/CN_Remesa_11/01_MDT/01_MDT_LAS_Resolucion_250cm/H10B4_MDT_Remesa_11.las","H10B4_MDT_Remesa_11.las"
"https://visualizador.ide.uy/descargas/datos/CN_Remesa_11/01_MDT/01_MDT_LAS_Resolucion_250cm/H10B5_MDT_Remesa_11.las","H10B5_MDT_Remesa_11.las"
"https://visualizador.ide.uy/descargas/datos/CN_Remesa_11/01_MDT/01_MDT_LAS_Resolucion_250cm/H10B6_MDT_Remesa_11.las","H10B6_MDT_Remesa_11.las"
"https://visualizador.ide.uy/descargas/datos/CN_Remesa_11/01_MDT/01_MDT_LAS_Resolucion_250cm/H10C1_MDT_Remesa_11.las","H10C1_MDT_Remesa_11.las"
"https://visualizador.ide.uy/descargas/datos/CN_Remesa_11/01_MDT/01_MDT_LAS_Resolucion_250cm/H10C2_MDT_Remesa_11.las","H10C2_MDT_Remesa_11.las"
"https://visualizador.ide.uy/descargas/datos/CN_Remesa_11/01_MDT/01_MDT_LAS_Resolucion_250cm/H10C3_MDT_Remesa_11.las","H10C3_MDT_Remesa_11.las"
"https://visualizador.ide.uy/descargas/datos/CN_Remesa_11/01_MDT/01_MDT_LAS_Resolucion_250cm/H10C4_MDT_Remesa_11.las","H10C4_MDT_Remesa_11.las"
"https://visualizador.ide.uy/descargas/datos/CN_Remesa_11/01_MDT/01_MDT_LAS_Resolucion_250cm/H10C5_MDT_Remesa_11.las","H10C5_MDT_Remesa_11.las"
"https://visualizador.ide.uy/descargas/datos/CN_Remesa_11/01_MDT/01_MDT_LAS_Resolucion_250cm/H10C6_MDT_Remesa_11.las","H10C6_MDT_Remesa_11.las"
"https://visualizador.ide.uy/descargas/datos/CN_Remesa_11/01_MDT/01_MDT_LAS_Resolucion_250cm/H10D1_MDT_Remesa_11.las","H10D1_MDT_Remesa_11.las"
"https://visualizador.ide.uy/descargas/datos/CN_Remesa_11/01_MDT/01_MDT_LAS_Resolucion_250cm/H10D2_MDT_Remesa_11.las","H10D2_MDT_Remesa_11.las"
"https://visualizador.ide.uy/descargas/datos/CN_Remesa_11/01_MDT/01_MDT_LAS_Resolucion_250cm/H10D3_MDT_Remesa_11.las","H10D3_MDT_Remesa_11.las"
"https://visualizador.ide.uy/descargas/datos/CN_Remesa_11/01_MDT/01_MDT_LAS_Resolucion_250cm/H10D4_MDT_Remesa_11.las","H10D4_MDT_Remesa_11.las"
"https://visualizador.ide.uy/descargas/datos/CN_Remesa_11/01_MDT/01_MDT_LAS_Resolucion_250cm/H10D5_MDT_Remesa_11.las","H10D5_MDT_Remesa_11.las"
"https://visualizador.ide.uy/descargas/datos/CN_Remesa_11/01_MDT/01_MDT_LAS_Resolucion_250cm/H10D6_MDT_Remesa_11.las","H10D6_MDT_Remesa_11.las"
"https://visualizador.ide.uy/descargas/datos/CN_Remesa_11/01_MDT/01_MDT_LAS_Resolucion_250cm/H11A1_MDT_Remesa_11.las","H11A1_MDT_Remesa_11.las"
"https://visualizador.ide.uy/descargas/datos/CN_Remesa_11/01_MDT/01_MDT_LAS_Resolucion_250cm/H11A2_MDT_Remesa_11.las","H11A2_MDT_Remesa_11.las"
"https://visualizador.ide.uy/descargas/datos/CN_Remesa_11/01_MDT/01_MDT_LAS_Resolucion_250cm/H11A3_MDT_Remesa_11.las","H11A3_MDT_Remesa_11.las"
"https://visualizador.ide.uy/descargas/datos/CN_Remesa_11/01_MDT/01_MDT_LAS_Resolucion_250cm/H11A4_MDT_Remesa_11.las","H11A4_MDT_Remesa_11.las"
"https://visualizador.ide.uy/descargas/datos/CN_Remesa_11/01_MDT/01_MDT_LAS_Resolucion_250cm/H11A5_MDT_Remesa_11.las","H11A5_MDT_Remesa_11.las"
"https://visualizador.ide.uy/descargas/datos/CN_Remesa_11/01_MDT/01_MDT_LAS_Resolucion_250cm/H11A6_MDT_Remesa_11.las","H11A6_MDT_Remesa_11.las"
"https://visualizador.ide.uy/descargas/datos/CN_Remesa_11/01_MDT/01_MDT_LAS_Resolucion_250cm/H11B1_MDT_Remesa_11.las","H11B1_MDT_Remesa_11.las"
"https://visualizador.ide.uy/descargas/datos/CN_Remesa_11/01_MDT/01_MDT_LAS_Resolucion_250cm/H11B2_MDT_Remesa_11.las","H11B2_MDT_Remesa_11.las"
"https://visualizador.ide.uy/descargas/datos/CN_Remesa_11/01_MDT/01_MDT_LAS_Resolucion_250cm/H11B3_MDT_Remesa_11.las","H11B3_MDT_Remesa_11.las"
"https://visualizador.ide.uy/descargas/datos/CN_Remesa_11/01_MDT/01_MDT_LAS_Resolucion_250cm/H11B4_MDT_Remesa_11.las","H11B4_MDT_Remesa_11.las"
"https://visualizador.ide.uy/descargas/datos/CN_Remesa_11/01_MDT/01_MDT_LAS_Resolucion_250cm/H11B5_MDT_Remesa_11.las","H11B5_MDT_Remesa_11.las"
"https://visualizador.ide.uy/descargas/datos/CN_Remesa_11/01_MDT/01_MDT_LAS_Resolucion_250cm/H11B6_MDT_Remesa_11.las","H11B6_MDT_Remesa_11.las"
"https://visualizador.ide.uy/descargas/datos/CN_Remesa_11/01_MDT/01_MDT_LAS_Resolucion_250cm/H11C1_MDT_Remesa_11.las","H11C1_MDT_Remesa_11.las"
"https://visualizador.ide.uy/descargas/datos/CN_Remesa_11/01_MDT/01_MDT_LAS_Resolucion_250cm/H11C2_MDT_Remesa_11.las","H11C2_MDT_Remesa_11.las"
"https://visualizador.ide.uy/descargas/datos/CN_Remesa_11/01_MDT/01_MDT_LAS_Resolucion_250cm/H11C3_MDT_Remesa_11.las","H11C3_MDT_Remesa_11.las"
"https://visualizador.ide.uy/descargas/datos/CN_Remesa_11/01_MDT/01_MDT_LAS_Resolucion_250cm/H11D1_MDT_Remesa_11.las","H11D1_MDT_Remesa_11.las"
"https://visualizador.ide.uy/descargas/datos/CN_Remesa_11/01_MDT/01_MDT_LAS_Resolucion_250cm/H11D2_MDT_Remesa_11.las","H11D2_MDT_Remesa_11.las"
"https://visualizador.ide.uy/descargas/datos/CN_Remesa_11/01_MDT/01_MDT_LAS_Resolucion_250cm/H11D3_MDT_Remesa_11.las","H11D3_MDT_Remesa_11.las"
"https://visualizador.ide.uy/descargas/datos/CN_Remesa_11/01_MDT/01_MDT_LAS_Resolucion_250cm/J06A4_MDT_Remesa_11.las","J06A4_MDT_Remesa_11.las"
"https://visualizador.ide.uy/descargas/datos/CN_Remesa_11/01_MDT/01_MDT_LAS_Resolucion_250cm/J06C1_MDT_Remesa_11.las","J06C1_MDT_Remesa_11.las"
"https://visualizador.ide.uy/descargas/datos/CN_Remesa_11/01_MDT/01_MDT_LAS_Resolucion_250cm/J06C4_MDT_Remesa_11.las","J06C4_MDT_Remesa_11.las"
"https://visualizador.ide.uy/descargas/datos/CN_Remesa_11/01_MDT/01_MDT_LAS_Resolucion_250cm/J06C5_MDT_Remesa_11.las","J06C5_MDT_Remesa_11.las"
"https://visualizador.ide.uy/descargas/datos/CN_Remesa_11/01_MDT/01_MDT_LAS_Resolucion_250cm/J06C6_MDT_Remesa_11.las","J06C6_MDT_Remesa_11.las"
"https://visualizador.ide.uy/descargas/datos/CN_Remesa_11/01_MDT/01_MDT_LAS_Resolucion_250cm/J07A1_MDT_Remesa_11.las","J07A1_MDT_Remesa_11.las"
"https://visualizador.ide.uy/descargas/datos/CN_Remesa_11/01_MDT/01_MDT_LAS_Resolucion_250cm/J07A2_MDT_Remesa_11.las","J07A2_MDT_Remesa_11.las"
"https://visualizador.ide.uy/descargas/datos/CN_Remesa_11/01_MDT/01_MDT_LAS_Resolucion_250cm/J07A3_MDT_Remesa_11.las","J07A3_MDT_Remesa_11.las"
"https://visualizador.ide.uy/descargas/datos/CN_Remesa_11/01_MDT/01_MDT_LAS_Resolucion_250cm/J07A4_MDT_Remesa_11.las","J07A4_MDT_Remesa_11.las"
"https://visualizador.ide.uy/descargas/datos/CN_Remesa_11/01_MDT/01_MDT_LAS_Resolucion_250cm/J07A5_MDT_Remesa_11.las","J07A5_MDT_Remesa_11.las"
"https://visualizador.ide.uy/descargas/datos/CN_Remesa_11/01_MDT/01_MDT_LAS_Resolucion_250cm/J07A6_MDT_Remesa_11.las","J07A6_MDT_Remesa_11.las"
"https://visualizador.ide.uy/descargas/datos/CN_Remesa_11/01_MDT/01_MDT_LAS_Resolucion_250cm/J07C1_MDT_Remesa_11.las","J07C1_MDT_Remesa_11.las"
"https://visualizador.ide.uy/descargas/datos/CN_Remesa_11/01_MDT/01_MDT_LAS_Resolucion_250cm/J07C2_MDT_Remesa_11.las","J07C2_MDT_Remesa_11.las"
"https://visualizador.ide.uy/descargas/datos/CN_Remesa_11/01_MDT/01_MDT_LAS_Resolucion_250cm/J07C3_MDT_Remesa_11.las","J07C3_MDT_Remesa_11.las"
"https://visualizador.ide.uy/descargas/datos/CN_Remesa_11/01_MDT/01_MDT_LAS_Resolucion_250cm/J07C4_MDT_Remesa_11.las","J07C4_MDT_Remesa_11.las"
"https://visualizador.ide.uy/descargas/datos/CN_Remesa_11/01_MDT/01_MDT_LAS_Resolucion_250cm/J07C5_MDT_Remesa_11.las","J07C5_MDT_Remesa_11.las"
"https://visualizador.ide.uy/descargas/datos/CN_Remesa_11/01_MDT/01_MDT_LAS_Resolucion_250cm/J07C6_MDT_Remesa_11.las","J07C6_MDT_Remesa_11.las"
"https://visualizador.ide.uy/descargas/datos/CN_Remesa_11/01_MDT/01_MDT_LAS_Resolucion_250cm/J07D1_MDT_Remesa_11.las","J07D1_MDT_Remesa_11.las"
"https://visualizador.ide.uy/descargas/datos/CN_Remesa_11/01_MDT/01_MDT_LAS_Resolucion_250cm/J07D4_MDT_Remesa_11.las","J07D4_MDT_Remesa_11.las"
"https://visualizador.ide.uy/descargas/datos/CN_Remesa_11/01_MDT/01_MDT_LAS_Resolucion_250cm/J07D5_MDT_Remesa_11.las","J07D5_MDT_Remesa_11.las"
"https://visualizador.ide.uy/descargas/datos/CN_Remesa_11/01_MDT/01_MDT_LAS_Resolucion_250cm/J08A1_MDT_Remesa_11.las","J08A1_MDT_Remesa_11.las"
"https://visualizador.ide.uy/descargas/datos/CN_Remesa_11/01_MDT/01_MDT_LAS_Resolucion_250cm/J08A2_MDT_Remesa_11.las","J08A2_MDT_Remesa_11.las"
"https://visualizador.ide.uy/descargas/datos/CN_Remesa_11/01_MDT/01_MDT_LAS_Resolucion_250cm/J08A3_MDT_Remesa_11.las","J08A3_MDT_Remesa_11.las"
"https://visualizador.ide.uy/descargas/datos/CN_Remesa_11/01_MDT/01_MDT_LAS_Resolucion_250cm/J08A4_MDT_Remesa_11.las","J08A4_MDT_Remesa_11.las"
"https://visualizador.ide.uy/descargas/datos/CN_Remesa_11/01_MDT/01_MDT_LAS_Resolucion_250cm/J08A5_MDT_Remesa_11.las","J08A5_MDT_Remesa_11.las"
"https://visualizador.ide.uy/descargas/datos/CN_Remesa_11/01_MDT/01_MDT_LAS_Resolucion_250cm/J08A6_MDT_Remesa_11.las","J08A6_MDT_Remesa_11.las"
"https://visualizador.ide.uy/descargas/datos/CN_Remesa_11/01_MDT/01_MDT_LAS_Resolucion_250cm/J08B1_MDT_Remesa_11.las","J08B1_MDT_Remesa_11.las"
"https://visualizador.ide.uy/descargas/datos/CN_Remesa_11/01_MDT/01_MDT_LAS_Resolucion_250cm/J08B2_MDT_Remesa_11.las","J08B2_MDT_Remesa_11.las"
"https://visualizador.ide.uy/descargas/datos/CN_Remesa_11/01_MDT/01_MDT_LAS_Resolucion_250cm/J08B3_MDT_Remesa_11.las","J08B3_MDT_Remesa_11.las"
"https://visualizador.ide.uy/descargas/datos/CN_Remesa_11/01_MDT/01_MDT_LAS_Resolucion_250cm/J08B4_MDT_Remesa_11.las","J08B4_MDT_Remesa_11.las"
"https://visualizador.ide.uy/descargas/datos/CN_Remesa_11/01_MDT/01_MDT_LAS_Resolucion_250cm/J08B5_MDT_Remesa_11.las","J08B5_MDT_Remesa_11.las"
"https://visualizador.ide.uy/descargas/datos/CN_Remesa_11/01_MDT/01_MDT_LAS_Resolucion_250cm/J08B6_MDT_Remesa_11.las","J08B6_MDT_Remesa_11.las"
"https://visualizador.ide.uy/descargas/datos/CN_Remesa_11/01_MDT/01_MDT_LAS_Resolucion_250cm/J08C1_MDT_Remesa_11.las","J08C1_MDT_Remesa_11.las"
"https://visualizador.ide.uy/descargas/datos/CN_Remesa_11/01_MDT/01_MDT_LAS_Resolucion_250cm/J08C2_MDT_Remesa_11.las","J08C2_MDT_Remesa_11.las"
"https://visualizador.ide.uy/descargas/datos/CN_Remesa_11/01_MDT/01_MDT_LAS_Resolucion_250cm/J08C3_MDT_Remesa_11.las","J08C3_MDT_Remesa_11.las"
"https://visualizador.ide.uy/descargas/datos/CN_Remesa_11/01_MDT/01_MDT_LAS_Resolucion_250cm/J08C4_MDT_Remesa_11.las","J08C4_MDT_Remesa_11.las"
"https://visualizador.ide.uy/descargas/datos/CN_Remesa_11/01_MDT/01_MDT_LAS_Resolucion_250cm/J08C5_MDT_Remesa_11.las","J08C5_MDT_Remesa_11.las"
"https://visualizador.ide.uy/descargas/datos/CN_Remesa_11/01_MDT/01_MDT_LAS_Resolucion_250cm/J08C6_MDT_Remesa_11.las","J08C6_MDT_Remesa_11.las"
"https://visualizador.ide.uy/descargas/datos/CN_Remesa_11/01_MDT/01_MDT_LAS_Resolucion_250cm/J08D1_MDT_Remesa_11.las","J08D1_MDT_Remesa_11.las"
"https://visualizador.ide.uy/descargas/datos/CN_Remesa_11/01_MDT/01_MDT_LAS_Resolucion_250cm/J08D2_MDT_Remesa_11.las","J08D2_MDT_Remesa_11.las"
"https://visualizador.ide.uy/descargas/datos/CN_Remesa_11/01_MDT/01_MDT_LAS_Resolucion_250cm/J08D3_MDT_Remesa_11.las","J08D3_MDT_Remesa_11.las"
"https://visualizador.ide.uy/descargas/datos/CN_Remesa_11/01_MDT/01_MDT_LAS_Resolucion_250cm/J08D4_MDT_Remesa_11.las","J08D4_MDT_Remesa_11.las"
"https://visualizador.ide.uy/descargas/datos/CN_Remesa_11/01_MDT/01_MDT_LAS_Resolucion_250cm/J08D5_MDT_Remesa_11.las","J08D5_MDT_Remesa_11.las"
"https://visualizador.ide.uy/descargas/datos/CN_Remesa_11/01_MDT/01_MDT_LAS_Resolucion_250cm/J08D6_MDT_Remesa_11.las","J08D6_MDT_Remesa_11.las"
"https://visualizador.ide.uy/descargas/datos/CN_Remesa_11/01_MDT/01_MDT_LAS_Resolucion_250cm/J09A1_MDT_Remesa_11.las","J09A1_MDT_Remesa_11.las"
"https://visualizador.ide.uy/descargas/datos/CN_Remesa_11/01_MDT/01_MDT_LAS_Resolucion_250cm/J09A2_MDT_Remesa_11.las","J09A2_MDT_Remesa_11.las"
"https://visualizador.ide.uy/descargas/datos/CN_Remesa_11/01_MDT/01_MDT_LAS_Resolucion_250cm/J09A3_MDT_Remesa_11.las","J09A3_MDT_Remesa_11.las"
"https://visualizador.ide.uy/descargas/datos/CN_Remesa_11/01_MDT/01_MDT_LAS_Resolucion_250cm/J09A4_MDT_Remesa_11.las","J09A4_MDT_Remesa_11.las"
"https://visualizador.ide.uy/descargas/datos/CN_Remesa_11/01_MDT/01_MDT_LAS_Resolucion_250cm/J09A5_MDT_Remesa_11.las","J09A5_MDT_Remesa_11.las"
"https://visualizador.ide.uy/descargas/datos/CN_Remesa_11/01_MDT/01_MDT_LAS_Resolucion_250cm/J09A6_MDT_Remesa_11.las","J09A6_MDT_Remesa_11.las"
"https://visualizador.ide.uy/descargas/datos/CN_Remesa_11/01_MDT/01_MDT_LAS_Resolucion_250cm/J09B1_MDT_Remesa_11.las","J09B1_MDT_Remesa_11.las"
"https://visualizador.ide.uy/descargas/datos/CN_Remesa_11/01_MDT/01_MDT_LAS_Resolucion_250cm/J09B2_MDT_Remesa_11.las","J09B2_MDT_Remesa_11.las"
"https://visualizador.ide.uy/descargas/datos/CN_Remesa_11/01_MDT/01_MDT_LAS_Resolucion_250cm/J09B3_MDT_Remesa_11.las","J09B3_MDT_Remesa_11.las"
"https://visualizador.ide.uy/descargas/datos/CN_Remesa_11/01_MDT/01_MDT_LAS_Resolucion_250cm/J09B4_MDT_Remesa_11.las","J09B4_MDT_Remesa_11.las"
"https://visualizador.ide.uy/descargas/datos/CN_Remesa_11/01_MDT/01_MDT_LAS_Resolucion_250cm/J09B5_MDT_Remesa_11.las","J09B5_MDT_Remesa_11.las"
"https://visualizador.ide.uy/descargas/datos/CN_Remesa_11/01_MDT/01_MDT_LAS_Resolucion_250cm/J09B6_MDT_Remesa_11.las","J09B6_MDT_Remesa_11.las"
"https://visualizador.ide.uy/descargas/datos/CN_Remesa_11/01_MDT/01_MDT_LAS_Resolucion_250cm/J09C1_MDT_Remesa_11.las","J09C1_MDT_Remesa_11.las"
"https://visualizador.ide.uy/descargas/datos/CN_Remesa_11/01_MDT/01_MDT_LAS_Resolucion_250cm/J09C2_MDT_Remesa_11.las","J09C2_MDT_Remesa_11.las"
"https://visualizador.ide.uy/descargas/datos/CN_Remesa_11/01_MDT/01_MDT_LAS_Resolucion_250cm/J09C3_MDT_Remesa_11.las","J09C3_MDT_Remesa_11.las"
"https://visualizador.ide.uy/descargas/datos/CN_Remesa_11/01_MDT/01_MDT_LAS_Resolucion_250cm/J09C4_MDT_Remesa_11.las","J09C4_MDT_Remesa_11.las"
"https://visualizador.ide.uy/descargas/datos/CN_Remesa_11/01_MDT/01_MDT_LAS_Resolucion_250cm/J09C5_MDT_Remesa_11.las","J09C5_MDT_Remesa_11.las"
"https://visualizador.ide.uy/descargas/datos/CN_Remesa_11/01_MDT/01_MDT_LAS_Resolucion_250cm/J09C6_MDT_Remesa_11.las","J09C6_MDT_Remesa_11.las"
"https://visualizador.ide.uy/descargas/datos/CN_Remesa_11/01_MDT/01_MDT_LAS_Resolucion_250cm/J09D1_MDT_Remesa_11.las","J09D1_MDT_Remesa_11.las"
"https://visualizador.ide.uy/descargas/datos/CN_Remesa_11/01_MDT/01_MDT_LAS_Resolucion_250cm/J09D2_MDT_Remesa_11.las","J09D2_MDT_Remesa_11.las"
"https://visualizador.ide.uy/descargas/datos/CN_Remesa_11/01_MDT/01_MDT_LAS_Resolucion_250cm/J09D3_MDT_Remesa_11.las","J09D3_MDT_Remesa_11.las"
"https://visualizador.ide.uy/descargas/datos/CN_Remesa_11/01_MDT/01_MDT_LAS_Resolucion_250cm/J09D4_MDT_Remesa_11.las","J09D4_MDT_Remesa_11.las"
"https://visualizador.ide.uy/descargas/datos/CN_Remesa_11/01_MDT/01_MDT_LAS_Resolucion_250cm/J09D5_MDT_Remesa_11.las","J09D5_MDT_Remesa_11.las"
"https://visualizador.ide.uy/descargas/datos/CN_Remesa_11/01_MDT/01_MDT_LAS_Resolucion_250cm/J09D6_MDT_Remesa_11.las","J09D6_MDT_Remesa_11.las"
"https://visualizador.ide.uy/descargas/datos/CN_Remesa_11/01_MDT/01_MDT_LAS_Resolucion_250cm/J10A1_MDT_Remesa_11.las","J10A1_MDT_Remesa_11.las"
"https://visualizador.ide.uy/descargas/datos/CN_Remesa_11/01_MDT/01_MDT_LAS_Resolucion_250cm/J10A2_MDT_Remesa_11.las","J10A2_MDT_Remesa_11.las"
"https://visualizador.ide.uy/descargas/datos/CN_Remesa_11/01_MDT/01_MDT_LAS_Resolucion_250cm/J10A3_MDT_Remesa_11.las","J10A3_MDT_Remesa_11.las"
"https://visualizador.ide.uy/descargas/datos/CN_Remesa_11/01_MDT/01_MDT_LAS_Resolucion_250cm/J10A4_MDT_Remesa_11.las","J10A4_MDT_Remesa_11.las"
"https://visualizador.ide.uy/descargas/datos/CN_Remesa_11/01_MDT/01_MDT_LAS_Resolucion_250cm/J10A5_MDT_Remesa_11.las","J10A5_MDT_Remesa_11.las"
"https://visualizador.ide.uy/descargas/datos/CN_Remesa_11/01_MDT/01_MDT_LAS_Resolucion_250cm/J10A6_MDT_Remesa_11.las","J10A6_MDT_Remesa_11.las"
"https://visualizador.ide.uy/descargas/datos/CN_Remesa_11/01_MDT/01_MDT_LAS_Resolucion_250cm/J10B1_MDT_Remesa_11.las","J10B1_MDT_Remesa_11.las"
"https://visualizador.ide.uy/descargas/datos/CN_Remesa_11/01_MDT/01_MDT_LAS_Resolucion_250cm/J10B2_MDT_Remesa_11.las","J10B2_MDT_Remesa_11.las"
"https://visualizador.ide.uy/descargas/datos/CN_Remesa_11/01_MDT/01_MDT_LAS_Resolucion_250cm/J10B3_MDT_Remesa_11.las","J10B3_MDT_Remesa_11.las"
"https://visualizador.ide.uy/descargas/datos/CN_Remesa_11/01_MDT/01_MDT_LAS_Resolucion_250cm/J10B4_MDT_Remesa_11.las","J10B4_MDT_Remesa_11.las"
"https://visualizador.ide.uy/descargas/datos/CN_Remesa_11/01_MDT/01_MDT_LAS_Resolucion_250cm/J10B5_MDT_Remesa_11.las","J10B5_MDT_Remesa_11.las"
"https://visualizador.ide.uy/descargas/datos/CN_Remesa_11/01_MDT/01_MDT_LAS_Resolucion_250cm/J10B6_MDT_Remesa_11.las","J10B6_MDT_Remesa_11.las"
"https://visualizador.ide.uy/descargas/datos/CN_Remesa_11/01_MDT/01_MDT_LAS_Resolucion_250cm/J10C1_MDT_Remesa_11.las","J10C1_MDT_Remesa_11.las"
"https://visualizador.ide.uy/descargas/datos/CN_Remesa_11/01_MDT/01_MDT_LAS_Resolucion_250cm/J10C2_MDT_Remesa_11.las","J10C2_MDT_Remesa_11.las"
"https://visualizador.ide.uy/descargas/datos/CN_Remesa_11/01_MDT/01_MDT_LAS_Resolucion_250cm/J10C3_MDT_Remesa_11.las","J10C3_MDT_Remesa_11.las"
"https://visualizador.ide.uy/descargas/datos/CN_Remesa_11/01_MDT/01_MDT_LAS_Resolucion_250cm/J10C4_MDT_Remesa_11.las","J10C4_MDT_Remesa_11.las"
"https://visualizador.ide.uy/descargas/datos/CN_Remesa_11/01_MDT/01_MDT_LAS_Resolucion_250cm/J10C5_MDT_Remesa_11.las","J10C5_MDT_Remesa_11.las"
"https://visualizador.ide.uy/descargas/datos/CN_Remesa_11/01_MDT/01_MDT_LAS_Resolucion_250cm/J10C6_MDT_Remesa_11.las","J10C6_MDT_Remesa_11.las"
"https://visualizador.ide.uy/descargas/datos/CN_Remesa_11/01_MDT/01_MDT_LAS_Resolucion_250cm/J10D1_MDT_Remesa_11.las","J10D1_MDT_Remesa_11.las"
"https://visualizador.ide.uy/descargas/datos/CN_Remesa_11/01_MDT/01_MDT_LAS_Resolucion_250cm/J10D2_MDT_Remesa_11.las","J10D2_MDT_Remesa_11.las"
"https://visualizador.ide.uy/descargas/datos/CN_Remesa_11/01_MDT/01_MDT_LAS_Resolucion_250cm/J10D3_MDT_Remesa_11.las","J10D3_MDT_Remesa_11.las"
"https://visualizador.ide.uy/descargas/datos/CN_Remesa_11/01_MDT/01_MDT_LAS_Resolucion_250cm/J10D4_MDT_Remesa_11.las","J10D4_MDT_Remesa_11.las"
"https://visualizador.ide.uy/descargas/datos/CN_Remesa_11/01_MDT/01_MDT_LAS_Resolucion_250cm/J10D5_MDT_Remesa_11.las","J10D5_MDT_Remesa_11.las"
"https://visualizador.ide.uy/descargas/datos/CN_Remesa_11/01_MDT/01_MDT_LAS_Resolucion_250cm/J10D6_MDT_Remesa_11.las","J10D6_MDT_Remesa_11.las"
"https://visualizador.ide.uy/descargas/datos/CN_Remesa_11/01_MDT/01_MDT_LAS_Resolucion_250cm/J11A1_MDT_Remesa_11.las","J11A1_MDT_Remesa_11.las"
"https://visualizador.ide.uy/descargas/datos/CN_Remesa_11/01_MDT/01_MDT_LAS_Resolucion_250cm/J11A2_MDT_Remesa_11.las","J11A2_MDT_Remesa_11.las"
"https://visualizador.ide.uy/descargas/datos/CN_Remesa_11/01_MDT/01_MDT_LAS_Resolucion_250cm/J11A3_MDT_Remesa_11.las","J11A3_MDT_Remesa_11.las"
"https://visualizador.ide.uy/descargas/datos/CN_Remesa_11/01_MDT/01_MDT_LAS_Resolucion_250cm/J11A4_MDT_Remesa_11.las","J11A4_MDT_Remesa_11.las"
"https://visualizador.ide.uy/descargas/datos/CN_Remesa_11/01_MDT/01_MDT_LAS_Resolucion_250cm/J11A5_MDT_Remesa_11.las","J11A5_MDT_Remesa_11.las"
"https://visualizador.ide.uy/descargas/datos/CN_Remesa_11/01_MDT/01_MDT_LAS_Resolucion_250cm/J11A6_MDT_Remesa_11.las","J11A6_MDT_Remesa_11.las"
"https://visualizador.ide.uy/descargas/datos/CN_Remesa_11/01_MDT/01_MDT_LAS_Resolucion_250cm/J11B1_MDT_Remesa_11.las","J11B1_MDT_Remesa_11.las"
"https://visualizador.ide.uy/descargas/datos/CN_Remesa_11/01_MDT/01_MDT_LAS_Resolucion_250cm/J11B2_MDT_Remesa_11.las","J11B2_MDT_Remesa_11.las"
"https://visualizador.ide.uy/descargas/datos/CN_Remesa_11/01_MDT/01_MDT_LAS_Resolucion_250cm/J11B3_MDT_Remesa_11.las","J11B3_MDT_Remesa_11.las"
"https://visualizador.ide.uy/descargas/datos/CN_Remesa_11/01_MDT/01_MDT_LAS_Resolucion_250cm/J11B4_MDT_Remesa_11.las","J11B4_MDT_Remesa_11.las"
"https://visualizador.ide.uy/descargas/datos/CN_Remesa_11/01_MDT/01_MDT_LAS_Resolucion_250cm/J11B5_MDT_Remesa_11.las","J11B5_MDT_Remesa_11.las"
"https://visualizador.ide.uy/descargas/datos/CN_Remesa_11/01_MDT/01_MDT_LAS_Resolucion_250cm/J11B6_MDT_Remesa_11.las","J11B6_MDT_Remesa_11.las"
"https://visualizador.ide.uy/descargas/datos/CN_Remesa_11/01_MDT/01_MDT_LAS_Resolucion_250cm/J11C1_MDT_Remesa_11.las","J11C1_MDT_Remesa_11.las"
"https://visualizador.ide.uy/descargas/datos/CN_Remesa_11/01_MDT/01_MDT_LAS_Resolucion_250cm/J11C2_MDT_Remesa_11.las","J11C2_MDT_Remesa_11.las"
"https://visualizador.ide.uy/descargas/datos/CN_Remesa_11/01_MDT/01_MDT_LAS_Resolucion_250cm/J11C3_MDT_Remesa_11.las","J11C3_MDT_Remesa_11.las"
"https://visualizador.ide.uy/descargas/datos/CN_Remesa_11/01_MDT/01_MDT_LAS_Resolucion_250cm/J11D1_MDT_Remesa_11.las","J11D1_MDT_Remesa_11.las"
"https://visualizador.ide.uy/descargas/datos/CN_Remesa_11/01_MDT/01_MDT_LAS_Resolucion_250cm/J11D2_MDT_Remesa_11.las","J11D2_MDT_Remesa_11.las"
"https://visualizador.ide.uy/descargas/datos/CN_Remesa_11/01_MDT/01_MDT_LAS_Resolucion_250cm/J11D3_MDT_Remesa_11.las","J11D3_MDT_Remesa_11.las"
"https://visualizador.ide.uy/descargas/datos/CN_Remesa_11/01_MDT/01_MDT_LAS_Resolucion_250cm/K04C5_MDT_Remesa_11.las","K04C5_MDT_Remesa_11.las"
"https://visualizador.ide.uy/descargas/datos/CN_Remesa_11/01_MDT/01_MDT_LAS_Resolucion_250cm/K05A2_MDT_Remesa_11.las","K05A2_MDT_Remesa_11.las"
"https://visualizador.ide.uy/descargas/datos/CN_Remesa_11/01_MDT/01_MDT_LAS_Resolucion_250cm/K05A3_MDT_Remesa_11.las","K05A3_MDT_Remesa_11.las"
"https://visualizador.ide.uy/descargas/datos/CN_Remesa_11/01_MDT/01_MDT_LAS_Resolucion_250cm/K05A5_MDT_Remesa_11.las","K05A5_MDT_Remesa_11.las"
"https://visualizador.ide.uy/descargas/datos/CN_Remesa_11/01_MDT/01_MDT_LAS_Resolucion_250cm/K05A6_MDT_Remesa_11.las","K05A6_MDT_Remesa_11.las"
"https://visualizador.ide.uy/descargas/datos/CN_Remesa_11/01_MDT/01_MDT_LAS_Resolucion_250cm/K05B4_MDT_Remesa_11.las","K05B4_MDT_Remesa_11.las"
"https://visualizador.ide.uy/descargas/datos/CN_Remesa_11/01_MDT/01_MDT_LAS_Resolucion_250cm/K05C2_MDT_Remesa_11.las","K05C2_MDT_Remesa_11.las"
"https://visualizador.ide.uy/descargas/datos/CN_Remesa_11/01_MDT/01_MDT_LAS_Resolucion_250cm/K05C3_MDT_Remesa_11.las","K05C3_MDT_Remesa_11.las"
"https://visualizador.ide.uy/descargas/datos/CN_Remesa_11/01_MDT/01_MDT_LAS_Resolucion_250cm/K05C5_MDT_Remesa_11.las","K05C5_MDT_Remesa_11.las"
"https://visualizador.ide.uy/descargas/datos/CN_Remesa_11/01_MDT/01_MDT_LAS_Resolucion_250cm/K05C6_MDT_Remesa_11.las","K05C6_MDT_Remesa_11.las"
"https://visualizador.ide.uy/descargas/datos/CN_Remesa_11/01_MDT/01_MDT_LAS_Resolucion_250cm/K05D1_MDT_Remesa_11.las","K05D1_MDT_Remesa_11.las"
"https://visualizador.ide.uy/descargas/datos/CN_Remesa_11/01_MDT/01_MDT_LAS_Resolucion_250cm/K05D2_MDT_Remesa_11.las","K05D2_MDT_Remesa_11.las"
"https://visualizador.ide.uy/descargas/datos/CN_Remesa_11/01_MDT/01_MDT_LAS_Resolucion_250cm/K05D4_MDT_Remesa_11.las","K05D4_MDT_Remesa_11.las"
"https://visualizador.ide.uy/descargas/datos/CN_Remesa_11/01_MDT/01_MDT_LAS_Resolucion_250cm/K05D5_MDT_Remesa_11.las","K05D5_MDT_Remesa_11.las"
"https://visualizador.ide.uy/descargas/datos/CN_Remesa_11/01_MDT/01_MDT_LAS_Resolucion_250cm/K06A2_MDT_Remesa_11.las","K06A2_MDT_Remesa_11.las"
"https://visualizador.ide.uy/descargas/datos/CN_Remesa_11/01_MDT/01_MDT_LAS_Resolucion_250cm/K06A3_MDT_Remesa_11.las","K06A3_MDT_Remesa_11.las"
"https://visualizador.ide.uy/descargas/datos/CN_Remesa_11/01_MDT/01_MDT_LAS_Resolucion_250cm/K06A5_MDT_Remesa_11.las","K06A5_MDT_Remesa_11.las"
"https://visualizador.ide.uy/descargas/datos/CN_Remesa_11/01_MDT/01_MDT_LAS_Resolucion_250cm/K06A6_MDT_Remesa_11.las","K06A6_MDT_Remesa_11.las"
"https://visualizador.ide.uy/descargas/datos/CN_Remesa_11/01_MDT/01_MDT_LAS_Resolucion_250cm/K06B1_MDT_Remesa_11.las","K06B1_MDT_Remesa_11.las"
"https://visualizador.ide.uy/descargas/datos/CN_Remesa_11/01_MDT/01_MDT_LAS_Resolucion_250cm/K06B2_MDT_Remesa_11.las","K06B2_MDT_Remesa_11.las"
"https://visualizador.ide.uy/descargas/datos/CN_Remesa_11/01_MDT/01_MDT_LAS_Resolucion_250cm/K06B3_MDT_Remesa_11.las","K06B3_MDT_Remesa_11.las"
"https://visualizador.ide.uy/descargas/datos/CN_Remesa_11/01_MDT/01_MDT_LAS_Resolucion_250cm/K06B4_MDT_Remesa_11.las","K06B4_MDT_Remesa_11.las"
"https://visualizador.ide.uy/descargas/datos/CN_Remesa_11/01_MDT/01_MDT_LAS_Resolucion_250cm/K06B5_MDT_Remesa_11.las","K06B5_MDT_Remesa_11.las"
"https://visualizador.ide.uy/descargas/datos/CN_Remesa_11/01_MDT/01_MDT_LAS_Resolucion_250cm/K06B6_MDT_Remesa_11.las","K06B6_MDT_Remesa_11.las"
"https://visualizador.ide.uy/descargas/datos/CN_Remesa_11/01_MDT/01_MDT_LAS_Resolucion_250cm/K06C2_MDT_Remesa_11.las","K06C2_MDT_Remesa_11.las"
"https://visualizador.ide.uy/descargas/datos/CN_Remesa_11/01_MDT/01_MDT_LAS_Resolucion_250cm/K06C3_MDT_Remesa_11.las","K06C3_MDT_Remesa_11.las"
"https://visualizador.ide.uy/descargas/datos/CN_Remesa_11/01_MDT/01_MDT_LAS_Resolucion_250cm/K06C5_MDT_Remesa_11.las","K06C5_MDT_Remesa_11.las"
"https://visualizador.ide.uy/descargas/datos/CN_Remesa_11/01_MDT/01_MDT_LAS_Resolucion_250cm/K06C6_MDT_Remesa_11.las","K06C6_MDT_Remesa_11.las"
"https://visualizador.ide.uy/descargas/datos/CN_Remesa_11/01_MDT/01_MDT_LAS_Resolucion_250cm/K06D1_MDT_Remesa_11.las","K06D1_MDT_Remesa_11.las"
"https://visualizador.ide.uy/descargas/datos/CN_Remesa_11/01_MDT/01_MDT_LAS_Resolucion_250cm/K06D2_MDT_Remesa_11.las","K06D2_MDT_Remesa_11.las"
"https://visualizador.ide.uy/descargas/datos/CN_Remesa_11/01_MDT/01_MDT_LAS_Resolucion_250cm/K06D3_MDT_Remesa_11.las","K06D3_MDT_Remesa_11.las"
"https://visualizador.ide.uy/descargas/datos/CN_Remesa_11/01_MDT/01_MDT_LAS_Resolucion_250cm/K06D4_MDT_Remesa_11.las","K06D4_MDT_Remesa_11.las"
"https://visualizador.ide.uy/descargas/datos/CN_Remesa_11/01_MDT/01_MDT_LAS_Resolucion_250cm/K06D5_MDT_Remesa_11.las","K06D5_MDT_Remesa_11.las"
"https://visualizador.ide.uy/descargas/datos/CN_Remesa_11/01_MDT/01_MDT_LAS_Resolucion_250cm/K06D6_MDT_Remesa_11.las","K06D6_MDT_Remesa_11.las"
"https://visualizador.ide.uy/descargas/datos/CN_Remesa_11/01_MDT/01_MDT_LAS_Resolucion_250cm/K07A2_MDT_Remesa_11.las","K07A2_MDT_Remesa_11.las"
"https://visualizador.ide.uy/descargas/datos/CN_Remesa_11/01_MDT/01_MDT_LAS_Resolucion_250cm/K07A3_MDT_Remesa_11.las","K07A3_MDT_Remesa_11.las"
"https://visualizador.ide.uy/descargas/datos/CN_Remesa_11/01_MDT/01_MDT_LAS_Resolucion_250cm/K07A5_MDT_Remesa_11.las","K07A5_MDT_Remesa_11.las"
"https://visualizador.ide.uy/descargas/datos/CN_Remesa_11/01_MDT/01_MDT_LAS_Resolucion_250cm/K07A6_MDT_Remesa_11.las","K07A6_MDT_Remesa_11.las"
"https://visualizador.ide.uy/descargas/datos/CN_Remesa_11/01_MDT/01_MDT_LAS_Resolucion_250cm/K07B1_MDT_Remesa_11.las","K07B1_MDT_Remesa_11.las"
"https://visualizador.ide.uy/descargas/datos/CN_Remesa_11/01_MDT/01_MDT_LAS_Resolucion_250cm/K07B2_MDT_Remesa_11.las","K07B2_MDT_Remesa_11.las"
"https://visualizador.ide.uy/descargas/datos/CN_Remesa_11/01_MDT/01_MDT_LAS_Resolucion_250cm/K07B3_MDT_Remesa_11.las","K07B3_MDT_Remesa_11.las"
"https://visualizador.ide.uy/descargas/datos/CN_Remesa_11/01_MDT/01_MDT_LAS_Resolucion_250cm/K07B4_MDT_Remesa_11.las","K07B4_MDT_Remesa_11.las"
"https://visualizador.ide.uy/descargas/datos/CN_Remesa_11/01_MDT/01_MDT_LAS_Resolucion_250cm/K07B5_MDT_Remesa_11.las","K07B5_MDT_Remesa_11.las"
"https://visualizador.ide.uy/descargas/datos/CN_Remesa_11/01_MDT/01_MDT_LAS_Resolucion_250cm/K07B6_MDT_Remesa_11.las","K07B6_MDT_Remesa_11.las"
"https://visualizador.ide.uy/descargas/datos/CN_Remesa_11/01_MDT/01_MDT_LAS_Resolucion_250cm/K07C2_MDT_Remesa_11.las","K07C2_MDT_Remesa_11.las"
"https://visualizador.ide.uy/descargas/datos/CN_Remesa_11/01_MDT/01_MDT_LAS_Resolucion_250cm/K07C3_MDT_Remesa_11.las","K07C3_MDT_Remesa_11.las"
"https://visualizador.ide.uy/descargas/datos/CN_Remesa_11/01_MDT/01_MDT_LAS_Resolucion_250cm/K07C5_MDT_Remesa_11.las","K07C5_MDT_Remesa_11.las"
"https://visualizador.ide.uy/descargas/datos/CN_Remesa_11/01_MDT/01_MDT_LAS_Resolucion_250cm/K07C6_MDT_Remesa_11.las","K07C6_MDT_Remesa_11.las"
"https://visualizador.ide.uy/descargas/datos/CN_Remesa_11/01_MDT/01_MDT_LAS_Resolucion_250cm/K07D1_MDT_Remesa_11.las","K07D1_MDT_Remesa_11.las"
"https://visualizador.ide.uy/descargas/datos/CN_Remesa_11/01_MDT/01_MDT_LAS_Resolucion_250cm/K07D2_MDT_Remesa_11.las","K07D2_MDT_Remesa_11.las"
"https://visualizador.ide.uy/descargas/datos/CN_Remesa_11/01_MDT/01_MDT_LAS_Resolucion_250cm/K07D3_MDT_Remesa_11.las","K07D3_MDT_Remesa_11.las"
"https://visualizador.ide.uy/descargas/datos/CN_Remesa_11/01_MDT/01_MDT_LAS_Resolucion_250cm/K07D4_MDT_Remesa_11.las","K07D4_MDT_Remesa_11.las"
"https://visualizador.ide.uy/descargas/datos/CN_Remesa_11/01_MDT/01_MDT_LAS_Resolucion_250cm/K07D5_MDT_Remesa_11.las","K07D5_MDT_Remesa_11.las"
"https://visualizador.ide.uy/descargas/datos/CN_Remesa_11/01_MDT/01_MDT_LAS_Resolucion_250cm/K07D6_MDT_Remesa_11.las","K07D6_MDT_Remesa_11.las"
"https://visualizador.ide.uy/descargas/datos/CN_Remesa_11/01_MDT/01_MDT_LAS_Resolucion_250cm/K08A2_MDT_Remesa_11.las","K08A2_MDT_Remesa_11.las"
"https://visualizador.ide.uy/descargas/datos/CN_Remesa_11/01_MDT/01_MDT_LAS_Resolucion_250cm/K08A3_MDT_Remesa_11.las","K08A3_MDT_Remesa_11.las"
"https://visualizador.ide.uy/descargas/datos/CN_Remesa_11/01_MDT/01_MDT_LAS_Resolucion_250cm/K08A5_MDT_Remesa_11.las","K08A5_MDT_Remesa_11.las"
"https://visualizador.ide.uy/descargas/datos/CN_Remesa_11/01_MDT/01_MDT_LAS_Resolucion_250cm/K08A6_MDT_Remesa_11.las","K08A6_MDT_Remesa_11.las"
"https://visualizador.ide.uy/descargas/datos/CN_Remesa_11/01_MDT/01_MDT_LAS_Resolucion_250cm/K08B1_MDT_Remesa_11.las","K08B1_MDT_Remesa_11.las"
"https://visualizador.ide.uy/descargas/datos/CN_Remesa_11/01_MDT/01_MDT_LAS_Resolucion_250cm/K08B2_MDT_Remesa_11.las","K08B2_MDT_Remesa_11.las"
"https://visualizador.ide.uy/descargas/datos/CN_Remesa_11/01_MDT/01_MDT_LAS_Resolucion_250cm/K08B3_MDT_Remesa_11.las","K08B3_MDT_Remesa_11.las"
"https://visualizador.ide.uy/descargas/datos/CN_Remesa_11/01_MDT/01_MDT_LAS_Resolucion_250cm/K08B4_MDT_Remesa_11.las","K08B4_MDT_Remesa_11.las"
"https://visualizador.ide.uy/descargas/datos/CN_Remesa_11/01_MDT/01_MDT_LAS_Resolucion_250cm/K08B5_MDT_Remesa_11.las","K08B5_MDT_Remesa_11.las"
"https://visualizador.ide.uy/descargas/datos/CN_Remesa_11/01_MDT/01_MDT_LAS_Resolucion_250cm/K08B6_MDT_Remesa_11.las","K08B6_MDT_Remesa_11.las"
"https://visualizador.ide.uy/descargas/datos/CN_Remesa_11/01_MDT/01_MDT_LAS_Resolucion_250cm/K08C2_MDT_Remesa_11.las","K08C2_MDT_Remesa_11.las"
"https://visualizador.ide.uy/descargas/datos/CN_Remesa_11/01_MDT/01_MDT_LAS_Resolucion_250cm/K08C3_MDT_Remesa_11.las","K08C3_MDT_Remesa_11.las"
"https://visualizador.ide.uy/descargas/datos/CN_Remesa_11/01_MDT/01_MDT_LAS_Resolucion_250cm/K08C5_MDT_Remesa_11.las","K08C5_MDT_Remesa_11.las"
"https://visualizador.ide.uy/descargas/datos/CN_Remesa_11/01_MDT/01_MDT_LAS_Resolucion_250cm/K08C6_MDT_Remesa_11.las","K08C6_MDT_Remesa_11.las"
"https://visualizador.ide.uy/descargas/datos/CN_Remesa_11/01_MDT/01_MDT_LAS_Resolucion_250cm/K08D1_MDT_Remesa_11.las","K08D1_MDT_Remesa_11.las"
"https://visualizador.ide.uy/descargas/datos/CN_Remesa_11/01_MDT/01_MDT_LAS_Resolucion_250cm/K08D2_MDT_Remesa_11.las","K08D2_MDT_Remesa_11.las"
"https://visualizador.ide.uy/descargas/datos/CN_Remesa_11/01_MDT/01_MDT_LAS_Resolucion_250cm/K08D3_MDT_Remesa_11.las","K08D3_MDT_Remesa_11.las"
"https://visualizador.ide.uy/descargas/datos/CN_Remesa_11/01_MDT/01_MDT_LAS_Resolucion_250cm/K08D4_MDT_Remesa_11.las","K08D4_MDT_Remesa_11.las"
"https://visualizador.ide.uy/descargas/datos/CN_Remesa_11/01_MDT/01_MDT_LAS_Resolucion_250cm/K08D5_MDT_Remesa_11.las","K08D5_MDT_Remesa_11.las"
"https://visualizador.ide.uy/descargas/datos/CN_Remesa_11/01_MDT/01_MDT_LAS_Resolucion_250cm/K08D6_MDT_Remesa_11.las","K08D6_MDT_Remesa_11.las"
"https://visualizador.ide.uy/descargas/datos/CN_Remesa_11/01_MDT/01_MDT_LAS_Resolucion_250cm/K09A2_MDT_Remesa_11.las","K09A2_MDT_Remesa_11.las"
"https://visualizador.ide.uy/descargas/datos/CN_Remesa_11/01_MDT/01_MDT_LAS_Resolucion_250cm/K09A3_MDT_Remesa_11.las","K09A3_MDT_Remesa_11.las"
"https://visualizador.ide.uy/descargas/datos/CN_Remesa_11/01_MDT/01_MDT_LAS_Resolucion_250cm/K09A5_MDT_Remesa_11.las","K09A5_MDT_Remesa_11.las"
"https://visualizador.ide.uy/descargas/datos/CN_Remesa_11/01_MDT/01_MDT_LAS_Resolucion_250cm/K09A6_MDT_Remesa_11.las","K09A6_MDT_Remesa_11.las"
"https://visualizador.ide.uy/descargas/datos/CN_Remesa_11/01_MDT/01_MDT_LAS_Resolucion_250cm/K09B1_MDT_Remesa_11.las","K09B1_MDT_Remesa_11.las"
"https://visualizador.ide.uy/descargas/datos/CN_Remesa_11/01_MDT/01_MDT_LAS_Resolucion_250cm/K09B2_MDT_Remesa_11.las","K09B2_MDT_Remesa_11.las"
"https://visualizador.ide.uy/descargas/datos/CN_Remesa_11/01_MDT/01_MDT_LAS_Resolucion_250cm/K09B3_MDT_Remesa_11.las","K09B3_MDT_Remesa_11.las"
"https://visualizador.ide.uy/descargas/datos/CN_Remesa_11/01_MDT/01_MDT_LAS_Resolucion_250cm/K09B4_MDT_Remesa_11.las","K09B4_MDT_Remesa_11.las"
"https://visualizador.ide.uy/descargas/datos/CN_Remesa_11/01_MDT/01_MDT_LAS_Resolucion_250cm/K09B5_MDT_Remesa_11.las","K09B5_MDT_Remesa_11.las"
"https://visualizador.ide.uy/descargas/datos/CN_Remesa_11/01_MDT/01_MDT_LAS_Resolucion_250cm/K09B6_MDT_Remesa_11.las","K09B6_MDT_Remesa_11.las"
"https://visualizador.ide.uy/descargas/datos/CN_Remesa_11/01_MDT/01_MDT_LAS_Resolucion_250cm/K09C3_MDT_Remesa_11.las","K09C3_MDT_Remesa_11.las"
"https://visualizador.ide.uy/descargas/datos/CN_Remesa_11/01_MDT/01_MDT_LAS_Resolucion_250cm/K09C6_MDT_Remesa_11.las","K09C6_MDT_Remesa_11.las"
"https://visualizador.ide.uy/descargas/datos/CN_Remesa_11/01_MDT/01_MDT_LAS_Resolucion_250cm/K09D1_MDT_Remesa_11.las","K09D1_MDT_Remesa_11.las"
"https://visualizador.ide.uy/descargas/datos/CN_Remesa_11/01_MDT/01_MDT_LAS_Resolucion_250cm/K09D2_MDT_Remesa_11.las","K09D2_MDT_Remesa_11.las"
"https://visualizador.ide.uy/descargas/datos/CN_Remesa_11/01_MDT/01_MDT_LAS_Resolucion_250cm/K09D3_MDT_Remesa_11.las","K09D3_MDT_Remesa_11.las"
"https://visualizador.ide.uy/descargas/datos/CN_Remesa_11/01_MDT/01_MDT_LAS_Resolucion_250cm/K09D4_MDT_Remesa_11.las","K09D4_MDT_Remesa_11.las"
"https://visualizador.ide.uy/descargas/datos/CN_Remesa_11/01_MDT/01_MDT_LAS_Resolucion_250cm/K09D5_MDT_Remesa_11.las","K09D5_MDT_Remesa_11.las"
"https://visualizador.ide.uy/descargas/datos/CN_Remesa_11/01_MDT/01_MDT_LAS_Resolucion_250cm/K09D6_MDT_Remesa_11.las","K09D6_MDT_Remesa_11.las"
"https://visualizador.ide.uy/descargas/datos/CN_Remesa_11/01_MDT/01_MDT_LAS_Resolucion_250cm/K10A3_MDT_Remesa_11.las","K10A3_MDT_Remesa_11.las"
"https://visualizador.ide.uy/descargas/datos/CN_Remesa_11/01_MDT/01_MDT_LAS_Resolucion_250cm/K10A6_MDT_Remesa_11.las","K10A6_MDT_Remesa_11.las"
"https://visualizador.ide.uy/descargas/datos/CN_Remesa_11/01_MDT/01_MDT_LAS_Resolucion_250cm/K10B1_MDT_Remesa_11.las","K10B1_MDT_Remesa_11.las"
"https://visualizador.ide.uy/descargas/datos/CN_Remesa_11/01_MDT/01_MDT_LAS_Resolucion_250cm/K10B2_MDT_Remesa_11.las","K10B2_MDT_Remesa_11.las"
"https://visualizador.ide.uy/descargas/datos/CN_Remesa_11/01_MDT/01_MDT_LAS_Resolucion_250cm/K10B3_MDT_Remesa_11.las","K10B3_MDT_Remesa_11.las"
"https://visualizador.ide.uy/descargas/datos/CN_Remesa_11/01_MDT/01_MDT_LAS_Resolucion_250cm/K10B4_MDT_Remesa_11.las","K10B4_MDT_Remesa_11.las"
"https://visualizador.ide.uy/descargas/datos/CN_Remesa_11/01_MDT/01_MDT_LAS_Resolucion_250cm/K10B5_MDT_Remesa_11.las","K10B5_MDT_Remesa_11.las"
"https://visualizador.ide.uy/descargas/datos/CN_Remesa_11/01_MDT/01_MDT_LAS_Resolucion_250cm/K10B6_MDT_Remesa_11.las","K10B6_MDT_Remesa_11.las"
"https://visualizador.ide.uy/descargas/datos/CN_Remesa_11/01_MDT/01_MDT_LAS_Resolucion_250cm/K10C3_MDT_Remesa_11.las","K10C3_MDT_Remesa_11.las"
"https://visualizador.ide.uy/descargas/datos/CN_Remesa_11/01_MDT/01_MDT_LAS_Resolucion_250cm/K10C6_MDT_Remesa_11.las","K10C6_MDT_Remesa_11.las"
"https://visualizador.ide.uy/descargas/datos/CN_Remesa_11/01_MDT/01_MDT_LAS_Resolucion_250cm/K10D1_MDT_Remesa_11.las","K10D1_MDT_Remesa_11.las"
"https://visualizador.ide.uy/descargas/datos/CN_Remesa_11/01_MDT/01_MDT_LAS_Resolucion_250cm/K10D2_MDT_Remesa_11.las","K10D2_MDT_Remesa_11.las"
"https://visualizador.ide.uy/descargas/datos/CN_Remesa_11/01_MDT/01_MDT_LAS_Resolucion_250cm/K10D3_MDT_Remesa_11.las","K10D3_MDT_Remesa_11.las"
"https://visualizador.ide.uy/descargas/datos/CN_Remesa_11/01_MDT/01_MDT_LAS_Resolucion_250cm/K10D4_MDT_Remesa_11.las","K10D4_MDT_Remesa_11.las"
"https://visualizador.ide.uy/descargas/datos/CN_Remesa_11/01_MDT/01_MDT_LAS_Resolucion_250cm/K10D5_MDT_Remesa_11.las","K10D5_MDT_Remesa_11.las"
"https://visualizador.ide.uy/descargas/datos/CN_Remesa_11/01_MDT/01_MDT_LAS_Resolucion_250cm/K10D6_MDT_Remesa_11.las","K10D6_MDT_Remesa_11.las"
"https://visualizador.ide.uy/descargas/datos/CN_Remesa_11/01_MDT/01_MDT_LAS_Resolucion_250cm/K11A3_MDT_Remesa_11.las","K11A3_MDT_Remesa_11.las"
"https://visualizador.ide.uy/descargas/datos/CN_Remesa_11/01_MDT/01_MDT_LAS_Resolucion_250cm/K11A6_MDT_Remesa_11.las","K11A6_MDT_Remesa_11.las"
"https://visualizador.ide.uy/descargas/datos/CN_Remesa_11/01_MDT/01_MDT_LAS_Resolucion_250cm/K11B1_MDT_Remesa_11.las","K11B1_MDT_Remesa_11.las"
"https://visualizador.ide.uy/descargas/datos/CN_Remesa_11/01_MDT/01_MDT_LAS_Resolucion_250cm/K11B2_MDT_Remesa_11.las","K11B2_MDT_Remesa_11.las"
"https://visualizador.ide.uy/descargas/datos/CN_Remesa_11/01_MDT/01_MDT_LAS_Resolucion_250cm/K11B3_MDT_Remesa_11.las","K11B3_MDT_Remesa_11.las"
"https://visualizador.ide.uy/descargas/datos/CN_Remesa_11/01_MDT/01_MDT_LAS_Resolucion_250cm/K11B4_MDT_Remesa_11.las","K11B4_MDT_Remesa_11.las"
"https://visualizador.ide.uy/descargas/datos/CN_Remesa_11/01_MDT/01_MDT_LAS_Resolucion_250cm/K11B5_MDT_Remesa_11.las","K11B5_MDT_Remesa_11.las"
"https://visualizador.ide.uy/descargas/datos/CN_Remesa_11/01_MDT/01_MDT_LAS_Resolucion_250cm/K11B6_MDT_Remesa_11.las","K11B6_MDT_Remesa_11.las"
"https://visualizador.ide.uy/descargas/datos/CN_Remesa_11/01_MDT/01_MDT_LAS_Resolucion_250cm/K11C3_MDT_Remesa_11.las","K11C3_MDT_Remesa_11.las"
"https://visualizador.ide.uy/descargas/datos/CN_Remesa_11/01_MDT/01_MDT_LAS_Resolucion_250cm/K11D1_MDT_Remesa_11.las","K11D1_MDT_Remesa_11.las"
"https://visualizador.ide.uy/descargas/datos/CN_Remesa_11/01_MDT/01_MDT_LAS_Resolucion_250cm/K11D2_MDT_Remesa_11.las","K11D2_MDT_Remesa_11.las"
"https://visualizador.ide.uy/descargas/datos/CN_Remesa_11/01_MDT/01_MDT_LAS_Resolucion_250cm/K11D3_MDT_Remesa_11.las","K11D3_MDT_Remesa_11.las"
