"href","text"
"https://visualizador.ide.uy/descargas/datos/CN_Remesa_02/02_Ortoimagenes/01_RGBI_16bits/?C=N;O=D","Nombre:"
"https://visualizador.ide.uy/descargas/datos/CN_Remesa_02/02_Ortoimagenes/01_RGBI_16bits/?C=S;O=A","Size"
"https://visualizador.ide.uy/descargas/datos/CN_Remesa_02/02_Ortoimagenes/","Parent Directory"
"https://visualizador.ide.uy/descargas/datos/CN_Remesa_02/02_Ortoimagenes/01_RGBI_16bits/K14C4_RGBI_16_Remesa_02.tif","K14C4_RGBI_16_Remesa_02.tif"
"https://visualizador.ide.uy/descargas/datos/CN_Remesa_02/02_Ortoimagenes/01_RGBI_16bits/K14C5_RGBI_16_Remesa_02.tif","K14C5_RGBI_16_Remesa_02.tif"
"https://visualizador.ide.uy/descargas/datos/CN_Remesa_02/02_Ortoimagenes/01_RGBI_16bits/K14C6_RGBI_16_Remesa_02.tif","K14C6_RGBI_16_Remesa_02.tif"
"https://visualizador.ide.uy/descargas/datos/CN_Remesa_02/02_Ortoimagenes/01_RGBI_16bits/K14D4_RGBI_16_Remesa_02.tif","K14D4_RGBI_16_Remesa_02.tif"
"https://visualizador.ide.uy/descargas/datos/CN_Remesa_02/02_Ortoimagenes/01_RGBI_16bits/K15A1_RGBI_16_Remesa_02.tif","K15A1_RGBI_16_Remesa_02.tif"
"https://visualizador.ide.uy/descargas/datos/CN_Remesa_02/02_Ortoimagenes/01_RGBI_16bits/K15A2_RGBI_16_Remesa_02.tif","K15A2_RGBI_16_Remesa_02.tif"
"https://visualizador.ide.uy/descargas/datos/CN_Remesa_02/02_Ortoimagenes/01_RGBI_16bits/K15A3_RGBI_16_Remesa_02.tif","K15A3_RGBI_16_Remesa_02.tif"
"https://visualizador.ide.uy/descargas/datos/CN_Remesa_02/02_Ortoimagenes/01_RGBI_16bits/K15A4_RGBI_16_Remesa_02.tif","K15A4_RGBI_16_Remesa_02.tif"
"https://visualizador.ide.uy/descargas/datos/CN_Remesa_02/02_Ortoimagenes/01_RGBI_16bits/K15A5_RGBI_16_Remesa_02.tif","K15A5_RGBI_16_Remesa_02.tif"
"https://visualizador.ide.uy/descargas/datos/CN_Remesa_02/02_Ortoimagenes/01_RGBI_16bits/K15A6_RGBI_16_Remesa_02.tif","K15A6_RGBI_16_Remesa_02.tif"
"https://visualizador.ide.uy/descargas/datos/CN_Remesa_02/02_Ortoimagenes/01_RGBI_16bits/K15B1_RGBI_16_Remesa_02.tif","K15B1_RGBI_16_Remesa_02.tif"
"https://visualizador.ide.uy/descargas/datos/CN_Remesa_02/02_Ortoimagenes/01_RGBI_16bits/K15B4_RGBI_16_Remesa_02.tif","K15B4_RGBI_16_Remesa_02.tif"
"https://visualizador.ide.uy/descargas/datos/CN_Remesa_02/02_Ortoimagenes/01_RGBI_16bits/K15C1_RGBI_16_Remesa_02.tif","K15C1_RGBI_16_Remesa_02.tif"
"https://visualizador.ide.uy/descargas/datos/CN_Remesa_02/02_Ortoimagenes/01_RGBI_16bits/K15C2_RGBI_16_Remesa_02.tif","K15C2_RGBI_16_Remesa_02.tif"
"https://visualizador.ide.uy/descargas/datos/CN_Remesa_02/02_Ortoimagenes/01_RGBI_16bits/K15C3_RGBI_16_Remesa_02.tif","K15C3_RGBI_16_Remesa_02.tif"
"https://visualizador.ide.uy/descargas/datos/CN_Remesa_02/02_Ortoimagenes/01_RGBI_16bits/K15C4_RGBI_16_Remesa_02.tif","K15C4_RGBI_16_Remesa_02.tif"
"https://visualizador.ide.uy/descargas/datos/CN_Remesa_02/02_Ortoimagenes/01_RGBI_16bits/K15C5_RGBI_16_Remesa_02.tif","K15C5_RGBI_16_Remesa_02.tif"
"https://visualizador.ide.uy/descargas/datos/CN_Remesa_02/02_Ortoimagenes/01_RGBI_16bits/K15C6_RGBI_16_Remesa_02.tif","K15C6_RGBI_16_Remesa_02.tif"
"https://visualizador.ide.uy/descargas/datos/CN_Remesa_02/02_Ortoimagenes/01_RGBI_16bits/K15D1_RGBI_16_Remesa_02.tif","K15D1_RGBI_16_Remesa_02.tif"
"https://visualizador.ide.uy/descargas/datos/CN_Remesa_02/02_Ortoimagenes/01_RGBI_16bits/K15D4_RGBI_16_Remesa_02.tif","K15D4_RGBI_16_Remesa_02.tif"
"https://visualizador.ide.uy/descargas/datos/CN_Remesa_02/02_Ortoimagenes/01_RGBI_16bits/K16A1_RGBI_16_Remesa_02.tif","K16A1_RGBI_16_Remesa_02.tif"
"https://visualizador.ide.uy/descargas/datos/CN_Remesa_02/02_Ortoimagenes/01_RGBI_16bits/K16A2_RGBI_16_Remesa_02.tif","K16A2_RGBI_16_Remesa_02.tif"
"https://visualizador.ide.uy/descargas/datos/CN_Remesa_02/02_Ortoimagenes/01_RGBI_16bits/K16A3_RGBI_16_Remesa_02.tif","K16A3_RGBI_16_Remesa_02.tif"
"https://visualizador.ide.uy/descargas/datos/CN_Remesa_02/02_Ortoimagenes/01_RGBI_16bits/K16A4_RGBI_16_Remesa_02.tif","K16A4_RGBI_16_Remesa_02.tif"
"https://visualizador.ide.uy/descargas/datos/CN_Remesa_02/02_Ortoimagenes/01_RGBI_16bits/K16A5_RGBI_16_Remesa_02.tif","K16A5_RGBI_16_Remesa_02.tif"
"https://visualizador.ide.uy/descargas/datos/CN_Remesa_02/02_Ortoimagenes/01_RGBI_16bits/K16A6_RGBI_16_Remesa_02.tif","K16A6_RGBI_16_Remesa_02.tif"
"https://visualizador.ide.uy/descargas/datos/CN_Remesa_02/02_Ortoimagenes/01_RGBI_16bits/K16B1_RGBI_16_Remesa_02.tif","K16B1_RGBI_16_Remesa_02.tif"
"https://visualizador.ide.uy/descargas/datos/CN_Remesa_02/02_Ortoimagenes/01_RGBI_16bits/K16B4_RGBI_16_Remesa_02.tif","K16B4_RGBI_16_Remesa_02.tif"
"https://visualizador.ide.uy/descargas/datos/CN_Remesa_02/02_Ortoimagenes/01_RGBI_16bits/K16C1_RGBI_16_Remesa_02.tif","K16C1_RGBI_16_Remesa_02.tif"
"https://visualizador.ide.uy/descargas/datos/CN_Remesa_02/02_Ortoimagenes/01_RGBI_16bits/K16C2_RGBI_16_Remesa_02.tif","K16C2_RGBI_16_Remesa_02.tif"
"https://visualizador.ide.uy/descargas/datos/CN_Remesa_02/02_Ortoimagenes/01_RGBI_16bits/K16C3_RGBI_16_Remesa_02.tif","K16C3_RGBI_16_Remesa_02.tif"
"https://visualizador.ide.uy/descargas/datos/CN_Remesa_02/02_Ortoimagenes/01_RGBI_16bits/K16C4_RGBI_16_Remesa_02.tif","K16C4_RGBI_16_Remesa_02.tif"
"https://visualizador.ide.uy/descargas/datos/CN_Remesa_02/02_Ortoimagenes/01_RGBI_16bits/K16C5_RGBI_16_Remesa_02.tif","K16C5_RGBI_16_Remesa_02.tif"
"https://visualizador.ide.uy/descargas/datos/CN_Remesa_02/02_Ortoimagenes/01_RGBI_16bits/K16C6_RGBI_16_Remesa_02.tif","K16C6_RGBI_16_Remesa_02.tif"
"https://visualizador.ide.uy/descargas/datos/CN_Remesa_02/02_Ortoimagenes/01_RGBI_16bits/K16D1_RGBI_16_Remesa_02.tif","K16D1_RGBI_16_Remesa_02.tif"
"https://visualizador.ide.uy/descargas/datos/CN_Remesa_02/02_Ortoimagenes/01_RGBI_16bits/K16D4_RGBI_16_Remesa_02.tif","K16D4_RGBI_16_Remesa_02.tif"
"https://visualizador.ide.uy/descargas/datos/CN_Remesa_02/02_Ortoimagenes/01_RGBI_16bits/K17A1_RGBI_16_Remesa_02.tif","K17A1_RGBI_16_Remesa_02.tif"
"https://visualizador.ide.uy/descargas/datos/CN_Remesa_02/02_Ortoimagenes/01_RGBI_16bits/K17A2_RGBI_16_Remesa_02.tif","K17A2_RGBI_16_Remesa_02.tif"
"https://visualizador.ide.uy/descargas/datos/CN_Remesa_02/02_Ortoimagenes/01_RGBI_16bits/K17A3_RGBI_16_Remesa_02.tif","K17A3_RGBI_16_Remesa_02.tif"
"https://visualizador.ide.uy/descargas/datos/CN_Remesa_02/02_Ortoimagenes/01_RGBI_16bits/K17A4_RGBI_16_Remesa_02.tif","K17A4_RGBI_16_Remesa_02.tif"
"https://visualizador.ide.uy/descargas/datos/CN_Remesa_02/02_Ortoimagenes/01_RGBI_16bits/K17A5_RGBI_16_Remesa_02.tif","K17A5_RGBI_16_Remesa_02.tif"
"https://visualizador.ide.uy/descargas/datos/CN_Remesa_02/02_Ortoimagenes/01_RGBI_16bits/K17A6_RGBI_16_Remesa_02.tif","K17A6_RGBI_16_Remesa_02.tif"
"https://visualizador.ide.uy/descargas/datos/CN_Remesa_02/02_Ortoimagenes/01_RGBI_16bits/K17B1_RGBI_16_Remesa_02.tif","K17B1_RGBI_16_Remesa_02.tif"
"https://visualizador.ide.uy/descargas/datos/CN_Remesa_02/02_Ortoimagenes/01_RGBI_16bits/K17B4_RGBI_16_Remesa_02.tif","K17B4_RGBI_16_Remesa_02.tif"
"https://visualizador.ide.uy/descargas/datos/CN_Remesa_02/02_Ortoimagenes/01_RGBI_16bits/K17C1_RGBI_16_Remesa_02.tif","K17C1_RGBI_16_Remesa_02.tif"
"https://visualizador.ide.uy/descargas/datos/CN_Remesa_02/02_Ortoimagenes/01_RGBI_16bits/K17C2_RGBI_16_Remesa_02.tif","K17C2_RGBI_16_Remesa_02.tif"
"https://visualizador.ide.uy/descargas/datos/CN_Remesa_02/02_Ortoimagenes/01_RGBI_16bits/K17C3_RGBI_16_Remesa_02.tif","K17C3_RGBI_16_Remesa_02.tif"
"https://visualizador.ide.uy/descargas/datos/CN_Remesa_02/02_Ortoimagenes/01_RGBI_16bits/K17C4_RGBI_16_Remesa_02.tif","K17C4_RGBI_16_Remesa_02.tif"
"https://visualizador.ide.uy/descargas/datos/CN_Remesa_02/02_Ortoimagenes/01_RGBI_16bits/K17C5_RGBI_16_Remesa_02.tif","K17C5_RGBI_16_Remesa_02.tif"
"https://visualizador.ide.uy/descargas/datos/CN_Remesa_02/02_Ortoimagenes/01_RGBI_16bits/K17C6_RGBI_16_Remesa_02.tif","K17C6_RGBI_16_Remesa_02.tif"
"https://visualizador.ide.uy/descargas/datos/CN_Remesa_02/02_Ortoimagenes/01_RGBI_16bits/K17D1_RGBI_16_Remesa_02.tif","K17D1_RGBI_16_Remesa_02.tif"
"https://visualizador.ide.uy/descargas/datos/CN_Remesa_02/02_Ortoimagenes/01_RGBI_16bits/K17D4_RGBI_16_Remesa_02.tif","K17D4_RGBI_16_Remesa_02.tif"
"https://visualizador.ide.uy/descargas/datos/CN_Remesa_02/02_Ortoimagenes/01_RGBI_16bits/K18A1_RGBI_16_Remesa_02.tif","K18A1_RGBI_16_Remesa_02.tif"
"https://visualizador.ide.uy/descargas/datos/CN_Remesa_02/02_Ortoimagenes/01_RGBI_16bits/K18A2_RGBI_16_Remesa_02.tif","K18A2_RGBI_16_Remesa_02.tif"
"https://visualizador.ide.uy/descargas/datos/CN_Remesa_02/02_Ortoimagenes/01_RGBI_16bits/K18A3_RGBI_16_Remesa_02.tif","K18A3_RGBI_16_Remesa_02.tif"
"https://visualizador.ide.uy/descargas/datos/CN_Remesa_02/02_Ortoimagenes/01_RGBI_16bits/K18A4_RGBI_16_Remesa_02.tif","K18A4_RGBI_16_Remesa_02.tif"
"https://visualizador.ide.uy/descargas/datos/CN_Remesa_02/02_Ortoimagenes/01_RGBI_16bits/K18A5_RGBI_16_Remesa_02.tif","K18A5_RGBI_16_Remesa_02.tif"
"https://visualizador.ide.uy/descargas/datos/CN_Remesa_02/02_Ortoimagenes/01_RGBI_16bits/K18A6_RGBI_16_Remesa_02.tif","K18A6_RGBI_16_Remesa_02.tif"
"https://visualizador.ide.uy/descargas/datos/CN_Remesa_02/02_Ortoimagenes/01_RGBI_16bits/K18B1_RGBI_16_Remesa_02.tif","K18B1_RGBI_16_Remesa_02.tif"
"https://visualizador.ide.uy/descargas/datos/CN_Remesa_02/02_Ortoimagenes/01_RGBI_16bits/K18B4_RGBI_16_Remesa_02.tif","K18B4_RGBI_16_Remesa_02.tif"
"https://visualizador.ide.uy/descargas/datos/CN_Remesa_02/02_Ortoimagenes/01_RGBI_16bits/K18C1_RGBI_16_Remesa_02.tif","K18C1_RGBI_16_Remesa_02.tif"
"https://visualizador.ide.uy/descargas/datos/CN_Remesa_02/02_Ortoimagenes/01_RGBI_16bits/K18C2_RGBI_16_Remesa_02.tif","K18C2_RGBI_16_Remesa_02.tif"
"https://visualizador.ide.uy/descargas/datos/CN_Remesa_02/02_Ortoimagenes/01_RGBI_16bits/K18C3_RGBI_16_Remesa_02.tif","K18C3_RGBI_16_Remesa_02.tif"
"https://visualizador.ide.uy/descargas/datos/CN_Remesa_02/02_Ortoimagenes/01_RGBI_16bits/K18C4_RGBI_16_Remesa_02.tif","K18C4_RGBI_16_Remesa_02.tif"
"https://visualizador.ide.uy/descargas/datos/CN_Remesa_02/02_Ortoimagenes/01_RGBI_16bits/K18C5_RGBI_16_Remesa_02.tif","K18C5_RGBI_16_Remesa_02.tif"
"https://visualizador.ide.uy/descargas/datos/CN_Remesa_02/02_Ortoimagenes/01_RGBI_16bits/K18C6_RGBI_16_Remesa_02.tif","K18C6_RGBI_16_Remesa_02.tif"
"https://visualizador.ide.uy/descargas/datos/CN_Remesa_02/02_Ortoimagenes/01_RGBI_16bits/K18D1_RGBI_16_Remesa_02.tif","K18D1_RGBI_16_Remesa_02.tif"
"https://visualizador.ide.uy/descargas/datos/CN_Remesa_02/02_Ortoimagenes/01_RGBI_16bits/K18D4_RGBI_16_Remesa_02.tif","K18D4_RGBI_16_Remesa_02.tif"
"https://visualizador.ide.uy/descargas/datos/CN_Remesa_02/02_Ortoimagenes/01_RGBI_16bits/K19A1_RGBI_16_Remesa_02.tif","K19A1_RGBI_16_Remesa_02.tif"
"https://visualizador.ide.uy/descargas/datos/CN_Remesa_02/02_Ortoimagenes/01_RGBI_16bits/K19A2_RGBI_16_Remesa_02.tif","K19A2_RGBI_16_Remesa_02.tif"
"https://visualizador.ide.uy/descargas/datos/CN_Remesa_02/02_Ortoimagenes/01_RGBI_16bits/K19A3_RGBI_16_Remesa_02.tif","K19A3_RGBI_16_Remesa_02.tif"
"https://visualizador.ide.uy/descargas/datos/CN_Remesa_02/02_Ortoimagenes/01_RGBI_16bits/K19A4_RGBI_16_Remesa_02.tif","K19A4_RGBI_16_Remesa_02.tif"
"https://visualizador.ide.uy/descargas/datos/CN_Remesa_02/02_Ortoimagenes/01_RGBI_16bits/K19A5_RGBI_16_Remesa_02.tif","K19A5_RGBI_16_Remesa_02.tif"
"https://visualizador.ide.uy/descargas/datos/CN_Remesa_02/02_Ortoimagenes/01_RGBI_16bits/K19A6_RGBI_16_Remesa_02.tif","K19A6_RGBI_16_Remesa_02.tif"
"https://visualizador.ide.uy/descargas/datos/CN_Remesa_02/02_Ortoimagenes/01_RGBI_16bits/K19B1_RGBI_16_Remesa_02.tif","K19B1_RGBI_16_Remesa_02.tif"
"https://visualizador.ide.uy/descargas/datos/CN_Remesa_02/02_Ortoimagenes/01_RGBI_16bits/K19B4_RGBI_16_Remesa_02.tif","K19B4_RGBI_16_Remesa_02.tif"
"https://visualizador.ide.uy/descargas/datos/CN_Remesa_02/02_Ortoimagenes/01_RGBI_16bits/K19C1_RGBI_16_Remesa_02.tif","K19C1_RGBI_16_Remesa_02.tif"
"https://visualizador.ide.uy/descargas/datos/CN_Remesa_02/02_Ortoimagenes/01_RGBI_16bits/K19C2_RGBI_16_Remesa_02.tif","K19C2_RGBI_16_Remesa_02.tif"
"https://visualizador.ide.uy/descargas/datos/CN_Remesa_02/02_Ortoimagenes/01_RGBI_16bits/K19C3_RGBI_16_Remesa_02.tif","K19C3_RGBI_16_Remesa_02.tif"
"https://visualizador.ide.uy/descargas/datos/CN_Remesa_02/02_Ortoimagenes/01_RGBI_16bits/K19C4_RGBI_16_Remesa_02.tif","K19C4_RGBI_16_Remesa_02.tif"
"https://visualizador.ide.uy/descargas/datos/CN_Remesa_02/02_Ortoimagenes/01_RGBI_16bits/K19C5_RGBI_16_Remesa_02.tif","K19C5_RGBI_16_Remesa_02.tif"
"https://visualizador.ide.uy/descargas/datos/CN_Remesa_02/02_Ortoimagenes/01_RGBI_16bits/K19C6_RGBI_16_Remesa_02.tif","K19C6_RGBI_16_Remesa_02.tif"
"https://visualizador.ide.uy/descargas/datos/CN_Remesa_02/02_Ortoimagenes/01_RGBI_16bits/K19D1_RGBI_16_Remesa_02.tif","K19D1_RGBI_16_Remesa_02.tif"
"https://visualizador.ide.uy/descargas/datos/CN_Remesa_02/02_Ortoimagenes/01_RGBI_16bits/K19D4_RGBI_16_Remesa_02.tif","K19D4_RGBI_16_Remesa_02.tif"
"https://visualizador.ide.uy/descargas/datos/CN_Remesa_02/02_Ortoimagenes/01_RGBI_16bits/K20A1_RGBI_16_Remesa_02.tif","K20A1_RGBI_16_Remesa_02.tif"
"https://visualizador.ide.uy/descargas/datos/CN_Remesa_02/02_Ortoimagenes/01_RGBI_16bits/K20A2_RGBI_16_Remesa_02.tif","K20A2_RGBI_16_Remesa_02.tif"
"https://visualizador.ide.uy/descargas/datos/CN_Remesa_02/02_Ortoimagenes/01_RGBI_16bits/K20A3_RGBI_16_Remesa_02.tif","K20A3_RGBI_16_Remesa_02.tif"
"https://visualizador.ide.uy/descargas/datos/CN_Remesa_02/02_Ortoimagenes/01_RGBI_16bits/K20A4_RGBI_16_Remesa_02.tif","K20A4_RGBI_16_Remesa_02.tif"
"https://visualizador.ide.uy/descargas/datos/CN_Remesa_02/02_Ortoimagenes/01_RGBI_16bits/K20A5_RGBI_16_Remesa_02.tif","K20A5_RGBI_16_Remesa_02.tif"
"https://visualizador.ide.uy/descargas/datos/CN_Remesa_02/02_Ortoimagenes/01_RGBI_16bits/K20A6_RGBI_16_Remesa_02.tif","K20A6_RGBI_16_Remesa_02.tif"
"https://visualizador.ide.uy/descargas/datos/CN_Remesa_02/02_Ortoimagenes/01_RGBI_16bits/K20B1_RGBI_16_Remesa_02.tif","K20B1_RGBI_16_Remesa_02.tif"
"https://visualizador.ide.uy/descargas/datos/CN_Remesa_02/02_Ortoimagenes/01_RGBI_16bits/K20B2_RGBI_16_Remesa_02.tif","K20B2_RGBI_16_Remesa_02.tif"
"https://visualizador.ide.uy/descargas/datos/CN_Remesa_02/02_Ortoimagenes/01_RGBI_16bits/K20B3_RGBI_16_Remesa_02.tif","K20B3_RGBI_16_Remesa_02.tif"
"https://visualizador.ide.uy/descargas/datos/CN_Remesa_02/02_Ortoimagenes/01_RGBI_16bits/K20B4_RGBI_16_Remesa_02.tif","K20B4_RGBI_16_Remesa_02.tif"
"https://visualizador.ide.uy/descargas/datos/CN_Remesa_02/02_Ortoimagenes/01_RGBI_16bits/K20B5_RGBI_16_Remesa_02.tif","K20B5_RGBI_16_Remesa_02.tif"
"https://visualizador.ide.uy/descargas/datos/CN_Remesa_02/02_Ortoimagenes/01_RGBI_16bits/K20B6_RGBI_16_Remesa_02.tif","K20B6_RGBI_16_Remesa_02.tif"
"https://visualizador.ide.uy/descargas/datos/CN_Remesa_02/02_Ortoimagenes/01_RGBI_16bits/K20C1_RGBI_16_Remesa_02.tif","K20C1_RGBI_16_Remesa_02.tif"
"https://visualizador.ide.uy/descargas/datos/CN_Remesa_02/02_Ortoimagenes/01_RGBI_16bits/K20C2_RGBI_16_Remesa_02.tif","K20C2_RGBI_16_Remesa_02.tif"
"https://visualizador.ide.uy/descargas/datos/CN_Remesa_02/02_Ortoimagenes/01_RGBI_16bits/K20C3_RGBI_16_Remesa_02.tif","K20C3_RGBI_16_Remesa_02.tif"
"https://visualizador.ide.uy/descargas/datos/CN_Remesa_02/02_Ortoimagenes/01_RGBI_16bits/K20C4_RGBI_16_Remesa_02.tif","K20C4_RGBI_16_Remesa_02.tif"
"https://visualizador.ide.uy/descargas/datos/CN_Remesa_02/02_Ortoimagenes/01_RGBI_16bits/K20C5_RGBI_16_Remesa_02.tif","K20C5_RGBI_16_Remesa_02.tif"
"https://visualizador.ide.uy/descargas/datos/CN_Remesa_02/02_Ortoimagenes/01_RGBI_16bits/K20C6_RGBI_16_Remesa_02.tif","K20C6_RGBI_16_Remesa_02.tif"
"https://visualizador.ide.uy/descargas/datos/CN_Remesa_02/02_Ortoimagenes/01_RGBI_16bits/K20D1_RGBI_16_Remesa_02.tif","K20D1_RGBI_16_Remesa_02.tif"
"https://visualizador.ide.uy/descargas/datos/CN_Remesa_02/02_Ortoimagenes/01_RGBI_16bits/K20D2_RGBI_16_Remesa_02.tif","K20D2_RGBI_16_Remesa_02.tif"
"https://visualizador.ide.uy/descargas/datos/CN_Remesa_02/02_Ortoimagenes/01_RGBI_16bits/K20D3_RGBI_16_Remesa_02.tif","K20D3_RGBI_16_Remesa_02.tif"
"https://visualizador.ide.uy/descargas/datos/CN_Remesa_02/02_Ortoimagenes/01_RGBI_16bits/K20D4_RGBI_16_Remesa_02.tif","K20D4_RGBI_16_Remesa_02.tif"
"https://visualizador.ide.uy/descargas/datos/CN_Remesa_02/02_Ortoimagenes/01_RGBI_16bits/K20D5_RGBI_16_Remesa_02.tif","K20D5_RGBI_16_Remesa_02.tif"
"https://visualizador.ide.uy/descargas/datos/CN_Remesa_02/02_Ortoimagenes/01_RGBI_16bits/K20D6_RGBI_16_Remesa_02.tif","K20D6_RGBI_16_Remesa_02.tif"
"https://visualizador.ide.uy/descargas/datos/CN_Remesa_02/02_Ortoimagenes/01_RGBI_16bits/K21A1_RGBI_16_Remesa_02.tif","K21A1_RGBI_16_Remesa_02.tif"
"https://visualizador.ide.uy/descargas/datos/CN_Remesa_02/02_Ortoimagenes/01_RGBI_16bits/K21A2_RGBI_16_Remesa_02.tif","K21A2_RGBI_16_Remesa_02.tif"
"https://visualizador.ide.uy/descargas/datos/CN_Remesa_02/02_Ortoimagenes/01_RGBI_16bits/K21A3_RGBI_16_Remesa_02.tif","K21A3_RGBI_16_Remesa_02.tif"
"https://visualizador.ide.uy/descargas/datos/CN_Remesa_02/02_Ortoimagenes/01_RGBI_16bits/K21A4_RGBI_16_Remesa_02.tif","K21A4_RGBI_16_Remesa_02.tif"
"https://visualizador.ide.uy/descargas/datos/CN_Remesa_02/02_Ortoimagenes/01_RGBI_16bits/K21A5_RGBI_16_Remesa_02.tif","K21A5_RGBI_16_Remesa_02.tif"
"https://visualizador.ide.uy/descargas/datos/CN_Remesa_02/02_Ortoimagenes/01_RGBI_16bits/K21A6_RGBI_16_Remesa_02.tif","K21A6_RGBI_16_Remesa_02.tif"
"https://visualizador.ide.uy/descargas/datos/CN_Remesa_02/02_Ortoimagenes/01_RGBI_16bits/K21B1_RGBI_16_Remesa_02.tif","K21B1_RGBI_16_Remesa_02.tif"
"https://visualizador.ide.uy/descargas/datos/CN_Remesa_02/02_Ortoimagenes/01_RGBI_16bits/K21B2_RGBI_16_Remesa_02.tif","K21B2_RGBI_16_Remesa_02.tif"
"https://visualizador.ide.uy/descargas/datos/CN_Remesa_02/02_Ortoimagenes/01_RGBI_16bits/K21B3_RGBI_16_Remesa_02.tif","K21B3_RGBI_16_Remesa_02.tif"
"https://visualizador.ide.uy/descargas/datos/CN_Remesa_02/02_Ortoimagenes/01_RGBI_16bits/K21B4_RGBI_16_Remesa_02.tif","K21B4_RGBI_16_Remesa_02.tif"
"https://visualizador.ide.uy/descargas/datos/CN_Remesa_02/02_Ortoimagenes/01_RGBI_16bits/K21B5_RGBI_16_Remesa_02.tif","K21B5_RGBI_16_Remesa_02.tif"
"https://visualizador.ide.uy/descargas/datos/CN_Remesa_02/02_Ortoimagenes/01_RGBI_16bits/K21B6_RGBI_16_Remesa_02.tif","K21B6_RGBI_16_Remesa_02.tif"
"https://visualizador.ide.uy/descargas/datos/CN_Remesa_02/02_Ortoimagenes/01_RGBI_16bits/K21C1_RGBI_16_Remesa_02.tif","K21C1_RGBI_16_Remesa_02.tif"
"https://visualizador.ide.uy/descargas/datos/CN_Remesa_02/02_Ortoimagenes/01_RGBI_16bits/K21C2_RGBI_16_Remesa_02.tif","K21C2_RGBI_16_Remesa_02.tif"
"https://visualizador.ide.uy/descargas/datos/CN_Remesa_02/02_Ortoimagenes/01_RGBI_16bits/K21C3_RGBI_16_Remesa_02.tif","K21C3_RGBI_16_Remesa_02.tif"
"https://visualizador.ide.uy/descargas/datos/CN_Remesa_02/02_Ortoimagenes/01_RGBI_16bits/K21C4_RGBI_16_Remesa_02.tif","K21C4_RGBI_16_Remesa_02.tif"
"https://visualizador.ide.uy/descargas/datos/CN_Remesa_02/02_Ortoimagenes/01_RGBI_16bits/K21C5_RGBI_16_Remesa_02.tif","K21C5_RGBI_16_Remesa_02.tif"
"https://visualizador.ide.uy/descargas/datos/CN_Remesa_02/02_Ortoimagenes/01_RGBI_16bits/K21C6_RGBI_16_Remesa_02.tif","K21C6_RGBI_16_Remesa_02.tif"
"https://visualizador.ide.uy/descargas/datos/CN_Remesa_02/02_Ortoimagenes/01_RGBI_16bits/K21D1_RGBI_16_Remesa_02.tif","K21D1_RGBI_16_Remesa_02.tif"
"https://visualizador.ide.uy/descargas/datos/CN_Remesa_02/02_Ortoimagenes/01_RGBI_16bits/K21D2_RGBI_16_Remesa_02.tif","K21D2_RGBI_16_Remesa_02.tif"
"https://visualizador.ide.uy/descargas/datos/CN_Remesa_02/02_Ortoimagenes/01_RGBI_16bits/K21D3_RGBI_16_Remesa_02.tif","K21D3_RGBI_16_Remesa_02.tif"
"https://visualizador.ide.uy/descargas/datos/CN_Remesa_02/02_Ortoimagenes/01_RGBI_16bits/K21D4_RGBI_16_Remesa_02.tif","K21D4_RGBI_16_Remesa_02.tif"
"https://visualizador.ide.uy/descargas/datos/CN_Remesa_02/02_Ortoimagenes/01_RGBI_16bits/K21D5_RGBI_16_Remesa_02.tif","K21D5_RGBI_16_Remesa_02.tif"
"https://visualizador.ide.uy/descargas/datos/CN_Remesa_02/02_Ortoimagenes/01_RGBI_16bits/K21D6_RGBI_16_Remesa_02.tif","K21D6_RGBI_16_Remesa_02.tif"
"https://visualizador.ide.uy/descargas/datos/CN_Remesa_02/02_Ortoimagenes/01_RGBI_16bits/K22A1_RGBI_16_Remesa_02.tif","K22A1_RGBI_16_Remesa_02.tif"
"https://visualizador.ide.uy/descargas/datos/CN_Remesa_02/02_Ortoimagenes/01_RGBI_16bits/K22A2_RGBI_16_Remesa_02.tif","K22A2_RGBI_16_Remesa_02.tif"
"https://visualizador.ide.uy/descargas/datos/CN_Remesa_02/02_Ortoimagenes/01_RGBI_16bits/K22A3_RGBI_16_Remesa_02.tif","K22A3_RGBI_16_Remesa_02.tif"
"https://visualizador.ide.uy/descargas/datos/CN_Remesa_02/02_Ortoimagenes/01_RGBI_16bits/K22A4_RGBI_16_Remesa_02.tif","K22A4_RGBI_16_Remesa_02.tif"
"https://visualizador.ide.uy/descargas/datos/CN_Remesa_02/02_Ortoimagenes/01_RGBI_16bits/K22A5_RGBI_16_Remesa_02.tif","K22A5_RGBI_16_Remesa_02.tif"
"https://visualizador.ide.uy/descargas/datos/CN_Remesa_02/02_Ortoimagenes/01_RGBI_16bits/K22A6_RGBI_16_Remesa_02.tif","K22A6_RGBI_16_Remesa_02.tif"
"https://visualizador.ide.uy/descargas/datos/CN_Remesa_02/02_Ortoimagenes/01_RGBI_16bits/K22B1_RGBI_16_Remesa_02.tif","K22B1_RGBI_16_Remesa_02.tif"
"https://visualizador.ide.uy/descargas/datos/CN_Remesa_02/02_Ortoimagenes/01_RGBI_16bits/K22B2_RGBI_16_Remesa_02.tif","K22B2_RGBI_16_Remesa_02.tif"
"https://visualizador.ide.uy/descargas/datos/CN_Remesa_02/02_Ortoimagenes/01_RGBI_16bits/K22B3_RGBI_16_Remesa_02.tif","K22B3_RGBI_16_Remesa_02.tif"
"https://visualizador.ide.uy/descargas/datos/CN_Remesa_02/02_Ortoimagenes/01_RGBI_16bits/K22B4_RGBI_16_Remesa_02.tif","K22B4_RGBI_16_Remesa_02.tif"
"https://visualizador.ide.uy/descargas/datos/CN_Remesa_02/02_Ortoimagenes/01_RGBI_16bits/K22B5_RGBI_16_Remesa_02.tif","K22B5_RGBI_16_Remesa_02.tif"
"https://visualizador.ide.uy/descargas/datos/CN_Remesa_02/02_Ortoimagenes/01_RGBI_16bits/K22B6_RGBI_16_Remesa_02.tif","K22B6_RGBI_16_Remesa_02.tif"
"https://visualizador.ide.uy/descargas/datos/CN_Remesa_02/02_Ortoimagenes/01_RGBI_16bits/K22C1_RGBI_16_Remesa_02.tif","K22C1_RGBI_16_Remesa_02.tif"
"https://visualizador.ide.uy/descargas/datos/CN_Remesa_02/02_Ortoimagenes/01_RGBI_16bits/K22C2_RGBI_16_Remesa_02.tif","K22C2_RGBI_16_Remesa_02.tif"
"https://visualizador.ide.uy/descargas/datos/CN_Remesa_02/02_Ortoimagenes/01_RGBI_16bits/K22C3_RGBI_16_Remesa_02.tif","K22C3_RGBI_16_Remesa_02.tif"
"https://visualizador.ide.uy/descargas/datos/CN_Remesa_02/02_Ortoimagenes/01_RGBI_16bits/K22C4_RGBI_16_Remesa_02.tif","K22C4_RGBI_16_Remesa_02.tif"
"https://visualizador.ide.uy/descargas/datos/CN_Remesa_02/02_Ortoimagenes/01_RGBI_16bits/K22C5_RGBI_16_Remesa_02.tif","K22C5_RGBI_16_Remesa_02.tif"
"https://visualizador.ide.uy/descargas/datos/CN_Remesa_02/02_Ortoimagenes/01_RGBI_16bits/K22C6_RGBI_16_Remesa_02.tif","K22C6_RGBI_16_Remesa_02.tif"
"https://visualizador.ide.uy/descargas/datos/CN_Remesa_02/02_Ortoimagenes/01_RGBI_16bits/K22D1_RGBI_16_Remesa_02.tif","K22D1_RGBI_16_Remesa_02.tif"
"https://visualizador.ide.uy/descargas/datos/CN_Remesa_02/02_Ortoimagenes/01_RGBI_16bits/K22D2_RGBI_16_Remesa_02.tif","K22D2_RGBI_16_Remesa_02.tif"
"https://visualizador.ide.uy/descargas/datos/CN_Remesa_02/02_Ortoimagenes/01_RGBI_16bits/K22D3_RGBI_16_Remesa_02.tif","K22D3_RGBI_16_Remesa_02.tif"
"https://visualizador.ide.uy/descargas/datos/CN_Remesa_02/02_Ortoimagenes/01_RGBI_16bits/K22D4_RGBI_16_Remesa_02.tif","K22D4_RGBI_16_Remesa_02.tif"
"https://visualizador.ide.uy/descargas/datos/CN_Remesa_02/02_Ortoimagenes/01_RGBI_16bits/K22D5_RGBI_16_Remesa_02.tif","K22D5_RGBI_16_Remesa_02.tif"
"https://visualizador.ide.uy/descargas/datos/CN_Remesa_02/02_Ortoimagenes/01_RGBI_16bits/K22D6_RGBI_16_Remesa_02.tif","K22D6_RGBI_16_Remesa_02.tif"
"https://visualizador.ide.uy/descargas/datos/CN_Remesa_02/02_Ortoimagenes/01_RGBI_16bits/K23A1_RGBI_16_Remesa_02.tif","K23A1_RGBI_16_Remesa_02.tif"
"https://visualizador.ide.uy/descargas/datos/CN_Remesa_02/02_Ortoimagenes/01_RGBI_16bits/K23A2_RGBI_16_Remesa_02.tif","K23A2_RGBI_16_Remesa_02.tif"
"https://visualizador.ide.uy/descargas/datos/CN_Remesa_02/02_Ortoimagenes/01_RGBI_16bits/K23A3_RGBI_16_Remesa_02.tif","K23A3_RGBI_16_Remesa_02.tif"
"https://visualizador.ide.uy/descargas/datos/CN_Remesa_02/02_Ortoimagenes/01_RGBI_16bits/K23A4_RGBI_16_Remesa_02.tif","K23A4_RGBI_16_Remesa_02.tif"
"https://visualizador.ide.uy/descargas/datos/CN_Remesa_02/02_Ortoimagenes/01_RGBI_16bits/K23A5_RGBI_16_Remesa_02.tif","K23A5_RGBI_16_Remesa_02.tif"
"https://visualizador.ide.uy/descargas/datos/CN_Remesa_02/02_Ortoimagenes/01_RGBI_16bits/K23A6_RGBI_16_Remesa_02.tif","K23A6_RGBI_16_Remesa_02.tif"
"https://visualizador.ide.uy/descargas/datos/CN_Remesa_02/02_Ortoimagenes/01_RGBI_16bits/K23B1_RGBI_16_Remesa_02.tif","K23B1_RGBI_16_Remesa_02.tif"
"https://visualizador.ide.uy/descargas/datos/CN_Remesa_02/02_Ortoimagenes/01_RGBI_16bits/K23B2_RGBI_16_Remesa_02.tif","K23B2_RGBI_16_Remesa_02.tif"
"https://visualizador.ide.uy/descargas/datos/CN_Remesa_02/02_Ortoimagenes/01_RGBI_16bits/K23B3_RGBI_16_Remesa_02.tif","K23B3_RGBI_16_Remesa_02.tif"
"https://visualizador.ide.uy/descargas/datos/CN_Remesa_02/02_Ortoimagenes/01_RGBI_16bits/K23B4_RGBI_16_Remesa_02.tif","K23B4_RGBI_16_Remesa_02.tif"
"https://visualizador.ide.uy/descargas/datos/CN_Remesa_02/02_Ortoimagenes/01_RGBI_16bits/K23C1_RGBI_16_Remesa_02.tif","K23C1_RGBI_16_Remesa_02.tif"
"https://visualizador.ide.uy/descargas/datos/CN_Remesa_02/02_Ortoimagenes/01_RGBI_16bits/K23C2_RGBI_16_Remesa_02.tif","K23C2_RGBI_16_Remesa_02.tif"
"https://visualizador.ide.uy/descargas/datos/CN_Remesa_02/02_Ortoimagenes/01_RGBI_16bits/K23C3_RGBI_16_Remesa_02.tif","K23C3_RGBI_16_Remesa_02.tif"
"https://visualizador.ide.uy/descargas/datos/CN_Remesa_02/02_Ortoimagenes/01_RGBI_16bits/K23C4_RGBI_16_Remesa_02.tif","K23C4_RGBI_16_Remesa_02.tif"
"https://visualizador.ide.uy/descargas/datos/CN_Remesa_02/02_Ortoimagenes/01_RGBI_16bits/K23C5_RGBI_16_Remesa_02.tif","K23C5_RGBI_16_Remesa_02.tif"
"https://visualizador.ide.uy/descargas/datos/CN_Remesa_02/02_Ortoimagenes/01_RGBI_16bits/K23C6_RGBI_16_Remesa_02.tif","K23C6_RGBI_16_Remesa_02.tif"
"https://visualizador.ide.uy/descargas/datos/CN_Remesa_02/02_Ortoimagenes/01_RGBI_16bits/L14C4_RGBI_16_Remesa_02.tif","L14C4_RGBI_16_Remesa_02.tif"
"https://visualizador.ide.uy/descargas/datos/CN_Remesa_02/02_Ortoimagenes/01_RGBI_16bits/L14C5_RGBI_16_Remesa_02.tif","L14C5_RGBI_16_Remesa_02.tif"
"https://visualizador.ide.uy/descargas/datos/CN_Remesa_02/02_Ortoimagenes/01_RGBI_16bits/L14C6_RGBI_16_Remesa_02.tif","L14C6_RGBI_16_Remesa_02.tif"
"https://visualizador.ide.uy/descargas/datos/CN_Remesa_02/02_Ortoimagenes/01_RGBI_16bits/L14D4_RGBI_16_Remesa_02.tif","L14D4_RGBI_16_Remesa_02.tif"
"https://visualizador.ide.uy/descargas/datos/CN_Remesa_02/02_Ortoimagenes/01_RGBI_16bits/L14D5_RGBI_16_Remesa_02.tif","L14D5_RGBI_16_Remesa_02.tif"
"https://visualizador.ide.uy/descargas/datos/CN_Remesa_02/02_Ortoimagenes/01_RGBI_16bits/L14D6_RGBI_16_Remesa_02.tif","L14D6_RGBI_16_Remesa_02.tif"
"https://visualizador.ide.uy/descargas/datos/CN_Remesa_02/02_Ortoimagenes/01_RGBI_16bits/L15A1_RGBI_16_Remesa_02.tif","L15A1_RGBI_16_Remesa_02.tif"
"https://visualizador.ide.uy/descargas/datos/CN_Remesa_02/02_Ortoimagenes/01_RGBI_16bits/L15A2_RGBI_16_Remesa_02.tif","L15A2_RGBI_16_Remesa_02.tif"
"https://visualizador.ide.uy/descargas/datos/CN_Remesa_02/02_Ortoimagenes/01_RGBI_16bits/L15A3_RGBI_16_Remesa_02.tif","L15A3_RGBI_16_Remesa_02.tif"
"https://visualizador.ide.uy/descargas/datos/CN_Remesa_02/02_Ortoimagenes/01_RGBI_16bits/L15A4_RGBI_16_Remesa_02.tif","L15A4_RGBI_16_Remesa_02.tif"
"https://visualizador.ide.uy/descargas/datos/CN_Remesa_02/02_Ortoimagenes/01_RGBI_16bits/L15A5_RGBI_16_Remesa_02.tif","L15A5_RGBI_16_Remesa_02.tif"
"https://visualizador.ide.uy/descargas/datos/CN_Remesa_02/02_Ortoimagenes/01_RGBI_16bits/L15A6_RGBI_16_Remesa_02.tif","L15A6_RGBI_16_Remesa_02.tif"
"https://visualizador.ide.uy/descargas/datos/CN_Remesa_02/02_Ortoimagenes/01_RGBI_16bits/L15B1_RGBI_16_Remesa_02.tif","L15B1_RGBI_16_Remesa_02.tif"
"https://visualizador.ide.uy/descargas/datos/CN_Remesa_02/02_Ortoimagenes/01_RGBI_16bits/L15B2_RGBI_16_Remesa_02.tif","L15B2_RGBI_16_Remesa_02.tif"
"https://visualizador.ide.uy/descargas/datos/CN_Remesa_02/02_Ortoimagenes/01_RGBI_16bits/L15B3_RGBI_16_Remesa_02.tif","L15B3_RGBI_16_Remesa_02.tif"
"https://visualizador.ide.uy/descargas/datos/CN_Remesa_02/02_Ortoimagenes/01_RGBI_16bits/L15B4_RGBI_16_Remesa_02.tif","L15B4_RGBI_16_Remesa_02.tif"
"https://visualizador.ide.uy/descargas/datos/CN_Remesa_02/02_Ortoimagenes/01_RGBI_16bits/L15B5_RGBI_16_Remesa_02.tif","L15B5_RGBI_16_Remesa_02.tif"
"https://visualizador.ide.uy/descargas/datos/CN_Remesa_02/02_Ortoimagenes/01_RGBI_16bits/L15B6_RGBI_16_Remesa_02.tif","L15B6_RGBI_16_Remesa_02.tif"
"https://visualizador.ide.uy/descargas/datos/CN_Remesa_02/02_Ortoimagenes/01_RGBI_16bits/L15C1_RGBI_16_Remesa_02.tif","L15C1_RGBI_16_Remesa_02.tif"
"https://visualizador.ide.uy/descargas/datos/CN_Remesa_02/02_Ortoimagenes/01_RGBI_16bits/L15C2_RGBI_16_Remesa_02.tif","L15C2_RGBI_16_Remesa_02.tif"
"https://visualizador.ide.uy/descargas/datos/CN_Remesa_02/02_Ortoimagenes/01_RGBI_16bits/L15C3_RGBI_16_Remesa_02.tif","L15C3_RGBI_16_Remesa_02.tif"
"https://visualizador.ide.uy/descargas/datos/CN_Remesa_02/02_Ortoimagenes/01_RGBI_16bits/L15C4_RGBI_16_Remesa_02.tif","L15C4_RGBI_16_Remesa_02.tif"
"https://visualizador.ide.uy/descargas/datos/CN_Remesa_02/02_Ortoimagenes/01_RGBI_16bits/L15C5_RGBI_16_Remesa_02.tif","L15C5_RGBI_16_Remesa_02.tif"
"https://visualizador.ide.uy/descargas/datos/CN_Remesa_02/02_Ortoimagenes/01_RGBI_16bits/L15C6_RGBI_16_Remesa_02.tif","L15C6_RGBI_16_Remesa_02.tif"
"https://visualizador.ide.uy/descargas/datos/CN_Remesa_02/02_Ortoimagenes/01_RGBI_16bits/L15D1_RGBI_16_Remesa_02.tif","L15D1_RGBI_16_Remesa_02.tif"
"https://visualizador.ide.uy/descargas/datos/CN_Remesa_02/02_Ortoimagenes/01_RGBI_16bits/L15D2_RGBI_16_Remesa_02.tif","L15D2_RGBI_16_Remesa_02.tif"
"https://visualizador.ide.uy/descargas/datos/CN_Remesa_02/02_Ortoimagenes/01_RGBI_16bits/L15D3_RGBI_16_Remesa_02.tif","L15D3_RGBI_16_Remesa_02.tif"
"https://visualizador.ide.uy/descargas/datos/CN_Remesa_02/02_Ortoimagenes/01_RGBI_16bits/L15D4_RGBI_16_Remesa_02.tif","L15D4_RGBI_16_Remesa_02.tif"
"https://visualizador.ide.uy/descargas/datos/CN_Remesa_02/02_Ortoimagenes/01_RGBI_16bits/L15D5_RGBI_16_Remesa_02.tif","L15D5_RGBI_16_Remesa_02.tif"
"https://visualizador.ide.uy/descargas/datos/CN_Remesa_02/02_Ortoimagenes/01_RGBI_16bits/L15D6_RGBI_16_Remesa_02.tif","L15D6_RGBI_16_Remesa_02.tif"
"https://visualizador.ide.uy/descargas/datos/CN_Remesa_02/02_Ortoimagenes/01_RGBI_16bits/L16A1_RGBI_16_Remesa_02.tif","L16A1_RGBI_16_Remesa_02.tif"
"https://visualizador.ide.uy/descargas/datos/CN_Remesa_02/02_Ortoimagenes/01_RGBI_16bits/L16A2_RGBI_16_Remesa_02.tif","L16A2_RGBI_16_Remesa_02.tif"
"https://visualizador.ide.uy/descargas/datos/CN_Remesa_02/02_Ortoimagenes/01_RGBI_16bits/L16A3_RGBI_16_Remesa_02.tif","L16A3_RGBI_16_Remesa_02.tif"
"https://visualizador.ide.uy/descargas/datos/CN_Remesa_02/02_Ortoimagenes/01_RGBI_16bits/L16A4_RGBI_16_Remesa_02.tif","L16A4_RGBI_16_Remesa_02.tif"
"https://visualizador.ide.uy/descargas/datos/CN_Remesa_02/02_Ortoimagenes/01_RGBI_16bits/L16A5_RGBI_16_Remesa_02.tif","L16A5_RGBI_16_Remesa_02.tif"
"https://visualizador.ide.uy/descargas/datos/CN_Remesa_02/02_Ortoimagenes/01_RGBI_16bits/L16A6_RGBI_16_Remesa_02.tif","L16A6_RGBI_16_Remesa_02.tif"
"https://visualizador.ide.uy/descargas/datos/CN_Remesa_02/02_Ortoimagenes/01_RGBI_16bits/L16B1_RGBI_16_Remesa_02.tif","L16B1_RGBI_16_Remesa_02.tif"
"https://visualizador.ide.uy/descargas/datos/CN_Remesa_02/02_Ortoimagenes/01_RGBI_16bits/L16B2_RGBI_16_Remesa_02.tif","L16B2_RGBI_16_Remesa_02.tif"
"https://visualizador.ide.uy/descargas/datos/CN_Remesa_02/02_Ortoimagenes/01_RGBI_16bits/L16B3_RGBI_16_Remesa_02.tif","L16B3_RGBI_16_Remesa_02.tif"
"https://visualizador.ide.uy/descargas/datos/CN_Remesa_02/02_Ortoimagenes/01_RGBI_16bits/L16B4_RGBI_16_Remesa_02.tif","L16B4_RGBI_16_Remesa_02.tif"
"https://visualizador.ide.uy/descargas/datos/CN_Remesa_02/02_Ortoimagenes/01_RGBI_16bits/L16B5_RGBI_16_Remesa_02.tif","L16B5_RGBI_16_Remesa_02.tif"
"https://visualizador.ide.uy/descargas/datos/CN_Remesa_02/02_Ortoimagenes/01_RGBI_16bits/L16B6_RGBI_16_Remesa_02.tif","L16B6_RGBI_16_Remesa_02.tif"
"https://visualizador.ide.uy/descargas/datos/CN_Remesa_02/02_Ortoimagenes/01_RGBI_16bits/L16C1_RGBI_16_Remesa_02.tif","L16C1_RGBI_16_Remesa_02.tif"
"https://visualizador.ide.uy/descargas/datos/CN_Remesa_02/02_Ortoimagenes/01_RGBI_16bits/L16C2_RGBI_16_Remesa_02.tif","L16C2_RGBI_16_Remesa_02.tif"
"https://visualizador.ide.uy/descargas/datos/CN_Remesa_02/02_Ortoimagenes/01_RGBI_16bits/L16C3_RGBI_16_Remesa_02.tif","L16C3_RGBI_16_Remesa_02.tif"
"https://visualizador.ide.uy/descargas/datos/CN_Remesa_02/02_Ortoimagenes/01_RGBI_16bits/L16C4_RGBI_16_Remesa_02.tif","L16C4_RGBI_16_Remesa_02.tif"
"https://visualizador.ide.uy/descargas/datos/CN_Remesa_02/02_Ortoimagenes/01_RGBI_16bits/L16C5_RGBI_16_Remesa_02.tif","L16C5_RGBI_16_Remesa_02.tif"
"https://visualizador.ide.uy/descargas/datos/CN_Remesa_02/02_Ortoimagenes/01_RGBI_16bits/L16C6_RGBI_16_Remesa_02.tif","L16C6_RGBI_16_Remesa_02.tif"
"https://visualizador.ide.uy/descargas/datos/CN_Remesa_02/02_Ortoimagenes/01_RGBI_16bits/L16D1_RGBI_16_Remesa_02.tif","L16D1_RGBI_16_Remesa_02.tif"
"https://visualizador.ide.uy/descargas/datos/CN_Remesa_02/02_Ortoimagenes/01_RGBI_16bits/L16D2_RGBI_16_Remesa_02.tif","L16D2_RGBI_16_Remesa_02.tif"
"https://visualizador.ide.uy/descargas/datos/CN_Remesa_02/02_Ortoimagenes/01_RGBI_16bits/L16D3_RGBI_16_Remesa_02.tif","L16D3_RGBI_16_Remesa_02.tif"
"https://visualizador.ide.uy/descargas/datos/CN_Remesa_02/02_Ortoimagenes/01_RGBI_16bits/L16D4_RGBI_16_Remesa_02.tif","L16D4_RGBI_16_Remesa_02.tif"
"https://visualizador.ide.uy/descargas/datos/CN_Remesa_02/02_Ortoimagenes/01_RGBI_16bits/L16D5_RGBI_16_Remesa_02.tif","L16D5_RGBI_16_Remesa_02.tif"
"https://visualizador.ide.uy/descargas/datos/CN_Remesa_02/02_Ortoimagenes/01_RGBI_16bits/L16D6_RGBI_16_Remesa_02.tif","L16D6_RGBI_16_Remesa_02.tif"
"https://visualizador.ide.uy/descargas/datos/CN_Remesa_02/02_Ortoimagenes/01_RGBI_16bits/L17A1_RGBI_16_Remesa_02.tif","L17A1_RGBI_16_Remesa_02.tif"
"https://visualizador.ide.uy/descargas/datos/CN_Remesa_02/02_Ortoimagenes/01_RGBI_16bits/L17A2_RGBI_16_Remesa_02.tif","L17A2_RGBI_16_Remesa_02.tif"
"https://visualizador.ide.uy/descargas/datos/CN_Remesa_02/02_Ortoimagenes/01_RGBI_16bits/L17A3_RGBI_16_Remesa_02.tif","L17A3_RGBI_16_Remesa_02.tif"
"https://visualizador.ide.uy/descargas/datos/CN_Remesa_02/02_Ortoimagenes/01_RGBI_16bits/L17A4_RGBI_16_Remesa_02.tif","L17A4_RGBI_16_Remesa_02.tif"
"https://visualizador.ide.uy/descargas/datos/CN_Remesa_02/02_Ortoimagenes/01_RGBI_16bits/L17A5_RGBI_16_Remesa_02.tif","L17A5_RGBI_16_Remesa_02.tif"
"https://visualizador.ide.uy/descargas/datos/CN_Remesa_02/02_Ortoimagenes/01_RGBI_16bits/L17A6_RGBI_16_Remesa_02.tif","L17A6_RGBI_16_Remesa_02.tif"
"https://visualizador.ide.uy/descargas/datos/CN_Remesa_02/02_Ortoimagenes/01_RGBI_16bits/L17B1_RGBI_16_Remesa_02.tif","L17B1_RGBI_16_Remesa_02.tif"
"https://visualizador.ide.uy/descargas/datos/CN_Remesa_02/02_Ortoimagenes/01_RGBI_16bits/L17B2_RGBI_16_Remesa_02.tif","L17B2_RGBI_16_Remesa_02.tif"
"https://visualizador.ide.uy/descargas/datos/CN_Remesa_02/02_Ortoimagenes/01_RGBI_16bits/L17B3_RGBI_16_Remesa_02.tif","L17B3_RGBI_16_Remesa_02.tif"
"https://visualizador.ide.uy/descargas/datos/CN_Remesa_02/02_Ortoimagenes/01_RGBI_16bits/L17B4_RGBI_16_Remesa_02.tif","L17B4_RGBI_16_Remesa_02.tif"
"https://visualizador.ide.uy/descargas/datos/CN_Remesa_02/02_Ortoimagenes/01_RGBI_16bits/L17B5_RGBI_16_Remesa_02.tif","L17B5_RGBI_16_Remesa_02.tif"
"https://visualizador.ide.uy/descargas/datos/CN_Remesa_02/02_Ortoimagenes/01_RGBI_16bits/L17B6_RGBI_16_Remesa_02.tif","L17B6_RGBI_16_Remesa_02.tif"
"https://visualizador.ide.uy/descargas/datos/CN_Remesa_02/02_Ortoimagenes/01_RGBI_16bits/L17C1_RGBI_16_Remesa_02.tif","L17C1_RGBI_16_Remesa_02.tif"
"https://visualizador.ide.uy/descargas/datos/CN_Remesa_02/02_Ortoimagenes/01_RGBI_16bits/L17C2_RGBI_16_Remesa_02.tif","L17C2_RGBI_16_Remesa_02.tif"
"https://visualizador.ide.uy/descargas/datos/CN_Remesa_02/02_Ortoimagenes/01_RGBI_16bits/L17C3_RGBI_16_Remesa_02.tif","L17C3_RGBI_16_Remesa_02.tif"
"https://visualizador.ide.uy/descargas/datos/CN_Remesa_02/02_Ortoimagenes/01_RGBI_16bits/L17C4_RGBI_16_Remesa_02.tif","L17C4_RGBI_16_Remesa_02.tif"
"https://visualizador.ide.uy/descargas/datos/CN_Remesa_02/02_Ortoimagenes/01_RGBI_16bits/L17C5_RGBI_16_Remesa_02.tif","L17C5_RGBI_16_Remesa_02.tif"
"https://visualizador.ide.uy/descargas/datos/CN_Remesa_02/02_Ortoimagenes/01_RGBI_16bits/L17C6_RGBI_16_Remesa_02.tif","L17C6_RGBI_16_Remesa_02.tif"
"https://visualizador.ide.uy/descargas/datos/CN_Remesa_02/02_Ortoimagenes/01_RGBI_16bits/L17D1_RGBI_16_Remesa_02.tif","L17D1_RGBI_16_Remesa_02.tif"
"https://visualizador.ide.uy/descargas/datos/CN_Remesa_02/02_Ortoimagenes/01_RGBI_16bits/L17D2_RGBI_16_Remesa_02.tif","L17D2_RGBI_16_Remesa_02.tif"
"https://visualizador.ide.uy/descargas/datos/CN_Remesa_02/02_Ortoimagenes/01_RGBI_16bits/L17D3_RGBI_16_Remesa_02.tif","L17D3_RGBI_16_Remesa_02.tif"
"https://visualizador.ide.uy/descargas/datos/CN_Remesa_02/02_Ortoimagenes/01_RGBI_16bits/L17D4_RGBI_16_Remesa_02.tif","L17D4_RGBI_16_Remesa_02.tif"
"https://visualizador.ide.uy/descargas/datos/CN_Remesa_02/02_Ortoimagenes/01_RGBI_16bits/L17D5_RGBI_16_Remesa_02.tif","L17D5_RGBI_16_Remesa_02.tif"
"https://visualizador.ide.uy/descargas/datos/CN_Remesa_02/02_Ortoimagenes/01_RGBI_16bits/L17D6_RGBI_16_Remesa_02.tif","L17D6_RGBI_16_Remesa_02.tif"
"https://visualizador.ide.uy/descargas/datos/CN_Remesa_02/02_Ortoimagenes/01_RGBI_16bits/L18A1_RGBI_16_Remesa_02.tif","L18A1_RGBI_16_Remesa_02.tif"
"https://visualizador.ide.uy/descargas/datos/CN_Remesa_02/02_Ortoimagenes/01_RGBI_16bits/L18A2_RGBI_16_Remesa_02.tif","L18A2_RGBI_16_Remesa_02.tif"
"https://visualizador.ide.uy/descargas/datos/CN_Remesa_02/02_Ortoimagenes/01_RGBI_16bits/L18A3_RGBI_16_Remesa_02.tif","L18A3_RGBI_16_Remesa_02.tif"
"https://visualizador.ide.uy/descargas/datos/CN_Remesa_02/02_Ortoimagenes/01_RGBI_16bits/L18A4_RGBI_16_Remesa_02.tif","L18A4_RGBI_16_Remesa_02.tif"
"https://visualizador.ide.uy/descargas/datos/CN_Remesa_02/02_Ortoimagenes/01_RGBI_16bits/L18A5_RGBI_16_Remesa_02.tif","L18A5_RGBI_16_Remesa_02.tif"
"https://visualizador.ide.uy/descargas/datos/CN_Remesa_02/02_Ortoimagenes/01_RGBI_16bits/L18A6_RGBI_16_Remesa_02.tif","L18A6_RGBI_16_Remesa_02.tif"
"https://visualizador.ide.uy/descargas/datos/CN_Remesa_02/02_Ortoimagenes/01_RGBI_16bits/L18B1_RGBI_16_Remesa_02.tif","L18B1_RGBI_16_Remesa_02.tif"
"https://visualizador.ide.uy/descargas/datos/CN_Remesa_02/02_Ortoimagenes/01_RGBI_16bits/L18B2_RGBI_16_Remesa_02.tif","L18B2_RGBI_16_Remesa_02.tif"
"https://visualizador.ide.uy/descargas/datos/CN_Remesa_02/02_Ortoimagenes/01_RGBI_16bits/L18B3_RGBI_16_Remesa_02.tif","L18B3_RGBI_16_Remesa_02.tif"
"https://visualizador.ide.uy/descargas/datos/CN_Remesa_02/02_Ortoimagenes/01_RGBI_16bits/L18B4_RGBI_16_Remesa_02.tif","L18B4_RGBI_16_Remesa_02.tif"
"https://visualizador.ide.uy/descargas/datos/CN_Remesa_02/02_Ortoimagenes/01_RGBI_16bits/L18B5_RGBI_16_Remesa_02.tif","L18B5_RGBI_16_Remesa_02.tif"
"https://visualizador.ide.uy/descargas/datos/CN_Remesa_02/02_Ortoimagenes/01_RGBI_16bits/L18B6_RGBI_16_Remesa_02.tif","L18B6_RGBI_16_Remesa_02.tif"
"https://visualizador.ide.uy/descargas/datos/CN_Remesa_02/02_Ortoimagenes/01_RGBI_16bits/L18C1_RGBI_16_Remesa_02.tif","L18C1_RGBI_16_Remesa_02.tif"
"https://visualizador.ide.uy/descargas/datos/CN_Remesa_02/02_Ortoimagenes/01_RGBI_16bits/L18C2_RGBI_16_Remesa_02.tif","L18C2_RGBI_16_Remesa_02.tif"
"https://visualizador.ide.uy/descargas/datos/CN_Remesa_02/02_Ortoimagenes/01_RGBI_16bits/L18C3_RGBI_16_Remesa_02.tif","L18C3_RGBI_16_Remesa_02.tif"
"https://visualizador.ide.uy/descargas/datos/CN_Remesa_02/02_Ortoimagenes/01_RGBI_16bits/L18C4_RGBI_16_Remesa_02.tif","L18C4_RGBI_16_Remesa_02.tif"
"https://visualizador.ide.uy/descargas/datos/CN_Remesa_02/02_Ortoimagenes/01_RGBI_16bits/L18C5_RGBI_16_Remesa_02.tif","L18C5_RGBI_16_Remesa_02.tif"
"https://visualizador.ide.uy/descargas/datos/CN_Remesa_02/02_Ortoimagenes/01_RGBI_16bits/L18C6_RGBI_16_Remesa_02.tif","L18C6_RGBI_16_Remesa_02.tif"
"https://visualizador.ide.uy/descargas/datos/CN_Remesa_02/02_Ortoimagenes/01_RGBI_16bits/L18D1_RGBI_16_Remesa_02.tif","L18D1_RGBI_16_Remesa_02.tif"
"https://visualizador.ide.uy/descargas/datos/CN_Remesa_02/02_Ortoimagenes/01_RGBI_16bits/L18D2_RGBI_16_Remesa_02.tif","L18D2_RGBI_16_Remesa_02.tif"
"https://visualizador.ide.uy/descargas/datos/CN_Remesa_02/02_Ortoimagenes/01_RGBI_16bits/L18D3_RGBI_16_Remesa_02.tif","L18D3_RGBI_16_Remesa_02.tif"
"https://visualizador.ide.uy/descargas/datos/CN_Remesa_02/02_Ortoimagenes/01_RGBI_16bits/L18D4_RGBI_16_Remesa_02.tif","L18D4_RGBI_16_Remesa_02.tif"
"https://visualizador.ide.uy/descargas/datos/CN_Remesa_02/02_Ortoimagenes/01_RGBI_16bits/L18D5_RGBI_16_Remesa_02.tif","L18D5_RGBI_16_Remesa_02.tif"
"https://visualizador.ide.uy/descargas/datos/CN_Remesa_02/02_Ortoimagenes/01_RGBI_16bits/L18D6_RGBI_16_Remesa_02.tif","L18D6_RGBI_16_Remesa_02.tif"
"https://visualizador.ide.uy/descargas/datos/CN_Remesa_02/02_Ortoimagenes/01_RGBI_16bits/L19A1_RGBI_16_Remesa_02.tif","L19A1_RGBI_16_Remesa_02.tif"
"https://visualizador.ide.uy/descargas/datos/CN_Remesa_02/02_Ortoimagenes/01_RGBI_16bits/L19A2_RGBI_16_Remesa_02.tif","L19A2_RGBI_16_Remesa_02.tif"
"https://visualizador.ide.uy/descargas/datos/CN_Remesa_02/02_Ortoimagenes/01_RGBI_16bits/L19A3_RGBI_16_Remesa_02.tif","L19A3_RGBI_16_Remesa_02.tif"
"https://visualizador.ide.uy/descargas/datos/CN_Remesa_02/02_Ortoimagenes/01_RGBI_16bits/L19A4_RGBI_16_Remesa_02.tif","L19A4_RGBI_16_Remesa_02.tif"
"https://visualizador.ide.uy/descargas/datos/CN_Remesa_02/02_Ortoimagenes/01_RGBI_16bits/L19A5_RGBI_16_Remesa_02.tif","L19A5_RGBI_16_Remesa_02.tif"
"https://visualizador.ide.uy/descargas/datos/CN_Remesa_02/02_Ortoimagenes/01_RGBI_16bits/L19A6_RGBI_16_Remesa_02.tif","L19A6_RGBI_16_Remesa_02.tif"
"https://visualizador.ide.uy/descargas/datos/CN_Remesa_02/02_Ortoimagenes/01_RGBI_16bits/L19B1_RGBI_16_Remesa_02.tif","L19B1_RGBI_16_Remesa_02.tif"
"https://visualizador.ide.uy/descargas/datos/CN_Remesa_02/02_Ortoimagenes/01_RGBI_16bits/L19B2_RGBI_16_Remesa_02.tif","L19B2_RGBI_16_Remesa_02.tif"
"https://visualizador.ide.uy/descargas/datos/CN_Remesa_02/02_Ortoimagenes/01_RGBI_16bits/L19B3_RGBI_16_Remesa_02.tif","L19B3_RGBI_16_Remesa_02.tif"
"https://visualizador.ide.uy/descargas/datos/CN_Remesa_02/02_Ortoimagenes/01_RGBI_16bits/L19B4_RGBI_16_Remesa_02.tif","L19B4_RGBI_16_Remesa_02.tif"
"https://visualizador.ide.uy/descargas/datos/CN_Remesa_02/02_Ortoimagenes/01_RGBI_16bits/L19B5_RGBI_16_Remesa_02.tif","L19B5_RGBI_16_Remesa_02.tif"
"https://visualizador.ide.uy/descargas/datos/CN_Remesa_02/02_Ortoimagenes/01_RGBI_16bits/L19B6_RGBI_16_Remesa_02.tif","L19B6_RGBI_16_Remesa_02.tif"
"https://visualizador.ide.uy/descargas/datos/CN_Remesa_02/02_Ortoimagenes/01_RGBI_16bits/L19C1_RGBI_16_Remesa_02.tif","L19C1_RGBI_16_Remesa_02.tif"
"https://visualizador.ide.uy/descargas/datos/CN_Remesa_02/02_Ortoimagenes/01_RGBI_16bits/L19C2_RGBI_16_Remesa_02.tif","L19C2_RGBI_16_Remesa_02.tif"
"https://visualizador.ide.uy/descargas/datos/CN_Remesa_02/02_Ortoimagenes/01_RGBI_16bits/L19C3_RGBI_16_Remesa_02.tif","L19C3_RGBI_16_Remesa_02.tif"
"https://visualizador.ide.uy/descargas/datos/CN_Remesa_02/02_Ortoimagenes/01_RGBI_16bits/L19C4_RGBI_16_Remesa_02.tif","L19C4_RGBI_16_Remesa_02.tif"
"https://visualizador.ide.uy/descargas/datos/CN_Remesa_02/02_Ortoimagenes/01_RGBI_16bits/L19C5_RGBI_16_Remesa_02.tif","L19C5_RGBI_16_Remesa_02.tif"
"https://visualizador.ide.uy/descargas/datos/CN_Remesa_02/02_Ortoimagenes/01_RGBI_16bits/L19C6_RGBI_16_Remesa_02.tif","L19C6_RGBI_16_Remesa_02.tif"
"https://visualizador.ide.uy/descargas/datos/CN_Remesa_02/02_Ortoimagenes/01_RGBI_16bits/L19D1_RGBI_16_Remesa_02.tif","L19D1_RGBI_16_Remesa_02.tif"
"https://visualizador.ide.uy/descargas/datos/CN_Remesa_02/02_Ortoimagenes/01_RGBI_16bits/L19D2_RGBI_16_Remesa_02.tif","L19D2_RGBI_16_Remesa_02.tif"
"https://visualizador.ide.uy/descargas/datos/CN_Remesa_02/02_Ortoimagenes/01_RGBI_16bits/L19D3_RGBI_16_Remesa_02.tif","L19D3_RGBI_16_Remesa_02.tif"
"https://visualizador.ide.uy/descargas/datos/CN_Remesa_02/02_Ortoimagenes/01_RGBI_16bits/L19D4_RGBI_16_Remesa_02.tif","L19D4_RGBI_16_Remesa_02.tif"
"https://visualizador.ide.uy/descargas/datos/CN_Remesa_02/02_Ortoimagenes/01_RGBI_16bits/L19D5_RGBI_16_Remesa_02.tif","L19D5_RGBI_16_Remesa_02.tif"
"https://visualizador.ide.uy/descargas/datos/CN_Remesa_02/02_Ortoimagenes/01_RGBI_16bits/L19D6_RGBI_16_Remesa_02.tif","L19D6_RGBI_16_Remesa_02.tif"
"https://visualizador.ide.uy/descargas/datos/CN_Remesa_02/02_Ortoimagenes/01_RGBI_16bits/L20A1_RGBI_16_Remesa_02.tif","L20A1_RGBI_16_Remesa_02.tif"
"https://visualizador.ide.uy/descargas/datos/CN_Remesa_02/02_Ortoimagenes/01_RGBI_16bits/L20A2_RGBI_16_Remesa_02.tif","L20A2_RGBI_16_Remesa_02.tif"
"https://visualizador.ide.uy/descargas/datos/CN_Remesa_02/02_Ortoimagenes/01_RGBI_16bits/L20A3_RGBI_16_Remesa_02.tif","L20A3_RGBI_16_Remesa_02.tif"
"https://visualizador.ide.uy/descargas/datos/CN_Remesa_02/02_Ortoimagenes/01_RGBI_16bits/L20A4_RGBI_16_Remesa_02.tif","L20A4_RGBI_16_Remesa_02.tif"
"https://visualizador.ide.uy/descargas/datos/CN_Remesa_02/02_Ortoimagenes/01_RGBI_16bits/L20A5_RGBI_16_Remesa_02.tif","L20A5_RGBI_16_Remesa_02.tif"
"https://visualizador.ide.uy/descargas/datos/CN_Remesa_02/02_Ortoimagenes/01_RGBI_16bits/L20A6_RGBI_16_Remesa_02.tif","L20A6_RGBI_16_Remesa_02.tif"
"https://visualizador.ide.uy/descargas/datos/CN_Remesa_02/02_Ortoimagenes/01_RGBI_16bits/L20B1_RGBI_16_Remesa_02.tif","L20B1_RGBI_16_Remesa_02.tif"
"https://visualizador.ide.uy/descargas/datos/CN_Remesa_02/02_Ortoimagenes/01_RGBI_16bits/L20B2_RGBI_16_Remesa_02.tif","L20B2_RGBI_16_Remesa_02.tif"
"https://visualizador.ide.uy/descargas/datos/CN_Remesa_02/02_Ortoimagenes/01_RGBI_16bits/L20B3_RGBI_16_Remesa_02.tif","L20B3_RGBI_16_Remesa_02.tif"
"https://visualizador.ide.uy/descargas/datos/CN_Remesa_02/02_Ortoimagenes/01_RGBI_16bits/L20B4_RGBI_16_Remesa_02.tif","L20B4_RGBI_16_Remesa_02.tif"
"https://visualizador.ide.uy/descargas/datos/CN_Remesa_02/02_Ortoimagenes/01_RGBI_16bits/L20B5_RGBI_16_Remesa_02.tif","L20B5_RGBI_16_Remesa_02.tif"
"https://visualizador.ide.uy/descargas/datos/CN_Remesa_02/02_Ortoimagenes/01_RGBI_16bits/L20B6_RGBI_16_Remesa_02.tif","L20B6_RGBI_16_Remesa_02.tif"
"https://visualizador.ide.uy/descargas/datos/CN_Remesa_02/02_Ortoimagenes/01_RGBI_16bits/L20C1_RGBI_16_Remesa_02.tif","L20C1_RGBI_16_Remesa_02.tif"
"https://visualizador.ide.uy/descargas/datos/CN_Remesa_02/02_Ortoimagenes/01_RGBI_16bits/L20C2_RGBI_16_Remesa_02.tif","L20C2_RGBI_16_Remesa_02.tif"
"https://visualizador.ide.uy/descargas/datos/CN_Remesa_02/02_Ortoimagenes/01_RGBI_16bits/L20C3_RGBI_16_Remesa_02.tif","L20C3_RGBI_16_Remesa_02.tif"
"https://visualizador.ide.uy/descargas/datos/CN_Remesa_02/02_Ortoimagenes/01_RGBI_16bits/L20C4_RGBI_16_Remesa_02.tif","L20C4_RGBI_16_Remesa_02.tif"
"https://visualizador.ide.uy/descargas/datos/CN_Remesa_02/02_Ortoimagenes/01_RGBI_16bits/L20C5_RGBI_16_Remesa_02.tif","L20C5_RGBI_16_Remesa_02.tif"
"https://visualizador.ide.uy/descargas/datos/CN_Remesa_02/02_Ortoimagenes/01_RGBI_16bits/L20C6_RGBI_16_Remesa_02.tif","L20C6_RGBI_16_Remesa_02.tif"
"https://visualizador.ide.uy/descargas/datos/CN_Remesa_02/02_Ortoimagenes/01_RGBI_16bits/L20D1_RGBI_16_Remesa_02.tif","L20D1_RGBI_16_Remesa_02.tif"
"https://visualizador.ide.uy/descargas/datos/CN_Remesa_02/02_Ortoimagenes/01_RGBI_16bits/L20D2_RGBI_16_Remesa_02.tif","L20D2_RGBI_16_Remesa_02.tif"
"https://visualizador.ide.uy/descargas/datos/CN_Remesa_02/02_Ortoimagenes/01_RGBI_16bits/L20D3_RGBI_16_Remesa_02.tif","L20D3_RGBI_16_Remesa_02.tif"
"https://visualizador.ide.uy/descargas/datos/CN_Remesa_02/02_Ortoimagenes/01_RGBI_16bits/L20D4_RGBI_16_Remesa_02.tif","L20D4_RGBI_16_Remesa_02.tif"
"https://visualizador.ide.uy/descargas/datos/CN_Remesa_02/02_Ortoimagenes/01_RGBI_16bits/L20D5_RGBI_16_Remesa_02.tif","L20D5_RGBI_16_Remesa_02.tif"
"https://visualizador.ide.uy/descargas/datos/CN_Remesa_02/02_Ortoimagenes/01_RGBI_16bits/L20D6_RGBI_16_Remesa_02.tif","L20D6_RGBI_16_Remesa_02.tif"
"https://visualizador.ide.uy/descargas/datos/CN_Remesa_02/02_Ortoimagenes/01_RGBI_16bits/L21A1_RGBI_16_Remesa_02.tif","L21A1_RGBI_16_Remesa_02.tif"
"https://visualizador.ide.uy/descargas/datos/CN_Remesa_02/02_Ortoimagenes/01_RGBI_16bits/L21A2_RGBI_16_Remesa_02.tif","L21A2_RGBI_16_Remesa_02.tif"
"https://visualizador.ide.uy/descargas/datos/CN_Remesa_02/02_Ortoimagenes/01_RGBI_16bits/L21A3_RGBI_16_Remesa_02.tif","L21A3_RGBI_16_Remesa_02.tif"
"https://visualizador.ide.uy/descargas/datos/CN_Remesa_02/02_Ortoimagenes/01_RGBI_16bits/L21A4_RGBI_16_Remesa_02.tif","L21A4_RGBI_16_Remesa_02.tif"
"https://visualizador.ide.uy/descargas/datos/CN_Remesa_02/02_Ortoimagenes/01_RGBI_16bits/L21A5_RGBI_16_Remesa_02.tif","L21A5_RGBI_16_Remesa_02.tif"
"https://visualizador.ide.uy/descargas/datos/CN_Remesa_02/02_Ortoimagenes/01_RGBI_16bits/L21A6_RGBI_16_Remesa_02.tif","L21A6_RGBI_16_Remesa_02.tif"
"https://visualizador.ide.uy/descargas/datos/CN_Remesa_02/02_Ortoimagenes/01_RGBI_16bits/L21B1_RGBI_16_Remesa_02.tif","L21B1_RGBI_16_Remesa_02.tif"
"https://visualizador.ide.uy/descargas/datos/CN_Remesa_02/02_Ortoimagenes/01_RGBI_16bits/L21B2_RGBI_16_Remesa_02.tif","L21B2_RGBI_16_Remesa_02.tif"
"https://visualizador.ide.uy/descargas/datos/CN_Remesa_02/02_Ortoimagenes/01_RGBI_16bits/L21B3_RGBI_16_Remesa_02.tif","L21B3_RGBI_16_Remesa_02.tif"
"https://visualizador.ide.uy/descargas/datos/CN_Remesa_02/02_Ortoimagenes/01_RGBI_16bits/L21B4_RGBI_16_Remesa_02.tif","L21B4_RGBI_16_Remesa_02.tif"
"https://visualizador.ide.uy/descargas/datos/CN_Remesa_02/02_Ortoimagenes/01_RGBI_16bits/L21B5_RGBI_16_Remesa_02.tif","L21B5_RGBI_16_Remesa_02.tif"
"https://visualizador.ide.uy/descargas/datos/CN_Remesa_02/02_Ortoimagenes/01_RGBI_16bits/L21B6_RGBI_16_Remesa_02.tif","L21B6_RGBI_16_Remesa_02.tif"
"https://visualizador.ide.uy/descargas/datos/CN_Remesa_02/02_Ortoimagenes/01_RGBI_16bits/L21C1_RGBI_16_Remesa_02.tif","L21C1_RGBI_16_Remesa_02.tif"
"https://visualizador.ide.uy/descargas/datos/CN_Remesa_02/02_Ortoimagenes/01_RGBI_16bits/L21C2_RGBI_16_Remesa_02.tif","L21C2_RGBI_16_Remesa_02.tif"
"https://visualizador.ide.uy/descargas/datos/CN_Remesa_02/02_Ortoimagenes/01_RGBI_16bits/L21C3_RGBI_16_Remesa_02.tif","L21C3_RGBI_16_Remesa_02.tif"
"https://visualizador.ide.uy/descargas/datos/CN_Remesa_02/02_Ortoimagenes/01_RGBI_16bits/L21C4_RGBI_16_Remesa_02.tif","L21C4_RGBI_16_Remesa_02.tif"
"https://visualizador.ide.uy/descargas/datos/CN_Remesa_02/02_Ortoimagenes/01_RGBI_16bits/L21C5_RGBI_16_Remesa_02.tif","L21C5_RGBI_16_Remesa_02.tif"
"https://visualizador.ide.uy/descargas/datos/CN_Remesa_02/02_Ortoimagenes/01_RGBI_16bits/L21C6_RGBI_16_Remesa_02.tif","L21C6_RGBI_16_Remesa_02.tif"
"https://visualizador.ide.uy/descargas/datos/CN_Remesa_02/02_Ortoimagenes/01_RGBI_16bits/L21D1_RGBI_16_Remesa_02.tif","L21D1_RGBI_16_Remesa_02.tif"
"https://visualizador.ide.uy/descargas/datos/CN_Remesa_02/02_Ortoimagenes/01_RGBI_16bits/L21D2_RGBI_16_Remesa_02.tif","L21D2_RGBI_16_Remesa_02.tif"
"https://visualizador.ide.uy/descargas/datos/CN_Remesa_02/02_Ortoimagenes/01_RGBI_16bits/L21D3_RGBI_16_Remesa_02.tif","L21D3_RGBI_16_Remesa_02.tif"
"https://visualizador.ide.uy/descargas/datos/CN_Remesa_02/02_Ortoimagenes/01_RGBI_16bits/L21D4_RGBI_16_Remesa_02.tif","L21D4_RGBI_16_Remesa_02.tif"
"https://visualizador.ide.uy/descargas/datos/CN_Remesa_02/02_Ortoimagenes/01_RGBI_16bits/L21D5_RGBI_16_Remesa_02.tif","L21D5_RGBI_16_Remesa_02.tif"
"https://visualizador.ide.uy/descargas/datos/CN_Remesa_02/02_Ortoimagenes/01_RGBI_16bits/L21D6_RGBI_16_Remesa_02.tif","L21D6_RGBI_16_Remesa_02.tif"
"https://visualizador.ide.uy/descargas/datos/CN_Remesa_02/02_Ortoimagenes/01_RGBI_16bits/L22A1_RGBI_16_Remesa_02.tif","L22A1_RGBI_16_Remesa_02.tif"
"https://visualizador.ide.uy/descargas/datos/CN_Remesa_02/02_Ortoimagenes/01_RGBI_16bits/L22A2_RGBI_16_Remesa_02.tif","L22A2_RGBI_16_Remesa_02.tif"
"https://visualizador.ide.uy/descargas/datos/CN_Remesa_02/02_Ortoimagenes/01_RGBI_16bits/L22A3_RGBI_16_Remesa_02.tif","L22A3_RGBI_16_Remesa_02.tif"
"https://visualizador.ide.uy/descargas/datos/CN_Remesa_02/02_Ortoimagenes/01_RGBI_16bits/L22A4_RGBI_16_Remesa_02.tif","L22A4_RGBI_16_Remesa_02.tif"
"https://visualizador.ide.uy/descargas/datos/CN_Remesa_02/02_Ortoimagenes/01_RGBI_16bits/L22A5_RGBI_16_Remesa_02.tif","L22A5_RGBI_16_Remesa_02.tif"
"https://visualizador.ide.uy/descargas/datos/CN_Remesa_02/02_Ortoimagenes/01_RGBI_16bits/L22A6_RGBI_16_Remesa_02.tif","L22A6_RGBI_16_Remesa_02.tif"
"https://visualizador.ide.uy/descargas/datos/CN_Remesa_02/02_Ortoimagenes/01_RGBI_16bits/L22B1_RGBI_16_Remesa_02.tif","L22B1_RGBI_16_Remesa_02.tif"
"https://visualizador.ide.uy/descargas/datos/CN_Remesa_02/02_Ortoimagenes/01_RGBI_16bits/L22B2_RGBI_16_Remesa_02.tif","L22B2_RGBI_16_Remesa_02.tif"
"https://visualizador.ide.uy/descargas/datos/CN_Remesa_02/02_Ortoimagenes/01_RGBI_16bits/L22B3_RGBI_16_Remesa_02.tif","L22B3_RGBI_16_Remesa_02.tif"
"https://visualizador.ide.uy/descargas/datos/CN_Remesa_02/02_Ortoimagenes/01_RGBI_16bits/L22B4_RGBI_16_Remesa_02.tif","L22B4_RGBI_16_Remesa_02.tif"
"https://visualizador.ide.uy/descargas/datos/CN_Remesa_02/02_Ortoimagenes/01_RGBI_16bits/L22B5_RGBI_16_Remesa_02.tif","L22B5_RGBI_16_Remesa_02.tif"
"https://visualizador.ide.uy/descargas/datos/CN_Remesa_02/02_Ortoimagenes/01_RGBI_16bits/L22B6_RGBI_16_Remesa_02.tif","L22B6_RGBI_16_Remesa_02.tif"
"https://visualizador.ide.uy/descargas/datos/CN_Remesa_02/02_Ortoimagenes/01_RGBI_16bits/L22C1_RGBI_16_Remesa_02.tif","L22C1_RGBI_16_Remesa_02.tif"
"https://visualizador.ide.uy/descargas/datos/CN_Remesa_02/02_Ortoimagenes/01_RGBI_16bits/L22C2_RGBI_16_Remesa_02.tif","L22C2_RGBI_16_Remesa_02.tif"
"https://visualizador.ide.uy/descargas/datos/CN_Remesa_02/02_Ortoimagenes/01_RGBI_16bits/L22C3_RGBI_16_Remesa_02.tif","L22C3_RGBI_16_Remesa_02.tif"
"https://visualizador.ide.uy/descargas/datos/CN_Remesa_02/02_Ortoimagenes/01_RGBI_16bits/L22C4_RGBI_16_Remesa_02.tif","L22C4_RGBI_16_Remesa_02.tif"
"https://visualizador.ide.uy/descargas/datos/CN_Remesa_02/02_Ortoimagenes/01_RGBI_16bits/L22C5_RGBI_16_Remesa_02.tif","L22C5_RGBI_16_Remesa_02.tif"
"https://visualizador.ide.uy/descargas/datos/CN_Remesa_02/02_Ortoimagenes/01_RGBI_16bits/L22C6_RGBI_16_Remesa_02.tif","L22C6_RGBI_16_Remesa_02.tif"
"https://visualizador.ide.uy/descargas/datos/CN_Remesa_02/02_Ortoimagenes/01_RGBI_16bits/L22D1_RGBI_16_Remesa_02.tif","L22D1_RGBI_16_Remesa_02.tif"
"https://visualizador.ide.uy/descargas/datos/CN_Remesa_02/02_Ortoimagenes/01_RGBI_16bits/L22D2_RGBI_16_Remesa_02.tif","L22D2_RGBI_16_Remesa_02.tif"
"https://visualizador.ide.uy/descargas/datos/CN_Remesa_02/02_Ortoimagenes/01_RGBI_16bits/L22D3_RGBI_16_Remesa_02.tif","L22D3_RGBI_16_Remesa_02.tif"
"https://visualizador.ide.uy/descargas/datos/CN_Remesa_02/02_Ortoimagenes/01_RGBI_16bits/L22D4_RGBI_16_Remesa_02.tif","L22D4_RGBI_16_Remesa_02.tif"
"https://visualizador.ide.uy/descargas/datos/CN_Remesa_02/02_Ortoimagenes/01_RGBI_16bits/L22D5_RGBI_16_Remesa_02.tif","L22D5_RGBI_16_Remesa_02.tif"
"https://visualizador.ide.uy/descargas/datos/CN_Remesa_02/02_Ortoimagenes/01_RGBI_16bits/L22D6_RGBI_16_Remesa_02.tif","L22D6_RGBI_16_Remesa_02.tif"
"https://visualizador.ide.uy/descargas/datos/CN_Remesa_02/02_Ortoimagenes/01_RGBI_16bits/L23A2_RGBI_16_Remesa_02.tif","L23A2_RGBI_16_Remesa_02.tif"
"https://visualizador.ide.uy/descargas/datos/CN_Remesa_02/02_Ortoimagenes/01_RGBI_16bits/L23A3_RGBI_16_Remesa_02.tif","L23A3_RGBI_16_Remesa_02.tif"
"https://visualizador.ide.uy/descargas/datos/CN_Remesa_02/02_Ortoimagenes/01_RGBI_16bits/L23B1_RGBI_16_Remesa_02.tif","L23B1_RGBI_16_Remesa_02.tif"
"https://visualizador.ide.uy/descargas/datos/CN_Remesa_02/02_Ortoimagenes/01_RGBI_16bits/L23B2_RGBI_16_Remesa_02.tif","L23B2_RGBI_16_Remesa_02.tif"
"https://visualizador.ide.uy/descargas/datos/CN_Remesa_02/02_Ortoimagenes/01_RGBI_16bits/L23B3_RGBI_16_Remesa_02.tif","L23B3_RGBI_16_Remesa_02.tif"
"https://visualizador.ide.uy/descargas/datos/CN_Remesa_02/02_Ortoimagenes/01_RGBI_16bits/L23B4_RGBI_16_Remesa_02.tif","L23B4_RGBI_16_Remesa_02.tif"
"https://visualizador.ide.uy/descargas/datos/CN_Remesa_02/02_Ortoimagenes/01_RGBI_16bits/L23B5_RGBI_16_Remesa_02.tif","L23B5_RGBI_16_Remesa_02.tif"
"https://visualizador.ide.uy/descargas/datos/CN_Remesa_02/02_Ortoimagenes/01_RGBI_16bits/L23B6_RGBI_16_Remesa_02.tif","L23B6_RGBI_16_Remesa_02.tif"
"https://visualizador.ide.uy/descargas/datos/CN_Remesa_02/02_Ortoimagenes/01_RGBI_16bits/L23D3_RGBI_16_Remesa_02.tif","L23D3_RGBI_16_Remesa_02.tif"
"https://visualizador.ide.uy/descargas/datos/CN_Remesa_02/02_Ortoimagenes/01_RGBI_16bits/L23D6_RGBI_16_Remesa_02.tif","L23D6_RGBI_16_Remesa_02.tif"
"https://visualizador.ide.uy/descargas/datos/CN_Remesa_02/02_Ortoimagenes/01_RGBI_16bits/M14D5_RGBI_16_Remesa_02.tif","M14D5_RGBI_16_Remesa_02.tif"
"https://visualizador.ide.uy/descargas/datos/CN_Remesa_02/02_Ortoimagenes/01_RGBI_16bits/M14D6_RGBI_16_Remesa_02.tif","M14D6_RGBI_16_Remesa_02.tif"
"https://visualizador.ide.uy/descargas/datos/CN_Remesa_02/02_Ortoimagenes/01_RGBI_16bits/M15B2_RGBI_16_Remesa_02.tif","M15B2_RGBI_16_Remesa_02.tif"
"https://visualizador.ide.uy/descargas/datos/CN_Remesa_02/02_Ortoimagenes/01_RGBI_16bits/M15B3_RGBI_16_Remesa_02.tif","M15B3_RGBI_16_Remesa_02.tif"
"https://visualizador.ide.uy/descargas/datos/CN_Remesa_02/02_Ortoimagenes/01_RGBI_16bits/M15B5_RGBI_16_Remesa_02.tif","M15B5_RGBI_16_Remesa_02.tif"
"https://visualizador.ide.uy/descargas/datos/CN_Remesa_02/02_Ortoimagenes/01_RGBI_16bits/M15B6_RGBI_16_Remesa_02.tif","M15B6_RGBI_16_Remesa_02.tif"
"https://visualizador.ide.uy/descargas/datos/CN_Remesa_02/02_Ortoimagenes/01_RGBI_16bits/M15D2_RGBI_16_Remesa_02.tif","M15D2_RGBI_16_Remesa_02.tif"
"https://visualizador.ide.uy/descargas/datos/CN_Remesa_02/02_Ortoimagenes/01_RGBI_16bits/M15D3_RGBI_16_Remesa_02.tif","M15D3_RGBI_16_Remesa_02.tif"
"https://visualizador.ide.uy/descargas/datos/CN_Remesa_02/02_Ortoimagenes/01_RGBI_16bits/M15D5_RGBI_16_Remesa_02.tif","M15D5_RGBI_16_Remesa_02.tif"
"https://visualizador.ide.uy/descargas/datos/CN_Remesa_02/02_Ortoimagenes/01_RGBI_16bits/M15D6_RGBI_16_Remesa_02.tif","M15D6_RGBI_16_Remesa_02.tif"
"https://visualizador.ide.uy/descargas/datos/CN_Remesa_02/02_Ortoimagenes/01_RGBI_16bits/M16B2_RGBI_16_Remesa_02.tif","M16B2_RGBI_16_Remesa_02.tif"
"https://visualizador.ide.uy/descargas/datos/CN_Remesa_02/02_Ortoimagenes/01_RGBI_16bits/M16B3_RGBI_16_Remesa_02.tif","M16B3_RGBI_16_Remesa_02.tif"
"https://visualizador.ide.uy/descargas/datos/CN_Remesa_02/02_Ortoimagenes/01_RGBI_16bits/M16B5_RGBI_16_Remesa_02.tif","M16B5_RGBI_16_Remesa_02.tif"
"https://visualizador.ide.uy/descargas/datos/CN_Remesa_02/02_Ortoimagenes/01_RGBI_16bits/M16B6_RGBI_16_Remesa_02.tif","M16B6_RGBI_16_Remesa_02.tif"
"https://visualizador.ide.uy/descargas/datos/CN_Remesa_02/02_Ortoimagenes/01_RGBI_16bits/M16D2_RGBI_16_Remesa_02.tif","M16D2_RGBI_16_Remesa_02.tif"
"https://visualizador.ide.uy/descargas/datos/CN_Remesa_02/02_Ortoimagenes/01_RGBI_16bits/M16D3_RGBI_16_Remesa_02.tif","M16D3_RGBI_16_Remesa_02.tif"
"https://visualizador.ide.uy/descargas/datos/CN_Remesa_02/02_Ortoimagenes/01_RGBI_16bits/M16D5_RGBI_16_Remesa_02.tif","M16D5_RGBI_16_Remesa_02.tif"
"https://visualizador.ide.uy/descargas/datos/CN_Remesa_02/02_Ortoimagenes/01_RGBI_16bits/M16D6_RGBI_16_Remesa_02.tif","M16D6_RGBI_16_Remesa_02.tif"
"https://visualizador.ide.uy/descargas/datos/CN_Remesa_02/02_Ortoimagenes/01_RGBI_16bits/M17B2_RGBI_16_Remesa_02.tif","M17B2_RGBI_16_Remesa_02.tif"
"https://visualizador.ide.uy/descargas/datos/CN_Remesa_02/02_Ortoimagenes/01_RGBI_16bits/M17B3_RGBI_16_Remesa_02.tif","M17B3_RGBI_16_Remesa_02.tif"
"https://visualizador.ide.uy/descargas/datos/CN_Remesa_02/02_Ortoimagenes/01_RGBI_16bits/M17B5_RGBI_16_Remesa_02.tif","M17B5_RGBI_16_Remesa_02.tif"
"https://visualizador.ide.uy/descargas/datos/CN_Remesa_02/02_Ortoimagenes/01_RGBI_16bits/M17B6_RGBI_16_Remesa_02.tif","M17B6_RGBI_16_Remesa_02.tif"
"https://visualizador.ide.uy/descargas/datos/CN_Remesa_02/02_Ortoimagenes/01_RGBI_16bits/M17D2_RGBI_16_Remesa_02.tif","M17D2_RGBI_16_Remesa_02.tif"
"https://visualizador.ide.uy/descargas/datos/CN_Remesa_02/02_Ortoimagenes/01_RGBI_16bits/M17D3_RGBI_16_Remesa_02.tif","M17D3_RGBI_16_Remesa_02.tif"
"https://visualizador.ide.uy/descargas/datos/CN_Remesa_02/02_Ortoimagenes/01_RGBI_16bits/M17D5_RGBI_16_Remesa_02.tif","M17D5_RGBI_16_Remesa_02.tif"
"https://visualizador.ide.uy/descargas/datos/CN_Remesa_02/02_Ortoimagenes/01_RGBI_16bits/M17D6_RGBI_16_Remesa_02.tif","M17D6_RGBI_16_Remesa_02.tif"
"https://visualizador.ide.uy/descargas/datos/CN_Remesa_02/02_Ortoimagenes/01_RGBI_16bits/M18B2_RGBI_16_Remesa_02.tif","M18B2_RGBI_16_Remesa_02.tif"
"https://visualizador.ide.uy/descargas/datos/CN_Remesa_02/02_Ortoimagenes/01_RGBI_16bits/M18B3_RGBI_16_Remesa_02.tif","M18B3_RGBI_16_Remesa_02.tif"
"https://visualizador.ide.uy/descargas/datos/CN_Remesa_02/02_Ortoimagenes/01_RGBI_16bits/M18B5_RGBI_16_Remesa_02.tif","M18B5_RGBI_16_Remesa_02.tif"
"https://visualizador.ide.uy/descargas/datos/CN_Remesa_02/02_Ortoimagenes/01_RGBI_16bits/M18B6_RGBI_16_Remesa_02.tif","M18B6_RGBI_16_Remesa_02.tif"
"https://visualizador.ide.uy/descargas/datos/CN_Remesa_02/02_Ortoimagenes/01_RGBI_16bits/M18D2_RGBI_16_Remesa_02.tif","M18D2_RGBI_16_Remesa_02.tif"
"https://visualizador.ide.uy/descargas/datos/CN_Remesa_02/02_Ortoimagenes/01_RGBI_16bits/M18D3_RGBI_16_Remesa_02.tif","M18D3_RGBI_16_Remesa_02.tif"
"https://visualizador.ide.uy/descargas/datos/CN_Remesa_02/02_Ortoimagenes/01_RGBI_16bits/M18D5_RGBI_16_Remesa_02.tif","M18D5_RGBI_16_Remesa_02.tif"
"https://visualizador.ide.uy/descargas/datos/CN_Remesa_02/02_Ortoimagenes/01_RGBI_16bits/M18D6_RGBI_16_Remesa_02.tif","M18D6_RGBI_16_Remesa_02.tif"
"https://visualizador.ide.uy/descargas/datos/CN_Remesa_02/02_Ortoimagenes/01_RGBI_16bits/M19B2_RGBI_16_Remesa_02.tif","M19B2_RGBI_16_Remesa_02.tif"
"https://visualizador.ide.uy/descargas/datos/CN_Remesa_02/02_Ortoimagenes/01_RGBI_16bits/M19B3_RGBI_16_Remesa_02.tif","M19B3_RGBI_16_Remesa_02.tif"
"https://visualizador.ide.uy/descargas/datos/CN_Remesa_02/02_Ortoimagenes/01_RGBI_16bits/M19B5_RGBI_16_Remesa_02.tif","M19B5_RGBI_16_Remesa_02.tif"
"https://visualizador.ide.uy/descargas/datos/CN_Remesa_02/02_Ortoimagenes/01_RGBI_16bits/M19B6_RGBI_16_Remesa_02.tif","M19B6_RGBI_16_Remesa_02.tif"
"https://visualizador.ide.uy/descargas/datos/CN_Remesa_02/02_Ortoimagenes/01_RGBI_16bits/M19D2_RGBI_16_Remesa_02.tif","M19D2_RGBI_16_Remesa_02.tif"
"https://visualizador.ide.uy/descargas/datos/CN_Remesa_02/02_Ortoimagenes/01_RGBI_16bits/M19D3_RGBI_16_Remesa_02.tif","M19D3_RGBI_16_Remesa_02.tif"
"https://visualizador.ide.uy/descargas/datos/CN_Remesa_02/02_Ortoimagenes/01_RGBI_16bits/M19D5_RGBI_16_Remesa_02.tif","M19D5_RGBI_16_Remesa_02.tif"
"https://visualizador.ide.uy/descargas/datos/CN_Remesa_02/02_Ortoimagenes/01_RGBI_16bits/M19D6_RGBI_16_Remesa_02.tif","M19D6_RGBI_16_Remesa_02.tif"
"https://visualizador.ide.uy/descargas/datos/CN_Remesa_02/02_Ortoimagenes/01_RGBI_16bits/M20B2_RGBI_16_Remesa_02.tif","M20B2_RGBI_16_Remesa_02.tif"
"https://visualizador.ide.uy/descargas/datos/CN_Remesa_02/02_Ortoimagenes/01_RGBI_16bits/M20B3_RGBI_16_Remesa_02.tif","M20B3_RGBI_16_Remesa_02.tif"
"https://visualizador.ide.uy/descargas/datos/CN_Remesa_02/02_Ortoimagenes/01_RGBI_16bits/M20B5_RGBI_16_Remesa_02.tif","M20B5_RGBI_16_Remesa_02.tif"
"https://visualizador.ide.uy/descargas/datos/CN_Remesa_02/02_Ortoimagenes/01_RGBI_16bits/M20B6_RGBI_16_Remesa_02.tif","M20B6_RGBI_16_Remesa_02.tif"
"https://visualizador.ide.uy/descargas/datos/CN_Remesa_02/02_Ortoimagenes/01_RGBI_16bits/M20D2_RGBI_16_Remesa_02.tif","M20D2_RGBI_16_Remesa_02.tif"
"https://visualizador.ide.uy/descargas/datos/CN_Remesa_02/02_Ortoimagenes/01_RGBI_16bits/M20D3_RGBI_16_Remesa_02.tif","M20D3_RGBI_16_Remesa_02.tif"
"https://visualizador.ide.uy/descargas/datos/CN_Remesa_02/02_Ortoimagenes/01_RGBI_16bits/M20D5_RGBI_16_Remesa_02.tif","M20D5_RGBI_16_Remesa_02.tif"
"https://visualizador.ide.uy/descargas/datos/CN_Remesa_02/02_Ortoimagenes/01_RGBI_16bits/M20D6_RGBI_16_Remesa_02.tif","M20D6_RGBI_16_Remesa_02.tif"
"https://visualizador.ide.uy/descargas/datos/CN_Remesa_02/02_Ortoimagenes/01_RGBI_16bits/M21A2_RGBI_16_Remesa_02.tif","M21A2_RGBI_16_Remesa_02.tif"
"https://visualizador.ide.uy/descargas/datos/CN_Remesa_02/02_Ortoimagenes/01_RGBI_16bits/M21A3_RGBI_16_Remesa_02.tif","M21A3_RGBI_16_Remesa_02.tif"
"https://visualizador.ide.uy/descargas/datos/CN_Remesa_02/02_Ortoimagenes/01_RGBI_16bits/M21A5_RGBI_16_Remesa_02.tif","M21A5_RGBI_16_Remesa_02.tif"
"https://visualizador.ide.uy/descargas/datos/CN_Remesa_02/02_Ortoimagenes/01_RGBI_16bits/M21A6_RGBI_16_Remesa_02.tif","M21A6_RGBI_16_Remesa_02.tif"
"https://visualizador.ide.uy/descargas/datos/CN_Remesa_02/02_Ortoimagenes/01_RGBI_16bits/M21B1_RGBI_16_Remesa_02.tif","M21B1_RGBI_16_Remesa_02.tif"
"https://visualizador.ide.uy/descargas/datos/CN_Remesa_02/02_Ortoimagenes/01_RGBI_16bits/M21B2_RGBI_16_Remesa_02.tif","M21B2_RGBI_16_Remesa_02.tif"
"https://visualizador.ide.uy/descargas/datos/CN_Remesa_02/02_Ortoimagenes/01_RGBI_16bits/M21B3_RGBI_16_Remesa_02.tif","M21B3_RGBI_16_Remesa_02.tif"
"https://visualizador.ide.uy/descargas/datos/CN_Remesa_02/02_Ortoimagenes/01_RGBI_16bits/M21B4_RGBI_16_Remesa_02.tif","M21B4_RGBI_16_Remesa_02.tif"
"https://visualizador.ide.uy/descargas/datos/CN_Remesa_02/02_Ortoimagenes/01_RGBI_16bits/M21B5_RGBI_16_Remesa_02.tif","M21B5_RGBI_16_Remesa_02.tif"
"https://visualizador.ide.uy/descargas/datos/CN_Remesa_02/02_Ortoimagenes/01_RGBI_16bits/M21B6_RGBI_16_Remesa_02.tif","M21B6_RGBI_16_Remesa_02.tif"
"https://visualizador.ide.uy/descargas/datos/CN_Remesa_02/02_Ortoimagenes/01_RGBI_16bits/M21C2_RGBI_16_Remesa_02.tif","M21C2_RGBI_16_Remesa_02.tif"
"https://visualizador.ide.uy/descargas/datos/CN_Remesa_02/02_Ortoimagenes/01_RGBI_16bits/M21C3_RGBI_16_Remesa_02.tif","M21C3_RGBI_16_Remesa_02.tif"
"https://visualizador.ide.uy/descargas/datos/CN_Remesa_02/02_Ortoimagenes/01_RGBI_16bits/M21C5_RGBI_16_Remesa_02.tif","M21C5_RGBI_16_Remesa_02.tif"
"https://visualizador.ide.uy/descargas/datos/CN_Remesa_02/02_Ortoimagenes/01_RGBI_16bits/M21C6_RGBI_16_Remesa_02.tif","M21C6_RGBI_16_Remesa_02.tif"
"https://visualizador.ide.uy/descargas/datos/CN_Remesa_02/02_Ortoimagenes/01_RGBI_16bits/M21D1_RGBI_16_Remesa_02.tif","M21D1_RGBI_16_Remesa_02.tif"
"https://visualizador.ide.uy/descargas/datos/CN_Remesa_02/02_Ortoimagenes/01_RGBI_16bits/M21D2_RGBI_16_Remesa_02.tif","M21D2_RGBI_16_Remesa_02.tif"
"https://visualizador.ide.uy/descargas/datos/CN_Remesa_02/02_Ortoimagenes/01_RGBI_16bits/M21D3_RGBI_16_Remesa_02.tif","M21D3_RGBI_16_Remesa_02.tif"
"https://visualizador.ide.uy/descargas/datos/CN_Remesa_02/02_Ortoimagenes/01_RGBI_16bits/M21D4_RGBI_16_Remesa_02.tif","M21D4_RGBI_16_Remesa_02.tif"
"https://visualizador.ide.uy/descargas/datos/CN_Remesa_02/02_Ortoimagenes/01_RGBI_16bits/M21D5_RGBI_16_Remesa_02.tif","M21D5_RGBI_16_Remesa_02.tif"
"https://visualizador.ide.uy/descargas/datos/CN_Remesa_02/02_Ortoimagenes/01_RGBI_16bits/M21D6_RGBI_16_Remesa_02.tif","M21D6_RGBI_16_Remesa_02.tif"
"https://visualizador.ide.uy/descargas/datos/CN_Remesa_02/02_Ortoimagenes/01_RGBI_16bits/M22A2_RGBI_16_Remesa_02.tif","M22A2_RGBI_16_Remesa_02.tif"
"https://visualizador.ide.uy/descargas/datos/CN_Remesa_02/02_Ortoimagenes/01_RGBI_16bits/M22A3_RGBI_16_Remesa_02.tif","M22A3_RGBI_16_Remesa_02.tif"
"https://visualizador.ide.uy/descargas/datos/CN_Remesa_02/02_Ortoimagenes/01_RGBI_16bits/M22A5_RGBI_16_Remesa_02.tif","M22A5_RGBI_16_Remesa_02.tif"
"https://visualizador.ide.uy/descargas/datos/CN_Remesa_02/02_Ortoimagenes/01_RGBI_16bits/M22A6_RGBI_16_Remesa_02.tif","M22A6_RGBI_16_Remesa_02.tif"
"https://visualizador.ide.uy/descargas/datos/CN_Remesa_02/02_Ortoimagenes/01_RGBI_16bits/M22B1_RGBI_16_Remesa_02.tif","M22B1_RGBI_16_Remesa_02.tif"
"https://visualizador.ide.uy/descargas/datos/CN_Remesa_02/02_Ortoimagenes/01_RGBI_16bits/M22B2_RGBI_16_Remesa_02.tif","M22B2_RGBI_16_Remesa_02.tif"
"https://visualizador.ide.uy/descargas/datos/CN_Remesa_02/02_Ortoimagenes/01_RGBI_16bits/M22B3_RGBI_16_Remesa_02.tif","M22B3_RGBI_16_Remesa_02.tif"
"https://visualizador.ide.uy/descargas/datos/CN_Remesa_02/02_Ortoimagenes/01_RGBI_16bits/M22B4_RGBI_16_Remesa_02.tif","M22B4_RGBI_16_Remesa_02.tif"
"https://visualizador.ide.uy/descargas/datos/CN_Remesa_02/02_Ortoimagenes/01_RGBI_16bits/M22B5_RGBI_16_Remesa_02.tif","M22B5_RGBI_16_Remesa_02.tif"
"https://visualizador.ide.uy/descargas/datos/CN_Remesa_02/02_Ortoimagenes/01_RGBI_16bits/M22B6_RGBI_16_Remesa_02.tif","M22B6_RGBI_16_Remesa_02.tif"
"https://visualizador.ide.uy/descargas/datos/CN_Remesa_02/02_Ortoimagenes/01_RGBI_16bits/M22C2_RGBI_16_Remesa_02.tif","M22C2_RGBI_16_Remesa_02.tif"
"https://visualizador.ide.uy/descargas/datos/CN_Remesa_02/02_Ortoimagenes/01_RGBI_16bits/M22C3_RGBI_16_Remesa_02.tif","M22C3_RGBI_16_Remesa_02.tif"
"https://visualizador.ide.uy/descargas/datos/CN_Remesa_02/02_Ortoimagenes/01_RGBI_16bits/M22C5_RGBI_16_Remesa_02.tif","M22C5_RGBI_16_Remesa_02.tif"
"https://visualizador.ide.uy/descargas/datos/CN_Remesa_02/02_Ortoimagenes/01_RGBI_16bits/M22C6_RGBI_16_Remesa_02.tif","M22C6_RGBI_16_Remesa_02.tif"
"https://visualizador.ide.uy/descargas/datos/CN_Remesa_02/02_Ortoimagenes/01_RGBI_16bits/M22D1_RGBI_16_Remesa_02.tif","M22D1_RGBI_16_Remesa_02.tif"
"https://visualizador.ide.uy/descargas/datos/CN_Remesa_02/02_Ortoimagenes/01_RGBI_16bits/M22D2_RGBI_16_Remesa_02.tif","M22D2_RGBI_16_Remesa_02.tif"
"https://visualizador.ide.uy/descargas/datos/CN_Remesa_02/02_Ortoimagenes/01_RGBI_16bits/M22D3_RGBI_16_Remesa_02.tif","M22D3_RGBI_16_Remesa_02.tif"
"https://visualizador.ide.uy/descargas/datos/CN_Remesa_02/02_Ortoimagenes/01_RGBI_16bits/M22D4_RGBI_16_Remesa_02.tif","M22D4_RGBI_16_Remesa_02.tif"
"https://visualizador.ide.uy/descargas/datos/CN_Remesa_02/02_Ortoimagenes/01_RGBI_16bits/M22D5_RGBI_16_Remesa_02.tif","M22D5_RGBI_16_Remesa_02.tif"
"https://visualizador.ide.uy/descargas/datos/CN_Remesa_02/02_Ortoimagenes/01_RGBI_16bits/M22D6_RGBI_16_Remesa_02.tif","M22D6_RGBI_16_Remesa_02.tif"
"https://visualizador.ide.uy/descargas/datos/CN_Remesa_02/02_Ortoimagenes/01_RGBI_16bits/M23A2_RGBI_16_Remesa_02.tif","M23A2_RGBI_16_Remesa_02.tif"
"https://visualizador.ide.uy/descargas/datos/CN_Remesa_02/02_Ortoimagenes/01_RGBI_16bits/M23A3_RGBI_16_Remesa_02.tif","M23A3_RGBI_16_Remesa_02.tif"
"https://visualizador.ide.uy/descargas/datos/CN_Remesa_02/02_Ortoimagenes/01_RGBI_16bits/M23A5_RGBI_16_Remesa_02.tif","M23A5_RGBI_16_Remesa_02.tif"
"https://visualizador.ide.uy/descargas/datos/CN_Remesa_02/02_Ortoimagenes/01_RGBI_16bits/M23A6_RGBI_16_Remesa_02.tif","M23A6_RGBI_16_Remesa_02.tif"
"https://visualizador.ide.uy/descargas/datos/CN_Remesa_02/02_Ortoimagenes/01_RGBI_16bits/M23B1_RGBI_16_Remesa_02.tif","M23B1_RGBI_16_Remesa_02.tif"
"https://visualizador.ide.uy/descargas/datos/CN_Remesa_02/02_Ortoimagenes/01_RGBI_16bits/M23B2_RGBI_16_Remesa_02.tif","M23B2_RGBI_16_Remesa_02.tif"
"https://visualizador.ide.uy/descargas/datos/CN_Remesa_02/02_Ortoimagenes/01_RGBI_16bits/M23B4_RGBI_16_Remesa_02.tif","M23B4_RGBI_16_Remesa_02.tif"
"https://visualizador.ide.uy/descargas/datos/CN_Remesa_02/02_Ortoimagenes/01_RGBI_16bits/M23C2_RGBI_16_Remesa_02.tif","M23C2_RGBI_16_Remesa_02.tif"
"https://visualizador.ide.uy/descargas/datos/CN_Remesa_02/02_Ortoimagenes/01_RGBI_16bits/M23C3_RGBI_16_Remesa_02.tif","M23C3_RGBI_16_Remesa_02.tif"
"https://visualizador.ide.uy/descargas/datos/CN_Remesa_02/02_Ortoimagenes/01_RGBI_16bits/M23C5_RGBI_16_Remesa_02.tif","M23C5_RGBI_16_Remesa_02.tif"
"https://visualizador.ide.uy/descargas/datos/CN_Remesa_02/02_Ortoimagenes/01_RGBI_16bits/M23C6_RGBI_16_Remesa_02.tif","M23C6_RGBI_16_Remesa_02.tif"
"https://visualizador.ide.uy/descargas/datos/CN_Remesa_02/02_Ortoimagenes/01_RGBI_16bits/M24A2_RGBI_16_Remesa_02.tif","M24A2_RGBI_16_Remesa_02.tif"
"https://visualizador.ide.uy/descargas/datos/CN_Remesa_02/02_Ortoimagenes/01_RGBI_16bits/M24A3_RGBI_16_Remesa_02.tif","M24A3_RGBI_16_Remesa_02.tif"
"https://visualizador.ide.uy/descargas/datos/CN_Remesa_02/02_Ortoimagenes/01_RGBI_16bits/M24A5_RGBI_16_Remesa_02.tif","M24A5_RGBI_16_Remesa_02.tif"
"https://visualizador.ide.uy/descargas/datos/CN_Remesa_02/02_Ortoimagenes/01_RGBI_16bits/M24A6_RGBI_16_Remesa_02.tif","M24A6_RGBI_16_Remesa_02.tif"
