"href","text"
"https://visualizador.ide.uy/descargas/datos/CN_Remesa_01/02_Ortoimagenes/02_RGBI_8bits/?C=N;O=D","Nombre:"
"https://visualizador.ide.uy/descargas/datos/CN_Remesa_01/02_Ortoimagenes/02_RGBI_8bits/?C=S;O=A","Size"
"https://visualizador.ide.uy/descargas/datos/CN_Remesa_01/02_Ortoimagenes/","Parent Directory"
"https://visualizador.ide.uy/descargas/datos/CN_Remesa_01/02_Ortoimagenes/02_RGBI_8bits/G24A1_RGBI_8_Remesa_01.tif","G24A1_RGBI_8_Remesa_01.tif"
"https://visualizador.ide.uy/descargas/datos/CN_Remesa_01/02_Ortoimagenes/02_RGBI_8bits/G24A2_RGBI_8_Remesa_01.tif","G24A2_RGBI_8_Remesa_01.tif"
"https://visualizador.ide.uy/descargas/datos/CN_Remesa_01/02_Ortoimagenes/02_RGBI_8bits/G24A4_RGBI_8_Remesa_01.tif","G24A4_RGBI_8_Remesa_01.tif"
"https://visualizador.ide.uy/descargas/datos/CN_Remesa_01/02_Ortoimagenes/02_RGBI_8bits/G24A5_RGBI_8_Remesa_01.tif","G24A5_RGBI_8_Remesa_01.tif"
"https://visualizador.ide.uy/descargas/datos/CN_Remesa_01/02_Ortoimagenes/02_RGBI_8bits/G24A6_RGBI_8_Remesa_01.tif","G24A6_RGBI_8_Remesa_01.tif"
"https://visualizador.ide.uy/descargas/datos/CN_Remesa_01/02_Ortoimagenes/02_RGBI_8bits/G24C1_RGBI_8_Remesa_01.tif","G24C1_RGBI_8_Remesa_01.tif"
"https://visualizador.ide.uy/descargas/datos/CN_Remesa_01/02_Ortoimagenes/02_RGBI_8bits/G24C2_RGBI_8_Remesa_01.tif","G24C2_RGBI_8_Remesa_01.tif"
"https://visualizador.ide.uy/descargas/datos/CN_Remesa_01/02_Ortoimagenes/02_RGBI_8bits/G24C3_RGBI_8_Remesa_01.tif","G24C3_RGBI_8_Remesa_01.tif"
"https://visualizador.ide.uy/descargas/datos/CN_Remesa_01/02_Ortoimagenes/02_RGBI_8bits/G24C4_RGBI_8_Remesa_01.tif","G24C4_RGBI_8_Remesa_01.tif"
"https://visualizador.ide.uy/descargas/datos/CN_Remesa_01/02_Ortoimagenes/02_RGBI_8bits/G24C5_RGBI_8_Remesa_01.tif","G24C5_RGBI_8_Remesa_01.tif"
"https://visualizador.ide.uy/descargas/datos/CN_Remesa_01/02_Ortoimagenes/02_RGBI_8bits/G24C6_RGBI_8_Remesa_01.tif","G24C6_RGBI_8_Remesa_01.tif"
"https://visualizador.ide.uy/descargas/datos/CN_Remesa_01/02_Ortoimagenes/02_RGBI_8bits/G24D4_RGBI_8_Remesa_01.tif","G24D4_RGBI_8_Remesa_01.tif"
"https://visualizador.ide.uy/descargas/datos/CN_Remesa_01/02_Ortoimagenes/02_RGBI_8bits/G24D5_RGBI_8_Remesa_01.tif","G24D5_RGBI_8_Remesa_01.tif"
"https://visualizador.ide.uy/descargas/datos/CN_Remesa_01/02_Ortoimagenes/02_RGBI_8bits/G25A1_RGBI_8_Remesa_01.tif","G25A1_RGBI_8_Remesa_01.tif"
"https://visualizador.ide.uy/descargas/datos/CN_Remesa_01/02_Ortoimagenes/02_RGBI_8bits/G25A2_RGBI_8_Remesa_01.tif","G25A2_RGBI_8_Remesa_01.tif"
"https://visualizador.ide.uy/descargas/datos/CN_Remesa_01/02_Ortoimagenes/02_RGBI_8bits/G25A3_RGBI_8_Remesa_01.tif","G25A3_RGBI_8_Remesa_01.tif"
"https://visualizador.ide.uy/descargas/datos/CN_Remesa_01/02_Ortoimagenes/02_RGBI_8bits/G25A4_RGBI_8_Remesa_01.tif","G25A4_RGBI_8_Remesa_01.tif"
"https://visualizador.ide.uy/descargas/datos/CN_Remesa_01/02_Ortoimagenes/02_RGBI_8bits/G25A5_RGBI_8_Remesa_01.tif","G25A5_RGBI_8_Remesa_01.tif"
"https://visualizador.ide.uy/descargas/datos/CN_Remesa_01/02_Ortoimagenes/02_RGBI_8bits/G25A6_RGBI_8_Remesa_01.tif","G25A6_RGBI_8_Remesa_01.tif"
"https://visualizador.ide.uy/descargas/datos/CN_Remesa_01/02_Ortoimagenes/02_RGBI_8bits/G25B1_RGBI_8_Remesa_01.tif","G25B1_RGBI_8_Remesa_01.tif"
"https://visualizador.ide.uy/descargas/datos/CN_Remesa_01/02_Ortoimagenes/02_RGBI_8bits/G25B2_RGBI_8_Remesa_01.tif","G25B2_RGBI_8_Remesa_01.tif"
"https://visualizador.ide.uy/descargas/datos/CN_Remesa_01/02_Ortoimagenes/02_RGBI_8bits/G25B4_RGBI_8_Remesa_01.tif","G25B4_RGBI_8_Remesa_01.tif"
"https://visualizador.ide.uy/descargas/datos/CN_Remesa_01/02_Ortoimagenes/02_RGBI_8bits/G25B5_RGBI_8_Remesa_01.tif","G25B5_RGBI_8_Remesa_01.tif"
"https://visualizador.ide.uy/descargas/datos/CN_Remesa_01/02_Ortoimagenes/02_RGBI_8bits/G25B6_RGBI_8_Remesa_01.tif","G25B6_RGBI_8_Remesa_01.tif"
"https://visualizador.ide.uy/descargas/datos/CN_Remesa_01/02_Ortoimagenes/02_RGBI_8bits/G25C1_RGBI_8_Remesa_01.tif","G25C1_RGBI_8_Remesa_01.tif"
"https://visualizador.ide.uy/descargas/datos/CN_Remesa_01/02_Ortoimagenes/02_RGBI_8bits/G25C2_RGBI_8_Remesa_01.tif","G25C2_RGBI_8_Remesa_01.tif"
"https://visualizador.ide.uy/descargas/datos/CN_Remesa_01/02_Ortoimagenes/02_RGBI_8bits/G25C3_RGBI_8_Remesa_01.tif","G25C3_RGBI_8_Remesa_01.tif"
"https://visualizador.ide.uy/descargas/datos/CN_Remesa_01/02_Ortoimagenes/02_RGBI_8bits/G25C4_RGBI_8_Remesa_01.tif","G25C4_RGBI_8_Remesa_01.tif"
"https://visualizador.ide.uy/descargas/datos/CN_Remesa_01/02_Ortoimagenes/02_RGBI_8bits/G25C5_RGBI_8_Remesa_01.tif","G25C5_RGBI_8_Remesa_01.tif"
"https://visualizador.ide.uy/descargas/datos/CN_Remesa_01/02_Ortoimagenes/02_RGBI_8bits/G25C6_RGBI_8_Remesa_01.tif","G25C6_RGBI_8_Remesa_01.tif"
"https://visualizador.ide.uy/descargas/datos/CN_Remesa_01/02_Ortoimagenes/02_RGBI_8bits/G25D1_RGBI_8_Remesa_01.tif","G25D1_RGBI_8_Remesa_01.tif"
"https://visualizador.ide.uy/descargas/datos/CN_Remesa_01/02_Ortoimagenes/02_RGBI_8bits/G25D2_RGBI_8_Remesa_01.tif","G25D2_RGBI_8_Remesa_01.tif"
"https://visualizador.ide.uy/descargas/datos/CN_Remesa_01/02_Ortoimagenes/02_RGBI_8bits/G25D3_RGBI_8_Remesa_01.tif","G25D3_RGBI_8_Remesa_01.tif"
"https://visualizador.ide.uy/descargas/datos/CN_Remesa_01/02_Ortoimagenes/02_RGBI_8bits/G25D4_RGBI_8_Remesa_01.tif","G25D4_RGBI_8_Remesa_01.tif"
"https://visualizador.ide.uy/descargas/datos/CN_Remesa_01/02_Ortoimagenes/02_RGBI_8bits/G25D5_RGBI_8_Remesa_01.tif","G25D5_RGBI_8_Remesa_01.tif"
"https://visualizador.ide.uy/descargas/datos/CN_Remesa_01/02_Ortoimagenes/02_RGBI_8bits/G25D6_RGBI_8_Remesa_01.tif","G25D6_RGBI_8_Remesa_01.tif"
"https://visualizador.ide.uy/descargas/datos/CN_Remesa_01/02_Ortoimagenes/02_RGBI_8bits/G26A1_RGBI_8_Remesa_01.tif","G26A1_RGBI_8_Remesa_01.tif"
"https://visualizador.ide.uy/descargas/datos/CN_Remesa_01/02_Ortoimagenes/02_RGBI_8bits/G26A2_RGBI_8_Remesa_01.tif","G26A2_RGBI_8_Remesa_01.tif"
"https://visualizador.ide.uy/descargas/datos/CN_Remesa_01/02_Ortoimagenes/02_RGBI_8bits/G26A3_RGBI_8_Remesa_01.tif","G26A3_RGBI_8_Remesa_01.tif"
"https://visualizador.ide.uy/descargas/datos/CN_Remesa_01/02_Ortoimagenes/02_RGBI_8bits/G26A4_RGBI_8_Remesa_01.tif","G26A4_RGBI_8_Remesa_01.tif"
"https://visualizador.ide.uy/descargas/datos/CN_Remesa_01/02_Ortoimagenes/02_RGBI_8bits/G26A5_RGBI_8_Remesa_01.tif","G26A5_RGBI_8_Remesa_01.tif"
"https://visualizador.ide.uy/descargas/datos/CN_Remesa_01/02_Ortoimagenes/02_RGBI_8bits/G26A6_RGBI_8_Remesa_01.tif","G26A6_RGBI_8_Remesa_01.tif"
"https://visualizador.ide.uy/descargas/datos/CN_Remesa_01/02_Ortoimagenes/02_RGBI_8bits/G26B1_RGBI_8_Remesa_01.tif","G26B1_RGBI_8_Remesa_01.tif"
"https://visualizador.ide.uy/descargas/datos/CN_Remesa_01/02_Ortoimagenes/02_RGBI_8bits/G26B2_RGBI_8_Remesa_01.tif","G26B2_RGBI_8_Remesa_01.tif"
"https://visualizador.ide.uy/descargas/datos/CN_Remesa_01/02_Ortoimagenes/02_RGBI_8bits/G26B3_RGBI_8_Remesa_01.tif","G26B3_RGBI_8_Remesa_01.tif"
"https://visualizador.ide.uy/descargas/datos/CN_Remesa_01/02_Ortoimagenes/02_RGBI_8bits/G26B4_RGBI_8_Remesa_01.tif","G26B4_RGBI_8_Remesa_01.tif"
"https://visualizador.ide.uy/descargas/datos/CN_Remesa_01/02_Ortoimagenes/02_RGBI_8bits/G26B5_RGBI_8_Remesa_01.tif","G26B5_RGBI_8_Remesa_01.tif"
"https://visualizador.ide.uy/descargas/datos/CN_Remesa_01/02_Ortoimagenes/02_RGBI_8bits/G26B6_RGBI_8_Remesa_01.tif","G26B6_RGBI_8_Remesa_01.tif"
"https://visualizador.ide.uy/descargas/datos/CN_Remesa_01/02_Ortoimagenes/02_RGBI_8bits/G26C1_RGBI_8_Remesa_01.tif","G26C1_RGBI_8_Remesa_01.tif"
"https://visualizador.ide.uy/descargas/datos/CN_Remesa_01/02_Ortoimagenes/02_RGBI_8bits/G26C2_RGBI_8_Remesa_01.tif","G26C2_RGBI_8_Remesa_01.tif"
"https://visualizador.ide.uy/descargas/datos/CN_Remesa_01/02_Ortoimagenes/02_RGBI_8bits/G26C3_RGBI_8_Remesa_01.tif","G26C3_RGBI_8_Remesa_01.tif"
"https://visualizador.ide.uy/descargas/datos/CN_Remesa_01/02_Ortoimagenes/02_RGBI_8bits/G26C4_RGBI_8_Remesa_01.tif","G26C4_RGBI_8_Remesa_01.tif"
"https://visualizador.ide.uy/descargas/datos/CN_Remesa_01/02_Ortoimagenes/02_RGBI_8bits/G26C5_RGBI_8_Remesa_01.tif","G26C5_RGBI_8_Remesa_01.tif"
"https://visualizador.ide.uy/descargas/datos/CN_Remesa_01/02_Ortoimagenes/02_RGBI_8bits/G26C6_RGBI_8_Remesa_01.tif","G26C6_RGBI_8_Remesa_01.tif"
"https://visualizador.ide.uy/descargas/datos/CN_Remesa_01/02_Ortoimagenes/02_RGBI_8bits/G26D1_RGBI_8_Remesa_01.tif","G26D1_RGBI_8_Remesa_01.tif"
"https://visualizador.ide.uy/descargas/datos/CN_Remesa_01/02_Ortoimagenes/02_RGBI_8bits/G26D2_RGBI_8_Remesa_01.tif","G26D2_RGBI_8_Remesa_01.tif"
"https://visualizador.ide.uy/descargas/datos/CN_Remesa_01/02_Ortoimagenes/02_RGBI_8bits/G26D3_RGBI_8_Remesa_01.tif","G26D3_RGBI_8_Remesa_01.tif"
"https://visualizador.ide.uy/descargas/datos/CN_Remesa_01/02_Ortoimagenes/02_RGBI_8bits/G26D4_RGBI_8_Remesa_01.tif","G26D4_RGBI_8_Remesa_01.tif"
"https://visualizador.ide.uy/descargas/datos/CN_Remesa_01/02_Ortoimagenes/02_RGBI_8bits/G26D5_RGBI_8_Remesa_01.tif","G26D5_RGBI_8_Remesa_01.tif"
"https://visualizador.ide.uy/descargas/datos/CN_Remesa_01/02_Ortoimagenes/02_RGBI_8bits/G26D6_RGBI_8_Remesa_01.tif","G26D6_RGBI_8_Remesa_01.tif"
"https://visualizador.ide.uy/descargas/datos/CN_Remesa_01/02_Ortoimagenes/02_RGBI_8bits/G27A2_RGBI_8_Remesa_01.tif","G27A2_RGBI_8_Remesa_01.tif"
"https://visualizador.ide.uy/descargas/datos/CN_Remesa_01/02_Ortoimagenes/02_RGBI_8bits/G27A3_RGBI_8_Remesa_01.tif","G27A3_RGBI_8_Remesa_01.tif"
"https://visualizador.ide.uy/descargas/datos/CN_Remesa_01/02_Ortoimagenes/02_RGBI_8bits/G27A5_RGBI_8_Remesa_01.tif","G27A5_RGBI_8_Remesa_01.tif"
"https://visualizador.ide.uy/descargas/datos/CN_Remesa_01/02_Ortoimagenes/02_RGBI_8bits/G27A6_RGBI_8_Remesa_01.tif","G27A6_RGBI_8_Remesa_01.tif"
"https://visualizador.ide.uy/descargas/datos/CN_Remesa_01/02_Ortoimagenes/02_RGBI_8bits/G27B1_RGBI_8_Remesa_01.tif","G27B1_RGBI_8_Remesa_01.tif"
"https://visualizador.ide.uy/descargas/datos/CN_Remesa_01/02_Ortoimagenes/02_RGBI_8bits/G27B2_RGBI_8_Remesa_01.tif","G27B2_RGBI_8_Remesa_01.tif"
"https://visualizador.ide.uy/descargas/datos/CN_Remesa_01/02_Ortoimagenes/02_RGBI_8bits/G27B3_RGBI_8_Remesa_01.tif","G27B3_RGBI_8_Remesa_01.tif"
"https://visualizador.ide.uy/descargas/datos/CN_Remesa_01/02_Ortoimagenes/02_RGBI_8bits/G27B4_RGBI_8_Remesa_01.tif","G27B4_RGBI_8_Remesa_01.tif"
"https://visualizador.ide.uy/descargas/datos/CN_Remesa_01/02_Ortoimagenes/02_RGBI_8bits/G27B5_RGBI_8_Remesa_01.tif","G27B5_RGBI_8_Remesa_01.tif"
"https://visualizador.ide.uy/descargas/datos/CN_Remesa_01/02_Ortoimagenes/02_RGBI_8bits/G27B6_RGBI_8_Remesa_01.tif","G27B6_RGBI_8_Remesa_01.tif"
"https://visualizador.ide.uy/descargas/datos/CN_Remesa_01/02_Ortoimagenes/02_RGBI_8bits/G27C3_RGBI_8_Remesa_01.tif","G27C3_RGBI_8_Remesa_01.tif"
"https://visualizador.ide.uy/descargas/datos/CN_Remesa_01/02_Ortoimagenes/02_RGBI_8bits/G27D1_RGBI_8_Remesa_01.tif","G27D1_RGBI_8_Remesa_01.tif"
"https://visualizador.ide.uy/descargas/datos/CN_Remesa_01/02_Ortoimagenes/02_RGBI_8bits/G27D2_RGBI_8_Remesa_01.tif","G27D2_RGBI_8_Remesa_01.tif"
"https://visualizador.ide.uy/descargas/datos/CN_Remesa_01/02_Ortoimagenes/02_RGBI_8bits/G27D3_RGBI_8_Remesa_01.tif","G27D3_RGBI_8_Remesa_01.tif"
"https://visualizador.ide.uy/descargas/datos/CN_Remesa_01/02_Ortoimagenes/02_RGBI_8bits/H23C1_RGBI_8_Remesa_01.tif","H23C1_RGBI_8_Remesa_01.tif"
"https://visualizador.ide.uy/descargas/datos/CN_Remesa_01/02_Ortoimagenes/02_RGBI_8bits/H23C2_RGBI_8_Remesa_01.tif","H23C2_RGBI_8_Remesa_01.tif"
"https://visualizador.ide.uy/descargas/datos/CN_Remesa_01/02_Ortoimagenes/02_RGBI_8bits/H23C4_RGBI_8_Remesa_01.tif","H23C4_RGBI_8_Remesa_01.tif"
"https://visualizador.ide.uy/descargas/datos/CN_Remesa_01/02_Ortoimagenes/02_RGBI_8bits/H23C5_RGBI_8_Remesa_01.tif","H23C5_RGBI_8_Remesa_01.tif"
"https://visualizador.ide.uy/descargas/datos/CN_Remesa_01/02_Ortoimagenes/02_RGBI_8bits/H23C6_RGBI_8_Remesa_01.tif","H23C6_RGBI_8_Remesa_01.tif"
"https://visualizador.ide.uy/descargas/datos/CN_Remesa_01/02_Ortoimagenes/02_RGBI_8bits/H24A1_RGBI_8_Remesa_01.tif","H24A1_RGBI_8_Remesa_01.tif"
"https://visualizador.ide.uy/descargas/datos/CN_Remesa_01/02_Ortoimagenes/02_RGBI_8bits/H24A2_RGBI_8_Remesa_01.tif","H24A2_RGBI_8_Remesa_01.tif"
"https://visualizador.ide.uy/descargas/datos/CN_Remesa_01/02_Ortoimagenes/02_RGBI_8bits/H24A3_RGBI_8_Remesa_01.tif","H24A3_RGBI_8_Remesa_01.tif"
"https://visualizador.ide.uy/descargas/datos/CN_Remesa_01/02_Ortoimagenes/02_RGBI_8bits/H24A4_RGBI_8_Remesa_01.tif","H24A4_RGBI_8_Remesa_01.tif"
"https://visualizador.ide.uy/descargas/datos/CN_Remesa_01/02_Ortoimagenes/02_RGBI_8bits/H24A5_RGBI_8_Remesa_01.tif","H24A5_RGBI_8_Remesa_01.tif"
"https://visualizador.ide.uy/descargas/datos/CN_Remesa_01/02_Ortoimagenes/02_RGBI_8bits/H24A6_RGBI_8_Remesa_01.tif","H24A6_RGBI_8_Remesa_01.tif"
"https://visualizador.ide.uy/descargas/datos/CN_Remesa_01/02_Ortoimagenes/02_RGBI_8bits/H24B1_RGBI_8_Remesa_01.tif","H24B1_RGBI_8_Remesa_01.tif"
"https://visualizador.ide.uy/descargas/datos/CN_Remesa_01/02_Ortoimagenes/02_RGBI_8bits/H24B2_RGBI_8_Remesa_01.tif","H24B2_RGBI_8_Remesa_01.tif"
"https://visualizador.ide.uy/descargas/datos/CN_Remesa_01/02_Ortoimagenes/02_RGBI_8bits/H24B3_RGBI_8_Remesa_01.tif","H24B3_RGBI_8_Remesa_01.tif"
"https://visualizador.ide.uy/descargas/datos/CN_Remesa_01/02_Ortoimagenes/02_RGBI_8bits/H24B4_RGBI_8_Remesa_01.tif","H24B4_RGBI_8_Remesa_01.tif"
"https://visualizador.ide.uy/descargas/datos/CN_Remesa_01/02_Ortoimagenes/02_RGBI_8bits/H24B5_RGBI_8_Remesa_01.tif","H24B5_RGBI_8_Remesa_01.tif"
"https://visualizador.ide.uy/descargas/datos/CN_Remesa_01/02_Ortoimagenes/02_RGBI_8bits/H24B6_RGBI_8_Remesa_01.tif","H24B6_RGBI_8_Remesa_01.tif"
"https://visualizador.ide.uy/descargas/datos/CN_Remesa_01/02_Ortoimagenes/02_RGBI_8bits/H24C1_RGBI_8_Remesa_01.tif","H24C1_RGBI_8_Remesa_01.tif"
"https://visualizador.ide.uy/descargas/datos/CN_Remesa_01/02_Ortoimagenes/02_RGBI_8bits/H24C2_RGBI_8_Remesa_01.tif","H24C2_RGBI_8_Remesa_01.tif"
"https://visualizador.ide.uy/descargas/datos/CN_Remesa_01/02_Ortoimagenes/02_RGBI_8bits/H24C3_RGBI_8_Remesa_01.tif","H24C3_RGBI_8_Remesa_01.tif"
"https://visualizador.ide.uy/descargas/datos/CN_Remesa_01/02_Ortoimagenes/02_RGBI_8bits/H24C4_RGBI_8_Remesa_01.tif","H24C4_RGBI_8_Remesa_01.tif"
"https://visualizador.ide.uy/descargas/datos/CN_Remesa_01/02_Ortoimagenes/02_RGBI_8bits/H24C5_RGBI_8_Remesa_01.tif","H24C5_RGBI_8_Remesa_01.tif"
"https://visualizador.ide.uy/descargas/datos/CN_Remesa_01/02_Ortoimagenes/02_RGBI_8bits/H24C6_RGBI_8_Remesa_01.tif","H24C6_RGBI_8_Remesa_01.tif"
"https://visualizador.ide.uy/descargas/datos/CN_Remesa_01/02_Ortoimagenes/02_RGBI_8bits/H24D1_RGBI_8_Remesa_01.tif","H24D1_RGBI_8_Remesa_01.tif"
"https://visualizador.ide.uy/descargas/datos/CN_Remesa_01/02_Ortoimagenes/02_RGBI_8bits/H24D2_RGBI_8_Remesa_01.tif","H24D2_RGBI_8_Remesa_01.tif"
"https://visualizador.ide.uy/descargas/datos/CN_Remesa_01/02_Ortoimagenes/02_RGBI_8bits/H24D3_RGBI_8_Remesa_01.tif","H24D3_RGBI_8_Remesa_01.tif"
"https://visualizador.ide.uy/descargas/datos/CN_Remesa_01/02_Ortoimagenes/02_RGBI_8bits/H24D4_RGBI_8_Remesa_01.tif","H24D4_RGBI_8_Remesa_01.tif"
"https://visualizador.ide.uy/descargas/datos/CN_Remesa_01/02_Ortoimagenes/02_RGBI_8bits/H24D5_RGBI_8_Remesa_01.tif","H24D5_RGBI_8_Remesa_01.tif"
"https://visualizador.ide.uy/descargas/datos/CN_Remesa_01/02_Ortoimagenes/02_RGBI_8bits/H24D6_RGBI_8_Remesa_01.tif","H24D6_RGBI_8_Remesa_01.tif"
"https://visualizador.ide.uy/descargas/datos/CN_Remesa_01/02_Ortoimagenes/02_RGBI_8bits/H25A1_RGBI_8_Remesa_01.tif","H25A1_RGBI_8_Remesa_01.tif"
"https://visualizador.ide.uy/descargas/datos/CN_Remesa_01/02_Ortoimagenes/02_RGBI_8bits/H25A2_RGBI_8_Remesa_01.tif","H25A2_RGBI_8_Remesa_01.tif"
"https://visualizador.ide.uy/descargas/datos/CN_Remesa_01/02_Ortoimagenes/02_RGBI_8bits/H25A3_RGBI_8_Remesa_01.tif","H25A3_RGBI_8_Remesa_01.tif"
"https://visualizador.ide.uy/descargas/datos/CN_Remesa_01/02_Ortoimagenes/02_RGBI_8bits/H25A4_RGBI_8_Remesa_01.tif","H25A4_RGBI_8_Remesa_01.tif"
"https://visualizador.ide.uy/descargas/datos/CN_Remesa_01/02_Ortoimagenes/02_RGBI_8bits/H25A5_RGBI_8_Remesa_01.tif","H25A5_RGBI_8_Remesa_01.tif"
"https://visualizador.ide.uy/descargas/datos/CN_Remesa_01/02_Ortoimagenes/02_RGBI_8bits/H25A6_RGBI_8_Remesa_01.tif","H25A6_RGBI_8_Remesa_01.tif"
"https://visualizador.ide.uy/descargas/datos/CN_Remesa_01/02_Ortoimagenes/02_RGBI_8bits/H25B1_RGBI_8_Remesa_01.tif","H25B1_RGBI_8_Remesa_01.tif"
"https://visualizador.ide.uy/descargas/datos/CN_Remesa_01/02_Ortoimagenes/02_RGBI_8bits/H25B2_RGBI_8_Remesa_01.tif","H25B2_RGBI_8_Remesa_01.tif"
"https://visualizador.ide.uy/descargas/datos/CN_Remesa_01/02_Ortoimagenes/02_RGBI_8bits/H25B3_RGBI_8_Remesa_01.tif","H25B3_RGBI_8_Remesa_01.tif"
"https://visualizador.ide.uy/descargas/datos/CN_Remesa_01/02_Ortoimagenes/02_RGBI_8bits/H25B4_RGBI_8_Remesa_01.tif","H25B4_RGBI_8_Remesa_01.tif"
"https://visualizador.ide.uy/descargas/datos/CN_Remesa_01/02_Ortoimagenes/02_RGBI_8bits/H25B5_RGBI_8_Remesa_01.tif","H25B5_RGBI_8_Remesa_01.tif"
"https://visualizador.ide.uy/descargas/datos/CN_Remesa_01/02_Ortoimagenes/02_RGBI_8bits/H25B6_RGBI_8_Remesa_01.tif","H25B6_RGBI_8_Remesa_01.tif"
"https://visualizador.ide.uy/descargas/datos/CN_Remesa_01/02_Ortoimagenes/02_RGBI_8bits/H25C1_RGBI_8_Remesa_01.tif","H25C1_RGBI_8_Remesa_01.tif"
"https://visualizador.ide.uy/descargas/datos/CN_Remesa_01/02_Ortoimagenes/02_RGBI_8bits/H25C2_RGBI_8_Remesa_01.tif","H25C2_RGBI_8_Remesa_01.tif"
"https://visualizador.ide.uy/descargas/datos/CN_Remesa_01/02_Ortoimagenes/02_RGBI_8bits/H25C3_RGBI_8_Remesa_01.tif","H25C3_RGBI_8_Remesa_01.tif"
"https://visualizador.ide.uy/descargas/datos/CN_Remesa_01/02_Ortoimagenes/02_RGBI_8bits/H25C4_RGBI_8_Remesa_01.tif","H25C4_RGBI_8_Remesa_01.tif"
"https://visualizador.ide.uy/descargas/datos/CN_Remesa_01/02_Ortoimagenes/02_RGBI_8bits/H25C5_RGBI_8_Remesa_01.tif","H25C5_RGBI_8_Remesa_01.tif"
"https://visualizador.ide.uy/descargas/datos/CN_Remesa_01/02_Ortoimagenes/02_RGBI_8bits/H25C6_RGBI_8_Remesa_01.tif","H25C6_RGBI_8_Remesa_01.tif"
"https://visualizador.ide.uy/descargas/datos/CN_Remesa_01/02_Ortoimagenes/02_RGBI_8bits/H25D1_RGBI_8_Remesa_01.tif","H25D1_RGBI_8_Remesa_01.tif"
"https://visualizador.ide.uy/descargas/datos/CN_Remesa_01/02_Ortoimagenes/02_RGBI_8bits/H25D2_RGBI_8_Remesa_01.tif","H25D2_RGBI_8_Remesa_01.tif"
"https://visualizador.ide.uy/descargas/datos/CN_Remesa_01/02_Ortoimagenes/02_RGBI_8bits/H25D3_RGBI_8_Remesa_01.tif","H25D3_RGBI_8_Remesa_01.tif"
"https://visualizador.ide.uy/descargas/datos/CN_Remesa_01/02_Ortoimagenes/02_RGBI_8bits/H25D4_RGBI_8_Remesa_01.tif","H25D4_RGBI_8_Remesa_01.tif"
"https://visualizador.ide.uy/descargas/datos/CN_Remesa_01/02_Ortoimagenes/02_RGBI_8bits/H25D5_RGBI_8_Remesa_01.tif","H25D5_RGBI_8_Remesa_01.tif"
"https://visualizador.ide.uy/descargas/datos/CN_Remesa_01/02_Ortoimagenes/02_RGBI_8bits/H25D6_RGBI_8_Remesa_01.tif","H25D6_RGBI_8_Remesa_01.tif"
"https://visualizador.ide.uy/descargas/datos/CN_Remesa_01/02_Ortoimagenes/02_RGBI_8bits/H26A1_RGBI_8_Remesa_01.tif","H26A1_RGBI_8_Remesa_01.tif"
"https://visualizador.ide.uy/descargas/datos/CN_Remesa_01/02_Ortoimagenes/02_RGBI_8bits/H26A2_RGBI_8_Remesa_01.tif","H26A2_RGBI_8_Remesa_01.tif"
"https://visualizador.ide.uy/descargas/datos/CN_Remesa_01/02_Ortoimagenes/02_RGBI_8bits/H26A3_RGBI_8_Remesa_01.tif","H26A3_RGBI_8_Remesa_01.tif"
"https://visualizador.ide.uy/descargas/datos/CN_Remesa_01/02_Ortoimagenes/02_RGBI_8bits/H26A4_RGBI_8_Remesa_01.tif","H26A4_RGBI_8_Remesa_01.tif"
"https://visualizador.ide.uy/descargas/datos/CN_Remesa_01/02_Ortoimagenes/02_RGBI_8bits/H26A5_RGBI_8_Remesa_01.tif","H26A5_RGBI_8_Remesa_01.tif"
"https://visualizador.ide.uy/descargas/datos/CN_Remesa_01/02_Ortoimagenes/02_RGBI_8bits/H26A6_RGBI_8_Remesa_01.tif","H26A6_RGBI_8_Remesa_01.tif"
"https://visualizador.ide.uy/descargas/datos/CN_Remesa_01/02_Ortoimagenes/02_RGBI_8bits/H26B1_RGBI_8_Remesa_01.tif","H26B1_RGBI_8_Remesa_01.tif"
"https://visualizador.ide.uy/descargas/datos/CN_Remesa_01/02_Ortoimagenes/02_RGBI_8bits/H26B2_RGBI_8_Remesa_01.tif","H26B2_RGBI_8_Remesa_01.tif"
"https://visualizador.ide.uy/descargas/datos/CN_Remesa_01/02_Ortoimagenes/02_RGBI_8bits/H26B3_RGBI_8_Remesa_01.tif","H26B3_RGBI_8_Remesa_01.tif"
"https://visualizador.ide.uy/descargas/datos/CN_Remesa_01/02_Ortoimagenes/02_RGBI_8bits/H26B4_RGBI_8_Remesa_01.tif","H26B4_RGBI_8_Remesa_01.tif"
"https://visualizador.ide.uy/descargas/datos/CN_Remesa_01/02_Ortoimagenes/02_RGBI_8bits/H26B5_RGBI_8_Remesa_01.tif","H26B5_RGBI_8_Remesa_01.tif"
"https://visualizador.ide.uy/descargas/datos/CN_Remesa_01/02_Ortoimagenes/02_RGBI_8bits/H26B6_RGBI_8_Remesa_01.tif","H26B6_RGBI_8_Remesa_01.tif"
"https://visualizador.ide.uy/descargas/datos/CN_Remesa_01/02_Ortoimagenes/02_RGBI_8bits/H26C1_RGBI_8_Remesa_01.tif","H26C1_RGBI_8_Remesa_01.tif"
"https://visualizador.ide.uy/descargas/datos/CN_Remesa_01/02_Ortoimagenes/02_RGBI_8bits/H26C2_RGBI_8_Remesa_01.tif","H26C2_RGBI_8_Remesa_01.tif"
"https://visualizador.ide.uy/descargas/datos/CN_Remesa_01/02_Ortoimagenes/02_RGBI_8bits/H26C3_RGBI_8_Remesa_01.tif","H26C3_RGBI_8_Remesa_01.tif"
"https://visualizador.ide.uy/descargas/datos/CN_Remesa_01/02_Ortoimagenes/02_RGBI_8bits/H26C4_RGBI_8_Remesa_01.tif","H26C4_RGBI_8_Remesa_01.tif"
"https://visualizador.ide.uy/descargas/datos/CN_Remesa_01/02_Ortoimagenes/02_RGBI_8bits/H26C5_RGBI_8_Remesa_01.tif","H26C5_RGBI_8_Remesa_01.tif"
"https://visualizador.ide.uy/descargas/datos/CN_Remesa_01/02_Ortoimagenes/02_RGBI_8bits/H26C6_RGBI_8_Remesa_01.tif","H26C6_RGBI_8_Remesa_01.tif"
"https://visualizador.ide.uy/descargas/datos/CN_Remesa_01/02_Ortoimagenes/02_RGBI_8bits/H26D1_RGBI_8_Remesa_01.tif","H26D1_RGBI_8_Remesa_01.tif"
"https://visualizador.ide.uy/descargas/datos/CN_Remesa_01/02_Ortoimagenes/02_RGBI_8bits/H26D2_RGBI_8_Remesa_01.tif","H26D2_RGBI_8_Remesa_01.tif"
"https://visualizador.ide.uy/descargas/datos/CN_Remesa_01/02_Ortoimagenes/02_RGBI_8bits/H26D3_RGBI_8_Remesa_01.tif","H26D3_RGBI_8_Remesa_01.tif"
"https://visualizador.ide.uy/descargas/datos/CN_Remesa_01/02_Ortoimagenes/02_RGBI_8bits/H26D4_RGBI_8_Remesa_01.tif","H26D4_RGBI_8_Remesa_01.tif"
"https://visualizador.ide.uy/descargas/datos/CN_Remesa_01/02_Ortoimagenes/02_RGBI_8bits/H26D5_RGBI_8_Remesa_01.tif","H26D5_RGBI_8_Remesa_01.tif"
"https://visualizador.ide.uy/descargas/datos/CN_Remesa_01/02_Ortoimagenes/02_RGBI_8bits/H26D6_RGBI_8_Remesa_01.tif","H26D6_RGBI_8_Remesa_01.tif"
"https://visualizador.ide.uy/descargas/datos/CN_Remesa_01/02_Ortoimagenes/02_RGBI_8bits/H27A1_RGBI_8_Remesa_01.tif","H27A1_RGBI_8_Remesa_01.tif"
"https://visualizador.ide.uy/descargas/datos/CN_Remesa_01/02_Ortoimagenes/02_RGBI_8bits/H27A2_RGBI_8_Remesa_01.tif","H27A2_RGBI_8_Remesa_01.tif"
"https://visualizador.ide.uy/descargas/datos/CN_Remesa_01/02_Ortoimagenes/02_RGBI_8bits/H27A3_RGBI_8_Remesa_01.tif","H27A3_RGBI_8_Remesa_01.tif"
"https://visualizador.ide.uy/descargas/datos/CN_Remesa_01/02_Ortoimagenes/02_RGBI_8bits/H27A4_RGBI_8_Remesa_01.tif","H27A4_RGBI_8_Remesa_01.tif"
"https://visualizador.ide.uy/descargas/datos/CN_Remesa_01/02_Ortoimagenes/02_RGBI_8bits/H27A5_RGBI_8_Remesa_01.tif","H27A5_RGBI_8_Remesa_01.tif"
"https://visualizador.ide.uy/descargas/datos/CN_Remesa_01/02_Ortoimagenes/02_RGBI_8bits/H27A6_RGBI_8_Remesa_01.tif","H27A6_RGBI_8_Remesa_01.tif"
"https://visualizador.ide.uy/descargas/datos/CN_Remesa_01/02_Ortoimagenes/02_RGBI_8bits/H27B1_RGBI_8_Remesa_01.tif","H27B1_RGBI_8_Remesa_01.tif"
"https://visualizador.ide.uy/descargas/datos/CN_Remesa_01/02_Ortoimagenes/02_RGBI_8bits/J23A4_RGBI_8_Remesa_01.tif","J23A4_RGBI_8_Remesa_01.tif"
"https://visualizador.ide.uy/descargas/datos/CN_Remesa_01/02_Ortoimagenes/02_RGBI_8bits/J23A5_RGBI_8_Remesa_01.tif","J23A5_RGBI_8_Remesa_01.tif"
"https://visualizador.ide.uy/descargas/datos/CN_Remesa_01/02_Ortoimagenes/02_RGBI_8bits/J23A6_RGBI_8_Remesa_01.tif","J23A6_RGBI_8_Remesa_01.tif"
"https://visualizador.ide.uy/descargas/datos/CN_Remesa_01/02_Ortoimagenes/02_RGBI_8bits/J23B4_RGBI_8_Remesa_01.tif","J23B4_RGBI_8_Remesa_01.tif"
"https://visualizador.ide.uy/descargas/datos/CN_Remesa_01/02_Ortoimagenes/02_RGBI_8bits/J23B5_RGBI_8_Remesa_01.tif","J23B5_RGBI_8_Remesa_01.tif"
"https://visualizador.ide.uy/descargas/datos/CN_Remesa_01/02_Ortoimagenes/02_RGBI_8bits/J23B6_RGBI_8_Remesa_01.tif","J23B6_RGBI_8_Remesa_01.tif"
"https://visualizador.ide.uy/descargas/datos/CN_Remesa_01/02_Ortoimagenes/02_RGBI_8bits/J23C1_RGBI_8_Remesa_01.tif","J23C1_RGBI_8_Remesa_01.tif"
"https://visualizador.ide.uy/descargas/datos/CN_Remesa_01/02_Ortoimagenes/02_RGBI_8bits/J23C2_RGBI_8_Remesa_01.tif","J23C2_RGBI_8_Remesa_01.tif"
"https://visualizador.ide.uy/descargas/datos/CN_Remesa_01/02_Ortoimagenes/02_RGBI_8bits/J23C3_RGBI_8_Remesa_01.tif","J23C3_RGBI_8_Remesa_01.tif"
"https://visualizador.ide.uy/descargas/datos/CN_Remesa_01/02_Ortoimagenes/02_RGBI_8bits/J23C4_RGBI_8_Remesa_01.tif","J23C4_RGBI_8_Remesa_01.tif"
"https://visualizador.ide.uy/descargas/datos/CN_Remesa_01/02_Ortoimagenes/02_RGBI_8bits/J23C5_RGBI_8_Remesa_01.tif","J23C5_RGBI_8_Remesa_01.tif"
"https://visualizador.ide.uy/descargas/datos/CN_Remesa_01/02_Ortoimagenes/02_RGBI_8bits/J23C6_RGBI_8_Remesa_01.tif","J23C6_RGBI_8_Remesa_01.tif"
"https://visualizador.ide.uy/descargas/datos/CN_Remesa_01/02_Ortoimagenes/02_RGBI_8bits/J23D1_RGBI_8_Remesa_01.tif","J23D1_RGBI_8_Remesa_01.tif"
"https://visualizador.ide.uy/descargas/datos/CN_Remesa_01/02_Ortoimagenes/02_RGBI_8bits/J23D2_RGBI_8_Remesa_01.tif","J23D2_RGBI_8_Remesa_01.tif"
"https://visualizador.ide.uy/descargas/datos/CN_Remesa_01/02_Ortoimagenes/02_RGBI_8bits/J23D3_RGBI_8_Remesa_01.tif","J23D3_RGBI_8_Remesa_01.tif"
"https://visualizador.ide.uy/descargas/datos/CN_Remesa_01/02_Ortoimagenes/02_RGBI_8bits/J23D4_RGBI_8_Remesa_01.tif","J23D4_RGBI_8_Remesa_01.tif"
"https://visualizador.ide.uy/descargas/datos/CN_Remesa_01/02_Ortoimagenes/02_RGBI_8bits/J23D5_RGBI_8_Remesa_01.tif","J23D5_RGBI_8_Remesa_01.tif"
"https://visualizador.ide.uy/descargas/datos/CN_Remesa_01/02_Ortoimagenes/02_RGBI_8bits/J23D6_RGBI_8_Remesa_01.tif","J23D6_RGBI_8_Remesa_01.tif"
"https://visualizador.ide.uy/descargas/datos/CN_Remesa_01/02_Ortoimagenes/02_RGBI_8bits/J24A1_RGBI_8_Remesa_01.tif","J24A1_RGBI_8_Remesa_01.tif"
"https://visualizador.ide.uy/descargas/datos/CN_Remesa_01/02_Ortoimagenes/02_RGBI_8bits/J24A2_RGBI_8_Remesa_01.tif","J24A2_RGBI_8_Remesa_01.tif"
"https://visualizador.ide.uy/descargas/datos/CN_Remesa_01/02_Ortoimagenes/02_RGBI_8bits/J24A3_RGBI_8_Remesa_01.tif","J24A3_RGBI_8_Remesa_01.tif"
"https://visualizador.ide.uy/descargas/datos/CN_Remesa_01/02_Ortoimagenes/02_RGBI_8bits/J24A4_RGBI_8_Remesa_01.tif","J24A4_RGBI_8_Remesa_01.tif"
"https://visualizador.ide.uy/descargas/datos/CN_Remesa_01/02_Ortoimagenes/02_RGBI_8bits/J24A5_RGBI_8_Remesa_01.tif","J24A5_RGBI_8_Remesa_01.tif"
"https://visualizador.ide.uy/descargas/datos/CN_Remesa_01/02_Ortoimagenes/02_RGBI_8bits/J24A6_RGBI_8_Remesa_01.tif","J24A6_RGBI_8_Remesa_01.tif"
"https://visualizador.ide.uy/descargas/datos/CN_Remesa_01/02_Ortoimagenes/02_RGBI_8bits/J24B1_RGBI_8_Remesa_01.tif","J24B1_RGBI_8_Remesa_01.tif"
"https://visualizador.ide.uy/descargas/datos/CN_Remesa_01/02_Ortoimagenes/02_RGBI_8bits/J24B2_RGBI_8_Remesa_01.tif","J24B2_RGBI_8_Remesa_01.tif"
"https://visualizador.ide.uy/descargas/datos/CN_Remesa_01/02_Ortoimagenes/02_RGBI_8bits/J24B3_RGBI_8_Remesa_01.tif","J24B3_RGBI_8_Remesa_01.tif"
"https://visualizador.ide.uy/descargas/datos/CN_Remesa_01/02_Ortoimagenes/02_RGBI_8bits/J24B4_RGBI_8_Remesa_01.tif","J24B4_RGBI_8_Remesa_01.tif"
"https://visualizador.ide.uy/descargas/datos/CN_Remesa_01/02_Ortoimagenes/02_RGBI_8bits/J24B5_RGBI_8_Remesa_01.tif","J24B5_RGBI_8_Remesa_01.tif"
"https://visualizador.ide.uy/descargas/datos/CN_Remesa_01/02_Ortoimagenes/02_RGBI_8bits/J24B6_RGBI_8_Remesa_01.tif","J24B6_RGBI_8_Remesa_01.tif"
"https://visualizador.ide.uy/descargas/datos/CN_Remesa_01/02_Ortoimagenes/02_RGBI_8bits/J24C1_RGBI_8_Remesa_01.tif","J24C1_RGBI_8_Remesa_01.tif"
"https://visualizador.ide.uy/descargas/datos/CN_Remesa_01/02_Ortoimagenes/02_RGBI_8bits/J24C2_RGBI_8_Remesa_01.tif","J24C2_RGBI_8_Remesa_01.tif"
"https://visualizador.ide.uy/descargas/datos/CN_Remesa_01/02_Ortoimagenes/02_RGBI_8bits/J24C3_RGBI_8_Remesa_01.tif","J24C3_RGBI_8_Remesa_01.tif"
"https://visualizador.ide.uy/descargas/datos/CN_Remesa_01/02_Ortoimagenes/02_RGBI_8bits/J24C4_RGBI_8_Remesa_01.tif","J24C4_RGBI_8_Remesa_01.tif"
"https://visualizador.ide.uy/descargas/datos/CN_Remesa_01/02_Ortoimagenes/02_RGBI_8bits/J24C5_RGBI_8_Remesa_01.tif","J24C5_RGBI_8_Remesa_01.tif"
"https://visualizador.ide.uy/descargas/datos/CN_Remesa_01/02_Ortoimagenes/02_RGBI_8bits/J24C6_RGBI_8_Remesa_01.tif","J24C6_RGBI_8_Remesa_01.tif"
"https://visualizador.ide.uy/descargas/datos/CN_Remesa_01/02_Ortoimagenes/02_RGBI_8bits/J24D1_RGBI_8_Remesa_01.tif","J24D1_RGBI_8_Remesa_01.tif"
"https://visualizador.ide.uy/descargas/datos/CN_Remesa_01/02_Ortoimagenes/02_RGBI_8bits/J24D2_RGBI_8_Remesa_01.tif","J24D2_RGBI_8_Remesa_01.tif"
"https://visualizador.ide.uy/descargas/datos/CN_Remesa_01/02_Ortoimagenes/02_RGBI_8bits/J24D3_RGBI_8_Remesa_01.tif","J24D3_RGBI_8_Remesa_01.tif"
"https://visualizador.ide.uy/descargas/datos/CN_Remesa_01/02_Ortoimagenes/02_RGBI_8bits/J24D4_RGBI_8_Remesa_01.tif","J24D4_RGBI_8_Remesa_01.tif"
"https://visualizador.ide.uy/descargas/datos/CN_Remesa_01/02_Ortoimagenes/02_RGBI_8bits/J24D5_RGBI_8_Remesa_01.tif","J24D5_RGBI_8_Remesa_01.tif"
"https://visualizador.ide.uy/descargas/datos/CN_Remesa_01/02_Ortoimagenes/02_RGBI_8bits/J24D6_RGBI_8_Remesa_01.tif","J24D6_RGBI_8_Remesa_01.tif"
"https://visualizador.ide.uy/descargas/datos/CN_Remesa_01/02_Ortoimagenes/02_RGBI_8bits/J25A1_RGBI_8_Remesa_01.tif","J25A1_RGBI_8_Remesa_01.tif"
"https://visualizador.ide.uy/descargas/datos/CN_Remesa_01/02_Ortoimagenes/02_RGBI_8bits/J25A2_RGBI_8_Remesa_01.tif","J25A2_RGBI_8_Remesa_01.tif"
"https://visualizador.ide.uy/descargas/datos/CN_Remesa_01/02_Ortoimagenes/02_RGBI_8bits/J25A3_RGBI_8_Remesa_01.tif","J25A3_RGBI_8_Remesa_01.tif"
"https://visualizador.ide.uy/descargas/datos/CN_Remesa_01/02_Ortoimagenes/02_RGBI_8bits/J25A4_RGBI_8_Remesa_01.tif","J25A4_RGBI_8_Remesa_01.tif"
"https://visualizador.ide.uy/descargas/datos/CN_Remesa_01/02_Ortoimagenes/02_RGBI_8bits/J25A5_RGBI_8_Remesa_01.tif","J25A5_RGBI_8_Remesa_01.tif"
"https://visualizador.ide.uy/descargas/datos/CN_Remesa_01/02_Ortoimagenes/02_RGBI_8bits/J25A6_RGBI_8_Remesa_01.tif","J25A6_RGBI_8_Remesa_01.tif"
"https://visualizador.ide.uy/descargas/datos/CN_Remesa_01/02_Ortoimagenes/02_RGBI_8bits/J25B1_RGBI_8_Remesa_01.tif","J25B1_RGBI_8_Remesa_01.tif"
"https://visualizador.ide.uy/descargas/datos/CN_Remesa_01/02_Ortoimagenes/02_RGBI_8bits/J25B2_RGBI_8_Remesa_01.tif","J25B2_RGBI_8_Remesa_01.tif"
"https://visualizador.ide.uy/descargas/datos/CN_Remesa_01/02_Ortoimagenes/02_RGBI_8bits/J25B3_RGBI_8_Remesa_01.tif","J25B3_RGBI_8_Remesa_01.tif"
"https://visualizador.ide.uy/descargas/datos/CN_Remesa_01/02_Ortoimagenes/02_RGBI_8bits/J25B4_RGBI_8_Remesa_01.tif","J25B4_RGBI_8_Remesa_01.tif"
"https://visualizador.ide.uy/descargas/datos/CN_Remesa_01/02_Ortoimagenes/02_RGBI_8bits/J25B5_RGBI_8_Remesa_01.tif","J25B5_RGBI_8_Remesa_01.tif"
"https://visualizador.ide.uy/descargas/datos/CN_Remesa_01/02_Ortoimagenes/02_RGBI_8bits/J25B6_RGBI_8_Remesa_01.tif","J25B6_RGBI_8_Remesa_01.tif"
"https://visualizador.ide.uy/descargas/datos/CN_Remesa_01/02_Ortoimagenes/02_RGBI_8bits/J25C1_RGBI_8_Remesa_01.tif","J25C1_RGBI_8_Remesa_01.tif"
"https://visualizador.ide.uy/descargas/datos/CN_Remesa_01/02_Ortoimagenes/02_RGBI_8bits/J25C2_RGBI_8_Remesa_01.tif","J25C2_RGBI_8_Remesa_01.tif"
"https://visualizador.ide.uy/descargas/datos/CN_Remesa_01/02_Ortoimagenes/02_RGBI_8bits/J25C3_RGBI_8_Remesa_01.tif","J25C3_RGBI_8_Remesa_01.tif"
"https://visualizador.ide.uy/descargas/datos/CN_Remesa_01/02_Ortoimagenes/02_RGBI_8bits/J25C4_RGBI_8_Remesa_01.tif","J25C4_RGBI_8_Remesa_01.tif"
"https://visualizador.ide.uy/descargas/datos/CN_Remesa_01/02_Ortoimagenes/02_RGBI_8bits/J25C5_RGBI_8_Remesa_01.tif","J25C5_RGBI_8_Remesa_01.tif"
"https://visualizador.ide.uy/descargas/datos/CN_Remesa_01/02_Ortoimagenes/02_RGBI_8bits/J25C6_RGBI_8_Remesa_01.tif","J25C6_RGBI_8_Remesa_01.tif"
"https://visualizador.ide.uy/descargas/datos/CN_Remesa_01/02_Ortoimagenes/02_RGBI_8bits/J25D1_RGBI_8_Remesa_01.tif","J25D1_RGBI_8_Remesa_01.tif"
"https://visualizador.ide.uy/descargas/datos/CN_Remesa_01/02_Ortoimagenes/02_RGBI_8bits/J25D2_RGBI_8_Remesa_01.tif","J25D2_RGBI_8_Remesa_01.tif"
"https://visualizador.ide.uy/descargas/datos/CN_Remesa_01/02_Ortoimagenes/02_RGBI_8bits/J25D3_RGBI_8_Remesa_01.tif","J25D3_RGBI_8_Remesa_01.tif"
"https://visualizador.ide.uy/descargas/datos/CN_Remesa_01/02_Ortoimagenes/02_RGBI_8bits/J25D4_RGBI_8_Remesa_01.tif","J25D4_RGBI_8_Remesa_01.tif"
"https://visualizador.ide.uy/descargas/datos/CN_Remesa_01/02_Ortoimagenes/02_RGBI_8bits/J25D5_RGBI_8_Remesa_01.tif","J25D5_RGBI_8_Remesa_01.tif"
"https://visualizador.ide.uy/descargas/datos/CN_Remesa_01/02_Ortoimagenes/02_RGBI_8bits/J25D6_RGBI_8_Remesa_01.tif","J25D6_RGBI_8_Remesa_01.tif"
"https://visualizador.ide.uy/descargas/datos/CN_Remesa_01/02_Ortoimagenes/02_RGBI_8bits/J26A1_RGBI_8_Remesa_01.tif","J26A1_RGBI_8_Remesa_01.tif"
"https://visualizador.ide.uy/descargas/datos/CN_Remesa_01/02_Ortoimagenes/02_RGBI_8bits/J26A2_RGBI_8_Remesa_01.tif","J26A2_RGBI_8_Remesa_01.tif"
"https://visualizador.ide.uy/descargas/datos/CN_Remesa_01/02_Ortoimagenes/02_RGBI_8bits/J26A3_RGBI_8_Remesa_01.tif","J26A3_RGBI_8_Remesa_01.tif"
"https://visualizador.ide.uy/descargas/datos/CN_Remesa_01/02_Ortoimagenes/02_RGBI_8bits/J26A4_RGBI_8_Remesa_01.tif","J26A4_RGBI_8_Remesa_01.tif"
"https://visualizador.ide.uy/descargas/datos/CN_Remesa_01/02_Ortoimagenes/02_RGBI_8bits/J26A5_RGBI_8_Remesa_01.tif","J26A5_RGBI_8_Remesa_01.tif"
"https://visualizador.ide.uy/descargas/datos/CN_Remesa_01/02_Ortoimagenes/02_RGBI_8bits/J26A6_RGBI_8_Remesa_01.tif","J26A6_RGBI_8_Remesa_01.tif"
"https://visualizador.ide.uy/descargas/datos/CN_Remesa_01/02_Ortoimagenes/02_RGBI_8bits/J26B1_RGBI_8_Remesa_01.tif","J26B1_RGBI_8_Remesa_01.tif"
"https://visualizador.ide.uy/descargas/datos/CN_Remesa_01/02_Ortoimagenes/02_RGBI_8bits/J26B2_RGBI_8_Remesa_01.tif","J26B2_RGBI_8_Remesa_01.tif"
"https://visualizador.ide.uy/descargas/datos/CN_Remesa_01/02_Ortoimagenes/02_RGBI_8bits/J26B3_RGBI_8_Remesa_01.tif","J26B3_RGBI_8_Remesa_01.tif"
"https://visualizador.ide.uy/descargas/datos/CN_Remesa_01/02_Ortoimagenes/02_RGBI_8bits/J26B4_RGBI_8_Remesa_01.tif","J26B4_RGBI_8_Remesa_01.tif"
"https://visualizador.ide.uy/descargas/datos/CN_Remesa_01/02_Ortoimagenes/02_RGBI_8bits/J26B5_RGBI_8_Remesa_01.tif","J26B5_RGBI_8_Remesa_01.tif"
"https://visualizador.ide.uy/descargas/datos/CN_Remesa_01/02_Ortoimagenes/02_RGBI_8bits/J26B6_RGBI_8_Remesa_01.tif","J26B6_RGBI_8_Remesa_01.tif"
"https://visualizador.ide.uy/descargas/datos/CN_Remesa_01/02_Ortoimagenes/02_RGBI_8bits/J26C1_RGBI_8_Remesa_01.tif","J26C1_RGBI_8_Remesa_01.tif"
"https://visualizador.ide.uy/descargas/datos/CN_Remesa_01/02_Ortoimagenes/02_RGBI_8bits/J26C2_RGBI_8_Remesa_01.tif","J26C2_RGBI_8_Remesa_01.tif"
"https://visualizador.ide.uy/descargas/datos/CN_Remesa_01/02_Ortoimagenes/02_RGBI_8bits/J26C3_RGBI_8_Remesa_01.tif","J26C3_RGBI_8_Remesa_01.tif"
"https://visualizador.ide.uy/descargas/datos/CN_Remesa_01/02_Ortoimagenes/02_RGBI_8bits/J26C4_RGBI_8_Remesa_01.tif","J26C4_RGBI_8_Remesa_01.tif"
"https://visualizador.ide.uy/descargas/datos/CN_Remesa_01/02_Ortoimagenes/02_RGBI_8bits/J26C5_RGBI_8_Remesa_01.tif","J26C5_RGBI_8_Remesa_01.tif"
"https://visualizador.ide.uy/descargas/datos/CN_Remesa_01/02_Ortoimagenes/02_RGBI_8bits/J26C6_RGBI_8_Remesa_01.tif","J26C6_RGBI_8_Remesa_01.tif"
"https://visualizador.ide.uy/descargas/datos/CN_Remesa_01/02_Ortoimagenes/02_RGBI_8bits/J26D1_RGBI_8_Remesa_01.tif","J26D1_RGBI_8_Remesa_01.tif"
"https://visualizador.ide.uy/descargas/datos/CN_Remesa_01/02_Ortoimagenes/02_RGBI_8bits/J26D2_RGBI_8_Remesa_01.tif","J26D2_RGBI_8_Remesa_01.tif"
"https://visualizador.ide.uy/descargas/datos/CN_Remesa_01/02_Ortoimagenes/02_RGBI_8bits/J26D3_RGBI_8_Remesa_01.tif","J26D3_RGBI_8_Remesa_01.tif"
"https://visualizador.ide.uy/descargas/datos/CN_Remesa_01/02_Ortoimagenes/02_RGBI_8bits/J26D4_RGBI_8_Remesa_01.tif","J26D4_RGBI_8_Remesa_01.tif"
"https://visualizador.ide.uy/descargas/datos/CN_Remesa_01/02_Ortoimagenes/02_RGBI_8bits/J26D5_RGBI_8_Remesa_01.tif","J26D5_RGBI_8_Remesa_01.tif"
"https://visualizador.ide.uy/descargas/datos/CN_Remesa_01/02_Ortoimagenes/02_RGBI_8bits/J26D6_RGBI_8_Remesa_01.tif","J26D6_RGBI_8_Remesa_01.tif"
"https://visualizador.ide.uy/descargas/datos/CN_Remesa_01/02_Ortoimagenes/02_RGBI_8bits/J27A1_RGBI_8_Remesa_01.tif","J27A1_RGBI_8_Remesa_01.tif"
"https://visualizador.ide.uy/descargas/datos/CN_Remesa_01/02_Ortoimagenes/02_RGBI_8bits/J27A2_RGBI_8_Remesa_01.tif","J27A2_RGBI_8_Remesa_01.tif"
"https://visualizador.ide.uy/descargas/datos/CN_Remesa_01/02_Ortoimagenes/02_RGBI_8bits/J27A3_RGBI_8_Remesa_01.tif","J27A3_RGBI_8_Remesa_01.tif"
"https://visualizador.ide.uy/descargas/datos/CN_Remesa_01/02_Ortoimagenes/02_RGBI_8bits/J27A4_RGBI_8_Remesa_01.tif","J27A4_RGBI_8_Remesa_01.tif"
"https://visualizador.ide.uy/descargas/datos/CN_Remesa_01/02_Ortoimagenes/02_RGBI_8bits/J27A5_RGBI_8_Remesa_01.tif","J27A5_RGBI_8_Remesa_01.tif"
"https://visualizador.ide.uy/descargas/datos/CN_Remesa_01/02_Ortoimagenes/02_RGBI_8bits/J27A6_RGBI_8_Remesa_01.tif","J27A6_RGBI_8_Remesa_01.tif"
"https://visualizador.ide.uy/descargas/datos/CN_Remesa_01/02_Ortoimagenes/02_RGBI_8bits/J27B1_RGBI_8_Remesa_01.tif","J27B1_RGBI_8_Remesa_01.tif"
"https://visualizador.ide.uy/descargas/datos/CN_Remesa_01/02_Ortoimagenes/02_RGBI_8bits/J27B2_RGBI_8_Remesa_01.tif","J27B2_RGBI_8_Remesa_01.tif"
"https://visualizador.ide.uy/descargas/datos/CN_Remesa_01/02_Ortoimagenes/02_RGBI_8bits/J27B3_RGBI_8_Remesa_01.tif","J27B3_RGBI_8_Remesa_01.tif"
"https://visualizador.ide.uy/descargas/datos/CN_Remesa_01/02_Ortoimagenes/02_RGBI_8bits/J27B4_RGBI_8_Remesa_01.tif","J27B4_RGBI_8_Remesa_01.tif"
"https://visualizador.ide.uy/descargas/datos/CN_Remesa_01/02_Ortoimagenes/02_RGBI_8bits/J27B5_RGBI_8_Remesa_01.tif","J27B5_RGBI_8_Remesa_01.tif"
"https://visualizador.ide.uy/descargas/datos/CN_Remesa_01/02_Ortoimagenes/02_RGBI_8bits/J27B6_RGBI_8_Remesa_01.tif","J27B6_RGBI_8_Remesa_01.tif"
"https://visualizador.ide.uy/descargas/datos/CN_Remesa_01/02_Ortoimagenes/02_RGBI_8bits/J27C1_RGBI_8_Remesa_01.tif","J27C1_RGBI_8_Remesa_01.tif"
"https://visualizador.ide.uy/descargas/datos/CN_Remesa_01/02_Ortoimagenes/02_RGBI_8bits/J27C2_RGBI_8_Remesa_01.tif","J27C2_RGBI_8_Remesa_01.tif"
"https://visualizador.ide.uy/descargas/datos/CN_Remesa_01/02_Ortoimagenes/02_RGBI_8bits/J27C3_RGBI_8_Remesa_01.tif","J27C3_RGBI_8_Remesa_01.tif"
"https://visualizador.ide.uy/descargas/datos/CN_Remesa_01/02_Ortoimagenes/02_RGBI_8bits/J27C4_RGBI_8_Remesa_01.tif","J27C4_RGBI_8_Remesa_01.tif"
"https://visualizador.ide.uy/descargas/datos/CN_Remesa_01/02_Ortoimagenes/02_RGBI_8bits/J27C5_RGBI_8_Remesa_01.tif","J27C5_RGBI_8_Remesa_01.tif"
"https://visualizador.ide.uy/descargas/datos/CN_Remesa_01/02_Ortoimagenes/02_RGBI_8bits/J27C6_RGBI_8_Remesa_01.tif","J27C6_RGBI_8_Remesa_01.tif"
"https://visualizador.ide.uy/descargas/datos/CN_Remesa_01/02_Ortoimagenes/02_RGBI_8bits/J27D1_RGBI_8_Remesa_01.tif","J27D1_RGBI_8_Remesa_01.tif"
"https://visualizador.ide.uy/descargas/datos/CN_Remesa_01/02_Ortoimagenes/02_RGBI_8bits/J28A1_RGBI_8_Remesa_01.tif","J28A1_RGBI_8_Remesa_01.tif"
"https://visualizador.ide.uy/descargas/datos/CN_Remesa_01/02_Ortoimagenes/02_RGBI_8bits/J28A2_RGBI_8_Remesa_01.tif","J28A2_RGBI_8_Remesa_01.tif"
"https://visualizador.ide.uy/descargas/datos/CN_Remesa_01/02_Ortoimagenes/02_RGBI_8bits/J28A4_RGBI_8_Remesa_01.tif","J28A4_RGBI_8_Remesa_01.tif"
"https://visualizador.ide.uy/descargas/datos/CN_Remesa_01/02_Ortoimagenes/02_RGBI_8bits/J28A5_RGBI_8_Remesa_01.tif","J28A5_RGBI_8_Remesa_01.tif"
"https://visualizador.ide.uy/descargas/datos/CN_Remesa_01/02_Ortoimagenes/02_RGBI_8bits/J28C1_RGBI_8_Remesa_01.tif","J28C1_RGBI_8_Remesa_01.tif"
"https://visualizador.ide.uy/descargas/datos/CN_Remesa_01/02_Ortoimagenes/02_RGBI_8bits/J28C2_RGBI_8_Remesa_01.tif","J28C2_RGBI_8_Remesa_01.tif"
"https://visualizador.ide.uy/descargas/datos/CN_Remesa_01/02_Ortoimagenes/02_RGBI_8bits/J28C4_RGBI_8_Remesa_01.tif","J28C4_RGBI_8_Remesa_01.tif"
"https://visualizador.ide.uy/descargas/datos/CN_Remesa_01/02_Ortoimagenes/02_RGBI_8bits/J28C5_RGBI_8_Remesa_01.tif","J28C5_RGBI_8_Remesa_01.tif"
"https://visualizador.ide.uy/descargas/datos/CN_Remesa_01/02_Ortoimagenes/02_RGBI_8bits/K23B5_RGBI_8_Remesa_01.tif","K23B5_RGBI_8_Remesa_01.tif"
"https://visualizador.ide.uy/descargas/datos/CN_Remesa_01/02_Ortoimagenes/02_RGBI_8bits/K23B6_RGBI_8_Remesa_01.tif","K23B6_RGBI_8_Remesa_01.tif"
"https://visualizador.ide.uy/descargas/datos/CN_Remesa_01/02_Ortoimagenes/02_RGBI_8bits/K23D1_RGBI_8_Remesa_01.tif","K23D1_RGBI_8_Remesa_01.tif"
"https://visualizador.ide.uy/descargas/datos/CN_Remesa_01/02_Ortoimagenes/02_RGBI_8bits/K23D2_RGBI_8_Remesa_01.tif","K23D2_RGBI_8_Remesa_01.tif"
"https://visualizador.ide.uy/descargas/datos/CN_Remesa_01/02_Ortoimagenes/02_RGBI_8bits/K23D3_RGBI_8_Remesa_01.tif","K23D3_RGBI_8_Remesa_01.tif"
"https://visualizador.ide.uy/descargas/datos/CN_Remesa_01/02_Ortoimagenes/02_RGBI_8bits/K23D4_RGBI_8_Remesa_01.tif","K23D4_RGBI_8_Remesa_01.tif"
"https://visualizador.ide.uy/descargas/datos/CN_Remesa_01/02_Ortoimagenes/02_RGBI_8bits/K23D5_RGBI_8_Remesa_01.tif","K23D5_RGBI_8_Remesa_01.tif"
"https://visualizador.ide.uy/descargas/datos/CN_Remesa_01/02_Ortoimagenes/02_RGBI_8bits/K23D6_RGBI_8_Remesa_01.tif","K23D6_RGBI_8_Remesa_01.tif"
"https://visualizador.ide.uy/descargas/datos/CN_Remesa_01/02_Ortoimagenes/02_RGBI_8bits/K24A1_RGBI_8_Remesa_01.tif","K24A1_RGBI_8_Remesa_01.tif"
"https://visualizador.ide.uy/descargas/datos/CN_Remesa_01/02_Ortoimagenes/02_RGBI_8bits/K24A2_RGBI_8_Remesa_01.tif","K24A2_RGBI_8_Remesa_01.tif"
"https://visualizador.ide.uy/descargas/datos/CN_Remesa_01/02_Ortoimagenes/02_RGBI_8bits/K24A3_RGBI_8_Remesa_01.tif","K24A3_RGBI_8_Remesa_01.tif"
"https://visualizador.ide.uy/descargas/datos/CN_Remesa_01/02_Ortoimagenes/02_RGBI_8bits/K24A4_RGBI_8_Remesa_01.tif","K24A4_RGBI_8_Remesa_01.tif"
"https://visualizador.ide.uy/descargas/datos/CN_Remesa_01/02_Ortoimagenes/02_RGBI_8bits/K24A5_RGBI_8_Remesa_01.tif","K24A5_RGBI_8_Remesa_01.tif"
"https://visualizador.ide.uy/descargas/datos/CN_Remesa_01/02_Ortoimagenes/02_RGBI_8bits/K24A6_RGBI_8_Remesa_01.tif","K24A6_RGBI_8_Remesa_01.tif"
"https://visualizador.ide.uy/descargas/datos/CN_Remesa_01/02_Ortoimagenes/02_RGBI_8bits/K24B1_RGBI_8_Remesa_01.tif","K24B1_RGBI_8_Remesa_01.tif"
"https://visualizador.ide.uy/descargas/datos/CN_Remesa_01/02_Ortoimagenes/02_RGBI_8bits/K24B2_RGBI_8_Remesa_01.tif","K24B2_RGBI_8_Remesa_01.tif"
"https://visualizador.ide.uy/descargas/datos/CN_Remesa_01/02_Ortoimagenes/02_RGBI_8bits/K24B3_RGBI_8_Remesa_01.tif","K24B3_RGBI_8_Remesa_01.tif"
"https://visualizador.ide.uy/descargas/datos/CN_Remesa_01/02_Ortoimagenes/02_RGBI_8bits/K24B4_RGBI_8_Remesa_01.tif","K24B4_RGBI_8_Remesa_01.tif"
"https://visualizador.ide.uy/descargas/datos/CN_Remesa_01/02_Ortoimagenes/02_RGBI_8bits/K24B5_RGBI_8_Remesa_01.tif","K24B5_RGBI_8_Remesa_01.tif"
"https://visualizador.ide.uy/descargas/datos/CN_Remesa_01/02_Ortoimagenes/02_RGBI_8bits/K24B6_RGBI_8_Remesa_01.tif","K24B6_RGBI_8_Remesa_01.tif"
"https://visualizador.ide.uy/descargas/datos/CN_Remesa_01/02_Ortoimagenes/02_RGBI_8bits/K24C1_RGBI_8_Remesa_01.tif","K24C1_RGBI_8_Remesa_01.tif"
"https://visualizador.ide.uy/descargas/datos/CN_Remesa_01/02_Ortoimagenes/02_RGBI_8bits/K24C2_RGBI_8_Remesa_01.tif","K24C2_RGBI_8_Remesa_01.tif"
"https://visualizador.ide.uy/descargas/datos/CN_Remesa_01/02_Ortoimagenes/02_RGBI_8bits/K24C3_RGBI_8_Remesa_01.tif","K24C3_RGBI_8_Remesa_01.tif"
"https://visualizador.ide.uy/descargas/datos/CN_Remesa_01/02_Ortoimagenes/02_RGBI_8bits/K24C4_RGBI_8_Remesa_01.tif","K24C4_RGBI_8_Remesa_01.tif"
"https://visualizador.ide.uy/descargas/datos/CN_Remesa_01/02_Ortoimagenes/02_RGBI_8bits/K24C5_RGBI_8_Remesa_01.tif","K24C5_RGBI_8_Remesa_01.tif"
"https://visualizador.ide.uy/descargas/datos/CN_Remesa_01/02_Ortoimagenes/02_RGBI_8bits/K24C6_RGBI_8_Remesa_01.tif","K24C6_RGBI_8_Remesa_01.tif"
"https://visualizador.ide.uy/descargas/datos/CN_Remesa_01/02_Ortoimagenes/02_RGBI_8bits/K24D1_RGBI_8_Remesa_01.tif","K24D1_RGBI_8_Remesa_01.tif"
"https://visualizador.ide.uy/descargas/datos/CN_Remesa_01/02_Ortoimagenes/02_RGBI_8bits/K24D2_RGBI_8_Remesa_01.tif","K24D2_RGBI_8_Remesa_01.tif"
"https://visualizador.ide.uy/descargas/datos/CN_Remesa_01/02_Ortoimagenes/02_RGBI_8bits/K24D3_RGBI_8_Remesa_01.tif","K24D3_RGBI_8_Remesa_01.tif"
"https://visualizador.ide.uy/descargas/datos/CN_Remesa_01/02_Ortoimagenes/02_RGBI_8bits/K24D4_RGBI_8_Remesa_01.tif","K24D4_RGBI_8_Remesa_01.tif"
"https://visualizador.ide.uy/descargas/datos/CN_Remesa_01/02_Ortoimagenes/02_RGBI_8bits/K24D5_RGBI_8_Remesa_01.tif","K24D5_RGBI_8_Remesa_01.tif"
"https://visualizador.ide.uy/descargas/datos/CN_Remesa_01/02_Ortoimagenes/02_RGBI_8bits/K24D6_RGBI_8_Remesa_01.tif","K24D6_RGBI_8_Remesa_01.tif"
"https://visualizador.ide.uy/descargas/datos/CN_Remesa_01/02_Ortoimagenes/02_RGBI_8bits/K25A1_RGBI_8_Remesa_01.tif","K25A1_RGBI_8_Remesa_01.tif"
"https://visualizador.ide.uy/descargas/datos/CN_Remesa_01/02_Ortoimagenes/02_RGBI_8bits/K25A2_RGBI_8_Remesa_01.tif","K25A2_RGBI_8_Remesa_01.tif"
"https://visualizador.ide.uy/descargas/datos/CN_Remesa_01/02_Ortoimagenes/02_RGBI_8bits/K25A3_RGBI_8_Remesa_01.tif","K25A3_RGBI_8_Remesa_01.tif"
"https://visualizador.ide.uy/descargas/datos/CN_Remesa_01/02_Ortoimagenes/02_RGBI_8bits/K25A4_RGBI_8_Remesa_01.tif","K25A4_RGBI_8_Remesa_01.tif"
"https://visualizador.ide.uy/descargas/datos/CN_Remesa_01/02_Ortoimagenes/02_RGBI_8bits/K25A5_RGBI_8_Remesa_01.tif","K25A5_RGBI_8_Remesa_01.tif"
"https://visualizador.ide.uy/descargas/datos/CN_Remesa_01/02_Ortoimagenes/02_RGBI_8bits/K25A6_RGBI_8_Remesa_01.tif","K25A6_RGBI_8_Remesa_01.tif"
"https://visualizador.ide.uy/descargas/datos/CN_Remesa_01/02_Ortoimagenes/02_RGBI_8bits/K25B1_RGBI_8_Remesa_01.tif","K25B1_RGBI_8_Remesa_01.tif"
"https://visualizador.ide.uy/descargas/datos/CN_Remesa_01/02_Ortoimagenes/02_RGBI_8bits/K25B2_RGBI_8_Remesa_01.tif","K25B2_RGBI_8_Remesa_01.tif"
"https://visualizador.ide.uy/descargas/datos/CN_Remesa_01/02_Ortoimagenes/02_RGBI_8bits/K25B3_RGBI_8_Remesa_01.tif","K25B3_RGBI_8_Remesa_01.tif"
"https://visualizador.ide.uy/descargas/datos/CN_Remesa_01/02_Ortoimagenes/02_RGBI_8bits/K25B4_RGBI_8_Remesa_01.tif","K25B4_RGBI_8_Remesa_01.tif"
"https://visualizador.ide.uy/descargas/datos/CN_Remesa_01/02_Ortoimagenes/02_RGBI_8bits/K25B5_RGBI_8_Remesa_01.tif","K25B5_RGBI_8_Remesa_01.tif"
"https://visualizador.ide.uy/descargas/datos/CN_Remesa_01/02_Ortoimagenes/02_RGBI_8bits/K25B6_RGBI_8_Remesa_01.tif","K25B6_RGBI_8_Remesa_01.tif"
"https://visualizador.ide.uy/descargas/datos/CN_Remesa_01/02_Ortoimagenes/02_RGBI_8bits/K25C1_RGBI_8_Remesa_01.tif","K25C1_RGBI_8_Remesa_01.tif"
"https://visualizador.ide.uy/descargas/datos/CN_Remesa_01/02_Ortoimagenes/02_RGBI_8bits/K25C2_RGBI_8_Remesa_01.tif","K25C2_RGBI_8_Remesa_01.tif"
"https://visualizador.ide.uy/descargas/datos/CN_Remesa_01/02_Ortoimagenes/02_RGBI_8bits/K25C3_RGBI_8_Remesa_01.tif","K25C3_RGBI_8_Remesa_01.tif"
"https://visualizador.ide.uy/descargas/datos/CN_Remesa_01/02_Ortoimagenes/02_RGBI_8bits/K25C4_RGBI_8_Remesa_01.tif","K25C4_RGBI_8_Remesa_01.tif"
"https://visualizador.ide.uy/descargas/datos/CN_Remesa_01/02_Ortoimagenes/02_RGBI_8bits/K25C5_RGBI_8_Remesa_01.tif","K25C5_RGBI_8_Remesa_01.tif"
"https://visualizador.ide.uy/descargas/datos/CN_Remesa_01/02_Ortoimagenes/02_RGBI_8bits/K25C6_RGBI_8_Remesa_01.tif","K25C6_RGBI_8_Remesa_01.tif"
"https://visualizador.ide.uy/descargas/datos/CN_Remesa_01/02_Ortoimagenes/02_RGBI_8bits/K25D1_RGBI_8_Remesa_01.tif","K25D1_RGBI_8_Remesa_01.tif"
"https://visualizador.ide.uy/descargas/datos/CN_Remesa_01/02_Ortoimagenes/02_RGBI_8bits/K25D2_RGBI_8_Remesa_01.tif","K25D2_RGBI_8_Remesa_01.tif"
"https://visualizador.ide.uy/descargas/datos/CN_Remesa_01/02_Ortoimagenes/02_RGBI_8bits/K25D3_RGBI_8_Remesa_01.tif","K25D3_RGBI_8_Remesa_01.tif"
"https://visualizador.ide.uy/descargas/datos/CN_Remesa_01/02_Ortoimagenes/02_RGBI_8bits/K25D4_RGBI_8_Remesa_01.tif","K25D4_RGBI_8_Remesa_01.tif"
"https://visualizador.ide.uy/descargas/datos/CN_Remesa_01/02_Ortoimagenes/02_RGBI_8bits/K25D5_RGBI_8_Remesa_01.tif","K25D5_RGBI_8_Remesa_01.tif"
"https://visualizador.ide.uy/descargas/datos/CN_Remesa_01/02_Ortoimagenes/02_RGBI_8bits/K25D6_RGBI_8_Remesa_01.tif","K25D6_RGBI_8_Remesa_01.tif"
"https://visualizador.ide.uy/descargas/datos/CN_Remesa_01/02_Ortoimagenes/02_RGBI_8bits/K26A1_RGBI_8_Remesa_01.tif","K26A1_RGBI_8_Remesa_01.tif"
"https://visualizador.ide.uy/descargas/datos/CN_Remesa_01/02_Ortoimagenes/02_RGBI_8bits/K26A2_RGBI_8_Remesa_01.tif","K26A2_RGBI_8_Remesa_01.tif"
"https://visualizador.ide.uy/descargas/datos/CN_Remesa_01/02_Ortoimagenes/02_RGBI_8bits/K26A3_RGBI_8_Remesa_01.tif","K26A3_RGBI_8_Remesa_01.tif"
"https://visualizador.ide.uy/descargas/datos/CN_Remesa_01/02_Ortoimagenes/02_RGBI_8bits/K26A4_RGBI_8_Remesa_01.tif","K26A4_RGBI_8_Remesa_01.tif"
"https://visualizador.ide.uy/descargas/datos/CN_Remesa_01/02_Ortoimagenes/02_RGBI_8bits/K26A5_RGBI_8_Remesa_01.tif","K26A5_RGBI_8_Remesa_01.tif"
"https://visualizador.ide.uy/descargas/datos/CN_Remesa_01/02_Ortoimagenes/02_RGBI_8bits/K26A6_RGBI_8_Remesa_01.tif","K26A6_RGBI_8_Remesa_01.tif"
"https://visualizador.ide.uy/descargas/datos/CN_Remesa_01/02_Ortoimagenes/02_RGBI_8bits/K26B1_RGBI_8_Remesa_01.tif","K26B1_RGBI_8_Remesa_01.tif"
"https://visualizador.ide.uy/descargas/datos/CN_Remesa_01/02_Ortoimagenes/02_RGBI_8bits/K26B2_RGBI_8_Remesa_01.tif","K26B2_RGBI_8_Remesa_01.tif"
"https://visualizador.ide.uy/descargas/datos/CN_Remesa_01/02_Ortoimagenes/02_RGBI_8bits/K26B3_RGBI_8_Remesa_01.tif","K26B3_RGBI_8_Remesa_01.tif"
"https://visualizador.ide.uy/descargas/datos/CN_Remesa_01/02_Ortoimagenes/02_RGBI_8bits/K26B4_RGBI_8_Remesa_01.tif","K26B4_RGBI_8_Remesa_01.tif"
"https://visualizador.ide.uy/descargas/datos/CN_Remesa_01/02_Ortoimagenes/02_RGBI_8bits/K26B5_RGBI_8_Remesa_01.tif","K26B5_RGBI_8_Remesa_01.tif"
"https://visualizador.ide.uy/descargas/datos/CN_Remesa_01/02_Ortoimagenes/02_RGBI_8bits/K26B6_RGBI_8_Remesa_01.tif","K26B6_RGBI_8_Remesa_01.tif"
"https://visualizador.ide.uy/descargas/datos/CN_Remesa_01/02_Ortoimagenes/02_RGBI_8bits/K26C1_RGBI_8_Remesa_01.tif","K26C1_RGBI_8_Remesa_01.tif"
"https://visualizador.ide.uy/descargas/datos/CN_Remesa_01/02_Ortoimagenes/02_RGBI_8bits/K26C2_RGBI_8_Remesa_01.tif","K26C2_RGBI_8_Remesa_01.tif"
"https://visualizador.ide.uy/descargas/datos/CN_Remesa_01/02_Ortoimagenes/02_RGBI_8bits/K26C3_RGBI_8_Remesa_01.tif","K26C3_RGBI_8_Remesa_01.tif"
"https://visualizador.ide.uy/descargas/datos/CN_Remesa_01/02_Ortoimagenes/02_RGBI_8bits/K26C4_RGBI_8_Remesa_01.tif","K26C4_RGBI_8_Remesa_01.tif"
"https://visualizador.ide.uy/descargas/datos/CN_Remesa_01/02_Ortoimagenes/02_RGBI_8bits/K26C5_RGBI_8_Remesa_01.tif","K26C5_RGBI_8_Remesa_01.tif"
"https://visualizador.ide.uy/descargas/datos/CN_Remesa_01/02_Ortoimagenes/02_RGBI_8bits/K26C6_RGBI_8_Remesa_01.tif","K26C6_RGBI_8_Remesa_01.tif"
"https://visualizador.ide.uy/descargas/datos/CN_Remesa_01/02_Ortoimagenes/02_RGBI_8bits/K26D1_RGBI_8_Remesa_01.tif","K26D1_RGBI_8_Remesa_01.tif"
"https://visualizador.ide.uy/descargas/datos/CN_Remesa_01/02_Ortoimagenes/02_RGBI_8bits/K26D2_RGBI_8_Remesa_01.tif","K26D2_RGBI_8_Remesa_01.tif"
"https://visualizador.ide.uy/descargas/datos/CN_Remesa_01/02_Ortoimagenes/02_RGBI_8bits/K26D3_RGBI_8_Remesa_01.tif","K26D3_RGBI_8_Remesa_01.tif"
"https://visualizador.ide.uy/descargas/datos/CN_Remesa_01/02_Ortoimagenes/02_RGBI_8bits/K26D4_RGBI_8_Remesa_01.tif","K26D4_RGBI_8_Remesa_01.tif"
"https://visualizador.ide.uy/descargas/datos/CN_Remesa_01/02_Ortoimagenes/02_RGBI_8bits/K26D5_RGBI_8_Remesa_01.tif","K26D5_RGBI_8_Remesa_01.tif"
"https://visualizador.ide.uy/descargas/datos/CN_Remesa_01/02_Ortoimagenes/02_RGBI_8bits/K26D6_RGBI_8_Remesa_01.tif","K26D6_RGBI_8_Remesa_01.tif"
"https://visualizador.ide.uy/descargas/datos/CN_Remesa_01/02_Ortoimagenes/02_RGBI_8bits/K27A1_RGBI_8_Remesa_01.tif","K27A1_RGBI_8_Remesa_01.tif"
"https://visualizador.ide.uy/descargas/datos/CN_Remesa_01/02_Ortoimagenes/02_RGBI_8bits/K27A2_RGBI_8_Remesa_01.tif","K27A2_RGBI_8_Remesa_01.tif"
"https://visualizador.ide.uy/descargas/datos/CN_Remesa_01/02_Ortoimagenes/02_RGBI_8bits/K27A3_RGBI_8_Remesa_01.tif","K27A3_RGBI_8_Remesa_01.tif"
"https://visualizador.ide.uy/descargas/datos/CN_Remesa_01/02_Ortoimagenes/02_RGBI_8bits/K27A4_RGBI_8_Remesa_01.tif","K27A4_RGBI_8_Remesa_01.tif"
"https://visualizador.ide.uy/descargas/datos/CN_Remesa_01/02_Ortoimagenes/02_RGBI_8bits/K27A5_RGBI_8_Remesa_01.tif","K27A5_RGBI_8_Remesa_01.tif"
"https://visualizador.ide.uy/descargas/datos/CN_Remesa_01/02_Ortoimagenes/02_RGBI_8bits/K27A6_RGBI_8_Remesa_01.tif","K27A6_RGBI_8_Remesa_01.tif"
"https://visualizador.ide.uy/descargas/datos/CN_Remesa_01/02_Ortoimagenes/02_RGBI_8bits/K27B1_RGBI_8_Remesa_01.tif","K27B1_RGBI_8_Remesa_01.tif"
"https://visualizador.ide.uy/descargas/datos/CN_Remesa_01/02_Ortoimagenes/02_RGBI_8bits/K27B2_RGBI_8_Remesa_01.tif","K27B2_RGBI_8_Remesa_01.tif"
"https://visualizador.ide.uy/descargas/datos/CN_Remesa_01/02_Ortoimagenes/02_RGBI_8bits/K27B3_RGBI_8_Remesa_01.tif","K27B3_RGBI_8_Remesa_01.tif"
"https://visualizador.ide.uy/descargas/datos/CN_Remesa_01/02_Ortoimagenes/02_RGBI_8bits/K27B4_RGBI_8_Remesa_01.tif","K27B4_RGBI_8_Remesa_01.tif"
"https://visualizador.ide.uy/descargas/datos/CN_Remesa_01/02_Ortoimagenes/02_RGBI_8bits/K27B5_RGBI_8_Remesa_01.tif","K27B5_RGBI_8_Remesa_01.tif"
"https://visualizador.ide.uy/descargas/datos/CN_Remesa_01/02_Ortoimagenes/02_RGBI_8bits/K27B6_RGBI_8_Remesa_01.tif","K27B6_RGBI_8_Remesa_01.tif"
"https://visualizador.ide.uy/descargas/datos/CN_Remesa_01/02_Ortoimagenes/02_RGBI_8bits/K27C1_RGBI_8_Remesa_01.tif","K27C1_RGBI_8_Remesa_01.tif"
"https://visualizador.ide.uy/descargas/datos/CN_Remesa_01/02_Ortoimagenes/02_RGBI_8bits/K27C2_RGBI_8_Remesa_01.tif","K27C2_RGBI_8_Remesa_01.tif"
"https://visualizador.ide.uy/descargas/datos/CN_Remesa_01/02_Ortoimagenes/02_RGBI_8bits/K27C3_RGBI_8_Remesa_01.tif","K27C3_RGBI_8_Remesa_01.tif"
"https://visualizador.ide.uy/descargas/datos/CN_Remesa_01/02_Ortoimagenes/02_RGBI_8bits/K27C4_RGBI_8_Remesa_01.tif","K27C4_RGBI_8_Remesa_01.tif"
"https://visualizador.ide.uy/descargas/datos/CN_Remesa_01/02_Ortoimagenes/02_RGBI_8bits/K27C5_RGBI_8_Remesa_01.tif","K27C5_RGBI_8_Remesa_01.tif"
"https://visualizador.ide.uy/descargas/datos/CN_Remesa_01/02_Ortoimagenes/02_RGBI_8bits/K27C6_RGBI_8_Remesa_01.tif","K27C6_RGBI_8_Remesa_01.tif"
"https://visualizador.ide.uy/descargas/datos/CN_Remesa_01/02_Ortoimagenes/02_RGBI_8bits/K27D1_RGBI_8_Remesa_01.tif","K27D1_RGBI_8_Remesa_01.tif"
"https://visualizador.ide.uy/descargas/datos/CN_Remesa_01/02_Ortoimagenes/02_RGBI_8bits/K27D2_RGBI_8_Remesa_01.tif","K27D2_RGBI_8_Remesa_01.tif"
"https://visualizador.ide.uy/descargas/datos/CN_Remesa_01/02_Ortoimagenes/02_RGBI_8bits/K27D3_RGBI_8_Remesa_01.tif","K27D3_RGBI_8_Remesa_01.tif"
"https://visualizador.ide.uy/descargas/datos/CN_Remesa_01/02_Ortoimagenes/02_RGBI_8bits/K27D4_RGBI_8_Remesa_01.tif","K27D4_RGBI_8_Remesa_01.tif"
"https://visualizador.ide.uy/descargas/datos/CN_Remesa_01/02_Ortoimagenes/02_RGBI_8bits/K27D5_RGBI_8_Remesa_01.tif","K27D5_RGBI_8_Remesa_01.tif"
"https://visualizador.ide.uy/descargas/datos/CN_Remesa_01/02_Ortoimagenes/02_RGBI_8bits/K27D6_RGBI_8_Remesa_01.tif","K27D6_RGBI_8_Remesa_01.tif"
"https://visualizador.ide.uy/descargas/datos/CN_Remesa_01/02_Ortoimagenes/02_RGBI_8bits/K28A1_RGBI_8_Remesa_01.tif","K28A1_RGBI_8_Remesa_01.tif"
"https://visualizador.ide.uy/descargas/datos/CN_Remesa_01/02_Ortoimagenes/02_RGBI_8bits/K28A2_RGBI_8_Remesa_01.tif","K28A2_RGBI_8_Remesa_01.tif"
"https://visualizador.ide.uy/descargas/datos/CN_Remesa_01/02_Ortoimagenes/02_RGBI_8bits/K28A3_RGBI_8_Remesa_01.tif","K28A3_RGBI_8_Remesa_01.tif"
"https://visualizador.ide.uy/descargas/datos/CN_Remesa_01/02_Ortoimagenes/02_RGBI_8bits/K28A4_RGBI_8_Remesa_01.tif","K28A4_RGBI_8_Remesa_01.tif"
"https://visualizador.ide.uy/descargas/datos/CN_Remesa_01/02_Ortoimagenes/02_RGBI_8bits/K28A5_RGBI_8_Remesa_01.tif","K28A5_RGBI_8_Remesa_01.tif"
"https://visualizador.ide.uy/descargas/datos/CN_Remesa_01/02_Ortoimagenes/02_RGBI_8bits/K28A6_RGBI_8_Remesa_01.tif","K28A6_RGBI_8_Remesa_01.tif"
"https://visualizador.ide.uy/descargas/datos/CN_Remesa_01/02_Ortoimagenes/02_RGBI_8bits/K28B1_RGBI_8_Remesa_01.tif","K28B1_RGBI_8_Remesa_01.tif"
"https://visualizador.ide.uy/descargas/datos/CN_Remesa_01/02_Ortoimagenes/02_RGBI_8bits/K28B2_RGBI_8_Remesa_01.tif","K28B2_RGBI_8_Remesa_01.tif"
"https://visualizador.ide.uy/descargas/datos/CN_Remesa_01/02_Ortoimagenes/02_RGBI_8bits/K28B3_RGBI_8_Remesa_01.tif","K28B3_RGBI_8_Remesa_01.tif"
"https://visualizador.ide.uy/descargas/datos/CN_Remesa_01/02_Ortoimagenes/02_RGBI_8bits/K28B4_RGBI_8_Remesa_01.tif","K28B4_RGBI_8_Remesa_01.tif"
"https://visualizador.ide.uy/descargas/datos/CN_Remesa_01/02_Ortoimagenes/02_RGBI_8bits/K28B5_RGBI_8_Remesa_01.tif","K28B5_RGBI_8_Remesa_01.tif"
"https://visualizador.ide.uy/descargas/datos/CN_Remesa_01/02_Ortoimagenes/02_RGBI_8bits/K28B6_RGBI_8_Remesa_01.tif","K28B6_RGBI_8_Remesa_01.tif"
"https://visualizador.ide.uy/descargas/datos/CN_Remesa_01/02_Ortoimagenes/02_RGBI_8bits/K28C1_RGBI_8_Remesa_01.tif","K28C1_RGBI_8_Remesa_01.tif"
"https://visualizador.ide.uy/descargas/datos/CN_Remesa_01/02_Ortoimagenes/02_RGBI_8bits/K28C2_RGBI_8_Remesa_01.tif","K28C2_RGBI_8_Remesa_01.tif"
"https://visualizador.ide.uy/descargas/datos/CN_Remesa_01/02_Ortoimagenes/02_RGBI_8bits/K28C3_RGBI_8_Remesa_01.tif","K28C3_RGBI_8_Remesa_01.tif"
"https://visualizador.ide.uy/descargas/datos/CN_Remesa_01/02_Ortoimagenes/02_RGBI_8bits/K28C4_RGBI_8_Remesa_01.tif","K28C4_RGBI_8_Remesa_01.tif"
"https://visualizador.ide.uy/descargas/datos/CN_Remesa_01/02_Ortoimagenes/02_RGBI_8bits/K28C5_RGBI_8_Remesa_01.tif","K28C5_RGBI_8_Remesa_01.tif"
"https://visualizador.ide.uy/descargas/datos/CN_Remesa_01/02_Ortoimagenes/02_RGBI_8bits/K28C6_RGBI_8_Remesa_01.tif","K28C6_RGBI_8_Remesa_01.tif"
"https://visualizador.ide.uy/descargas/datos/CN_Remesa_01/02_Ortoimagenes/02_RGBI_8bits/K28D1_RGBI_8_Remesa_01.tif","K28D1_RGBI_8_Remesa_01.tif"
"https://visualizador.ide.uy/descargas/datos/CN_Remesa_01/02_Ortoimagenes/02_RGBI_8bits/K28D2_RGBI_8_Remesa_01.tif","K28D2_RGBI_8_Remesa_01.tif"
"https://visualizador.ide.uy/descargas/datos/CN_Remesa_01/02_Ortoimagenes/02_RGBI_8bits/K28D3_RGBI_8_Remesa_01.tif","K28D3_RGBI_8_Remesa_01.tif"
"https://visualizador.ide.uy/descargas/datos/CN_Remesa_01/02_Ortoimagenes/02_RGBI_8bits/K28D4_RGBI_8_Remesa_01.tif","K28D4_RGBI_8_Remesa_01.tif"
"https://visualizador.ide.uy/descargas/datos/CN_Remesa_01/02_Ortoimagenes/02_RGBI_8bits/K28D5_RGBI_8_Remesa_01.tif","K28D5_RGBI_8_Remesa_01.tif"
"https://visualizador.ide.uy/descargas/datos/CN_Remesa_01/02_Ortoimagenes/02_RGBI_8bits/K28D6_RGBI_8_Remesa_01.tif","K28D6_RGBI_8_Remesa_01.tif"
"https://visualizador.ide.uy/descargas/datos/CN_Remesa_01/02_Ortoimagenes/02_RGBI_8bits/K29A1_RGBI_8_Remesa_01.tif","K29A1_RGBI_8_Remesa_01.tif"
"https://visualizador.ide.uy/descargas/datos/CN_Remesa_01/02_Ortoimagenes/02_RGBI_8bits/K29A2_RGBI_8_Remesa_01.tif","K29A2_RGBI_8_Remesa_01.tif"
"https://visualizador.ide.uy/descargas/datos/CN_Remesa_01/02_Ortoimagenes/02_RGBI_8bits/K29A3_RGBI_8_Remesa_01.tif","K29A3_RGBI_8_Remesa_01.tif"
"https://visualizador.ide.uy/descargas/datos/CN_Remesa_01/02_Ortoimagenes/02_RGBI_8bits/K29A5_RGBI_8_Remesa_01.tif","K29A5_RGBI_8_Remesa_01.tif"
"https://visualizador.ide.uy/descargas/datos/CN_Remesa_01/02_Ortoimagenes/02_RGBI_8bits/K29A6_RGBI_8_Remesa_01.tif","K29A6_RGBI_8_Remesa_01.tif"
"https://visualizador.ide.uy/descargas/datos/CN_Remesa_01/02_Ortoimagenes/02_RGBI_8bits/K29B1_RGBI_8_Remesa_01.tif","K29B1_RGBI_8_Remesa_01.tif"
"https://visualizador.ide.uy/descargas/datos/CN_Remesa_01/02_Ortoimagenes/02_RGBI_8bits/K29B2_RGBI_8_Remesa_01.tif","K29B2_RGBI_8_Remesa_01.tif"
"https://visualizador.ide.uy/descargas/datos/CN_Remesa_01/02_Ortoimagenes/02_RGBI_8bits/K29B3_RGBI_8_Remesa_01.tif","K29B3_RGBI_8_Remesa_01.tif"
"https://visualizador.ide.uy/descargas/datos/CN_Remesa_01/02_Ortoimagenes/02_RGBI_8bits/K29B4_RGBI_8_Remesa_01.tif","K29B4_RGBI_8_Remesa_01.tif"
"https://visualizador.ide.uy/descargas/datos/CN_Remesa_01/02_Ortoimagenes/02_RGBI_8bits/K29B5_RGBI_8_Remesa_01.tif","K29B5_RGBI_8_Remesa_01.tif"
"https://visualizador.ide.uy/descargas/datos/CN_Remesa_01/02_Ortoimagenes/02_RGBI_8bits/K29B6_RGBI_8_Remesa_01.tif","K29B6_RGBI_8_Remesa_01.tif"
"https://visualizador.ide.uy/descargas/datos/CN_Remesa_01/02_Ortoimagenes/02_RGBI_8bits/K29C2_RGBI_8_Remesa_01.tif","K29C2_RGBI_8_Remesa_01.tif"
"https://visualizador.ide.uy/descargas/datos/CN_Remesa_01/02_Ortoimagenes/02_RGBI_8bits/K29C3_RGBI_8_Remesa_01.tif","K29C3_RGBI_8_Remesa_01.tif"
"https://visualizador.ide.uy/descargas/datos/CN_Remesa_01/02_Ortoimagenes/02_RGBI_8bits/K29C6_RGBI_8_Remesa_01.tif","K29C6_RGBI_8_Remesa_01.tif"
"https://visualizador.ide.uy/descargas/datos/CN_Remesa_01/02_Ortoimagenes/02_RGBI_8bits/K29D1_RGBI_8_Remesa_01.tif","K29D1_RGBI_8_Remesa_01.tif"
"https://visualizador.ide.uy/descargas/datos/CN_Remesa_01/02_Ortoimagenes/02_RGBI_8bits/K29D2_RGBI_8_Remesa_01.tif","K29D2_RGBI_8_Remesa_01.tif"
"https://visualizador.ide.uy/descargas/datos/CN_Remesa_01/02_Ortoimagenes/02_RGBI_8bits/K29D3_RGBI_8_Remesa_01.tif","K29D3_RGBI_8_Remesa_01.tif"
"https://visualizador.ide.uy/descargas/datos/CN_Remesa_01/02_Ortoimagenes/02_RGBI_8bits/K29D4_RGBI_8_Remesa_01.tif","K29D4_RGBI_8_Remesa_01.tif"
"https://visualizador.ide.uy/descargas/datos/CN_Remesa_01/02_Ortoimagenes/02_RGBI_8bits/K29D5_RGBI_8_Remesa_01.tif","K29D5_RGBI_8_Remesa_01.tif"
"https://visualizador.ide.uy/descargas/datos/CN_Remesa_01/02_Ortoimagenes/02_RGBI_8bits/K29D6_RGBI_8_Remesa_01.tif","K29D6_RGBI_8_Remesa_01.tif"
"https://visualizador.ide.uy/descargas/datos/CN_Remesa_01/02_Ortoimagenes/02_RGBI_8bits/K30B1_RGBI_8_Remesa_01.tif","K30B1_RGBI_8_Remesa_01.tif"
"https://visualizador.ide.uy/descargas/datos/CN_Remesa_01/02_Ortoimagenes/02_RGBI_8bits/K30B2_RGBI_8_Remesa_01.tif","K30B2_RGBI_8_Remesa_01.tif"
"https://visualizador.ide.uy/descargas/datos/CN_Remesa_01/02_Ortoimagenes/02_RGBI_8bits/K30B3_RGBI_8_Remesa_01.tif","K30B3_RGBI_8_Remesa_01.tif"
"https://visualizador.ide.uy/descargas/datos/CN_Remesa_01/02_Ortoimagenes/02_RGBI_8bits/L23A1_RGBI_8_Remesa_01.tif","L23A1_RGBI_8_Remesa_01.tif"
"https://visualizador.ide.uy/descargas/datos/CN_Remesa_01/02_Ortoimagenes/02_RGBI_8bits/L23A4_RGBI_8_Remesa_01.tif","L23A4_RGBI_8_Remesa_01.tif"
"https://visualizador.ide.uy/descargas/datos/CN_Remesa_01/02_Ortoimagenes/02_RGBI_8bits/L23A5_RGBI_8_Remesa_01.tif","L23A5_RGBI_8_Remesa_01.tif"
"https://visualizador.ide.uy/descargas/datos/CN_Remesa_01/02_Ortoimagenes/02_RGBI_8bits/L23A6_RGBI_8_Remesa_01.tif","L23A6_RGBI_8_Remesa_01.tif"
"https://visualizador.ide.uy/descargas/datos/CN_Remesa_01/02_Ortoimagenes/02_RGBI_8bits/L23C1_RGBI_8_Remesa_01.tif","L23C1_RGBI_8_Remesa_01.tif"
"https://visualizador.ide.uy/descargas/datos/CN_Remesa_01/02_Ortoimagenes/02_RGBI_8bits/L23C2_RGBI_8_Remesa_01.tif","L23C2_RGBI_8_Remesa_01.tif"
"https://visualizador.ide.uy/descargas/datos/CN_Remesa_01/02_Ortoimagenes/02_RGBI_8bits/L23C3_RGBI_8_Remesa_01.tif","L23C3_RGBI_8_Remesa_01.tif"
"https://visualizador.ide.uy/descargas/datos/CN_Remesa_01/02_Ortoimagenes/02_RGBI_8bits/L23C4_RGBI_8_Remesa_01.tif","L23C4_RGBI_8_Remesa_01.tif"
"https://visualizador.ide.uy/descargas/datos/CN_Remesa_01/02_Ortoimagenes/02_RGBI_8bits/L23C5_RGBI_8_Remesa_01.tif","L23C5_RGBI_8_Remesa_01.tif"
"https://visualizador.ide.uy/descargas/datos/CN_Remesa_01/02_Ortoimagenes/02_RGBI_8bits/L23C6_RGBI_8_Remesa_01.tif","L23C6_RGBI_8_Remesa_01.tif"
"https://visualizador.ide.uy/descargas/datos/CN_Remesa_01/02_Ortoimagenes/02_RGBI_8bits/L23D1_RGBI_8_Remesa_01.tif","L23D1_RGBI_8_Remesa_01.tif"
"https://visualizador.ide.uy/descargas/datos/CN_Remesa_01/02_Ortoimagenes/02_RGBI_8bits/L23D2_RGBI_8_Remesa_01.tif","L23D2_RGBI_8_Remesa_01.tif"
"https://visualizador.ide.uy/descargas/datos/CN_Remesa_01/02_Ortoimagenes/02_RGBI_8bits/L23D4_RGBI_8_Remesa_01.tif","L23D4_RGBI_8_Remesa_01.tif"
"https://visualizador.ide.uy/descargas/datos/CN_Remesa_01/02_Ortoimagenes/02_RGBI_8bits/L23D5_RGBI_8_Remesa_01.tif","L23D5_RGBI_8_Remesa_01.tif"
"https://visualizador.ide.uy/descargas/datos/CN_Remesa_01/02_Ortoimagenes/02_RGBI_8bits/L24A1_RGBI_8_Remesa_01.tif","L24A1_RGBI_8_Remesa_01.tif"
"https://visualizador.ide.uy/descargas/datos/CN_Remesa_01/02_Ortoimagenes/02_RGBI_8bits/L24A2_RGBI_8_Remesa_01.tif","L24A2_RGBI_8_Remesa_01.tif"
"https://visualizador.ide.uy/descargas/datos/CN_Remesa_01/02_Ortoimagenes/02_RGBI_8bits/L24A3_RGBI_8_Remesa_01.tif","L24A3_RGBI_8_Remesa_01.tif"
"https://visualizador.ide.uy/descargas/datos/CN_Remesa_01/02_Ortoimagenes/02_RGBI_8bits/L24A4_RGBI_8_Remesa_01.tif","L24A4_RGBI_8_Remesa_01.tif"
"https://visualizador.ide.uy/descargas/datos/CN_Remesa_01/02_Ortoimagenes/02_RGBI_8bits/L24A5_RGBI_8_Remesa_01.tif","L24A5_RGBI_8_Remesa_01.tif"
"https://visualizador.ide.uy/descargas/datos/CN_Remesa_01/02_Ortoimagenes/02_RGBI_8bits/L24A6_RGBI_8_Remesa_01.tif","L24A6_RGBI_8_Remesa_01.tif"
"https://visualizador.ide.uy/descargas/datos/CN_Remesa_01/02_Ortoimagenes/02_RGBI_8bits/L24B1_RGBI_8_Remesa_01.tif","L24B1_RGBI_8_Remesa_01.tif"
"https://visualizador.ide.uy/descargas/datos/CN_Remesa_01/02_Ortoimagenes/02_RGBI_8bits/L24B2_RGBI_8_Remesa_01.tif","L24B2_RGBI_8_Remesa_01.tif"
"https://visualizador.ide.uy/descargas/datos/CN_Remesa_01/02_Ortoimagenes/02_RGBI_8bits/L24B3_RGBI_8_Remesa_01.tif","L24B3_RGBI_8_Remesa_01.tif"
"https://visualizador.ide.uy/descargas/datos/CN_Remesa_01/02_Ortoimagenes/02_RGBI_8bits/L24B4_RGBI_8_Remesa_01.tif","L24B4_RGBI_8_Remesa_01.tif"
"https://visualizador.ide.uy/descargas/datos/CN_Remesa_01/02_Ortoimagenes/02_RGBI_8bits/L24B5_RGBI_8_Remesa_01.tif","L24B5_RGBI_8_Remesa_01.tif"
"https://visualizador.ide.uy/descargas/datos/CN_Remesa_01/02_Ortoimagenes/02_RGBI_8bits/L24B6_RGBI_8_Remesa_01.tif","L24B6_RGBI_8_Remesa_01.tif"
"https://visualizador.ide.uy/descargas/datos/CN_Remesa_01/02_Ortoimagenes/02_RGBI_8bits/L24C1_RGBI_8_Remesa_01.tif","L24C1_RGBI_8_Remesa_01.tif"
"https://visualizador.ide.uy/descargas/datos/CN_Remesa_01/02_Ortoimagenes/02_RGBI_8bits/L24C2_RGBI_8_Remesa_01.tif","L24C2_RGBI_8_Remesa_01.tif"
"https://visualizador.ide.uy/descargas/datos/CN_Remesa_01/02_Ortoimagenes/02_RGBI_8bits/L24C3_RGBI_8_Remesa_01.tif","L24C3_RGBI_8_Remesa_01.tif"
"https://visualizador.ide.uy/descargas/datos/CN_Remesa_01/02_Ortoimagenes/02_RGBI_8bits/L24C4_RGBI_8_Remesa_01.tif","L24C4_RGBI_8_Remesa_01.tif"
"https://visualizador.ide.uy/descargas/datos/CN_Remesa_01/02_Ortoimagenes/02_RGBI_8bits/L24C5_RGBI_8_Remesa_01.tif","L24C5_RGBI_8_Remesa_01.tif"
"https://visualizador.ide.uy/descargas/datos/CN_Remesa_01/02_Ortoimagenes/02_RGBI_8bits/L24C6_RGBI_8_Remesa_01.tif","L24C6_RGBI_8_Remesa_01.tif"
"https://visualizador.ide.uy/descargas/datos/CN_Remesa_01/02_Ortoimagenes/02_RGBI_8bits/L24D1_RGBI_8_Remesa_01.tif","L24D1_RGBI_8_Remesa_01.tif"
"https://visualizador.ide.uy/descargas/datos/CN_Remesa_01/02_Ortoimagenes/02_RGBI_8bits/L24D2_RGBI_8_Remesa_01.tif","L24D2_RGBI_8_Remesa_01.tif"
"https://visualizador.ide.uy/descargas/datos/CN_Remesa_01/02_Ortoimagenes/02_RGBI_8bits/L24D3_RGBI_8_Remesa_01.tif","L24D3_RGBI_8_Remesa_01.tif"
"https://visualizador.ide.uy/descargas/datos/CN_Remesa_01/02_Ortoimagenes/02_RGBI_8bits/L24D4_RGBI_8_Remesa_01.tif","L24D4_RGBI_8_Remesa_01.tif"
"https://visualizador.ide.uy/descargas/datos/CN_Remesa_01/02_Ortoimagenes/02_RGBI_8bits/L24D5_RGBI_8_Remesa_01.tif","L24D5_RGBI_8_Remesa_01.tif"
"https://visualizador.ide.uy/descargas/datos/CN_Remesa_01/02_Ortoimagenes/02_RGBI_8bits/L24D6_RGBI_8_Remesa_01.tif","L24D6_RGBI_8_Remesa_01.tif"
"https://visualizador.ide.uy/descargas/datos/CN_Remesa_01/02_Ortoimagenes/02_RGBI_8bits/L25A1_RGBI_8_Remesa_01.tif","L25A1_RGBI_8_Remesa_01.tif"
"https://visualizador.ide.uy/descargas/datos/CN_Remesa_01/02_Ortoimagenes/02_RGBI_8bits/L25A2_RGBI_8_Remesa_01.tif","L25A2_RGBI_8_Remesa_01.tif"
"https://visualizador.ide.uy/descargas/datos/CN_Remesa_01/02_Ortoimagenes/02_RGBI_8bits/L25A3_RGBI_8_Remesa_01.tif","L25A3_RGBI_8_Remesa_01.tif"
"https://visualizador.ide.uy/descargas/datos/CN_Remesa_01/02_Ortoimagenes/02_RGBI_8bits/L25A4_RGBI_8_Remesa_01.tif","L25A4_RGBI_8_Remesa_01.tif"
"https://visualizador.ide.uy/descargas/datos/CN_Remesa_01/02_Ortoimagenes/02_RGBI_8bits/L25A5_RGBI_8_Remesa_01.tif","L25A5_RGBI_8_Remesa_01.tif"
"https://visualizador.ide.uy/descargas/datos/CN_Remesa_01/02_Ortoimagenes/02_RGBI_8bits/L25A6_RGBI_8_Remesa_01.tif","L25A6_RGBI_8_Remesa_01.tif"
"https://visualizador.ide.uy/descargas/datos/CN_Remesa_01/02_Ortoimagenes/02_RGBI_8bits/L25B1_RGBI_8_Remesa_01.tif","L25B1_RGBI_8_Remesa_01.tif"
"https://visualizador.ide.uy/descargas/datos/CN_Remesa_01/02_Ortoimagenes/02_RGBI_8bits/L25B2_RGBI_8_Remesa_01.tif","L25B2_RGBI_8_Remesa_01.tif"
"https://visualizador.ide.uy/descargas/datos/CN_Remesa_01/02_Ortoimagenes/02_RGBI_8bits/L25B3_RGBI_8_Remesa_01.tif","L25B3_RGBI_8_Remesa_01.tif"
"https://visualizador.ide.uy/descargas/datos/CN_Remesa_01/02_Ortoimagenes/02_RGBI_8bits/L25B4_RGBI_8_Remesa_01.tif","L25B4_RGBI_8_Remesa_01.tif"
"https://visualizador.ide.uy/descargas/datos/CN_Remesa_01/02_Ortoimagenes/02_RGBI_8bits/L25B5_RGBI_8_Remesa_01.tif","L25B5_RGBI_8_Remesa_01.tif"
"https://visualizador.ide.uy/descargas/datos/CN_Remesa_01/02_Ortoimagenes/02_RGBI_8bits/L25B6_RGBI_8_Remesa_01.tif","L25B6_RGBI_8_Remesa_01.tif"
"https://visualizador.ide.uy/descargas/datos/CN_Remesa_01/02_Ortoimagenes/02_RGBI_8bits/L25C1_RGBI_8_Remesa_01.tif","L25C1_RGBI_8_Remesa_01.tif"
"https://visualizador.ide.uy/descargas/datos/CN_Remesa_01/02_Ortoimagenes/02_RGBI_8bits/L25C2_RGBI_8_Remesa_01.tif","L25C2_RGBI_8_Remesa_01.tif"
"https://visualizador.ide.uy/descargas/datos/CN_Remesa_01/02_Ortoimagenes/02_RGBI_8bits/L25C3_RGBI_8_Remesa_01.tif","L25C3_RGBI_8_Remesa_01.tif"
"https://visualizador.ide.uy/descargas/datos/CN_Remesa_01/02_Ortoimagenes/02_RGBI_8bits/L25C4_RGBI_8_Remesa_01.tif","L25C4_RGBI_8_Remesa_01.tif"
"https://visualizador.ide.uy/descargas/datos/CN_Remesa_01/02_Ortoimagenes/02_RGBI_8bits/L25C5_RGBI_8_Remesa_01.tif","L25C5_RGBI_8_Remesa_01.tif"
"https://visualizador.ide.uy/descargas/datos/CN_Remesa_01/02_Ortoimagenes/02_RGBI_8bits/L25C6_RGBI_8_Remesa_01.tif","L25C6_RGBI_8_Remesa_01.tif"
"https://visualizador.ide.uy/descargas/datos/CN_Remesa_01/02_Ortoimagenes/02_RGBI_8bits/L25D1_RGBI_8_Remesa_01.tif","L25D1_RGBI_8_Remesa_01.tif"
"https://visualizador.ide.uy/descargas/datos/CN_Remesa_01/02_Ortoimagenes/02_RGBI_8bits/L25D2_RGBI_8_Remesa_01.tif","L25D2_RGBI_8_Remesa_01.tif"
"https://visualizador.ide.uy/descargas/datos/CN_Remesa_01/02_Ortoimagenes/02_RGBI_8bits/L25D3_RGBI_8_Remesa_01.tif","L25D3_RGBI_8_Remesa_01.tif"
"https://visualizador.ide.uy/descargas/datos/CN_Remesa_01/02_Ortoimagenes/02_RGBI_8bits/L25D4_RGBI_8_Remesa_01.tif","L25D4_RGBI_8_Remesa_01.tif"
"https://visualizador.ide.uy/descargas/datos/CN_Remesa_01/02_Ortoimagenes/02_RGBI_8bits/L25D5_RGBI_8_Remesa_01.tif","L25D5_RGBI_8_Remesa_01.tif"
"https://visualizador.ide.uy/descargas/datos/CN_Remesa_01/02_Ortoimagenes/02_RGBI_8bits/L25D6_RGBI_8_Remesa_01.tif","L25D6_RGBI_8_Remesa_01.tif"
"https://visualizador.ide.uy/descargas/datos/CN_Remesa_01/02_Ortoimagenes/02_RGBI_8bits/L26A1_RGBI_8_Remesa_01.tif","L26A1_RGBI_8_Remesa_01.tif"
"https://visualizador.ide.uy/descargas/datos/CN_Remesa_01/02_Ortoimagenes/02_RGBI_8bits/L26A2_RGBI_8_Remesa_01.tif","L26A2_RGBI_8_Remesa_01.tif"
"https://visualizador.ide.uy/descargas/datos/CN_Remesa_01/02_Ortoimagenes/02_RGBI_8bits/L26A3_RGBI_8_Remesa_01.tif","L26A3_RGBI_8_Remesa_01.tif"
"https://visualizador.ide.uy/descargas/datos/CN_Remesa_01/02_Ortoimagenes/02_RGBI_8bits/L26A4_RGBI_8_Remesa_01.tif","L26A4_RGBI_8_Remesa_01.tif"
"https://visualizador.ide.uy/descargas/datos/CN_Remesa_01/02_Ortoimagenes/02_RGBI_8bits/L26A5_RGBI_8_Remesa_01.tif","L26A5_RGBI_8_Remesa_01.tif"
"https://visualizador.ide.uy/descargas/datos/CN_Remesa_01/02_Ortoimagenes/02_RGBI_8bits/L26A6_RGBI_8_Remesa_01.tif","L26A6_RGBI_8_Remesa_01.tif"
"https://visualizador.ide.uy/descargas/datos/CN_Remesa_01/02_Ortoimagenes/02_RGBI_8bits/L26B1_RGBI_8_Remesa_01.tif","L26B1_RGBI_8_Remesa_01.tif"
"https://visualizador.ide.uy/descargas/datos/CN_Remesa_01/02_Ortoimagenes/02_RGBI_8bits/L26B2_RGBI_8_Remesa_01.tif","L26B2_RGBI_8_Remesa_01.tif"
"https://visualizador.ide.uy/descargas/datos/CN_Remesa_01/02_Ortoimagenes/02_RGBI_8bits/L26B3_RGBI_8_Remesa_01.tif","L26B3_RGBI_8_Remesa_01.tif"
"https://visualizador.ide.uy/descargas/datos/CN_Remesa_01/02_Ortoimagenes/02_RGBI_8bits/L26B4_RGBI_8_Remesa_01.tif","L26B4_RGBI_8_Remesa_01.tif"
"https://visualizador.ide.uy/descargas/datos/CN_Remesa_01/02_Ortoimagenes/02_RGBI_8bits/L26B5_RGBI_8_Remesa_01.tif","L26B5_RGBI_8_Remesa_01.tif"
"https://visualizador.ide.uy/descargas/datos/CN_Remesa_01/02_Ortoimagenes/02_RGBI_8bits/L26B6_RGBI_8_Remesa_01.tif","L26B6_RGBI_8_Remesa_01.tif"
"https://visualizador.ide.uy/descargas/datos/CN_Remesa_01/02_Ortoimagenes/02_RGBI_8bits/L26C1_RGBI_8_Remesa_01.tif","L26C1_RGBI_8_Remesa_01.tif"
"https://visualizador.ide.uy/descargas/datos/CN_Remesa_01/02_Ortoimagenes/02_RGBI_8bits/L26C2_RGBI_8_Remesa_01.tif","L26C2_RGBI_8_Remesa_01.tif"
"https://visualizador.ide.uy/descargas/datos/CN_Remesa_01/02_Ortoimagenes/02_RGBI_8bits/L26C3_RGBI_8_Remesa_01.tif","L26C3_RGBI_8_Remesa_01.tif"
"https://visualizador.ide.uy/descargas/datos/CN_Remesa_01/02_Ortoimagenes/02_RGBI_8bits/L26C5_RGBI_8_Remesa_01.tif","L26C5_RGBI_8_Remesa_01.tif"
"https://visualizador.ide.uy/descargas/datos/CN_Remesa_01/02_Ortoimagenes/02_RGBI_8bits/L26C6_RGBI_8_Remesa_01.tif","L26C6_RGBI_8_Remesa_01.tif"
"https://visualizador.ide.uy/descargas/datos/CN_Remesa_01/02_Ortoimagenes/02_RGBI_8bits/L26D1_RGBI_8_Remesa_01.tif","L26D1_RGBI_8_Remesa_01.tif"
"https://visualizador.ide.uy/descargas/datos/CN_Remesa_01/02_Ortoimagenes/02_RGBI_8bits/L26D2_RGBI_8_Remesa_01.tif","L26D2_RGBI_8_Remesa_01.tif"
"https://visualizador.ide.uy/descargas/datos/CN_Remesa_01/02_Ortoimagenes/02_RGBI_8bits/L26D3_RGBI_8_Remesa_01.tif","L26D3_RGBI_8_Remesa_01.tif"
"https://visualizador.ide.uy/descargas/datos/CN_Remesa_01/02_Ortoimagenes/02_RGBI_8bits/L26D4_RGBI_8_Remesa_01.tif","L26D4_RGBI_8_Remesa_01.tif"
"https://visualizador.ide.uy/descargas/datos/CN_Remesa_01/02_Ortoimagenes/02_RGBI_8bits/L26D5_RGBI_8_Remesa_01.tif","L26D5_RGBI_8_Remesa_01.tif"
"https://visualizador.ide.uy/descargas/datos/CN_Remesa_01/02_Ortoimagenes/02_RGBI_8bits/L26D6_RGBI_8_Remesa_01.tif","L26D6_RGBI_8_Remesa_01.tif"
"https://visualizador.ide.uy/descargas/datos/CN_Remesa_01/02_Ortoimagenes/02_RGBI_8bits/L27A2_RGBI_8_Remesa_01.tif","L27A2_RGBI_8_Remesa_01.tif"
"https://visualizador.ide.uy/descargas/datos/CN_Remesa_01/02_Ortoimagenes/02_RGBI_8bits/L27A3_RGBI_8_Remesa_01.tif","L27A3_RGBI_8_Remesa_01.tif"
"https://visualizador.ide.uy/descargas/datos/CN_Remesa_01/02_Ortoimagenes/02_RGBI_8bits/L27A5_RGBI_8_Remesa_01.tif","L27A5_RGBI_8_Remesa_01.tif"
"https://visualizador.ide.uy/descargas/datos/CN_Remesa_01/02_Ortoimagenes/02_RGBI_8bits/L27A6_RGBI_8_Remesa_01.tif","L27A6_RGBI_8_Remesa_01.tif"
"https://visualizador.ide.uy/descargas/datos/CN_Remesa_01/02_Ortoimagenes/02_RGBI_8bits/L27B1_RGBI_8_Remesa_01.tif","L27B1_RGBI_8_Remesa_01.tif"
"https://visualizador.ide.uy/descargas/datos/CN_Remesa_01/02_Ortoimagenes/02_RGBI_8bits/L27B2_RGBI_8_Remesa_01.tif","L27B2_RGBI_8_Remesa_01.tif"
"https://visualizador.ide.uy/descargas/datos/CN_Remesa_01/02_Ortoimagenes/02_RGBI_8bits/L27B3_RGBI_8_Remesa_01.tif","L27B3_RGBI_8_Remesa_01.tif"
"https://visualizador.ide.uy/descargas/datos/CN_Remesa_01/02_Ortoimagenes/02_RGBI_8bits/L27B4_RGBI_8_Remesa_01.tif","L27B4_RGBI_8_Remesa_01.tif"
"https://visualizador.ide.uy/descargas/datos/CN_Remesa_01/02_Ortoimagenes/02_RGBI_8bits/L27B5_RGBI_8_Remesa_01.tif","L27B5_RGBI_8_Remesa_01.tif"
"https://visualizador.ide.uy/descargas/datos/CN_Remesa_01/02_Ortoimagenes/02_RGBI_8bits/L27B6_RGBI_8_Remesa_01.tif","L27B6_RGBI_8_Remesa_01.tif"
"https://visualizador.ide.uy/descargas/datos/CN_Remesa_01/02_Ortoimagenes/02_RGBI_8bits/L27C2_RGBI_8_Remesa_01.tif","L27C2_RGBI_8_Remesa_01.tif"
"https://visualizador.ide.uy/descargas/datos/CN_Remesa_01/02_Ortoimagenes/02_RGBI_8bits/L27C3_RGBI_8_Remesa_01.tif","L27C3_RGBI_8_Remesa_01.tif"
"https://visualizador.ide.uy/descargas/datos/CN_Remesa_01/02_Ortoimagenes/02_RGBI_8bits/L27C5_RGBI_8_Remesa_01.tif","L27C5_RGBI_8_Remesa_01.tif"
"https://visualizador.ide.uy/descargas/datos/CN_Remesa_01/02_Ortoimagenes/02_RGBI_8bits/L27C6_RGBI_8_Remesa_01.tif","L27C6_RGBI_8_Remesa_01.tif"
"https://visualizador.ide.uy/descargas/datos/CN_Remesa_01/02_Ortoimagenes/02_RGBI_8bits/L27D1_RGBI_8_Remesa_01.tif","L27D1_RGBI_8_Remesa_01.tif"
"https://visualizador.ide.uy/descargas/datos/CN_Remesa_01/02_Ortoimagenes/02_RGBI_8bits/L27D2_RGBI_8_Remesa_01.tif","L27D2_RGBI_8_Remesa_01.tif"
"https://visualizador.ide.uy/descargas/datos/CN_Remesa_01/02_Ortoimagenes/02_RGBI_8bits/L27D3_RGBI_8_Remesa_01.tif","L27D3_RGBI_8_Remesa_01.tif"
"https://visualizador.ide.uy/descargas/datos/CN_Remesa_01/02_Ortoimagenes/02_RGBI_8bits/L27D4_RGBI_8_Remesa_01.tif","L27D4_RGBI_8_Remesa_01.tif"
"https://visualizador.ide.uy/descargas/datos/CN_Remesa_01/02_Ortoimagenes/02_RGBI_8bits/L27D5_RGBI_8_Remesa_01.tif","L27D5_RGBI_8_Remesa_01.tif"
"https://visualizador.ide.uy/descargas/datos/CN_Remesa_01/02_Ortoimagenes/02_RGBI_8bits/L27D6_RGBI_8_Remesa_01.tif","L27D6_RGBI_8_Remesa_01.tif"
"https://visualizador.ide.uy/descargas/datos/CN_Remesa_01/02_Ortoimagenes/02_RGBI_8bits/L28A3_RGBI_8_Remesa_01.tif","L28A3_RGBI_8_Remesa_01.tif"
"https://visualizador.ide.uy/descargas/datos/CN_Remesa_01/02_Ortoimagenes/02_RGBI_8bits/L28A6_RGBI_8_Remesa_01.tif","L28A6_RGBI_8_Remesa_01.tif"
"https://visualizador.ide.uy/descargas/datos/CN_Remesa_01/02_Ortoimagenes/02_RGBI_8bits/L28B1_RGBI_8_Remesa_01.tif","L28B1_RGBI_8_Remesa_01.tif"
"https://visualizador.ide.uy/descargas/datos/CN_Remesa_01/02_Ortoimagenes/02_RGBI_8bits/L28B2_RGBI_8_Remesa_01.tif","L28B2_RGBI_8_Remesa_01.tif"
"https://visualizador.ide.uy/descargas/datos/CN_Remesa_01/02_Ortoimagenes/02_RGBI_8bits/L28B3_RGBI_8_Remesa_01.tif","L28B3_RGBI_8_Remesa_01.tif"
"https://visualizador.ide.uy/descargas/datos/CN_Remesa_01/02_Ortoimagenes/02_RGBI_8bits/L28B4_RGBI_8_Remesa_01.tif","L28B4_RGBI_8_Remesa_01.tif"
"https://visualizador.ide.uy/descargas/datos/CN_Remesa_01/02_Ortoimagenes/02_RGBI_8bits/L28B5_RGBI_8_Remesa_01.tif","L28B5_RGBI_8_Remesa_01.tif"
"https://visualizador.ide.uy/descargas/datos/CN_Remesa_01/02_Ortoimagenes/02_RGBI_8bits/L28B6_RGBI_8_Remesa_01.tif","L28B6_RGBI_8_Remesa_01.tif"
"https://visualizador.ide.uy/descargas/datos/CN_Remesa_01/02_Ortoimagenes/02_RGBI_8bits/L28C3_RGBI_8_Remesa_01.tif","L28C3_RGBI_8_Remesa_01.tif"
"https://visualizador.ide.uy/descargas/datos/CN_Remesa_01/02_Ortoimagenes/02_RGBI_8bits/L28C6_RGBI_8_Remesa_01.tif","L28C6_RGBI_8_Remesa_01.tif"
"https://visualizador.ide.uy/descargas/datos/CN_Remesa_01/02_Ortoimagenes/02_RGBI_8bits/L28D1_RGBI_8_Remesa_01.tif","L28D1_RGBI_8_Remesa_01.tif"
"https://visualizador.ide.uy/descargas/datos/CN_Remesa_01/02_Ortoimagenes/02_RGBI_8bits/L28D2_RGBI_8_Remesa_01.tif","L28D2_RGBI_8_Remesa_01.tif"
"https://visualizador.ide.uy/descargas/datos/CN_Remesa_01/02_Ortoimagenes/02_RGBI_8bits/L28D3_RGBI_8_Remesa_01.tif","L28D3_RGBI_8_Remesa_01.tif"
"https://visualizador.ide.uy/descargas/datos/CN_Remesa_01/02_Ortoimagenes/02_RGBI_8bits/L28D4_RGBI_8_Remesa_01.tif","L28D4_RGBI_8_Remesa_01.tif"
"https://visualizador.ide.uy/descargas/datos/CN_Remesa_01/02_Ortoimagenes/02_RGBI_8bits/L28D5_RGBI_8_Remesa_01.tif","L28D5_RGBI_8_Remesa_01.tif"
"https://visualizador.ide.uy/descargas/datos/CN_Remesa_01/02_Ortoimagenes/02_RGBI_8bits/L28D6_RGBI_8_Remesa_01.tif","L28D6_RGBI_8_Remesa_01.tif"
"https://visualizador.ide.uy/descargas/datos/CN_Remesa_01/02_Ortoimagenes/02_RGBI_8bits/L29B1_RGBI_8_Remesa_01.tif","L29B1_RGBI_8_Remesa_01.tif"
"https://visualizador.ide.uy/descargas/datos/CN_Remesa_01/02_Ortoimagenes/02_RGBI_8bits/L29B2_RGBI_8_Remesa_01.tif","L29B2_RGBI_8_Remesa_01.tif"
"https://visualizador.ide.uy/descargas/datos/CN_Remesa_01/02_Ortoimagenes/02_RGBI_8bits/L29B3_RGBI_8_Remesa_01.tif","L29B3_RGBI_8_Remesa_01.tif"
"https://visualizador.ide.uy/descargas/datos/CN_Remesa_01/02_Ortoimagenes/02_RGBI_8bits/M23B3_RGBI_8_Remesa_01.tif","M23B3_RGBI_8_Remesa_01.tif"
"https://visualizador.ide.uy/descargas/datos/CN_Remesa_01/02_Ortoimagenes/02_RGBI_8bits/M23B5_RGBI_8_Remesa_01.tif","M23B5_RGBI_8_Remesa_01.tif"
"https://visualizador.ide.uy/descargas/datos/CN_Remesa_01/02_Ortoimagenes/02_RGBI_8bits/M23B6_RGBI_8_Remesa_01.tif","M23B6_RGBI_8_Remesa_01.tif"
"https://visualizador.ide.uy/descargas/datos/CN_Remesa_01/02_Ortoimagenes/02_RGBI_8bits/M23D1_RGBI_8_Remesa_01.tif","M23D1_RGBI_8_Remesa_01.tif"
"https://visualizador.ide.uy/descargas/datos/CN_Remesa_01/02_Ortoimagenes/02_RGBI_8bits/M23D2_RGBI_8_Remesa_01.tif","M23D2_RGBI_8_Remesa_01.tif"
"https://visualizador.ide.uy/descargas/datos/CN_Remesa_01/02_Ortoimagenes/02_RGBI_8bits/M23D3_RGBI_8_Remesa_01.tif","M23D3_RGBI_8_Remesa_01.tif"
"https://visualizador.ide.uy/descargas/datos/CN_Remesa_01/02_Ortoimagenes/02_RGBI_8bits/M23D4_RGBI_8_Remesa_01.tif","M23D4_RGBI_8_Remesa_01.tif"
"https://visualizador.ide.uy/descargas/datos/CN_Remesa_01/02_Ortoimagenes/02_RGBI_8bits/M23D5_RGBI_8_Remesa_01.tif","M23D5_RGBI_8_Remesa_01.tif"
"https://visualizador.ide.uy/descargas/datos/CN_Remesa_01/02_Ortoimagenes/02_RGBI_8bits/M23D6_RGBI_8_Remesa_01.tif","M23D6_RGBI_8_Remesa_01.tif"
"https://visualizador.ide.uy/descargas/datos/CN_Remesa_01/02_Ortoimagenes/02_RGBI_8bits/M24B1_RGBI_8_Remesa_01.tif","M24B1_RGBI_8_Remesa_01.tif"
"https://visualizador.ide.uy/descargas/datos/CN_Remesa_01/02_Ortoimagenes/02_RGBI_8bits/M24B2_RGBI_8_Remesa_01.tif","M24B2_RGBI_8_Remesa_01.tif"
"https://visualizador.ide.uy/descargas/datos/CN_Remesa_01/02_Ortoimagenes/02_RGBI_8bits/M24B3_RGBI_8_Remesa_01.tif","M24B3_RGBI_8_Remesa_01.tif"
"https://visualizador.ide.uy/descargas/datos/CN_Remesa_01/02_Ortoimagenes/02_RGBI_8bits/M24B4_RGBI_8_Remesa_01.tif","M24B4_RGBI_8_Remesa_01.tif"
"https://visualizador.ide.uy/descargas/datos/CN_Remesa_01/02_Ortoimagenes/02_RGBI_8bits/M24B5_RGBI_8_Remesa_01.tif","M24B5_RGBI_8_Remesa_01.tif"
"https://visualizador.ide.uy/descargas/datos/CN_Remesa_01/02_Ortoimagenes/02_RGBI_8bits/M24B6_RGBI_8_Remesa_01.tif","M24B6_RGBI_8_Remesa_01.tif"
"https://visualizador.ide.uy/descargas/datos/CN_Remesa_01/02_Ortoimagenes/02_RGBI_8bits/M24C3_RGBI_8_Remesa_01.tif","M24C3_RGBI_8_Remesa_01.tif"
"https://visualizador.ide.uy/descargas/datos/CN_Remesa_01/02_Ortoimagenes/02_RGBI_8bits/M24C6_RGBI_8_Remesa_01.tif","M24C6_RGBI_8_Remesa_01.tif"
"https://visualizador.ide.uy/descargas/datos/CN_Remesa_01/02_Ortoimagenes/02_RGBI_8bits/M24D1_RGBI_8_Remesa_01.tif","M24D1_RGBI_8_Remesa_01.tif"
"https://visualizador.ide.uy/descargas/datos/CN_Remesa_01/02_Ortoimagenes/02_RGBI_8bits/M24D2_RGBI_8_Remesa_01.tif","M24D2_RGBI_8_Remesa_01.tif"
"https://visualizador.ide.uy/descargas/datos/CN_Remesa_01/02_Ortoimagenes/02_RGBI_8bits/M24D3_RGBI_8_Remesa_01.tif","M24D3_RGBI_8_Remesa_01.tif"
"https://visualizador.ide.uy/descargas/datos/CN_Remesa_01/02_Ortoimagenes/02_RGBI_8bits/M24D4_RGBI_8_Remesa_01.tif","M24D4_RGBI_8_Remesa_01.tif"
"https://visualizador.ide.uy/descargas/datos/CN_Remesa_01/02_Ortoimagenes/02_RGBI_8bits/M24D5_RGBI_8_Remesa_01.tif","M24D5_RGBI_8_Remesa_01.tif"
"https://visualizador.ide.uy/descargas/datos/CN_Remesa_01/02_Ortoimagenes/02_RGBI_8bits/M24D6_RGBI_8_Remesa_01.tif","M24D6_RGBI_8_Remesa_01.tif"
"https://visualizador.ide.uy/descargas/datos/CN_Remesa_01/02_Ortoimagenes/02_RGBI_8bits/M25A3_RGBI_8_Remesa_01.tif","M25A3_RGBI_8_Remesa_01.tif"
"https://visualizador.ide.uy/descargas/datos/CN_Remesa_01/02_Ortoimagenes/02_RGBI_8bits/M25B1_RGBI_8_Remesa_01.tif","M25B1_RGBI_8_Remesa_01.tif"
"https://visualizador.ide.uy/descargas/datos/CN_Remesa_01/02_Ortoimagenes/02_RGBI_8bits/M25B2_RGBI_8_Remesa_01.tif","M25B2_RGBI_8_Remesa_01.tif"
"https://visualizador.ide.uy/descargas/datos/CN_Remesa_01/02_Ortoimagenes/02_RGBI_8bits/M25B3_RGBI_8_Remesa_01.tif","M25B3_RGBI_8_Remesa_01.tif"
"https://visualizador.ide.uy/descargas/datos/CN_Remesa_01/02_Ortoimagenes/02_RGBI_8bits/M25B4_RGBI_8_Remesa_01.tif","M25B4_RGBI_8_Remesa_01.tif"
"https://visualizador.ide.uy/descargas/datos/CN_Remesa_01/02_Ortoimagenes/02_RGBI_8bits/M25B5_RGBI_8_Remesa_01.tif","M25B5_RGBI_8_Remesa_01.tif"
"https://visualizador.ide.uy/descargas/datos/CN_Remesa_01/02_Ortoimagenes/02_RGBI_8bits/M25B6_RGBI_8_Remesa_01.tif","M25B6_RGBI_8_Remesa_01.tif"
"https://visualizador.ide.uy/descargas/datos/CN_Remesa_01/02_Ortoimagenes/02_RGBI_8bits/M25D1_RGBI_8_Remesa_01.tif","M25D1_RGBI_8_Remesa_01.tif"
"https://visualizador.ide.uy/descargas/datos/CN_Remesa_01/02_Ortoimagenes/02_RGBI_8bits/M25D2_RGBI_8_Remesa_01.tif","M25D2_RGBI_8_Remesa_01.tif"
"https://visualizador.ide.uy/descargas/datos/CN_Remesa_01/02_Ortoimagenes/02_RGBI_8bits/M25D3_RGBI_8_Remesa_01.tif","M25D3_RGBI_8_Remesa_01.tif"
"https://visualizador.ide.uy/descargas/datos/CN_Remesa_01/02_Ortoimagenes/02_RGBI_8bits/M25D5_RGBI_8_Remesa_01.tif","M25D5_RGBI_8_Remesa_01.tif"
"https://visualizador.ide.uy/descargas/datos/CN_Remesa_01/02_Ortoimagenes/02_RGBI_8bits/M25D6_RGBI_8_Remesa_01.tif","M25D6_RGBI_8_Remesa_01.tif"
"https://visualizador.ide.uy/descargas/datos/CN_Remesa_01/02_Ortoimagenes/02_RGBI_8bits/M26B3_RGBI_8_Remesa_01.tif","M26B3_RGBI_8_Remesa_01.tif"
"https://visualizador.ide.uy/descargas/datos/CN_Remesa_01/02_Ortoimagenes/02_RGBI_8bits/Thumbs.db","Thumbs.db"
