"href","text"
"https://visualizador.ide.uy/descargas/datos/CN_Remesa_05/01_MDT/01_MDT_LAS_Resolucion_250cm/?C=N;O=D","Nombre:"
"https://visualizador.ide.uy/descargas/datos/CN_Remesa_05/01_MDT/01_MDT_LAS_Resolucion_250cm/?C=S;O=A","Size"
"https://visualizador.ide.uy/descargas/datos/CN_Remesa_05/01_MDT/","Parent Directory"
"https://visualizador.ide.uy/descargas/datos/CN_Remesa_05/01_MDT/01_MDT_LAS_Resolucion_250cm/G16C1_MDT_Remesa_05.las","G16C1_MDT_Remesa_05.las"
"https://visualizador.ide.uy/descargas/datos/CN_Remesa_05/01_MDT/01_MDT_LAS_Resolucion_250cm/G16C2_MDT_Remesa_05.las","G16C2_MDT_Remesa_05.las"
"https://visualizador.ide.uy/descargas/datos/CN_Remesa_05/01_MDT/01_MDT_LAS_Resolucion_250cm/G16C3_MDT_Remesa_05.las","G16C3_MDT_Remesa_05.las"
"https://visualizador.ide.uy/descargas/datos/CN_Remesa_05/01_MDT/01_MDT_LAS_Resolucion_250cm/G16C4_MDT_Remesa_05.las","G16C4_MDT_Remesa_05.las"
"https://visualizador.ide.uy/descargas/datos/CN_Remesa_05/01_MDT/01_MDT_LAS_Resolucion_250cm/G16C5_MDT_Remesa_05.las","G16C5_MDT_Remesa_05.las"
"https://visualizador.ide.uy/descargas/datos/CN_Remesa_05/01_MDT/01_MDT_LAS_Resolucion_250cm/G16C6_MDT_Remesa_05.las","G16C6_MDT_Remesa_05.las"
"https://visualizador.ide.uy/descargas/datos/CN_Remesa_05/01_MDT/01_MDT_LAS_Resolucion_250cm/G16D1_MDT_Remesa_05.las","G16D1_MDT_Remesa_05.las"
"https://visualizador.ide.uy/descargas/datos/CN_Remesa_05/01_MDT/01_MDT_LAS_Resolucion_250cm/G16D2_MDT_Remesa_05.las","G16D2_MDT_Remesa_05.las"
"https://visualizador.ide.uy/descargas/datos/CN_Remesa_05/01_MDT/01_MDT_LAS_Resolucion_250cm/G16D3_MDT_Remesa_05.las","G16D3_MDT_Remesa_05.las"
"https://visualizador.ide.uy/descargas/datos/CN_Remesa_05/01_MDT/01_MDT_LAS_Resolucion_250cm/G16D4_MDT_Remesa_05.las","G16D4_MDT_Remesa_05.las"
"https://visualizador.ide.uy/descargas/datos/CN_Remesa_05/01_MDT/01_MDT_LAS_Resolucion_250cm/G16D5_MDT_Remesa_05.las","G16D5_MDT_Remesa_05.las"
"https://visualizador.ide.uy/descargas/datos/CN_Remesa_05/01_MDT/01_MDT_LAS_Resolucion_250cm/G16D6_MDT_Remesa_05.las","G16D6_MDT_Remesa_05.las"
"https://visualizador.ide.uy/descargas/datos/CN_Remesa_05/01_MDT/01_MDT_LAS_Resolucion_250cm/G17A1_MDT_Remesa_05.las","G17A1_MDT_Remesa_05.las"
"https://visualizador.ide.uy/descargas/datos/CN_Remesa_05/01_MDT/01_MDT_LAS_Resolucion_250cm/G17A2_MDT_Remesa_05.las","G17A2_MDT_Remesa_05.las"
"https://visualizador.ide.uy/descargas/datos/CN_Remesa_05/01_MDT/01_MDT_LAS_Resolucion_250cm/G17A3_MDT_Remesa_05.las","G17A3_MDT_Remesa_05.las"
"https://visualizador.ide.uy/descargas/datos/CN_Remesa_05/01_MDT/01_MDT_LAS_Resolucion_250cm/G17A4_MDT_Remesa_05.las","G17A4_MDT_Remesa_05.las"
"https://visualizador.ide.uy/descargas/datos/CN_Remesa_05/01_MDT/01_MDT_LAS_Resolucion_250cm/G17A5_MDT_Remesa_05.las","G17A5_MDT_Remesa_05.las"
"https://visualizador.ide.uy/descargas/datos/CN_Remesa_05/01_MDT/01_MDT_LAS_Resolucion_250cm/G17A6_MDT_Remesa_05.las","G17A6_MDT_Remesa_05.las"
"https://visualizador.ide.uy/descargas/datos/CN_Remesa_05/01_MDT/01_MDT_LAS_Resolucion_250cm/G17B1_MDT_Remesa_05.las","G17B1_MDT_Remesa_05.las"
"https://visualizador.ide.uy/descargas/datos/CN_Remesa_05/01_MDT/01_MDT_LAS_Resolucion_250cm/G17B2_MDT_Remesa_05.las","G17B2_MDT_Remesa_05.las"
"https://visualizador.ide.uy/descargas/datos/CN_Remesa_05/01_MDT/01_MDT_LAS_Resolucion_250cm/G17B3_MDT_Remesa_05.las","G17B3_MDT_Remesa_05.las"
"https://visualizador.ide.uy/descargas/datos/CN_Remesa_05/01_MDT/01_MDT_LAS_Resolucion_250cm/G17B4_MDT_Remesa_05.las","G17B4_MDT_Remesa_05.las"
"https://visualizador.ide.uy/descargas/datos/CN_Remesa_05/01_MDT/01_MDT_LAS_Resolucion_250cm/G17B5_MDT_Remesa_05.las","G17B5_MDT_Remesa_05.las"
"https://visualizador.ide.uy/descargas/datos/CN_Remesa_05/01_MDT/01_MDT_LAS_Resolucion_250cm/G17B6_MDT_Remesa_05.las","G17B6_MDT_Remesa_05.las"
"https://visualizador.ide.uy/descargas/datos/CN_Remesa_05/01_MDT/01_MDT_LAS_Resolucion_250cm/G17C1_MDT_Remesa_05.las","G17C1_MDT_Remesa_05.las"
"https://visualizador.ide.uy/descargas/datos/CN_Remesa_05/01_MDT/01_MDT_LAS_Resolucion_250cm/G17C2_MDT_Remesa_05.las","G17C2_MDT_Remesa_05.las"
"https://visualizador.ide.uy/descargas/datos/CN_Remesa_05/01_MDT/01_MDT_LAS_Resolucion_250cm/G17C3_MDT_Remesa_05.las","G17C3_MDT_Remesa_05.las"
"https://visualizador.ide.uy/descargas/datos/CN_Remesa_05/01_MDT/01_MDT_LAS_Resolucion_250cm/G17C4_MDT_Remesa_05.las","G17C4_MDT_Remesa_05.las"
"https://visualizador.ide.uy/descargas/datos/CN_Remesa_05/01_MDT/01_MDT_LAS_Resolucion_250cm/G17C5_MDT_Remesa_05.las","G17C5_MDT_Remesa_05.las"
"https://visualizador.ide.uy/descargas/datos/CN_Remesa_05/01_MDT/01_MDT_LAS_Resolucion_250cm/G17C6_MDT_Remesa_05.las","G17C6_MDT_Remesa_05.las"
"https://visualizador.ide.uy/descargas/datos/CN_Remesa_05/01_MDT/01_MDT_LAS_Resolucion_250cm/G17D1_MDT_Remesa_05.las","G17D1_MDT_Remesa_05.las"
"https://visualizador.ide.uy/descargas/datos/CN_Remesa_05/01_MDT/01_MDT_LAS_Resolucion_250cm/G17D2_MDT_Remesa_05.las","G17D2_MDT_Remesa_05.las"
"https://visualizador.ide.uy/descargas/datos/CN_Remesa_05/01_MDT/01_MDT_LAS_Resolucion_250cm/G17D3_MDT_Remesa_05.las","G17D3_MDT_Remesa_05.las"
"https://visualizador.ide.uy/descargas/datos/CN_Remesa_05/01_MDT/01_MDT_LAS_Resolucion_250cm/G17D4_MDT_Remesa_05.las","G17D4_MDT_Remesa_05.las"
"https://visualizador.ide.uy/descargas/datos/CN_Remesa_05/01_MDT/01_MDT_LAS_Resolucion_250cm/G17D5_MDT_Remesa_05.las","G17D5_MDT_Remesa_05.las"
"https://visualizador.ide.uy/descargas/datos/CN_Remesa_05/01_MDT/01_MDT_LAS_Resolucion_250cm/G17D6_MDT_Remesa_05.las","G17D6_MDT_Remesa_05.las"
"https://visualizador.ide.uy/descargas/datos/CN_Remesa_05/01_MDT/01_MDT_LAS_Resolucion_250cm/G18A1_MDT_Remesa_05.las","G18A1_MDT_Remesa_05.las"
"https://visualizador.ide.uy/descargas/datos/CN_Remesa_05/01_MDT/01_MDT_LAS_Resolucion_250cm/G18A2_MDT_Remesa_05.las","G18A2_MDT_Remesa_05.las"
"https://visualizador.ide.uy/descargas/datos/CN_Remesa_05/01_MDT/01_MDT_LAS_Resolucion_250cm/G18A3_MDT_Remesa_05.las","G18A3_MDT_Remesa_05.las"
"https://visualizador.ide.uy/descargas/datos/CN_Remesa_05/01_MDT/01_MDT_LAS_Resolucion_250cm/G18A4_MDT_Remesa_05.las","G18A4_MDT_Remesa_05.las"
"https://visualizador.ide.uy/descargas/datos/CN_Remesa_05/01_MDT/01_MDT_LAS_Resolucion_250cm/G18A5_MDT_Remesa_05.las","G18A5_MDT_Remesa_05.las"
"https://visualizador.ide.uy/descargas/datos/CN_Remesa_05/01_MDT/01_MDT_LAS_Resolucion_250cm/G18A6_MDT_Remesa_05.las","G18A6_MDT_Remesa_05.las"
"https://visualizador.ide.uy/descargas/datos/CN_Remesa_05/01_MDT/01_MDT_LAS_Resolucion_250cm/G18B1_MDT_Remesa_05.las","G18B1_MDT_Remesa_05.las"
"https://visualizador.ide.uy/descargas/datos/CN_Remesa_05/01_MDT/01_MDT_LAS_Resolucion_250cm/G18B2_MDT_Remesa_05.las","G18B2_MDT_Remesa_05.las"
"https://visualizador.ide.uy/descargas/datos/CN_Remesa_05/01_MDT/01_MDT_LAS_Resolucion_250cm/G18B3_MDT_Remesa_05.las","G18B3_MDT_Remesa_05.las"
"https://visualizador.ide.uy/descargas/datos/CN_Remesa_05/01_MDT/01_MDT_LAS_Resolucion_250cm/G18B4_MDT_Remesa_05.las","G18B4_MDT_Remesa_05.las"
"https://visualizador.ide.uy/descargas/datos/CN_Remesa_05/01_MDT/01_MDT_LAS_Resolucion_250cm/G18B5_MDT_Remesa_05.las","G18B5_MDT_Remesa_05.las"
"https://visualizador.ide.uy/descargas/datos/CN_Remesa_05/01_MDT/01_MDT_LAS_Resolucion_250cm/G18B6_MDT_Remesa_05.las","G18B6_MDT_Remesa_05.las"
"https://visualizador.ide.uy/descargas/datos/CN_Remesa_05/01_MDT/01_MDT_LAS_Resolucion_250cm/G18C1_MDT_Remesa_05.las","G18C1_MDT_Remesa_05.las"
"https://visualizador.ide.uy/descargas/datos/CN_Remesa_05/01_MDT/01_MDT_LAS_Resolucion_250cm/G18C2_MDT_Remesa_05.las","G18C2_MDT_Remesa_05.las"
"https://visualizador.ide.uy/descargas/datos/CN_Remesa_05/01_MDT/01_MDT_LAS_Resolucion_250cm/G18C3_MDT_Remesa_05.las","G18C3_MDT_Remesa_05.las"
"https://visualizador.ide.uy/descargas/datos/CN_Remesa_05/01_MDT/01_MDT_LAS_Resolucion_250cm/G18C4_MDT_Remesa_05.las","G18C4_MDT_Remesa_05.las"
"https://visualizador.ide.uy/descargas/datos/CN_Remesa_05/01_MDT/01_MDT_LAS_Resolucion_250cm/G18C5_MDT_Remesa_05.las","G18C5_MDT_Remesa_05.las"
"https://visualizador.ide.uy/descargas/datos/CN_Remesa_05/01_MDT/01_MDT_LAS_Resolucion_250cm/G18C6_MDT_Remesa_05.las","G18C6_MDT_Remesa_05.las"
"https://visualizador.ide.uy/descargas/datos/CN_Remesa_05/01_MDT/01_MDT_LAS_Resolucion_250cm/G18D1_MDT_Remesa_05.las","G18D1_MDT_Remesa_05.las"
"https://visualizador.ide.uy/descargas/datos/CN_Remesa_05/01_MDT/01_MDT_LAS_Resolucion_250cm/G18D2_MDT_Remesa_05.las","G18D2_MDT_Remesa_05.las"
"https://visualizador.ide.uy/descargas/datos/CN_Remesa_05/01_MDT/01_MDT_LAS_Resolucion_250cm/G18D3_MDT_Remesa_05.las","G18D3_MDT_Remesa_05.las"
"https://visualizador.ide.uy/descargas/datos/CN_Remesa_05/01_MDT/01_MDT_LAS_Resolucion_250cm/G18D4_MDT_Remesa_05.las","G18D4_MDT_Remesa_05.las"
"https://visualizador.ide.uy/descargas/datos/CN_Remesa_05/01_MDT/01_MDT_LAS_Resolucion_250cm/G18D5_MDT_Remesa_05.las","G18D5_MDT_Remesa_05.las"
"https://visualizador.ide.uy/descargas/datos/CN_Remesa_05/01_MDT/01_MDT_LAS_Resolucion_250cm/G18D6_MDT_Remesa_05.las","G18D6_MDT_Remesa_05.las"
"https://visualizador.ide.uy/descargas/datos/CN_Remesa_05/01_MDT/01_MDT_LAS_Resolucion_250cm/G19A1_MDT_Remesa_05.las","G19A1_MDT_Remesa_05.las"
"https://visualizador.ide.uy/descargas/datos/CN_Remesa_05/01_MDT/01_MDT_LAS_Resolucion_250cm/G19A2_MDT_Remesa_05.las","G19A2_MDT_Remesa_05.las"
"https://visualizador.ide.uy/descargas/datos/CN_Remesa_05/01_MDT/01_MDT_LAS_Resolucion_250cm/G19A3_MDT_Remesa_05.las","G19A3_MDT_Remesa_05.las"
"https://visualizador.ide.uy/descargas/datos/CN_Remesa_05/01_MDT/01_MDT_LAS_Resolucion_250cm/G19A4_MDT_Remesa_05.las","G19A4_MDT_Remesa_05.las"
"https://visualizador.ide.uy/descargas/datos/CN_Remesa_05/01_MDT/01_MDT_LAS_Resolucion_250cm/G19A5_MDT_Remesa_05.las","G19A5_MDT_Remesa_05.las"
"https://visualizador.ide.uy/descargas/datos/CN_Remesa_05/01_MDT/01_MDT_LAS_Resolucion_250cm/G19A6_MDT_Remesa_05.las","G19A6_MDT_Remesa_05.las"
"https://visualizador.ide.uy/descargas/datos/CN_Remesa_05/01_MDT/01_MDT_LAS_Resolucion_250cm/G19B1_MDT_Remesa_05.las","G19B1_MDT_Remesa_05.las"
"https://visualizador.ide.uy/descargas/datos/CN_Remesa_05/01_MDT/01_MDT_LAS_Resolucion_250cm/G19B2_MDT_Remesa_05.las","G19B2_MDT_Remesa_05.las"
"https://visualizador.ide.uy/descargas/datos/CN_Remesa_05/01_MDT/01_MDT_LAS_Resolucion_250cm/G19B3_MDT_Remesa_05.las","G19B3_MDT_Remesa_05.las"
"https://visualizador.ide.uy/descargas/datos/CN_Remesa_05/01_MDT/01_MDT_LAS_Resolucion_250cm/G19B4_MDT_Remesa_05.las","G19B4_MDT_Remesa_05.las"
"https://visualizador.ide.uy/descargas/datos/CN_Remesa_05/01_MDT/01_MDT_LAS_Resolucion_250cm/G19B5_MDT_Remesa_05.las","G19B5_MDT_Remesa_05.las"
"https://visualizador.ide.uy/descargas/datos/CN_Remesa_05/01_MDT/01_MDT_LAS_Resolucion_250cm/G19B6_MDT_Remesa_05.las","G19B6_MDT_Remesa_05.las"
"https://visualizador.ide.uy/descargas/datos/CN_Remesa_05/01_MDT/01_MDT_LAS_Resolucion_250cm/G19C1_MDT_Remesa_05.las","G19C1_MDT_Remesa_05.las"
"https://visualizador.ide.uy/descargas/datos/CN_Remesa_05/01_MDT/01_MDT_LAS_Resolucion_250cm/G19C2_MDT_Remesa_05.las","G19C2_MDT_Remesa_05.las"
"https://visualizador.ide.uy/descargas/datos/CN_Remesa_05/01_MDT/01_MDT_LAS_Resolucion_250cm/G19C3_MDT_Remesa_05.las","G19C3_MDT_Remesa_05.las"
"https://visualizador.ide.uy/descargas/datos/CN_Remesa_05/01_MDT/01_MDT_LAS_Resolucion_250cm/G19C4_MDT_Remesa_05.las","G19C4_MDT_Remesa_05.las"
"https://visualizador.ide.uy/descargas/datos/CN_Remesa_05/01_MDT/01_MDT_LAS_Resolucion_250cm/G19C5_MDT_Remesa_05.las","G19C5_MDT_Remesa_05.las"
"https://visualizador.ide.uy/descargas/datos/CN_Remesa_05/01_MDT/01_MDT_LAS_Resolucion_250cm/G19C6_MDT_Remesa_05.las","G19C6_MDT_Remesa_05.las"
"https://visualizador.ide.uy/descargas/datos/CN_Remesa_05/01_MDT/01_MDT_LAS_Resolucion_250cm/G19D1_MDT_Remesa_05.las","G19D1_MDT_Remesa_05.las"
"https://visualizador.ide.uy/descargas/datos/CN_Remesa_05/01_MDT/01_MDT_LAS_Resolucion_250cm/G19D2_MDT_Remesa_05.las","G19D2_MDT_Remesa_05.las"
"https://visualizador.ide.uy/descargas/datos/CN_Remesa_05/01_MDT/01_MDT_LAS_Resolucion_250cm/G19D3_MDT_Remesa_05.las","G19D3_MDT_Remesa_05.las"
"https://visualizador.ide.uy/descargas/datos/CN_Remesa_05/01_MDT/01_MDT_LAS_Resolucion_250cm/G19D4_MDT_Remesa_05.las","G19D4_MDT_Remesa_05.las"
"https://visualizador.ide.uy/descargas/datos/CN_Remesa_05/01_MDT/01_MDT_LAS_Resolucion_250cm/G19D5_MDT_Remesa_05.las","G19D5_MDT_Remesa_05.las"
"https://visualizador.ide.uy/descargas/datos/CN_Remesa_05/01_MDT/01_MDT_LAS_Resolucion_250cm/G19D6_MDT_Remesa_05.las","G19D6_MDT_Remesa_05.las"
"https://visualizador.ide.uy/descargas/datos/CN_Remesa_05/01_MDT/01_MDT_LAS_Resolucion_250cm/G20A1_MDT_Remesa_05.las","G20A1_MDT_Remesa_05.las"
"https://visualizador.ide.uy/descargas/datos/CN_Remesa_05/01_MDT/01_MDT_LAS_Resolucion_250cm/G20A2_MDT_Remesa_05.las","G20A2_MDT_Remesa_05.las"
"https://visualizador.ide.uy/descargas/datos/CN_Remesa_05/01_MDT/01_MDT_LAS_Resolucion_250cm/G20A3_MDT_Remesa_05.las","G20A3_MDT_Remesa_05.las"
"https://visualizador.ide.uy/descargas/datos/CN_Remesa_05/01_MDT/01_MDT_LAS_Resolucion_250cm/G20A4_MDT_Remesa_05.las","G20A4_MDT_Remesa_05.las"
"https://visualizador.ide.uy/descargas/datos/CN_Remesa_05/01_MDT/01_MDT_LAS_Resolucion_250cm/G20A5_MDT_Remesa_05.las","G20A5_MDT_Remesa_05.las"
"https://visualizador.ide.uy/descargas/datos/CN_Remesa_05/01_MDT/01_MDT_LAS_Resolucion_250cm/G20A6_MDT_Remesa_05.las","G20A6_MDT_Remesa_05.las"
"https://visualizador.ide.uy/descargas/datos/CN_Remesa_05/01_MDT/01_MDT_LAS_Resolucion_250cm/G20B1_MDT_Remesa_05.las","G20B1_MDT_Remesa_05.las"
"https://visualizador.ide.uy/descargas/datos/CN_Remesa_05/01_MDT/01_MDT_LAS_Resolucion_250cm/G20B2_MDT_Remesa_05.las","G20B2_MDT_Remesa_05.las"
"https://visualizador.ide.uy/descargas/datos/CN_Remesa_05/01_MDT/01_MDT_LAS_Resolucion_250cm/G20B3_MDT_Remesa_05.las","G20B3_MDT_Remesa_05.las"
"https://visualizador.ide.uy/descargas/datos/CN_Remesa_05/01_MDT/01_MDT_LAS_Resolucion_250cm/G20B4_MDT_Remesa_05.las","G20B4_MDT_Remesa_05.las"
"https://visualizador.ide.uy/descargas/datos/CN_Remesa_05/01_MDT/01_MDT_LAS_Resolucion_250cm/G20B5_MDT_Remesa_05.las","G20B5_MDT_Remesa_05.las"
"https://visualizador.ide.uy/descargas/datos/CN_Remesa_05/01_MDT/01_MDT_LAS_Resolucion_250cm/G20B6_MDT_Remesa_05.las","G20B6_MDT_Remesa_05.las"
"https://visualizador.ide.uy/descargas/datos/CN_Remesa_05/01_MDT/01_MDT_LAS_Resolucion_250cm/G20C1_MDT_Remesa_05.las","G20C1_MDT_Remesa_05.las"
"https://visualizador.ide.uy/descargas/datos/CN_Remesa_05/01_MDT/01_MDT_LAS_Resolucion_250cm/G20C2_MDT_Remesa_05.las","G20C2_MDT_Remesa_05.las"
"https://visualizador.ide.uy/descargas/datos/CN_Remesa_05/01_MDT/01_MDT_LAS_Resolucion_250cm/G20C3_MDT_Remesa_05.las","G20C3_MDT_Remesa_05.las"
"https://visualizador.ide.uy/descargas/datos/CN_Remesa_05/01_MDT/01_MDT_LAS_Resolucion_250cm/G20C4_MDT_Remesa_05.las","G20C4_MDT_Remesa_05.las"
"https://visualizador.ide.uy/descargas/datos/CN_Remesa_05/01_MDT/01_MDT_LAS_Resolucion_250cm/G20C5_MDT_Remesa_05.las","G20C5_MDT_Remesa_05.las"
"https://visualizador.ide.uy/descargas/datos/CN_Remesa_05/01_MDT/01_MDT_LAS_Resolucion_250cm/G20C6_MDT_Remesa_05.las","G20C6_MDT_Remesa_05.las"
"https://visualizador.ide.uy/descargas/datos/CN_Remesa_05/01_MDT/01_MDT_LAS_Resolucion_250cm/G20D1_MDT_Remesa_05.las","G20D1_MDT_Remesa_05.las"
"https://visualizador.ide.uy/descargas/datos/CN_Remesa_05/01_MDT/01_MDT_LAS_Resolucion_250cm/G20D2_MDT_Remesa_05.las","G20D2_MDT_Remesa_05.las"
"https://visualizador.ide.uy/descargas/datos/CN_Remesa_05/01_MDT/01_MDT_LAS_Resolucion_250cm/G20D3_MDT_Remesa_05.las","G20D3_MDT_Remesa_05.las"
"https://visualizador.ide.uy/descargas/datos/CN_Remesa_05/01_MDT/01_MDT_LAS_Resolucion_250cm/G20D4_MDT_Remesa_05.las","G20D4_MDT_Remesa_05.las"
"https://visualizador.ide.uy/descargas/datos/CN_Remesa_05/01_MDT/01_MDT_LAS_Resolucion_250cm/G20D5_MDT_Remesa_05.las","G20D5_MDT_Remesa_05.las"
"https://visualizador.ide.uy/descargas/datos/CN_Remesa_05/01_MDT/01_MDT_LAS_Resolucion_250cm/G20D6_MDT_Remesa_05.las","G20D6_MDT_Remesa_05.las"
"https://visualizador.ide.uy/descargas/datos/CN_Remesa_05/01_MDT/01_MDT_LAS_Resolucion_250cm/G21A1_MDT_Remesa_05.las","G21A1_MDT_Remesa_05.las"
"https://visualizador.ide.uy/descargas/datos/CN_Remesa_05/01_MDT/01_MDT_LAS_Resolucion_250cm/G21A2_MDT_Remesa_05.las","G21A2_MDT_Remesa_05.las"
"https://visualizador.ide.uy/descargas/datos/CN_Remesa_05/01_MDT/01_MDT_LAS_Resolucion_250cm/G21A3_MDT_Remesa_05.las","G21A3_MDT_Remesa_05.las"
"https://visualizador.ide.uy/descargas/datos/CN_Remesa_05/01_MDT/01_MDT_LAS_Resolucion_250cm/G21A4_MDT_Remesa_05.las","G21A4_MDT_Remesa_05.las"
"https://visualizador.ide.uy/descargas/datos/CN_Remesa_05/01_MDT/01_MDT_LAS_Resolucion_250cm/G21A5_MDT_Remesa_05.las","G21A5_MDT_Remesa_05.las"
"https://visualizador.ide.uy/descargas/datos/CN_Remesa_05/01_MDT/01_MDT_LAS_Resolucion_250cm/G21A6_MDT_Remesa_05.las","G21A6_MDT_Remesa_05.las"
"https://visualizador.ide.uy/descargas/datos/CN_Remesa_05/01_MDT/01_MDT_LAS_Resolucion_250cm/G21B1_MDT_Remesa_05.las","G21B1_MDT_Remesa_05.las"
"https://visualizador.ide.uy/descargas/datos/CN_Remesa_05/01_MDT/01_MDT_LAS_Resolucion_250cm/G21B2_MDT_Remesa_05.las","G21B2_MDT_Remesa_05.las"
"https://visualizador.ide.uy/descargas/datos/CN_Remesa_05/01_MDT/01_MDT_LAS_Resolucion_250cm/G21B3_MDT_Remesa_05.las","G21B3_MDT_Remesa_05.las"
"https://visualizador.ide.uy/descargas/datos/CN_Remesa_05/01_MDT/01_MDT_LAS_Resolucion_250cm/G21B4_MDT_Remesa_05.las","G21B4_MDT_Remesa_05.las"
"https://visualizador.ide.uy/descargas/datos/CN_Remesa_05/01_MDT/01_MDT_LAS_Resolucion_250cm/G21B5_MDT_Remesa_05.las","G21B5_MDT_Remesa_05.las"
"https://visualizador.ide.uy/descargas/datos/CN_Remesa_05/01_MDT/01_MDT_LAS_Resolucion_250cm/G21B6_MDT_Remesa_05.las","G21B6_MDT_Remesa_05.las"
"https://visualizador.ide.uy/descargas/datos/CN_Remesa_05/01_MDT/01_MDT_LAS_Resolucion_250cm/G21C1_MDT_Remesa_05.las","G21C1_MDT_Remesa_05.las"
"https://visualizador.ide.uy/descargas/datos/CN_Remesa_05/01_MDT/01_MDT_LAS_Resolucion_250cm/G21C2_MDT_Remesa_05.las","G21C2_MDT_Remesa_05.las"
"https://visualizador.ide.uy/descargas/datos/CN_Remesa_05/01_MDT/01_MDT_LAS_Resolucion_250cm/G21C3_MDT_Remesa_05.las","G21C3_MDT_Remesa_05.las"
"https://visualizador.ide.uy/descargas/datos/CN_Remesa_05/01_MDT/01_MDT_LAS_Resolucion_250cm/G21C4_MDT_Remesa_05.las","G21C4_MDT_Remesa_05.las"
"https://visualizador.ide.uy/descargas/datos/CN_Remesa_05/01_MDT/01_MDT_LAS_Resolucion_250cm/G21C5_MDT_Remesa_05.las","G21C5_MDT_Remesa_05.las"
"https://visualizador.ide.uy/descargas/datos/CN_Remesa_05/01_MDT/01_MDT_LAS_Resolucion_250cm/G21C6_MDT_Remesa_05.las","G21C6_MDT_Remesa_05.las"
"https://visualizador.ide.uy/descargas/datos/CN_Remesa_05/01_MDT/01_MDT_LAS_Resolucion_250cm/G21D1_MDT_Remesa_05.las","G21D1_MDT_Remesa_05.las"
"https://visualizador.ide.uy/descargas/datos/CN_Remesa_05/01_MDT/01_MDT_LAS_Resolucion_250cm/G21D2_MDT_Remesa_05.las","G21D2_MDT_Remesa_05.las"
"https://visualizador.ide.uy/descargas/datos/CN_Remesa_05/01_MDT/01_MDT_LAS_Resolucion_250cm/G21D3_MDT_Remesa_05.las","G21D3_MDT_Remesa_05.las"
"https://visualizador.ide.uy/descargas/datos/CN_Remesa_05/01_MDT/01_MDT_LAS_Resolucion_250cm/G21D4_MDT_Remesa_05.las","G21D4_MDT_Remesa_05.las"
"https://visualizador.ide.uy/descargas/datos/CN_Remesa_05/01_MDT/01_MDT_LAS_Resolucion_250cm/G21D5_MDT_Remesa_05.las","G21D5_MDT_Remesa_05.las"
"https://visualizador.ide.uy/descargas/datos/CN_Remesa_05/01_MDT/01_MDT_LAS_Resolucion_250cm/G21D6_MDT_Remesa_05.las","G21D6_MDT_Remesa_05.las"
"https://visualizador.ide.uy/descargas/datos/CN_Remesa_05/01_MDT/01_MDT_LAS_Resolucion_250cm/G22A1_MDT_Remesa_05.las","G22A1_MDT_Remesa_05.las"
"https://visualizador.ide.uy/descargas/datos/CN_Remesa_05/01_MDT/01_MDT_LAS_Resolucion_250cm/G22A2_MDT_Remesa_05.las","G22A2_MDT_Remesa_05.las"
"https://visualizador.ide.uy/descargas/datos/CN_Remesa_05/01_MDT/01_MDT_LAS_Resolucion_250cm/G22A3_MDT_Remesa_05.las","G22A3_MDT_Remesa_05.las"
"https://visualizador.ide.uy/descargas/datos/CN_Remesa_05/01_MDT/01_MDT_LAS_Resolucion_250cm/G22A4_MDT_Remesa_05.las","G22A4_MDT_Remesa_05.las"
"https://visualizador.ide.uy/descargas/datos/CN_Remesa_05/01_MDT/01_MDT_LAS_Resolucion_250cm/G22A5_MDT_Remesa_05.las","G22A5_MDT_Remesa_05.las"
"https://visualizador.ide.uy/descargas/datos/CN_Remesa_05/01_MDT/01_MDT_LAS_Resolucion_250cm/G22A6_MDT_Remesa_05.las","G22A6_MDT_Remesa_05.las"
"https://visualizador.ide.uy/descargas/datos/CN_Remesa_05/01_MDT/01_MDT_LAS_Resolucion_250cm/G22B1_MDT_Remesa_05.las","G22B1_MDT_Remesa_05.las"
"https://visualizador.ide.uy/descargas/datos/CN_Remesa_05/01_MDT/01_MDT_LAS_Resolucion_250cm/G22B2_MDT_Remesa_05.las","G22B2_MDT_Remesa_05.las"
"https://visualizador.ide.uy/descargas/datos/CN_Remesa_05/01_MDT/01_MDT_LAS_Resolucion_250cm/G22B3_MDT_Remesa_05.las","G22B3_MDT_Remesa_05.las"
"https://visualizador.ide.uy/descargas/datos/CN_Remesa_05/01_MDT/01_MDT_LAS_Resolucion_250cm/G22B4_MDT_Remesa_05.las","G22B4_MDT_Remesa_05.las"
"https://visualizador.ide.uy/descargas/datos/CN_Remesa_05/01_MDT/01_MDT_LAS_Resolucion_250cm/G22B5_MDT_Remesa_05.las","G22B5_MDT_Remesa_05.las"
"https://visualizador.ide.uy/descargas/datos/CN_Remesa_05/01_MDT/01_MDT_LAS_Resolucion_250cm/G22B6_MDT_Remesa_05.las","G22B6_MDT_Remesa_05.las"
"https://visualizador.ide.uy/descargas/datos/CN_Remesa_05/01_MDT/01_MDT_LAS_Resolucion_250cm/G22C1_MDT_Remesa_05.las","G22C1_MDT_Remesa_05.las"
"https://visualizador.ide.uy/descargas/datos/CN_Remesa_05/01_MDT/01_MDT_LAS_Resolucion_250cm/G22C2_MDT_Remesa_05.las","G22C2_MDT_Remesa_05.las"
"https://visualizador.ide.uy/descargas/datos/CN_Remesa_05/01_MDT/01_MDT_LAS_Resolucion_250cm/G22C3_MDT_Remesa_05.las","G22C3_MDT_Remesa_05.las"
"https://visualizador.ide.uy/descargas/datos/CN_Remesa_05/01_MDT/01_MDT_LAS_Resolucion_250cm/G22C4_MDT_Remesa_05.las","G22C4_MDT_Remesa_05.las"
"https://visualizador.ide.uy/descargas/datos/CN_Remesa_05/01_MDT/01_MDT_LAS_Resolucion_250cm/G22C5_MDT_Remesa_05.las","G22C5_MDT_Remesa_05.las"
"https://visualizador.ide.uy/descargas/datos/CN_Remesa_05/01_MDT/01_MDT_LAS_Resolucion_250cm/G22C6_MDT_Remesa_05.las","G22C6_MDT_Remesa_05.las"
"https://visualizador.ide.uy/descargas/datos/CN_Remesa_05/01_MDT/01_MDT_LAS_Resolucion_250cm/G22D1_MDT_Remesa_05.las","G22D1_MDT_Remesa_05.las"
"https://visualizador.ide.uy/descargas/datos/CN_Remesa_05/01_MDT/01_MDT_LAS_Resolucion_250cm/G22D2_MDT_Remesa_05.las","G22D2_MDT_Remesa_05.las"
"https://visualizador.ide.uy/descargas/datos/CN_Remesa_05/01_MDT/01_MDT_LAS_Resolucion_250cm/G22D3_MDT_Remesa_05.las","G22D3_MDT_Remesa_05.las"
"https://visualizador.ide.uy/descargas/datos/CN_Remesa_05/01_MDT/01_MDT_LAS_Resolucion_250cm/G22D4_MDT_Remesa_05.las","G22D4_MDT_Remesa_05.las"
"https://visualizador.ide.uy/descargas/datos/CN_Remesa_05/01_MDT/01_MDT_LAS_Resolucion_250cm/G22D5_MDT_Remesa_05.las","G22D5_MDT_Remesa_05.las"
"https://visualizador.ide.uy/descargas/datos/CN_Remesa_05/01_MDT/01_MDT_LAS_Resolucion_250cm/G22D6_MDT_Remesa_05.las","G22D6_MDT_Remesa_05.las"
"https://visualizador.ide.uy/descargas/datos/CN_Remesa_05/01_MDT/01_MDT_LAS_Resolucion_250cm/G23A1_MDT_Remesa_05.las","G23A1_MDT_Remesa_05.las"
"https://visualizador.ide.uy/descargas/datos/CN_Remesa_05/01_MDT/01_MDT_LAS_Resolucion_250cm/G23A2_MDT_Remesa_05.las","G23A2_MDT_Remesa_05.las"
"https://visualizador.ide.uy/descargas/datos/CN_Remesa_05/01_MDT/01_MDT_LAS_Resolucion_250cm/G23A3_MDT_Remesa_05.las","G23A3_MDT_Remesa_05.las"
"https://visualizador.ide.uy/descargas/datos/CN_Remesa_05/01_MDT/01_MDT_LAS_Resolucion_250cm/G23A4_MDT_Remesa_05.las","G23A4_MDT_Remesa_05.las"
"https://visualizador.ide.uy/descargas/datos/CN_Remesa_05/01_MDT/01_MDT_LAS_Resolucion_250cm/G23A5_MDT_Remesa_05.las","G23A5_MDT_Remesa_05.las"
"https://visualizador.ide.uy/descargas/datos/CN_Remesa_05/01_MDT/01_MDT_LAS_Resolucion_250cm/G23A6_MDT_Remesa_05.las","G23A6_MDT_Remesa_05.las"
"https://visualizador.ide.uy/descargas/datos/CN_Remesa_05/01_MDT/01_MDT_LAS_Resolucion_250cm/G23B1_MDT_Remesa_05.las","G23B1_MDT_Remesa_05.las"
"https://visualizador.ide.uy/descargas/datos/CN_Remesa_05/01_MDT/01_MDT_LAS_Resolucion_250cm/G23B2_MDT_Remesa_05.las","G23B2_MDT_Remesa_05.las"
"https://visualizador.ide.uy/descargas/datos/CN_Remesa_05/01_MDT/01_MDT_LAS_Resolucion_250cm/G23B3_MDT_Remesa_05.las","G23B3_MDT_Remesa_05.las"
"https://visualizador.ide.uy/descargas/datos/CN_Remesa_05/01_MDT/01_MDT_LAS_Resolucion_250cm/G23B4_MDT_Remesa_05.las","G23B4_MDT_Remesa_05.las"
"https://visualizador.ide.uy/descargas/datos/CN_Remesa_05/01_MDT/01_MDT_LAS_Resolucion_250cm/G23B5_MDT_Remesa_05.las","G23B5_MDT_Remesa_05.las"
"https://visualizador.ide.uy/descargas/datos/CN_Remesa_05/01_MDT/01_MDT_LAS_Resolucion_250cm/G23B6_MDT_Remesa_05.las","G23B6_MDT_Remesa_05.las"
"https://visualizador.ide.uy/descargas/datos/CN_Remesa_05/01_MDT/01_MDT_LAS_Resolucion_250cm/G23C1_MDT_Remesa_05.las","G23C1_MDT_Remesa_05.las"
"https://visualizador.ide.uy/descargas/datos/CN_Remesa_05/01_MDT/01_MDT_LAS_Resolucion_250cm/G23C2_MDT_Remesa_05.las","G23C2_MDT_Remesa_05.las"
"https://visualizador.ide.uy/descargas/datos/CN_Remesa_05/01_MDT/01_MDT_LAS_Resolucion_250cm/G23C3_MDT_Remesa_05.las","G23C3_MDT_Remesa_05.las"
"https://visualizador.ide.uy/descargas/datos/CN_Remesa_05/01_MDT/01_MDT_LAS_Resolucion_250cm/G23C4_MDT_Remesa_05.las","G23C4_MDT_Remesa_05.las"
"https://visualizador.ide.uy/descargas/datos/CN_Remesa_05/01_MDT/01_MDT_LAS_Resolucion_250cm/G23C5_MDT_Remesa_05.las","G23C5_MDT_Remesa_05.las"
"https://visualizador.ide.uy/descargas/datos/CN_Remesa_05/01_MDT/01_MDT_LAS_Resolucion_250cm/G23C6_MDT_Remesa_05.las","G23C6_MDT_Remesa_05.las"
"https://visualizador.ide.uy/descargas/datos/CN_Remesa_05/01_MDT/01_MDT_LAS_Resolucion_250cm/G23D1_MDT_Remesa_05.las","G23D1_MDT_Remesa_05.las"
"https://visualizador.ide.uy/descargas/datos/CN_Remesa_05/01_MDT/01_MDT_LAS_Resolucion_250cm/G23D2_MDT_Remesa_05.las","G23D2_MDT_Remesa_05.las"
"https://visualizador.ide.uy/descargas/datos/CN_Remesa_05/01_MDT/01_MDT_LAS_Resolucion_250cm/G23D3_MDT_Remesa_05.las","G23D3_MDT_Remesa_05.las"
"https://visualizador.ide.uy/descargas/datos/CN_Remesa_05/01_MDT/01_MDT_LAS_Resolucion_250cm/G23D4_MDT_Remesa_05.las","G23D4_MDT_Remesa_05.las"
"https://visualizador.ide.uy/descargas/datos/CN_Remesa_05/01_MDT/01_MDT_LAS_Resolucion_250cm/G23D5_MDT_Remesa_05.las","G23D5_MDT_Remesa_05.las"
"https://visualizador.ide.uy/descargas/datos/CN_Remesa_05/01_MDT/01_MDT_LAS_Resolucion_250cm/G23D6_MDT_Remesa_05.las","G23D6_MDT_Remesa_05.las"
"https://visualizador.ide.uy/descargas/datos/CN_Remesa_05/01_MDT/01_MDT_LAS_Resolucion_250cm/G24A3_MDT_Remesa_05.las","G24A3_MDT_Remesa_05.las"
"https://visualizador.ide.uy/descargas/datos/CN_Remesa_05/01_MDT/01_MDT_LAS_Resolucion_250cm/G24B1_MDT_Remesa_05.las","G24B1_MDT_Remesa_05.las"
"https://visualizador.ide.uy/descargas/datos/CN_Remesa_05/01_MDT/01_MDT_LAS_Resolucion_250cm/G24B2_MDT_Remesa_05.las","G24B2_MDT_Remesa_05.las"
"https://visualizador.ide.uy/descargas/datos/CN_Remesa_05/01_MDT/01_MDT_LAS_Resolucion_250cm/G24B3_MDT_Remesa_05.las","G24B3_MDT_Remesa_05.las"
"https://visualizador.ide.uy/descargas/datos/CN_Remesa_05/01_MDT/01_MDT_LAS_Resolucion_250cm/G24B4_MDT_Remesa_05.las","G24B4_MDT_Remesa_05.las"
"https://visualizador.ide.uy/descargas/datos/CN_Remesa_05/01_MDT/01_MDT_LAS_Resolucion_250cm/G24B5_MDT_Remesa_05.las","G24B5_MDT_Remesa_05.las"
"https://visualizador.ide.uy/descargas/datos/CN_Remesa_05/01_MDT/01_MDT_LAS_Resolucion_250cm/G24B6_MDT_Remesa_05.las","G24B6_MDT_Remesa_05.las"
"https://visualizador.ide.uy/descargas/datos/CN_Remesa_05/01_MDT/01_MDT_LAS_Resolucion_250cm/G24D1_MDT_Remesa_05.las","G24D1_MDT_Remesa_05.las"
"https://visualizador.ide.uy/descargas/datos/CN_Remesa_05/01_MDT/01_MDT_LAS_Resolucion_250cm/G24D2_MDT_Remesa_05.las","G24D2_MDT_Remesa_05.las"
"https://visualizador.ide.uy/descargas/datos/CN_Remesa_05/01_MDT/01_MDT_LAS_Resolucion_250cm/G24D3_MDT_Remesa_05.las","G24D3_MDT_Remesa_05.las"
"https://visualizador.ide.uy/descargas/datos/CN_Remesa_05/01_MDT/01_MDT_LAS_Resolucion_250cm/H16C1_MDT_Remesa_05.las","H16C1_MDT_Remesa_05.las"
"https://visualizador.ide.uy/descargas/datos/CN_Remesa_05/01_MDT/01_MDT_LAS_Resolucion_250cm/H16C2_MDT_Remesa_05.las","H16C2_MDT_Remesa_05.las"
"https://visualizador.ide.uy/descargas/datos/CN_Remesa_05/01_MDT/01_MDT_LAS_Resolucion_250cm/H16C3_MDT_Remesa_05.las","H16C3_MDT_Remesa_05.las"
"https://visualizador.ide.uy/descargas/datos/CN_Remesa_05/01_MDT/01_MDT_LAS_Resolucion_250cm/H16C4_MDT_Remesa_05.las","H16C4_MDT_Remesa_05.las"
"https://visualizador.ide.uy/descargas/datos/CN_Remesa_05/01_MDT/01_MDT_LAS_Resolucion_250cm/H16C5_MDT_Remesa_05.las","H16C5_MDT_Remesa_05.las"
"https://visualizador.ide.uy/descargas/datos/CN_Remesa_05/01_MDT/01_MDT_LAS_Resolucion_250cm/H16C6_MDT_Remesa_05.las","H16C6_MDT_Remesa_05.las"
"https://visualizador.ide.uy/descargas/datos/CN_Remesa_05/01_MDT/01_MDT_LAS_Resolucion_250cm/H16D1_MDT_Remesa_05.las","H16D1_MDT_Remesa_05.las"
"https://visualizador.ide.uy/descargas/datos/CN_Remesa_05/01_MDT/01_MDT_LAS_Resolucion_250cm/H16D2_MDT_Remesa_05.las","H16D2_MDT_Remesa_05.las"
"https://visualizador.ide.uy/descargas/datos/CN_Remesa_05/01_MDT/01_MDT_LAS_Resolucion_250cm/H16D3_MDT_Remesa_05.las","H16D3_MDT_Remesa_05.las"
"https://visualizador.ide.uy/descargas/datos/CN_Remesa_05/01_MDT/01_MDT_LAS_Resolucion_250cm/H16D4_MDT_Remesa_05.las","H16D4_MDT_Remesa_05.las"
"https://visualizador.ide.uy/descargas/datos/CN_Remesa_05/01_MDT/01_MDT_LAS_Resolucion_250cm/H16D5_MDT_Remesa_05.las","H16D5_MDT_Remesa_05.las"
"https://visualizador.ide.uy/descargas/datos/CN_Remesa_05/01_MDT/01_MDT_LAS_Resolucion_250cm/H16D6_MDT_Remesa_05.las","H16D6_MDT_Remesa_05.las"
"https://visualizador.ide.uy/descargas/datos/CN_Remesa_05/01_MDT/01_MDT_LAS_Resolucion_250cm/H17A1_MDT_Remesa_05.las","H17A1_MDT_Remesa_05.las"
"https://visualizador.ide.uy/descargas/datos/CN_Remesa_05/01_MDT/01_MDT_LAS_Resolucion_250cm/H17A2_MDT_Remesa_05.las","H17A2_MDT_Remesa_05.las"
"https://visualizador.ide.uy/descargas/datos/CN_Remesa_05/01_MDT/01_MDT_LAS_Resolucion_250cm/H17A3_MDT_Remesa_05.las","H17A3_MDT_Remesa_05.las"
"https://visualizador.ide.uy/descargas/datos/CN_Remesa_05/01_MDT/01_MDT_LAS_Resolucion_250cm/H17A4_MDT_Remesa_05.las","H17A4_MDT_Remesa_05.las"
"https://visualizador.ide.uy/descargas/datos/CN_Remesa_05/01_MDT/01_MDT_LAS_Resolucion_250cm/H17A5_MDT_Remesa_05.las","H17A5_MDT_Remesa_05.las"
"https://visualizador.ide.uy/descargas/datos/CN_Remesa_05/01_MDT/01_MDT_LAS_Resolucion_250cm/H17A6_MDT_Remesa_05.las","H17A6_MDT_Remesa_05.las"
"https://visualizador.ide.uy/descargas/datos/CN_Remesa_05/01_MDT/01_MDT_LAS_Resolucion_250cm/H17B1_MDT_Remesa_05.las","H17B1_MDT_Remesa_05.las"
"https://visualizador.ide.uy/descargas/datos/CN_Remesa_05/01_MDT/01_MDT_LAS_Resolucion_250cm/H17B2_MDT_Remesa_05.las","H17B2_MDT_Remesa_05.las"
"https://visualizador.ide.uy/descargas/datos/CN_Remesa_05/01_MDT/01_MDT_LAS_Resolucion_250cm/H17B3_MDT_Remesa_05.las","H17B3_MDT_Remesa_05.las"
"https://visualizador.ide.uy/descargas/datos/CN_Remesa_05/01_MDT/01_MDT_LAS_Resolucion_250cm/H17B4_MDT_Remesa_05.las","H17B4_MDT_Remesa_05.las"
"https://visualizador.ide.uy/descargas/datos/CN_Remesa_05/01_MDT/01_MDT_LAS_Resolucion_250cm/H17B5_MDT_Remesa_05.las","H17B5_MDT_Remesa_05.las"
"https://visualizador.ide.uy/descargas/datos/CN_Remesa_05/01_MDT/01_MDT_LAS_Resolucion_250cm/H17B6_MDT_Remesa_05.las","H17B6_MDT_Remesa_05.las"
"https://visualizador.ide.uy/descargas/datos/CN_Remesa_05/01_MDT/01_MDT_LAS_Resolucion_250cm/H17C1_MDT_Remesa_05.las","H17C1_MDT_Remesa_05.las"
"https://visualizador.ide.uy/descargas/datos/CN_Remesa_05/01_MDT/01_MDT_LAS_Resolucion_250cm/H17C2_MDT_Remesa_05.las","H17C2_MDT_Remesa_05.las"
"https://visualizador.ide.uy/descargas/datos/CN_Remesa_05/01_MDT/01_MDT_LAS_Resolucion_250cm/H17C3_MDT_Remesa_05.las","H17C3_MDT_Remesa_05.las"
"https://visualizador.ide.uy/descargas/datos/CN_Remesa_05/01_MDT/01_MDT_LAS_Resolucion_250cm/H17C4_MDT_Remesa_05.las","H17C4_MDT_Remesa_05.las"
"https://visualizador.ide.uy/descargas/datos/CN_Remesa_05/01_MDT/01_MDT_LAS_Resolucion_250cm/H17C5_MDT_Remesa_05.las","H17C5_MDT_Remesa_05.las"
"https://visualizador.ide.uy/descargas/datos/CN_Remesa_05/01_MDT/01_MDT_LAS_Resolucion_250cm/H17C6_MDT_Remesa_05.las","H17C6_MDT_Remesa_05.las"
"https://visualizador.ide.uy/descargas/datos/CN_Remesa_05/01_MDT/01_MDT_LAS_Resolucion_250cm/H17D1_MDT_Remesa_05.las","H17D1_MDT_Remesa_05.las"
"https://visualizador.ide.uy/descargas/datos/CN_Remesa_05/01_MDT/01_MDT_LAS_Resolucion_250cm/H17D2_MDT_Remesa_05.las","H17D2_MDT_Remesa_05.las"
"https://visualizador.ide.uy/descargas/datos/CN_Remesa_05/01_MDT/01_MDT_LAS_Resolucion_250cm/H17D3_MDT_Remesa_05.las","H17D3_MDT_Remesa_05.las"
"https://visualizador.ide.uy/descargas/datos/CN_Remesa_05/01_MDT/01_MDT_LAS_Resolucion_250cm/H17D4_MDT_Remesa_05.las","H17D4_MDT_Remesa_05.las"
"https://visualizador.ide.uy/descargas/datos/CN_Remesa_05/01_MDT/01_MDT_LAS_Resolucion_250cm/H17D5_MDT_Remesa_05.las","H17D5_MDT_Remesa_05.las"
"https://visualizador.ide.uy/descargas/datos/CN_Remesa_05/01_MDT/01_MDT_LAS_Resolucion_250cm/H17D6_MDT_Remesa_05.las","H17D6_MDT_Remesa_05.las"
"https://visualizador.ide.uy/descargas/datos/CN_Remesa_05/01_MDT/01_MDT_LAS_Resolucion_250cm/H18A1_MDT_Remesa_05.las","H18A1_MDT_Remesa_05.las"
"https://visualizador.ide.uy/descargas/datos/CN_Remesa_05/01_MDT/01_MDT_LAS_Resolucion_250cm/H18A2_MDT_Remesa_05.las","H18A2_MDT_Remesa_05.las"
"https://visualizador.ide.uy/descargas/datos/CN_Remesa_05/01_MDT/01_MDT_LAS_Resolucion_250cm/H18A3_MDT_Remesa_05.las","H18A3_MDT_Remesa_05.las"
"https://visualizador.ide.uy/descargas/datos/CN_Remesa_05/01_MDT/01_MDT_LAS_Resolucion_250cm/H18A4_MDT_Remesa_05.las","H18A4_MDT_Remesa_05.las"
"https://visualizador.ide.uy/descargas/datos/CN_Remesa_05/01_MDT/01_MDT_LAS_Resolucion_250cm/H18A5_MDT_Remesa_05.las","H18A5_MDT_Remesa_05.las"
"https://visualizador.ide.uy/descargas/datos/CN_Remesa_05/01_MDT/01_MDT_LAS_Resolucion_250cm/H18A6_MDT_Remesa_05.las","H18A6_MDT_Remesa_05.las"
"https://visualizador.ide.uy/descargas/datos/CN_Remesa_05/01_MDT/01_MDT_LAS_Resolucion_250cm/H18B1_MDT_Remesa_05.las","H18B1_MDT_Remesa_05.las"
"https://visualizador.ide.uy/descargas/datos/CN_Remesa_05/01_MDT/01_MDT_LAS_Resolucion_250cm/H18B2_MDT_Remesa_05.las","H18B2_MDT_Remesa_05.las"
"https://visualizador.ide.uy/descargas/datos/CN_Remesa_05/01_MDT/01_MDT_LAS_Resolucion_250cm/H18B3_MDT_Remesa_05.las","H18B3_MDT_Remesa_05.las"
"https://visualizador.ide.uy/descargas/datos/CN_Remesa_05/01_MDT/01_MDT_LAS_Resolucion_250cm/H18B4_MDT_Remesa_05.las","H18B4_MDT_Remesa_05.las"
"https://visualizador.ide.uy/descargas/datos/CN_Remesa_05/01_MDT/01_MDT_LAS_Resolucion_250cm/H18B5_MDT_Remesa_05.las","H18B5_MDT_Remesa_05.las"
"https://visualizador.ide.uy/descargas/datos/CN_Remesa_05/01_MDT/01_MDT_LAS_Resolucion_250cm/H18B6_MDT_Remesa_05.las","H18B6_MDT_Remesa_05.las"
"https://visualizador.ide.uy/descargas/datos/CN_Remesa_05/01_MDT/01_MDT_LAS_Resolucion_250cm/H18C1_MDT_Remesa_05.las","H18C1_MDT_Remesa_05.las"
"https://visualizador.ide.uy/descargas/datos/CN_Remesa_05/01_MDT/01_MDT_LAS_Resolucion_250cm/H18C2_MDT_Remesa_05.las","H18C2_MDT_Remesa_05.las"
"https://visualizador.ide.uy/descargas/datos/CN_Remesa_05/01_MDT/01_MDT_LAS_Resolucion_250cm/H18C3_MDT_Remesa_05.las","H18C3_MDT_Remesa_05.las"
"https://visualizador.ide.uy/descargas/datos/CN_Remesa_05/01_MDT/01_MDT_LAS_Resolucion_250cm/H18C4_MDT_Remesa_05.las","H18C4_MDT_Remesa_05.las"
"https://visualizador.ide.uy/descargas/datos/CN_Remesa_05/01_MDT/01_MDT_LAS_Resolucion_250cm/H18C5_MDT_Remesa_05.las","H18C5_MDT_Remesa_05.las"
"https://visualizador.ide.uy/descargas/datos/CN_Remesa_05/01_MDT/01_MDT_LAS_Resolucion_250cm/H18C6_MDT_Remesa_05.las","H18C6_MDT_Remesa_05.las"
"https://visualizador.ide.uy/descargas/datos/CN_Remesa_05/01_MDT/01_MDT_LAS_Resolucion_250cm/H18D1_MDT_Remesa_05.las","H18D1_MDT_Remesa_05.las"
"https://visualizador.ide.uy/descargas/datos/CN_Remesa_05/01_MDT/01_MDT_LAS_Resolucion_250cm/H18D2_MDT_Remesa_05.las","H18D2_MDT_Remesa_05.las"
"https://visualizador.ide.uy/descargas/datos/CN_Remesa_05/01_MDT/01_MDT_LAS_Resolucion_250cm/H18D3_MDT_Remesa_05.las","H18D3_MDT_Remesa_05.las"
"https://visualizador.ide.uy/descargas/datos/CN_Remesa_05/01_MDT/01_MDT_LAS_Resolucion_250cm/H18D4_MDT_Remesa_05.las","H18D4_MDT_Remesa_05.las"
"https://visualizador.ide.uy/descargas/datos/CN_Remesa_05/01_MDT/01_MDT_LAS_Resolucion_250cm/H18D5_MDT_Remesa_05.las","H18D5_MDT_Remesa_05.las"
"https://visualizador.ide.uy/descargas/datos/CN_Remesa_05/01_MDT/01_MDT_LAS_Resolucion_250cm/H18D6_MDT_Remesa_05.las","H18D6_MDT_Remesa_05.las"
"https://visualizador.ide.uy/descargas/datos/CN_Remesa_05/01_MDT/01_MDT_LAS_Resolucion_250cm/H19A1_MDT_Remesa_05.las","H19A1_MDT_Remesa_05.las"
"https://visualizador.ide.uy/descargas/datos/CN_Remesa_05/01_MDT/01_MDT_LAS_Resolucion_250cm/H19A2_MDT_Remesa_05.las","H19A2_MDT_Remesa_05.las"
"https://visualizador.ide.uy/descargas/datos/CN_Remesa_05/01_MDT/01_MDT_LAS_Resolucion_250cm/H19A3_MDT_Remesa_05.las","H19A3_MDT_Remesa_05.las"
"https://visualizador.ide.uy/descargas/datos/CN_Remesa_05/01_MDT/01_MDT_LAS_Resolucion_250cm/H19A4_MDT_Remesa_05.las","H19A4_MDT_Remesa_05.las"
"https://visualizador.ide.uy/descargas/datos/CN_Remesa_05/01_MDT/01_MDT_LAS_Resolucion_250cm/H19A5_MDT_Remesa_05.las","H19A5_MDT_Remesa_05.las"
"https://visualizador.ide.uy/descargas/datos/CN_Remesa_05/01_MDT/01_MDT_LAS_Resolucion_250cm/H19A6_MDT_Remesa_05.las","H19A6_MDT_Remesa_05.las"
"https://visualizador.ide.uy/descargas/datos/CN_Remesa_05/01_MDT/01_MDT_LAS_Resolucion_250cm/H19B1_MDT_Remesa_05.las","H19B1_MDT_Remesa_05.las"
"https://visualizador.ide.uy/descargas/datos/CN_Remesa_05/01_MDT/01_MDT_LAS_Resolucion_250cm/H19B2_MDT_Remesa_05.las","H19B2_MDT_Remesa_05.las"
"https://visualizador.ide.uy/descargas/datos/CN_Remesa_05/01_MDT/01_MDT_LAS_Resolucion_250cm/H19B3_MDT_Remesa_05.las","H19B3_MDT_Remesa_05.las"
"https://visualizador.ide.uy/descargas/datos/CN_Remesa_05/01_MDT/01_MDT_LAS_Resolucion_250cm/H19B4_MDT_Remesa_05.las","H19B4_MDT_Remesa_05.las"
"https://visualizador.ide.uy/descargas/datos/CN_Remesa_05/01_MDT/01_MDT_LAS_Resolucion_250cm/H19B5_MDT_Remesa_05.las","H19B5_MDT_Remesa_05.las"
"https://visualizador.ide.uy/descargas/datos/CN_Remesa_05/01_MDT/01_MDT_LAS_Resolucion_250cm/H19B6_MDT_Remesa_05.las","H19B6_MDT_Remesa_05.las"
"https://visualizador.ide.uy/descargas/datos/CN_Remesa_05/01_MDT/01_MDT_LAS_Resolucion_250cm/H19C1_MDT_Remesa_05.las","H19C1_MDT_Remesa_05.las"
"https://visualizador.ide.uy/descargas/datos/CN_Remesa_05/01_MDT/01_MDT_LAS_Resolucion_250cm/H19C2_MDT_Remesa_05.las","H19C2_MDT_Remesa_05.las"
"https://visualizador.ide.uy/descargas/datos/CN_Remesa_05/01_MDT/01_MDT_LAS_Resolucion_250cm/H19C3_MDT_Remesa_05.las","H19C3_MDT_Remesa_05.las"
"https://visualizador.ide.uy/descargas/datos/CN_Remesa_05/01_MDT/01_MDT_LAS_Resolucion_250cm/H19C4_MDT_Remesa_05.las","H19C4_MDT_Remesa_05.las"
"https://visualizador.ide.uy/descargas/datos/CN_Remesa_05/01_MDT/01_MDT_LAS_Resolucion_250cm/H19C5_MDT_Remesa_05.las","H19C5_MDT_Remesa_05.las"
"https://visualizador.ide.uy/descargas/datos/CN_Remesa_05/01_MDT/01_MDT_LAS_Resolucion_250cm/H19C6_MDT_Remesa_05.las","H19C6_MDT_Remesa_05.las"
"https://visualizador.ide.uy/descargas/datos/CN_Remesa_05/01_MDT/01_MDT_LAS_Resolucion_250cm/H19D1_MDT_Remesa_05.las","H19D1_MDT_Remesa_05.las"
"https://visualizador.ide.uy/descargas/datos/CN_Remesa_05/01_MDT/01_MDT_LAS_Resolucion_250cm/H19D2_MDT_Remesa_05.las","H19D2_MDT_Remesa_05.las"
"https://visualizador.ide.uy/descargas/datos/CN_Remesa_05/01_MDT/01_MDT_LAS_Resolucion_250cm/H19D3_MDT_Remesa_05.las","H19D3_MDT_Remesa_05.las"
"https://visualizador.ide.uy/descargas/datos/CN_Remesa_05/01_MDT/01_MDT_LAS_Resolucion_250cm/H19D4_MDT_Remesa_05.las","H19D4_MDT_Remesa_05.las"
"https://visualizador.ide.uy/descargas/datos/CN_Remesa_05/01_MDT/01_MDT_LAS_Resolucion_250cm/H19D5_MDT_Remesa_05.las","H19D5_MDT_Remesa_05.las"
"https://visualizador.ide.uy/descargas/datos/CN_Remesa_05/01_MDT/01_MDT_LAS_Resolucion_250cm/H19D6_MDT_Remesa_05.las","H19D6_MDT_Remesa_05.las"
"https://visualizador.ide.uy/descargas/datos/CN_Remesa_05/01_MDT/01_MDT_LAS_Resolucion_250cm/H20A1_MDT_Remesa_05.las","H20A1_MDT_Remesa_05.las"
"https://visualizador.ide.uy/descargas/datos/CN_Remesa_05/01_MDT/01_MDT_LAS_Resolucion_250cm/H20A2_MDT_Remesa_05.las","H20A2_MDT_Remesa_05.las"
"https://visualizador.ide.uy/descargas/datos/CN_Remesa_05/01_MDT/01_MDT_LAS_Resolucion_250cm/H20A3_MDT_Remesa_05.las","H20A3_MDT_Remesa_05.las"
"https://visualizador.ide.uy/descargas/datos/CN_Remesa_05/01_MDT/01_MDT_LAS_Resolucion_250cm/H20A4_MDT_Remesa_05.las","H20A4_MDT_Remesa_05.las"
"https://visualizador.ide.uy/descargas/datos/CN_Remesa_05/01_MDT/01_MDT_LAS_Resolucion_250cm/H20A5_MDT_Remesa_05.las","H20A5_MDT_Remesa_05.las"
"https://visualizador.ide.uy/descargas/datos/CN_Remesa_05/01_MDT/01_MDT_LAS_Resolucion_250cm/H20A6_MDT_Remesa_05.las","H20A6_MDT_Remesa_05.las"
"https://visualizador.ide.uy/descargas/datos/CN_Remesa_05/01_MDT/01_MDT_LAS_Resolucion_250cm/H20B1_MDT_Remesa_05.las","H20B1_MDT_Remesa_05.las"
"https://visualizador.ide.uy/descargas/datos/CN_Remesa_05/01_MDT/01_MDT_LAS_Resolucion_250cm/H20B2_MDT_Remesa_05.las","H20B2_MDT_Remesa_05.las"
"https://visualizador.ide.uy/descargas/datos/CN_Remesa_05/01_MDT/01_MDT_LAS_Resolucion_250cm/H20B3_MDT_Remesa_05.las","H20B3_MDT_Remesa_05.las"
"https://visualizador.ide.uy/descargas/datos/CN_Remesa_05/01_MDT/01_MDT_LAS_Resolucion_250cm/H20B4_MDT_Remesa_05.las","H20B4_MDT_Remesa_05.las"
"https://visualizador.ide.uy/descargas/datos/CN_Remesa_05/01_MDT/01_MDT_LAS_Resolucion_250cm/H20B5_MDT_Remesa_05.las","H20B5_MDT_Remesa_05.las"
"https://visualizador.ide.uy/descargas/datos/CN_Remesa_05/01_MDT/01_MDT_LAS_Resolucion_250cm/H20B6_MDT_Remesa_05.las","H20B6_MDT_Remesa_05.las"
"https://visualizador.ide.uy/descargas/datos/CN_Remesa_05/01_MDT/01_MDT_LAS_Resolucion_250cm/H20C1_MDT_Remesa_05.las","H20C1_MDT_Remesa_05.las"
"https://visualizador.ide.uy/descargas/datos/CN_Remesa_05/01_MDT/01_MDT_LAS_Resolucion_250cm/H20C2_MDT_Remesa_05.las","H20C2_MDT_Remesa_05.las"
"https://visualizador.ide.uy/descargas/datos/CN_Remesa_05/01_MDT/01_MDT_LAS_Resolucion_250cm/H20C3_MDT_Remesa_05.las","H20C3_MDT_Remesa_05.las"
"https://visualizador.ide.uy/descargas/datos/CN_Remesa_05/01_MDT/01_MDT_LAS_Resolucion_250cm/H20C4_MDT_Remesa_05.las","H20C4_MDT_Remesa_05.las"
"https://visualizador.ide.uy/descargas/datos/CN_Remesa_05/01_MDT/01_MDT_LAS_Resolucion_250cm/H20C5_MDT_Remesa_05.las","H20C5_MDT_Remesa_05.las"
"https://visualizador.ide.uy/descargas/datos/CN_Remesa_05/01_MDT/01_MDT_LAS_Resolucion_250cm/H20C6_MDT_Remesa_05.las","H20C6_MDT_Remesa_05.las"
"https://visualizador.ide.uy/descargas/datos/CN_Remesa_05/01_MDT/01_MDT_LAS_Resolucion_250cm/H20D1_MDT_Remesa_05.las","H20D1_MDT_Remesa_05.las"
"https://visualizador.ide.uy/descargas/datos/CN_Remesa_05/01_MDT/01_MDT_LAS_Resolucion_250cm/H20D2_MDT_Remesa_05.las","H20D2_MDT_Remesa_05.las"
"https://visualizador.ide.uy/descargas/datos/CN_Remesa_05/01_MDT/01_MDT_LAS_Resolucion_250cm/H20D3_MDT_Remesa_05.las","H20D3_MDT_Remesa_05.las"
"https://visualizador.ide.uy/descargas/datos/CN_Remesa_05/01_MDT/01_MDT_LAS_Resolucion_250cm/H20D4_MDT_Remesa_05.las","H20D4_MDT_Remesa_05.las"
"https://visualizador.ide.uy/descargas/datos/CN_Remesa_05/01_MDT/01_MDT_LAS_Resolucion_250cm/H20D5_MDT_Remesa_05.las","H20D5_MDT_Remesa_05.las"
"https://visualizador.ide.uy/descargas/datos/CN_Remesa_05/01_MDT/01_MDT_LAS_Resolucion_250cm/H20D6_MDT_Remesa_05.las","H20D6_MDT_Remesa_05.las"
"https://visualizador.ide.uy/descargas/datos/CN_Remesa_05/01_MDT/01_MDT_LAS_Resolucion_250cm/H21A1_MDT_Remesa_05.las","H21A1_MDT_Remesa_05.las"
"https://visualizador.ide.uy/descargas/datos/CN_Remesa_05/01_MDT/01_MDT_LAS_Resolucion_250cm/H21A2_MDT_Remesa_05.las","H21A2_MDT_Remesa_05.las"
"https://visualizador.ide.uy/descargas/datos/CN_Remesa_05/01_MDT/01_MDT_LAS_Resolucion_250cm/H21A3_MDT_Remesa_05.las","H21A3_MDT_Remesa_05.las"
"https://visualizador.ide.uy/descargas/datos/CN_Remesa_05/01_MDT/01_MDT_LAS_Resolucion_250cm/H21A4_MDT_Remesa_05.las","H21A4_MDT_Remesa_05.las"
"https://visualizador.ide.uy/descargas/datos/CN_Remesa_05/01_MDT/01_MDT_LAS_Resolucion_250cm/H21A5_MDT_Remesa_05.las","H21A5_MDT_Remesa_05.las"
"https://visualizador.ide.uy/descargas/datos/CN_Remesa_05/01_MDT/01_MDT_LAS_Resolucion_250cm/H21A6_MDT_Remesa_05.las","H21A6_MDT_Remesa_05.las"
"https://visualizador.ide.uy/descargas/datos/CN_Remesa_05/01_MDT/01_MDT_LAS_Resolucion_250cm/H21B1_MDT_Remesa_05.las","H21B1_MDT_Remesa_05.las"
"https://visualizador.ide.uy/descargas/datos/CN_Remesa_05/01_MDT/01_MDT_LAS_Resolucion_250cm/H21B2_MDT_Remesa_05.las","H21B2_MDT_Remesa_05.las"
"https://visualizador.ide.uy/descargas/datos/CN_Remesa_05/01_MDT/01_MDT_LAS_Resolucion_250cm/H21B3_MDT_Remesa_05.las","H21B3_MDT_Remesa_05.las"
"https://visualizador.ide.uy/descargas/datos/CN_Remesa_05/01_MDT/01_MDT_LAS_Resolucion_250cm/H21B4_MDT_Remesa_05.las","H21B4_MDT_Remesa_05.las"
"https://visualizador.ide.uy/descargas/datos/CN_Remesa_05/01_MDT/01_MDT_LAS_Resolucion_250cm/H21B5_MDT_Remesa_05.las","H21B5_MDT_Remesa_05.las"
"https://visualizador.ide.uy/descargas/datos/CN_Remesa_05/01_MDT/01_MDT_LAS_Resolucion_250cm/H21B6_MDT_Remesa_05.las","H21B6_MDT_Remesa_05.las"
"https://visualizador.ide.uy/descargas/datos/CN_Remesa_05/01_MDT/01_MDT_LAS_Resolucion_250cm/H21C1_MDT_Remesa_05.las","H21C1_MDT_Remesa_05.las"
"https://visualizador.ide.uy/descargas/datos/CN_Remesa_05/01_MDT/01_MDT_LAS_Resolucion_250cm/H21C2_MDT_Remesa_05.las","H21C2_MDT_Remesa_05.las"
"https://visualizador.ide.uy/descargas/datos/CN_Remesa_05/01_MDT/01_MDT_LAS_Resolucion_250cm/H21C3_MDT_Remesa_05.las","H21C3_MDT_Remesa_05.las"
"https://visualizador.ide.uy/descargas/datos/CN_Remesa_05/01_MDT/01_MDT_LAS_Resolucion_250cm/H21C4_MDT_Remesa_05.las","H21C4_MDT_Remesa_05.las"
"https://visualizador.ide.uy/descargas/datos/CN_Remesa_05/01_MDT/01_MDT_LAS_Resolucion_250cm/H21C5_MDT_Remesa_05.las","H21C5_MDT_Remesa_05.las"
"https://visualizador.ide.uy/descargas/datos/CN_Remesa_05/01_MDT/01_MDT_LAS_Resolucion_250cm/H21C6_MDT_Remesa_05.las","H21C6_MDT_Remesa_05.las"
"https://visualizador.ide.uy/descargas/datos/CN_Remesa_05/01_MDT/01_MDT_LAS_Resolucion_250cm/H21D1_MDT_Remesa_05.las","H21D1_MDT_Remesa_05.las"
"https://visualizador.ide.uy/descargas/datos/CN_Remesa_05/01_MDT/01_MDT_LAS_Resolucion_250cm/H21D2_MDT_Remesa_05.las","H21D2_MDT_Remesa_05.las"
"https://visualizador.ide.uy/descargas/datos/CN_Remesa_05/01_MDT/01_MDT_LAS_Resolucion_250cm/H21D3_MDT_Remesa_05.las","H21D3_MDT_Remesa_05.las"
"https://visualizador.ide.uy/descargas/datos/CN_Remesa_05/01_MDT/01_MDT_LAS_Resolucion_250cm/H21D4_MDT_Remesa_05.las","H21D4_MDT_Remesa_05.las"
"https://visualizador.ide.uy/descargas/datos/CN_Remesa_05/01_MDT/01_MDT_LAS_Resolucion_250cm/H21D5_MDT_Remesa_05.las","H21D5_MDT_Remesa_05.las"
"https://visualizador.ide.uy/descargas/datos/CN_Remesa_05/01_MDT/01_MDT_LAS_Resolucion_250cm/H21D6_MDT_Remesa_05.las","H21D6_MDT_Remesa_05.las"
"https://visualizador.ide.uy/descargas/datos/CN_Remesa_05/01_MDT/01_MDT_LAS_Resolucion_250cm/H22A1_MDT_Remesa_05.las","H22A1_MDT_Remesa_05.las"
"https://visualizador.ide.uy/descargas/datos/CN_Remesa_05/01_MDT/01_MDT_LAS_Resolucion_250cm/H22A2_MDT_Remesa_05.las","H22A2_MDT_Remesa_05.las"
"https://visualizador.ide.uy/descargas/datos/CN_Remesa_05/01_MDT/01_MDT_LAS_Resolucion_250cm/H22A3_MDT_Remesa_05.las","H22A3_MDT_Remesa_05.las"
"https://visualizador.ide.uy/descargas/datos/CN_Remesa_05/01_MDT/01_MDT_LAS_Resolucion_250cm/H22A4_MDT_Remesa_05.las","H22A4_MDT_Remesa_05.las"
"https://visualizador.ide.uy/descargas/datos/CN_Remesa_05/01_MDT/01_MDT_LAS_Resolucion_250cm/H22A5_MDT_Remesa_05.las","H22A5_MDT_Remesa_05.las"
"https://visualizador.ide.uy/descargas/datos/CN_Remesa_05/01_MDT/01_MDT_LAS_Resolucion_250cm/H22A6_MDT_Remesa_05.las","H22A6_MDT_Remesa_05.las"
"https://visualizador.ide.uy/descargas/datos/CN_Remesa_05/01_MDT/01_MDT_LAS_Resolucion_250cm/H22B1_MDT_Remesa_05.las","H22B1_MDT_Remesa_05.las"
"https://visualizador.ide.uy/descargas/datos/CN_Remesa_05/01_MDT/01_MDT_LAS_Resolucion_250cm/H22B2_MDT_Remesa_05.las","H22B2_MDT_Remesa_05.las"
"https://visualizador.ide.uy/descargas/datos/CN_Remesa_05/01_MDT/01_MDT_LAS_Resolucion_250cm/H22B3_MDT_Remesa_05.las","H22B3_MDT_Remesa_05.las"
"https://visualizador.ide.uy/descargas/datos/CN_Remesa_05/01_MDT/01_MDT_LAS_Resolucion_250cm/H22B4_MDT_Remesa_05.las","H22B4_MDT_Remesa_05.las"
"https://visualizador.ide.uy/descargas/datos/CN_Remesa_05/01_MDT/01_MDT_LAS_Resolucion_250cm/H22B5_MDT_Remesa_05.las","H22B5_MDT_Remesa_05.las"
"https://visualizador.ide.uy/descargas/datos/CN_Remesa_05/01_MDT/01_MDT_LAS_Resolucion_250cm/H22B6_MDT_Remesa_05.las","H22B6_MDT_Remesa_05.las"
"https://visualizador.ide.uy/descargas/datos/CN_Remesa_05/01_MDT/01_MDT_LAS_Resolucion_250cm/H22C1_MDT_Remesa_05.las","H22C1_MDT_Remesa_05.las"
"https://visualizador.ide.uy/descargas/datos/CN_Remesa_05/01_MDT/01_MDT_LAS_Resolucion_250cm/H22C2_MDT_Remesa_05.las","H22C2_MDT_Remesa_05.las"
"https://visualizador.ide.uy/descargas/datos/CN_Remesa_05/01_MDT/01_MDT_LAS_Resolucion_250cm/H22C3_MDT_Remesa_05.las","H22C3_MDT_Remesa_05.las"
"https://visualizador.ide.uy/descargas/datos/CN_Remesa_05/01_MDT/01_MDT_LAS_Resolucion_250cm/H22C4_MDT_Remesa_05.las","H22C4_MDT_Remesa_05.las"
"https://visualizador.ide.uy/descargas/datos/CN_Remesa_05/01_MDT/01_MDT_LAS_Resolucion_250cm/H22C5_MDT_Remesa_05.las","H22C5_MDT_Remesa_05.las"
"https://visualizador.ide.uy/descargas/datos/CN_Remesa_05/01_MDT/01_MDT_LAS_Resolucion_250cm/H22C6_MDT_Remesa_05.las","H22C6_MDT_Remesa_05.las"
"https://visualizador.ide.uy/descargas/datos/CN_Remesa_05/01_MDT/01_MDT_LAS_Resolucion_250cm/H22D1_MDT_Remesa_05.las","H22D1_MDT_Remesa_05.las"
"https://visualizador.ide.uy/descargas/datos/CN_Remesa_05/01_MDT/01_MDT_LAS_Resolucion_250cm/H22D2_MDT_Remesa_05.las","H22D2_MDT_Remesa_05.las"
"https://visualizador.ide.uy/descargas/datos/CN_Remesa_05/01_MDT/01_MDT_LAS_Resolucion_250cm/H22D3_MDT_Remesa_05.las","H22D3_MDT_Remesa_05.las"
"https://visualizador.ide.uy/descargas/datos/CN_Remesa_05/01_MDT/01_MDT_LAS_Resolucion_250cm/H22D4_MDT_Remesa_05.las","H22D4_MDT_Remesa_05.las"
"https://visualizador.ide.uy/descargas/datos/CN_Remesa_05/01_MDT/01_MDT_LAS_Resolucion_250cm/H22D5_MDT_Remesa_05.las","H22D5_MDT_Remesa_05.las"
"https://visualizador.ide.uy/descargas/datos/CN_Remesa_05/01_MDT/01_MDT_LAS_Resolucion_250cm/H22D6_MDT_Remesa_05.las","H22D6_MDT_Remesa_05.las"
"https://visualizador.ide.uy/descargas/datos/CN_Remesa_05/01_MDT/01_MDT_LAS_Resolucion_250cm/H23A1_MDT_Remesa_05.las","H23A1_MDT_Remesa_05.las"
"https://visualizador.ide.uy/descargas/datos/CN_Remesa_05/01_MDT/01_MDT_LAS_Resolucion_250cm/H23A2_MDT_Remesa_05.las","H23A2_MDT_Remesa_05.las"
"https://visualizador.ide.uy/descargas/datos/CN_Remesa_05/01_MDT/01_MDT_LAS_Resolucion_250cm/H23A3_MDT_Remesa_05.las","H23A3_MDT_Remesa_05.las"
"https://visualizador.ide.uy/descargas/datos/CN_Remesa_05/01_MDT/01_MDT_LAS_Resolucion_250cm/H23A4_MDT_Remesa_05.las","H23A4_MDT_Remesa_05.las"
"https://visualizador.ide.uy/descargas/datos/CN_Remesa_05/01_MDT/01_MDT_LAS_Resolucion_250cm/H23A5_MDT_Remesa_05.las","H23A5_MDT_Remesa_05.las"
"https://visualizador.ide.uy/descargas/datos/CN_Remesa_05/01_MDT/01_MDT_LAS_Resolucion_250cm/H23A6_MDT_Remesa_05.las","H23A6_MDT_Remesa_05.las"
"https://visualizador.ide.uy/descargas/datos/CN_Remesa_05/01_MDT/01_MDT_LAS_Resolucion_250cm/H23B1_MDT_Remesa_05.las","H23B1_MDT_Remesa_05.las"
"https://visualizador.ide.uy/descargas/datos/CN_Remesa_05/01_MDT/01_MDT_LAS_Resolucion_250cm/H23B2_MDT_Remesa_05.las","H23B2_MDT_Remesa_05.las"
"https://visualizador.ide.uy/descargas/datos/CN_Remesa_05/01_MDT/01_MDT_LAS_Resolucion_250cm/H23B3_MDT_Remesa_05.las","H23B3_MDT_Remesa_05.las"
"https://visualizador.ide.uy/descargas/datos/CN_Remesa_05/01_MDT/01_MDT_LAS_Resolucion_250cm/H23B4_MDT_Remesa_05.las","H23B4_MDT_Remesa_05.las"
"https://visualizador.ide.uy/descargas/datos/CN_Remesa_05/01_MDT/01_MDT_LAS_Resolucion_250cm/H23B5_MDT_Remesa_05.las","H23B5_MDT_Remesa_05.las"
"https://visualizador.ide.uy/descargas/datos/CN_Remesa_05/01_MDT/01_MDT_LAS_Resolucion_250cm/H23B6_MDT_Remesa_05.las","H23B6_MDT_Remesa_05.las"
"https://visualizador.ide.uy/descargas/datos/CN_Remesa_05/01_MDT/01_MDT_LAS_Resolucion_250cm/H23C3_MDT_Remesa_05.las","H23C3_MDT_Remesa_05.las"
"https://visualizador.ide.uy/descargas/datos/CN_Remesa_05/01_MDT/01_MDT_LAS_Resolucion_250cm/H23D1_MDT_Remesa_05.las","H23D1_MDT_Remesa_05.las"
"https://visualizador.ide.uy/descargas/datos/CN_Remesa_05/01_MDT/01_MDT_LAS_Resolucion_250cm/H23D2_MDT_Remesa_05.las","H23D2_MDT_Remesa_05.las"
"https://visualizador.ide.uy/descargas/datos/CN_Remesa_05/01_MDT/01_MDT_LAS_Resolucion_250cm/H23D3_MDT_Remesa_05.las","H23D3_MDT_Remesa_05.las"
"https://visualizador.ide.uy/descargas/datos/CN_Remesa_05/01_MDT/01_MDT_LAS_Resolucion_250cm/H23D4_MDT_Remesa_05.las","H23D4_MDT_Remesa_05.las"
"https://visualizador.ide.uy/descargas/datos/CN_Remesa_05/01_MDT/01_MDT_LAS_Resolucion_250cm/H23D5_MDT_Remesa_05.las","H23D5_MDT_Remesa_05.las"
"https://visualizador.ide.uy/descargas/datos/CN_Remesa_05/01_MDT/01_MDT_LAS_Resolucion_250cm/H23D6_MDT_Remesa_05.las","H23D6_MDT_Remesa_05.las"
"https://visualizador.ide.uy/descargas/datos/CN_Remesa_05/01_MDT/01_MDT_LAS_Resolucion_250cm/J16C1_MDT_Remesa_05.las","J16C1_MDT_Remesa_05.las"
"https://visualizador.ide.uy/descargas/datos/CN_Remesa_05/01_MDT/01_MDT_LAS_Resolucion_250cm/J16C2_MDT_Remesa_05.las","J16C2_MDT_Remesa_05.las"
"https://visualizador.ide.uy/descargas/datos/CN_Remesa_05/01_MDT/01_MDT_LAS_Resolucion_250cm/J16C3_MDT_Remesa_05.las","J16C3_MDT_Remesa_05.las"
"https://visualizador.ide.uy/descargas/datos/CN_Remesa_05/01_MDT/01_MDT_LAS_Resolucion_250cm/J16C4_MDT_Remesa_05.las","J16C4_MDT_Remesa_05.las"
"https://visualizador.ide.uy/descargas/datos/CN_Remesa_05/01_MDT/01_MDT_LAS_Resolucion_250cm/J16C5_MDT_Remesa_05.las","J16C5_MDT_Remesa_05.las"
"https://visualizador.ide.uy/descargas/datos/CN_Remesa_05/01_MDT/01_MDT_LAS_Resolucion_250cm/J16C6_MDT_Remesa_05.las","J16C6_MDT_Remesa_05.las"
"https://visualizador.ide.uy/descargas/datos/CN_Remesa_05/01_MDT/01_MDT_LAS_Resolucion_250cm/J16D1_MDT_Remesa_05.las","J16D1_MDT_Remesa_05.las"
"https://visualizador.ide.uy/descargas/datos/CN_Remesa_05/01_MDT/01_MDT_LAS_Resolucion_250cm/J16D2_MDT_Remesa_05.las","J16D2_MDT_Remesa_05.las"
"https://visualizador.ide.uy/descargas/datos/CN_Remesa_05/01_MDT/01_MDT_LAS_Resolucion_250cm/J16D3_MDT_Remesa_05.las","J16D3_MDT_Remesa_05.las"
"https://visualizador.ide.uy/descargas/datos/CN_Remesa_05/01_MDT/01_MDT_LAS_Resolucion_250cm/J16D4_MDT_Remesa_05.las","J16D4_MDT_Remesa_05.las"
"https://visualizador.ide.uy/descargas/datos/CN_Remesa_05/01_MDT/01_MDT_LAS_Resolucion_250cm/J16D5_MDT_Remesa_05.las","J16D5_MDT_Remesa_05.las"
"https://visualizador.ide.uy/descargas/datos/CN_Remesa_05/01_MDT/01_MDT_LAS_Resolucion_250cm/J16D6_MDT_Remesa_05.las","J16D6_MDT_Remesa_05.las"
"https://visualizador.ide.uy/descargas/datos/CN_Remesa_05/01_MDT/01_MDT_LAS_Resolucion_250cm/J17A1_MDT_Remesa_05.las","J17A1_MDT_Remesa_05.las"
"https://visualizador.ide.uy/descargas/datos/CN_Remesa_05/01_MDT/01_MDT_LAS_Resolucion_250cm/J17A2_MDT_Remesa_05.las","J17A2_MDT_Remesa_05.las"
"https://visualizador.ide.uy/descargas/datos/CN_Remesa_05/01_MDT/01_MDT_LAS_Resolucion_250cm/J17A3_MDT_Remesa_05.las","J17A3_MDT_Remesa_05.las"
"https://visualizador.ide.uy/descargas/datos/CN_Remesa_05/01_MDT/01_MDT_LAS_Resolucion_250cm/J17A4_MDT_Remesa_05.las","J17A4_MDT_Remesa_05.las"
"https://visualizador.ide.uy/descargas/datos/CN_Remesa_05/01_MDT/01_MDT_LAS_Resolucion_250cm/J17A5_MDT_Remesa_05.las","J17A5_MDT_Remesa_05.las"
"https://visualizador.ide.uy/descargas/datos/CN_Remesa_05/01_MDT/01_MDT_LAS_Resolucion_250cm/J17A6_MDT_Remesa_05.las","J17A6_MDT_Remesa_05.las"
"https://visualizador.ide.uy/descargas/datos/CN_Remesa_05/01_MDT/01_MDT_LAS_Resolucion_250cm/J17B1_MDT_Remesa_05.las","J17B1_MDT_Remesa_05.las"
"https://visualizador.ide.uy/descargas/datos/CN_Remesa_05/01_MDT/01_MDT_LAS_Resolucion_250cm/J17B2_MDT_Remesa_05.las","J17B2_MDT_Remesa_05.las"
"https://visualizador.ide.uy/descargas/datos/CN_Remesa_05/01_MDT/01_MDT_LAS_Resolucion_250cm/J17B3_MDT_Remesa_05.las","J17B3_MDT_Remesa_05.las"
"https://visualizador.ide.uy/descargas/datos/CN_Remesa_05/01_MDT/01_MDT_LAS_Resolucion_250cm/J17B4_MDT_Remesa_05.las","J17B4_MDT_Remesa_05.las"
"https://visualizador.ide.uy/descargas/datos/CN_Remesa_05/01_MDT/01_MDT_LAS_Resolucion_250cm/J17B5_MDT_Remesa_05.las","J17B5_MDT_Remesa_05.las"
"https://visualizador.ide.uy/descargas/datos/CN_Remesa_05/01_MDT/01_MDT_LAS_Resolucion_250cm/J17B6_MDT_Remesa_05.las","J17B6_MDT_Remesa_05.las"
"https://visualizador.ide.uy/descargas/datos/CN_Remesa_05/01_MDT/01_MDT_LAS_Resolucion_250cm/J17C1_MDT_Remesa_05.las","J17C1_MDT_Remesa_05.las"
"https://visualizador.ide.uy/descargas/datos/CN_Remesa_05/01_MDT/01_MDT_LAS_Resolucion_250cm/J17C2_MDT_Remesa_05.las","J17C2_MDT_Remesa_05.las"
"https://visualizador.ide.uy/descargas/datos/CN_Remesa_05/01_MDT/01_MDT_LAS_Resolucion_250cm/J17C3_MDT_Remesa_05.las","J17C3_MDT_Remesa_05.las"
"https://visualizador.ide.uy/descargas/datos/CN_Remesa_05/01_MDT/01_MDT_LAS_Resolucion_250cm/J17C4_MDT_Remesa_05.las","J17C4_MDT_Remesa_05.las"
"https://visualizador.ide.uy/descargas/datos/CN_Remesa_05/01_MDT/01_MDT_LAS_Resolucion_250cm/J17C5_MDT_Remesa_05.las","J17C5_MDT_Remesa_05.las"
"https://visualizador.ide.uy/descargas/datos/CN_Remesa_05/01_MDT/01_MDT_LAS_Resolucion_250cm/J17C6_MDT_Remesa_05.las","J17C6_MDT_Remesa_05.las"
"https://visualizador.ide.uy/descargas/datos/CN_Remesa_05/01_MDT/01_MDT_LAS_Resolucion_250cm/J17D1_MDT_Remesa_05.las","J17D1_MDT_Remesa_05.las"
"https://visualizador.ide.uy/descargas/datos/CN_Remesa_05/01_MDT/01_MDT_LAS_Resolucion_250cm/J17D2_MDT_Remesa_05.las","J17D2_MDT_Remesa_05.las"
"https://visualizador.ide.uy/descargas/datos/CN_Remesa_05/01_MDT/01_MDT_LAS_Resolucion_250cm/J17D3_MDT_Remesa_05.las","J17D3_MDT_Remesa_05.las"
"https://visualizador.ide.uy/descargas/datos/CN_Remesa_05/01_MDT/01_MDT_LAS_Resolucion_250cm/J17D4_MDT_Remesa_05.las","J17D4_MDT_Remesa_05.las"
"https://visualizador.ide.uy/descargas/datos/CN_Remesa_05/01_MDT/01_MDT_LAS_Resolucion_250cm/J17D5_MDT_Remesa_05.las","J17D5_MDT_Remesa_05.las"
"https://visualizador.ide.uy/descargas/datos/CN_Remesa_05/01_MDT/01_MDT_LAS_Resolucion_250cm/J17D6_MDT_Remesa_05.las","J17D6_MDT_Remesa_05.las"
"https://visualizador.ide.uy/descargas/datos/CN_Remesa_05/01_MDT/01_MDT_LAS_Resolucion_250cm/J18A1_MDT_Remesa_05.las","J18A1_MDT_Remesa_05.las"
"https://visualizador.ide.uy/descargas/datos/CN_Remesa_05/01_MDT/01_MDT_LAS_Resolucion_250cm/J18A2_MDT_Remesa_05.las","J18A2_MDT_Remesa_05.las"
"https://visualizador.ide.uy/descargas/datos/CN_Remesa_05/01_MDT/01_MDT_LAS_Resolucion_250cm/J18A3_MDT_Remesa_05.las","J18A3_MDT_Remesa_05.las"
"https://visualizador.ide.uy/descargas/datos/CN_Remesa_05/01_MDT/01_MDT_LAS_Resolucion_250cm/J18A4_MDT_Remesa_05.las","J18A4_MDT_Remesa_05.las"
"https://visualizador.ide.uy/descargas/datos/CN_Remesa_05/01_MDT/01_MDT_LAS_Resolucion_250cm/J18A5_MDT_Remesa_05.las","J18A5_MDT_Remesa_05.las"
"https://visualizador.ide.uy/descargas/datos/CN_Remesa_05/01_MDT/01_MDT_LAS_Resolucion_250cm/J18A6_MDT_Remesa_05.las","J18A6_MDT_Remesa_05.las"
"https://visualizador.ide.uy/descargas/datos/CN_Remesa_05/01_MDT/01_MDT_LAS_Resolucion_250cm/J18B1_MDT_Remesa_05.las","J18B1_MDT_Remesa_05.las"
"https://visualizador.ide.uy/descargas/datos/CN_Remesa_05/01_MDT/01_MDT_LAS_Resolucion_250cm/J18B2_MDT_Remesa_05.las","J18B2_MDT_Remesa_05.las"
"https://visualizador.ide.uy/descargas/datos/CN_Remesa_05/01_MDT/01_MDT_LAS_Resolucion_250cm/J18B3_MDT_Remesa_05.las","J18B3_MDT_Remesa_05.las"
"https://visualizador.ide.uy/descargas/datos/CN_Remesa_05/01_MDT/01_MDT_LAS_Resolucion_250cm/J18B4_MDT_Remesa_05.las","J18B4_MDT_Remesa_05.las"
"https://visualizador.ide.uy/descargas/datos/CN_Remesa_05/01_MDT/01_MDT_LAS_Resolucion_250cm/J18B5_MDT_Remesa_05.las","J18B5_MDT_Remesa_05.las"
"https://visualizador.ide.uy/descargas/datos/CN_Remesa_05/01_MDT/01_MDT_LAS_Resolucion_250cm/J18B6_MDT_Remesa_05.las","J18B6_MDT_Remesa_05.las"
"https://visualizador.ide.uy/descargas/datos/CN_Remesa_05/01_MDT/01_MDT_LAS_Resolucion_250cm/J18C1_MDT_Remesa_05.las","J18C1_MDT_Remesa_05.las"
"https://visualizador.ide.uy/descargas/datos/CN_Remesa_05/01_MDT/01_MDT_LAS_Resolucion_250cm/J18C2_MDT_Remesa_05.las","J18C2_MDT_Remesa_05.las"
"https://visualizador.ide.uy/descargas/datos/CN_Remesa_05/01_MDT/01_MDT_LAS_Resolucion_250cm/J18C3_MDT_Remesa_05.las","J18C3_MDT_Remesa_05.las"
"https://visualizador.ide.uy/descargas/datos/CN_Remesa_05/01_MDT/01_MDT_LAS_Resolucion_250cm/J18C4_MDT_Remesa_05.las","J18C4_MDT_Remesa_05.las"
"https://visualizador.ide.uy/descargas/datos/CN_Remesa_05/01_MDT/01_MDT_LAS_Resolucion_250cm/J18C5_MDT_Remesa_05.las","J18C5_MDT_Remesa_05.las"
"https://visualizador.ide.uy/descargas/datos/CN_Remesa_05/01_MDT/01_MDT_LAS_Resolucion_250cm/J18C6_MDT_Remesa_05.las","J18C6_MDT_Remesa_05.las"
"https://visualizador.ide.uy/descargas/datos/CN_Remesa_05/01_MDT/01_MDT_LAS_Resolucion_250cm/J18D1_MDT_Remesa_05.las","J18D1_MDT_Remesa_05.las"
"https://visualizador.ide.uy/descargas/datos/CN_Remesa_05/01_MDT/01_MDT_LAS_Resolucion_250cm/J18D2_MDT_Remesa_05.las","J18D2_MDT_Remesa_05.las"
"https://visualizador.ide.uy/descargas/datos/CN_Remesa_05/01_MDT/01_MDT_LAS_Resolucion_250cm/J18D3_MDT_Remesa_05.las","J18D3_MDT_Remesa_05.las"
"https://visualizador.ide.uy/descargas/datos/CN_Remesa_05/01_MDT/01_MDT_LAS_Resolucion_250cm/J18D4_MDT_Remesa_05.las","J18D4_MDT_Remesa_05.las"
"https://visualizador.ide.uy/descargas/datos/CN_Remesa_05/01_MDT/01_MDT_LAS_Resolucion_250cm/J18D5_MDT_Remesa_05.las","J18D5_MDT_Remesa_05.las"
"https://visualizador.ide.uy/descargas/datos/CN_Remesa_05/01_MDT/01_MDT_LAS_Resolucion_250cm/J18D6_MDT_Remesa_05.las","J18D6_MDT_Remesa_05.las"
"https://visualizador.ide.uy/descargas/datos/CN_Remesa_05/01_MDT/01_MDT_LAS_Resolucion_250cm/J19A1_MDT_Remesa_05.las","J19A1_MDT_Remesa_05.las"
"https://visualizador.ide.uy/descargas/datos/CN_Remesa_05/01_MDT/01_MDT_LAS_Resolucion_250cm/J19A2_MDT_Remesa_05.las","J19A2_MDT_Remesa_05.las"
"https://visualizador.ide.uy/descargas/datos/CN_Remesa_05/01_MDT/01_MDT_LAS_Resolucion_250cm/J19A3_MDT_Remesa_05.las","J19A3_MDT_Remesa_05.las"
"https://visualizador.ide.uy/descargas/datos/CN_Remesa_05/01_MDT/01_MDT_LAS_Resolucion_250cm/J19A4_MDT_Remesa_05.las","J19A4_MDT_Remesa_05.las"
"https://visualizador.ide.uy/descargas/datos/CN_Remesa_05/01_MDT/01_MDT_LAS_Resolucion_250cm/J19A5_MDT_Remesa_05.las","J19A5_MDT_Remesa_05.las"
"https://visualizador.ide.uy/descargas/datos/CN_Remesa_05/01_MDT/01_MDT_LAS_Resolucion_250cm/J19A6_MDT_Remesa_05.las","J19A6_MDT_Remesa_05.las"
"https://visualizador.ide.uy/descargas/datos/CN_Remesa_05/01_MDT/01_MDT_LAS_Resolucion_250cm/J19B1_MDT_Remesa_05.las","J19B1_MDT_Remesa_05.las"
"https://visualizador.ide.uy/descargas/datos/CN_Remesa_05/01_MDT/01_MDT_LAS_Resolucion_250cm/J19B2_MDT_Remesa_05.las","J19B2_MDT_Remesa_05.las"
"https://visualizador.ide.uy/descargas/datos/CN_Remesa_05/01_MDT/01_MDT_LAS_Resolucion_250cm/J19B3_MDT_Remesa_05.las","J19B3_MDT_Remesa_05.las"
"https://visualizador.ide.uy/descargas/datos/CN_Remesa_05/01_MDT/01_MDT_LAS_Resolucion_250cm/J19B4_MDT_Remesa_05.las","J19B4_MDT_Remesa_05.las"
"https://visualizador.ide.uy/descargas/datos/CN_Remesa_05/01_MDT/01_MDT_LAS_Resolucion_250cm/J19B5_MDT_Remesa_05.las","J19B5_MDT_Remesa_05.las"
"https://visualizador.ide.uy/descargas/datos/CN_Remesa_05/01_MDT/01_MDT_LAS_Resolucion_250cm/J19B6_MDT_Remesa_05.las","J19B6_MDT_Remesa_05.las"
"https://visualizador.ide.uy/descargas/datos/CN_Remesa_05/01_MDT/01_MDT_LAS_Resolucion_250cm/J19C1_MDT_Remesa_05.las","J19C1_MDT_Remesa_05.las"
"https://visualizador.ide.uy/descargas/datos/CN_Remesa_05/01_MDT/01_MDT_LAS_Resolucion_250cm/J19C2_MDT_Remesa_05.las","J19C2_MDT_Remesa_05.las"
"https://visualizador.ide.uy/descargas/datos/CN_Remesa_05/01_MDT/01_MDT_LAS_Resolucion_250cm/J19C3_MDT_Remesa_05.las","J19C3_MDT_Remesa_05.las"
"https://visualizador.ide.uy/descargas/datos/CN_Remesa_05/01_MDT/01_MDT_LAS_Resolucion_250cm/J19C4_MDT_Remesa_05.las","J19C4_MDT_Remesa_05.las"
"https://visualizador.ide.uy/descargas/datos/CN_Remesa_05/01_MDT/01_MDT_LAS_Resolucion_250cm/J19C5_MDT_Remesa_05.las","J19C5_MDT_Remesa_05.las"
"https://visualizador.ide.uy/descargas/datos/CN_Remesa_05/01_MDT/01_MDT_LAS_Resolucion_250cm/J19C6_MDT_Remesa_05.las","J19C6_MDT_Remesa_05.las"
"https://visualizador.ide.uy/descargas/datos/CN_Remesa_05/01_MDT/01_MDT_LAS_Resolucion_250cm/J19D1_MDT_Remesa_05.las","J19D1_MDT_Remesa_05.las"
"https://visualizador.ide.uy/descargas/datos/CN_Remesa_05/01_MDT/01_MDT_LAS_Resolucion_250cm/J19D2_MDT_Remesa_05.las","J19D2_MDT_Remesa_05.las"
"https://visualizador.ide.uy/descargas/datos/CN_Remesa_05/01_MDT/01_MDT_LAS_Resolucion_250cm/J19D3_MDT_Remesa_05.las","J19D3_MDT_Remesa_05.las"
"https://visualizador.ide.uy/descargas/datos/CN_Remesa_05/01_MDT/01_MDT_LAS_Resolucion_250cm/J19D4_MDT_Remesa_05.las","J19D4_MDT_Remesa_05.las"
"https://visualizador.ide.uy/descargas/datos/CN_Remesa_05/01_MDT/01_MDT_LAS_Resolucion_250cm/J19D5_MDT_Remesa_05.las","J19D5_MDT_Remesa_05.las"
"https://visualizador.ide.uy/descargas/datos/CN_Remesa_05/01_MDT/01_MDT_LAS_Resolucion_250cm/J19D6_MDT_Remesa_05.las","J19D6_MDT_Remesa_05.las"
"https://visualizador.ide.uy/descargas/datos/CN_Remesa_05/01_MDT/01_MDT_LAS_Resolucion_250cm/J20A1_MDT_Remesa_05.las","J20A1_MDT_Remesa_05.las"
"https://visualizador.ide.uy/descargas/datos/CN_Remesa_05/01_MDT/01_MDT_LAS_Resolucion_250cm/J20A2_MDT_Remesa_05.las","J20A2_MDT_Remesa_05.las"
"https://visualizador.ide.uy/descargas/datos/CN_Remesa_05/01_MDT/01_MDT_LAS_Resolucion_250cm/J20A3_MDT_Remesa_05.las","J20A3_MDT_Remesa_05.las"
"https://visualizador.ide.uy/descargas/datos/CN_Remesa_05/01_MDT/01_MDT_LAS_Resolucion_250cm/J20A4_MDT_Remesa_05.las","J20A4_MDT_Remesa_05.las"
"https://visualizador.ide.uy/descargas/datos/CN_Remesa_05/01_MDT/01_MDT_LAS_Resolucion_250cm/J20A5_MDT_Remesa_05.las","J20A5_MDT_Remesa_05.las"
"https://visualizador.ide.uy/descargas/datos/CN_Remesa_05/01_MDT/01_MDT_LAS_Resolucion_250cm/J20A6_MDT_Remesa_05.las","J20A6_MDT_Remesa_05.las"
"https://visualizador.ide.uy/descargas/datos/CN_Remesa_05/01_MDT/01_MDT_LAS_Resolucion_250cm/J20B1_MDT_Remesa_05.las","J20B1_MDT_Remesa_05.las"
"https://visualizador.ide.uy/descargas/datos/CN_Remesa_05/01_MDT/01_MDT_LAS_Resolucion_250cm/J20B2_MDT_Remesa_05.las","J20B2_MDT_Remesa_05.las"
"https://visualizador.ide.uy/descargas/datos/CN_Remesa_05/01_MDT/01_MDT_LAS_Resolucion_250cm/J20B3_MDT_Remesa_05.las","J20B3_MDT_Remesa_05.las"
"https://visualizador.ide.uy/descargas/datos/CN_Remesa_05/01_MDT/01_MDT_LAS_Resolucion_250cm/J20B4_MDT_Remesa_05.las","J20B4_MDT_Remesa_05.las"
"https://visualizador.ide.uy/descargas/datos/CN_Remesa_05/01_MDT/01_MDT_LAS_Resolucion_250cm/J20B5_MDT_Remesa_05.las","J20B5_MDT_Remesa_05.las"
"https://visualizador.ide.uy/descargas/datos/CN_Remesa_05/01_MDT/01_MDT_LAS_Resolucion_250cm/J20B6_MDT_Remesa_05.las","J20B6_MDT_Remesa_05.las"
"https://visualizador.ide.uy/descargas/datos/CN_Remesa_05/01_MDT/01_MDT_LAS_Resolucion_250cm/J20C1_MDT_Remesa_05.las","J20C1_MDT_Remesa_05.las"
"https://visualizador.ide.uy/descargas/datos/CN_Remesa_05/01_MDT/01_MDT_LAS_Resolucion_250cm/J20C2_MDT_Remesa_05.las","J20C2_MDT_Remesa_05.las"
"https://visualizador.ide.uy/descargas/datos/CN_Remesa_05/01_MDT/01_MDT_LAS_Resolucion_250cm/J20C3_MDT_Remesa_05.las","J20C3_MDT_Remesa_05.las"
"https://visualizador.ide.uy/descargas/datos/CN_Remesa_05/01_MDT/01_MDT_LAS_Resolucion_250cm/J20C4_MDT_Remesa_05.las","J20C4_MDT_Remesa_05.las"
"https://visualizador.ide.uy/descargas/datos/CN_Remesa_05/01_MDT/01_MDT_LAS_Resolucion_250cm/J20C5_MDT_Remesa_05.las","J20C5_MDT_Remesa_05.las"
"https://visualizador.ide.uy/descargas/datos/CN_Remesa_05/01_MDT/01_MDT_LAS_Resolucion_250cm/J20C6_MDT_Remesa_05.las","J20C6_MDT_Remesa_05.las"
"https://visualizador.ide.uy/descargas/datos/CN_Remesa_05/01_MDT/01_MDT_LAS_Resolucion_250cm/J20D1_MDT_Remesa_05.las","J20D1_MDT_Remesa_05.las"
"https://visualizador.ide.uy/descargas/datos/CN_Remesa_05/01_MDT/01_MDT_LAS_Resolucion_250cm/J20D2_MDT_Remesa_05.las","J20D2_MDT_Remesa_05.las"
"https://visualizador.ide.uy/descargas/datos/CN_Remesa_05/01_MDT/01_MDT_LAS_Resolucion_250cm/J20D3_MDT_Remesa_05.las","J20D3_MDT_Remesa_05.las"
"https://visualizador.ide.uy/descargas/datos/CN_Remesa_05/01_MDT/01_MDT_LAS_Resolucion_250cm/J20D4_MDT_Remesa_05.las","J20D4_MDT_Remesa_05.las"
"https://visualizador.ide.uy/descargas/datos/CN_Remesa_05/01_MDT/01_MDT_LAS_Resolucion_250cm/J20D5_MDT_Remesa_05.las","J20D5_MDT_Remesa_05.las"
"https://visualizador.ide.uy/descargas/datos/CN_Remesa_05/01_MDT/01_MDT_LAS_Resolucion_250cm/J20D6_MDT_Remesa_05.las","J20D6_MDT_Remesa_05.las"
"https://visualizador.ide.uy/descargas/datos/CN_Remesa_05/01_MDT/01_MDT_LAS_Resolucion_250cm/J21A1_MDT_Remesa_05.las","J21A1_MDT_Remesa_05.las"
"https://visualizador.ide.uy/descargas/datos/CN_Remesa_05/01_MDT/01_MDT_LAS_Resolucion_250cm/J21A2_MDT_Remesa_05.las","J21A2_MDT_Remesa_05.las"
"https://visualizador.ide.uy/descargas/datos/CN_Remesa_05/01_MDT/01_MDT_LAS_Resolucion_250cm/J21A3_MDT_Remesa_05.las","J21A3_MDT_Remesa_05.las"
"https://visualizador.ide.uy/descargas/datos/CN_Remesa_05/01_MDT/01_MDT_LAS_Resolucion_250cm/J21A4_MDT_Remesa_05.las","J21A4_MDT_Remesa_05.las"
"https://visualizador.ide.uy/descargas/datos/CN_Remesa_05/01_MDT/01_MDT_LAS_Resolucion_250cm/J21A5_MDT_Remesa_05.las","J21A5_MDT_Remesa_05.las"
"https://visualizador.ide.uy/descargas/datos/CN_Remesa_05/01_MDT/01_MDT_LAS_Resolucion_250cm/J21A6_MDT_Remesa_05.las","J21A6_MDT_Remesa_05.las"
"https://visualizador.ide.uy/descargas/datos/CN_Remesa_05/01_MDT/01_MDT_LAS_Resolucion_250cm/J21B1_MDT_Remesa_05.las","J21B1_MDT_Remesa_05.las"
"https://visualizador.ide.uy/descargas/datos/CN_Remesa_05/01_MDT/01_MDT_LAS_Resolucion_250cm/J21B2_MDT_Remesa_05.las","J21B2_MDT_Remesa_05.las"
"https://visualizador.ide.uy/descargas/datos/CN_Remesa_05/01_MDT/01_MDT_LAS_Resolucion_250cm/J21B3_MDT_Remesa_05.las","J21B3_MDT_Remesa_05.las"
"https://visualizador.ide.uy/descargas/datos/CN_Remesa_05/01_MDT/01_MDT_LAS_Resolucion_250cm/J21B4_MDT_Remesa_05.las","J21B4_MDT_Remesa_05.las"
"https://visualizador.ide.uy/descargas/datos/CN_Remesa_05/01_MDT/01_MDT_LAS_Resolucion_250cm/J21B5_MDT_Remesa_05.las","J21B5_MDT_Remesa_05.las"
"https://visualizador.ide.uy/descargas/datos/CN_Remesa_05/01_MDT/01_MDT_LAS_Resolucion_250cm/J21B6_MDT_Remesa_05.las","J21B6_MDT_Remesa_05.las"
"https://visualizador.ide.uy/descargas/datos/CN_Remesa_05/01_MDT/01_MDT_LAS_Resolucion_250cm/J21C1_MDT_Remesa_05.las","J21C1_MDT_Remesa_05.las"
"https://visualizador.ide.uy/descargas/datos/CN_Remesa_05/01_MDT/01_MDT_LAS_Resolucion_250cm/J21C2_MDT_Remesa_05.las","J21C2_MDT_Remesa_05.las"
"https://visualizador.ide.uy/descargas/datos/CN_Remesa_05/01_MDT/01_MDT_LAS_Resolucion_250cm/J21C3_MDT_Remesa_05.las","J21C3_MDT_Remesa_05.las"
"https://visualizador.ide.uy/descargas/datos/CN_Remesa_05/01_MDT/01_MDT_LAS_Resolucion_250cm/J21C4_MDT_Remesa_05.las","J21C4_MDT_Remesa_05.las"
"https://visualizador.ide.uy/descargas/datos/CN_Remesa_05/01_MDT/01_MDT_LAS_Resolucion_250cm/J21C5_MDT_Remesa_05.las","J21C5_MDT_Remesa_05.las"
"https://visualizador.ide.uy/descargas/datos/CN_Remesa_05/01_MDT/01_MDT_LAS_Resolucion_250cm/J21C6_MDT_Remesa_05.las","J21C6_MDT_Remesa_05.las"
"https://visualizador.ide.uy/descargas/datos/CN_Remesa_05/01_MDT/01_MDT_LAS_Resolucion_250cm/J21D1_MDT_Remesa_05.las","J21D1_MDT_Remesa_05.las"
"https://visualizador.ide.uy/descargas/datos/CN_Remesa_05/01_MDT/01_MDT_LAS_Resolucion_250cm/J21D2_MDT_Remesa_05.las","J21D2_MDT_Remesa_05.las"
"https://visualizador.ide.uy/descargas/datos/CN_Remesa_05/01_MDT/01_MDT_LAS_Resolucion_250cm/J21D3_MDT_Remesa_05.las","J21D3_MDT_Remesa_05.las"
"https://visualizador.ide.uy/descargas/datos/CN_Remesa_05/01_MDT/01_MDT_LAS_Resolucion_250cm/J21D4_MDT_Remesa_05.las","J21D4_MDT_Remesa_05.las"
"https://visualizador.ide.uy/descargas/datos/CN_Remesa_05/01_MDT/01_MDT_LAS_Resolucion_250cm/J21D5_MDT_Remesa_05.las","J21D5_MDT_Remesa_05.las"
"https://visualizador.ide.uy/descargas/datos/CN_Remesa_05/01_MDT/01_MDT_LAS_Resolucion_250cm/J21D6_MDT_Remesa_05.las","J21D6_MDT_Remesa_05.las"
"https://visualizador.ide.uy/descargas/datos/CN_Remesa_05/01_MDT/01_MDT_LAS_Resolucion_250cm/J22A1_MDT_Remesa_05.las","J22A1_MDT_Remesa_05.las"
"https://visualizador.ide.uy/descargas/datos/CN_Remesa_05/01_MDT/01_MDT_LAS_Resolucion_250cm/J22A2_MDT_Remesa_05.las","J22A2_MDT_Remesa_05.las"
"https://visualizador.ide.uy/descargas/datos/CN_Remesa_05/01_MDT/01_MDT_LAS_Resolucion_250cm/J22A3_MDT_Remesa_05.las","J22A3_MDT_Remesa_05.las"
"https://visualizador.ide.uy/descargas/datos/CN_Remesa_05/01_MDT/01_MDT_LAS_Resolucion_250cm/J22A4_MDT_Remesa_05.las","J22A4_MDT_Remesa_05.las"
"https://visualizador.ide.uy/descargas/datos/CN_Remesa_05/01_MDT/01_MDT_LAS_Resolucion_250cm/J22A5_MDT_Remesa_05.las","J22A5_MDT_Remesa_05.las"
"https://visualizador.ide.uy/descargas/datos/CN_Remesa_05/01_MDT/01_MDT_LAS_Resolucion_250cm/J22A6_MDT_Remesa_05.las","J22A6_MDT_Remesa_05.las"
"https://visualizador.ide.uy/descargas/datos/CN_Remesa_05/01_MDT/01_MDT_LAS_Resolucion_250cm/J22B1_MDT_Remesa_05.las","J22B1_MDT_Remesa_05.las"
"https://visualizador.ide.uy/descargas/datos/CN_Remesa_05/01_MDT/01_MDT_LAS_Resolucion_250cm/J22B2_MDT_Remesa_05.las","J22B2_MDT_Remesa_05.las"
"https://visualizador.ide.uy/descargas/datos/CN_Remesa_05/01_MDT/01_MDT_LAS_Resolucion_250cm/J22B3_MDT_Remesa_05.las","J22B3_MDT_Remesa_05.las"
"https://visualizador.ide.uy/descargas/datos/CN_Remesa_05/01_MDT/01_MDT_LAS_Resolucion_250cm/J22B4_MDT_Remesa_05.las","J22B4_MDT_Remesa_05.las"
"https://visualizador.ide.uy/descargas/datos/CN_Remesa_05/01_MDT/01_MDT_LAS_Resolucion_250cm/J22B5_MDT_Remesa_05.las","J22B5_MDT_Remesa_05.las"
"https://visualizador.ide.uy/descargas/datos/CN_Remesa_05/01_MDT/01_MDT_LAS_Resolucion_250cm/J22B6_MDT_Remesa_05.las","J22B6_MDT_Remesa_05.las"
"https://visualizador.ide.uy/descargas/datos/CN_Remesa_05/01_MDT/01_MDT_LAS_Resolucion_250cm/J22C1_MDT_Remesa_05.las","J22C1_MDT_Remesa_05.las"
"https://visualizador.ide.uy/descargas/datos/CN_Remesa_05/01_MDT/01_MDT_LAS_Resolucion_250cm/J22C2_MDT_Remesa_05.las","J22C2_MDT_Remesa_05.las"
"https://visualizador.ide.uy/descargas/datos/CN_Remesa_05/01_MDT/01_MDT_LAS_Resolucion_250cm/J22C3_MDT_Remesa_05.las","J22C3_MDT_Remesa_05.las"
"https://visualizador.ide.uy/descargas/datos/CN_Remesa_05/01_MDT/01_MDT_LAS_Resolucion_250cm/J22C4_MDT_Remesa_05.las","J22C4_MDT_Remesa_05.las"
"https://visualizador.ide.uy/descargas/datos/CN_Remesa_05/01_MDT/01_MDT_LAS_Resolucion_250cm/J22C5_MDT_Remesa_05.las","J22C5_MDT_Remesa_05.las"
"https://visualizador.ide.uy/descargas/datos/CN_Remesa_05/01_MDT/01_MDT_LAS_Resolucion_250cm/J22C6_MDT_Remesa_05.las","J22C6_MDT_Remesa_05.las"
"https://visualizador.ide.uy/descargas/datos/CN_Remesa_05/01_MDT/01_MDT_LAS_Resolucion_250cm/J22D1_MDT_Remesa_05.las","J22D1_MDT_Remesa_05.las"
"https://visualizador.ide.uy/descargas/datos/CN_Remesa_05/01_MDT/01_MDT_LAS_Resolucion_250cm/J22D2_MDT_Remesa_05.las","J22D2_MDT_Remesa_05.las"
"https://visualizador.ide.uy/descargas/datos/CN_Remesa_05/01_MDT/01_MDT_LAS_Resolucion_250cm/J22D3_MDT_Remesa_05.las","J22D3_MDT_Remesa_05.las"
"https://visualizador.ide.uy/descargas/datos/CN_Remesa_05/01_MDT/01_MDT_LAS_Resolucion_250cm/J22D4_MDT_Remesa_05.las","J22D4_MDT_Remesa_05.las"
"https://visualizador.ide.uy/descargas/datos/CN_Remesa_05/01_MDT/01_MDT_LAS_Resolucion_250cm/J22D5_MDT_Remesa_05.las","J22D5_MDT_Remesa_05.las"
"https://visualizador.ide.uy/descargas/datos/CN_Remesa_05/01_MDT/01_MDT_LAS_Resolucion_250cm/J22D6_MDT_Remesa_05.las","J22D6_MDT_Remesa_05.las"
"https://visualizador.ide.uy/descargas/datos/CN_Remesa_05/01_MDT/01_MDT_LAS_Resolucion_250cm/J23A1_MDT_Remesa_05.las","J23A1_MDT_Remesa_05.las"
"https://visualizador.ide.uy/descargas/datos/CN_Remesa_05/01_MDT/01_MDT_LAS_Resolucion_250cm/J23A2_MDT_Remesa_05.las","J23A2_MDT_Remesa_05.las"
"https://visualizador.ide.uy/descargas/datos/CN_Remesa_05/01_MDT/01_MDT_LAS_Resolucion_250cm/J23A3_MDT_Remesa_05.las","J23A3_MDT_Remesa_05.las"
"https://visualizador.ide.uy/descargas/datos/CN_Remesa_05/01_MDT/01_MDT_LAS_Resolucion_250cm/J23B1_MDT_Remesa_05.las","J23B1_MDT_Remesa_05.las"
"https://visualizador.ide.uy/descargas/datos/CN_Remesa_05/01_MDT/01_MDT_LAS_Resolucion_250cm/J23B2_MDT_Remesa_05.las","J23B2_MDT_Remesa_05.las"
"https://visualizador.ide.uy/descargas/datos/CN_Remesa_05/01_MDT/01_MDT_LAS_Resolucion_250cm/J23B3_MDT_Remesa_05.las","J23B3_MDT_Remesa_05.las"
"https://visualizador.ide.uy/descargas/datos/CN_Remesa_05/01_MDT/01_MDT_LAS_Resolucion_250cm/K16D2_MDT_Remesa_05.las","K16D2_MDT_Remesa_05.las"
"https://visualizador.ide.uy/descargas/datos/CN_Remesa_05/01_MDT/01_MDT_LAS_Resolucion_250cm/K16D3_MDT_Remesa_05.las","K16D3_MDT_Remesa_05.las"
"https://visualizador.ide.uy/descargas/datos/CN_Remesa_05/01_MDT/01_MDT_LAS_Resolucion_250cm/K16D5_MDT_Remesa_05.las","K16D5_MDT_Remesa_05.las"
"https://visualizador.ide.uy/descargas/datos/CN_Remesa_05/01_MDT/01_MDT_LAS_Resolucion_250cm/K16D6_MDT_Remesa_05.las","K16D6_MDT_Remesa_05.las"
"https://visualizador.ide.uy/descargas/datos/CN_Remesa_05/01_MDT/01_MDT_LAS_Resolucion_250cm/K17B2_MDT_Remesa_05.las","K17B2_MDT_Remesa_05.las"
"https://visualizador.ide.uy/descargas/datos/CN_Remesa_05/01_MDT/01_MDT_LAS_Resolucion_250cm/K17B3_MDT_Remesa_05.las","K17B3_MDT_Remesa_05.las"
"https://visualizador.ide.uy/descargas/datos/CN_Remesa_05/01_MDT/01_MDT_LAS_Resolucion_250cm/K17B5_MDT_Remesa_05.las","K17B5_MDT_Remesa_05.las"
"https://visualizador.ide.uy/descargas/datos/CN_Remesa_05/01_MDT/01_MDT_LAS_Resolucion_250cm/K17B6_MDT_Remesa_05.las","K17B6_MDT_Remesa_05.las"
"https://visualizador.ide.uy/descargas/datos/CN_Remesa_05/01_MDT/01_MDT_LAS_Resolucion_250cm/K17D2_MDT_Remesa_05.las","K17D2_MDT_Remesa_05.las"
"https://visualizador.ide.uy/descargas/datos/CN_Remesa_05/01_MDT/01_MDT_LAS_Resolucion_250cm/K17D3_MDT_Remesa_05.las","K17D3_MDT_Remesa_05.las"
"https://visualizador.ide.uy/descargas/datos/CN_Remesa_05/01_MDT/01_MDT_LAS_Resolucion_250cm/K17D5_MDT_Remesa_05.las","K17D5_MDT_Remesa_05.las"
"https://visualizador.ide.uy/descargas/datos/CN_Remesa_05/01_MDT/01_MDT_LAS_Resolucion_250cm/K17D6_MDT_Remesa_05.las","K17D6_MDT_Remesa_05.las"
"https://visualizador.ide.uy/descargas/datos/CN_Remesa_05/01_MDT/01_MDT_LAS_Resolucion_250cm/K18B2_MDT_Remesa_05.las","K18B2_MDT_Remesa_05.las"
"https://visualizador.ide.uy/descargas/datos/CN_Remesa_05/01_MDT/01_MDT_LAS_Resolucion_250cm/K18B3_MDT_Remesa_05.las","K18B3_MDT_Remesa_05.las"
"https://visualizador.ide.uy/descargas/datos/CN_Remesa_05/01_MDT/01_MDT_LAS_Resolucion_250cm/K18B5_MDT_Remesa_05.las","K18B5_MDT_Remesa_05.las"
"https://visualizador.ide.uy/descargas/datos/CN_Remesa_05/01_MDT/01_MDT_LAS_Resolucion_250cm/K18B6_MDT_Remesa_05.las","K18B6_MDT_Remesa_05.las"
"https://visualizador.ide.uy/descargas/datos/CN_Remesa_05/01_MDT/01_MDT_LAS_Resolucion_250cm/K18D2_MDT_Remesa_05.las","K18D2_MDT_Remesa_05.las"
"https://visualizador.ide.uy/descargas/datos/CN_Remesa_05/01_MDT/01_MDT_LAS_Resolucion_250cm/K18D3_MDT_Remesa_05.las","K18D3_MDT_Remesa_05.las"
"https://visualizador.ide.uy/descargas/datos/CN_Remesa_05/01_MDT/01_MDT_LAS_Resolucion_250cm/K18D5_MDT_Remesa_05.las","K18D5_MDT_Remesa_05.las"
"https://visualizador.ide.uy/descargas/datos/CN_Remesa_05/01_MDT/01_MDT_LAS_Resolucion_250cm/K18D6_MDT_Remesa_05.las","K18D6_MDT_Remesa_05.las"
"https://visualizador.ide.uy/descargas/datos/CN_Remesa_05/01_MDT/01_MDT_LAS_Resolucion_250cm/K19B2_MDT_Remesa_05.las","K19B2_MDT_Remesa_05.las"
"https://visualizador.ide.uy/descargas/datos/CN_Remesa_05/01_MDT/01_MDT_LAS_Resolucion_250cm/K19B3_MDT_Remesa_05.las","K19B3_MDT_Remesa_05.las"
"https://visualizador.ide.uy/descargas/datos/CN_Remesa_05/01_MDT/01_MDT_LAS_Resolucion_250cm/K19B5_MDT_Remesa_05.las","K19B5_MDT_Remesa_05.las"
"https://visualizador.ide.uy/descargas/datos/CN_Remesa_05/01_MDT/01_MDT_LAS_Resolucion_250cm/K19B6_MDT_Remesa_05.las","K19B6_MDT_Remesa_05.las"
"https://visualizador.ide.uy/descargas/datos/CN_Remesa_05/01_MDT/01_MDT_LAS_Resolucion_250cm/K19D2_MDT_Remesa_05.las","K19D2_MDT_Remesa_05.las"
"https://visualizador.ide.uy/descargas/datos/CN_Remesa_05/01_MDT/01_MDT_LAS_Resolucion_250cm/K19D3_MDT_Remesa_05.las","K19D3_MDT_Remesa_05.las"
"https://visualizador.ide.uy/descargas/datos/CN_Remesa_05/01_MDT/01_MDT_LAS_Resolucion_250cm/K19D5_MDT_Remesa_05.las","K19D5_MDT_Remesa_05.las"
"https://visualizador.ide.uy/descargas/datos/CN_Remesa_05/01_MDT/01_MDT_LAS_Resolucion_250cm/K19D6_MDT_Remesa_05.las","K19D6_MDT_Remesa_05.las"
