"href","text"
"https://visualizador.ide.uy/descargas/datos/CN_Remesa_03/02_Ortoimagenes/04_Herramientas_de_apoyo/?C=N;O=D","Nombre:"
"https://visualizador.ide.uy/descargas/datos/CN_Remesa_03/02_Ortoimagenes/04_Herramientas_de_apoyo/?C=S;O=A","Size"
"https://visualizador.ide.uy/descargas/datos/CN_Remesa_03/02_Ortoimagenes/","Parent Directory"
"https://visualizador.ide.uy/descargas/datos/CN_Remesa_03/02_Ortoimagenes/04_Herramientas_de_apoyo/Seamline_Remesa_03.dbf","Seamline_Remesa_03.dbf"
"https://visualizador.ide.uy/descargas/datos/CN_Remesa_03/02_Ortoimagenes/04_Herramientas_de_apoyo/Seamline_Remesa_03.prj","Seamline_Remesa_03.prj"
"https://visualizador.ide.uy/descargas/datos/CN_Remesa_03/02_Ortoimagenes/04_Herramientas_de_apoyo/Seamline_Remesa_03.shp","Seamline_Remesa_03.shp"
"https://visualizador.ide.uy/descargas/datos/CN_Remesa_03/02_Ortoimagenes/04_Herramientas_de_apoyo/Seamline_Remesa_03.shx","Seamline_Remesa_03.shx"
