"href","text"
"https://visualizador.ide.uy/descargas/datos/CN_Remesa_02/01_MDT/02_MDT_GeoTIFF_Resolucion_250cm/?C=N;O=D","Nombre:"
"https://visualizador.ide.uy/descargas/datos/CN_Remesa_02/01_MDT/02_MDT_GeoTIFF_Resolucion_250cm/?C=S;O=A","Size"
"https://visualizador.ide.uy/descargas/datos/CN_Remesa_02/01_MDT/","Parent Directory"
"https://visualizador.ide.uy/descargas/datos/CN_Remesa_02/01_MDT/02_MDT_GeoTIFF_Resolucion_250cm/K14C4_MDT_Remesa_02.tif","K14C4_MDT_Remesa_02.tif"
"https://visualizador.ide.uy/descargas/datos/CN_Remesa_02/01_MDT/02_MDT_GeoTIFF_Resolucion_250cm/K14C5_MDT_Remesa_02.tif","K14C5_MDT_Remesa_02.tif"
"https://visualizador.ide.uy/descargas/datos/CN_Remesa_02/01_MDT/02_MDT_GeoTIFF_Resolucion_250cm/K14C6_MDT_Remesa_02.tif","K14C6_MDT_Remesa_02.tif"
"https://visualizador.ide.uy/descargas/datos/CN_Remesa_02/01_MDT/02_MDT_GeoTIFF_Resolucion_250cm/K14D4_MDT_Remesa_02.tif","K14D4_MDT_Remesa_02.tif"
"https://visualizador.ide.uy/descargas/datos/CN_Remesa_02/01_MDT/02_MDT_GeoTIFF_Resolucion_250cm/K15A1_MDT_Remesa_02.tif","K15A1_MDT_Remesa_02.tif"
"https://visualizador.ide.uy/descargas/datos/CN_Remesa_02/01_MDT/02_MDT_GeoTIFF_Resolucion_250cm/K15A2_MDT_Remesa_02.tif","K15A2_MDT_Remesa_02.tif"
"https://visualizador.ide.uy/descargas/datos/CN_Remesa_02/01_MDT/02_MDT_GeoTIFF_Resolucion_250cm/K15A3_MDT_Remesa_02.tif","K15A3_MDT_Remesa_02.tif"
"https://visualizador.ide.uy/descargas/datos/CN_Remesa_02/01_MDT/02_MDT_GeoTIFF_Resolucion_250cm/K15A4_MDT_Remesa_02.tif","K15A4_MDT_Remesa_02.tif"
"https://visualizador.ide.uy/descargas/datos/CN_Remesa_02/01_MDT/02_MDT_GeoTIFF_Resolucion_250cm/K15A5_MDT_Remesa_02.tif","K15A5_MDT_Remesa_02.tif"
"https://visualizador.ide.uy/descargas/datos/CN_Remesa_02/01_MDT/02_MDT_GeoTIFF_Resolucion_250cm/K15A6_MDT_Remesa_02.tif","K15A6_MDT_Remesa_02.tif"
"https://visualizador.ide.uy/descargas/datos/CN_Remesa_02/01_MDT/02_MDT_GeoTIFF_Resolucion_250cm/K15B1_MDT_Remesa_02.tif","K15B1_MDT_Remesa_02.tif"
"https://visualizador.ide.uy/descargas/datos/CN_Remesa_02/01_MDT/02_MDT_GeoTIFF_Resolucion_250cm/K15B4_MDT_Remesa_02.tif","K15B4_MDT_Remesa_02.tif"
"https://visualizador.ide.uy/descargas/datos/CN_Remesa_02/01_MDT/02_MDT_GeoTIFF_Resolucion_250cm/K15C1_MDT_Remesa_02.tif","K15C1_MDT_Remesa_02.tif"
"https://visualizador.ide.uy/descargas/datos/CN_Remesa_02/01_MDT/02_MDT_GeoTIFF_Resolucion_250cm/K15C2_MDT_Remesa_02.tif","K15C2_MDT_Remesa_02.tif"
"https://visualizador.ide.uy/descargas/datos/CN_Remesa_02/01_MDT/02_MDT_GeoTIFF_Resolucion_250cm/K15C3_MDT_Remesa_02.tif","K15C3_MDT_Remesa_02.tif"
"https://visualizador.ide.uy/descargas/datos/CN_Remesa_02/01_MDT/02_MDT_GeoTIFF_Resolucion_250cm/K15C4_MDT_Remesa_02.tif","K15C4_MDT_Remesa_02.tif"
"https://visualizador.ide.uy/descargas/datos/CN_Remesa_02/01_MDT/02_MDT_GeoTIFF_Resolucion_250cm/K15C5_MDT_Remesa_02.tif","K15C5_MDT_Remesa_02.tif"
"https://visualizador.ide.uy/descargas/datos/CN_Remesa_02/01_MDT/02_MDT_GeoTIFF_Resolucion_250cm/K15C6_MDT_Remesa_02.tif","K15C6_MDT_Remesa_02.tif"
"https://visualizador.ide.uy/descargas/datos/CN_Remesa_02/01_MDT/02_MDT_GeoTIFF_Resolucion_250cm/K15D1_MDT_Remesa_02.tif","K15D1_MDT_Remesa_02.tif"
"https://visualizador.ide.uy/descargas/datos/CN_Remesa_02/01_MDT/02_MDT_GeoTIFF_Resolucion_250cm/K15D4_MDT_Remesa_02.tif","K15D4_MDT_Remesa_02.tif"
"https://visualizador.ide.uy/descargas/datos/CN_Remesa_02/01_MDT/02_MDT_GeoTIFF_Resolucion_250cm/K16A1_MDT_Remesa_02.tif","K16A1_MDT_Remesa_02.tif"
"https://visualizador.ide.uy/descargas/datos/CN_Remesa_02/01_MDT/02_MDT_GeoTIFF_Resolucion_250cm/K16A2_MDT_Remesa_02.tif","K16A2_MDT_Remesa_02.tif"
"https://visualizador.ide.uy/descargas/datos/CN_Remesa_02/01_MDT/02_MDT_GeoTIFF_Resolucion_250cm/K16A3_MDT_Remesa_02.tif","K16A3_MDT_Remesa_02.tif"
"https://visualizador.ide.uy/descargas/datos/CN_Remesa_02/01_MDT/02_MDT_GeoTIFF_Resolucion_250cm/K16A4_MDT_Remesa_02.tif","K16A4_MDT_Remesa_02.tif"
"https://visualizador.ide.uy/descargas/datos/CN_Remesa_02/01_MDT/02_MDT_GeoTIFF_Resolucion_250cm/K16A5_MDT_Remesa_02.tif","K16A5_MDT_Remesa_02.tif"
"https://visualizador.ide.uy/descargas/datos/CN_Remesa_02/01_MDT/02_MDT_GeoTIFF_Resolucion_250cm/K16A6_MDT_Remesa_02.tif","K16A6_MDT_Remesa_02.tif"
"https://visualizador.ide.uy/descargas/datos/CN_Remesa_02/01_MDT/02_MDT_GeoTIFF_Resolucion_250cm/K16B1_MDT_Remesa_02.tif","K16B1_MDT_Remesa_02.tif"
"https://visualizador.ide.uy/descargas/datos/CN_Remesa_02/01_MDT/02_MDT_GeoTIFF_Resolucion_250cm/K16B4_MDT_Remesa_02.tif","K16B4_MDT_Remesa_02.tif"
"https://visualizador.ide.uy/descargas/datos/CN_Remesa_02/01_MDT/02_MDT_GeoTIFF_Resolucion_250cm/K16C1_MDT_Remesa_02.tif","K16C1_MDT_Remesa_02.tif"
"https://visualizador.ide.uy/descargas/datos/CN_Remesa_02/01_MDT/02_MDT_GeoTIFF_Resolucion_250cm/K16C2_MDT_Remesa_02.tif","K16C2_MDT_Remesa_02.tif"
"https://visualizador.ide.uy/descargas/datos/CN_Remesa_02/01_MDT/02_MDT_GeoTIFF_Resolucion_250cm/K16C3_MDT_Remesa_02.tif","K16C3_MDT_Remesa_02.tif"
"https://visualizador.ide.uy/descargas/datos/CN_Remesa_02/01_MDT/02_MDT_GeoTIFF_Resolucion_250cm/K16C4_MDT_Remesa_02.tif","K16C4_MDT_Remesa_02.tif"
"https://visualizador.ide.uy/descargas/datos/CN_Remesa_02/01_MDT/02_MDT_GeoTIFF_Resolucion_250cm/K16C5_MDT_Remesa_02.tif","K16C5_MDT_Remesa_02.tif"
"https://visualizador.ide.uy/descargas/datos/CN_Remesa_02/01_MDT/02_MDT_GeoTIFF_Resolucion_250cm/K16C6_MDT_Remesa_02.tif","K16C6_MDT_Remesa_02.tif"
"https://visualizador.ide.uy/descargas/datos/CN_Remesa_02/01_MDT/02_MDT_GeoTIFF_Resolucion_250cm/K16D1_MDT_Remesa_02.tif","K16D1_MDT_Remesa_02.tif"
"https://visualizador.ide.uy/descargas/datos/CN_Remesa_02/01_MDT/02_MDT_GeoTIFF_Resolucion_250cm/K16D4_MDT_Remesa_02.tif","K16D4_MDT_Remesa_02.tif"
"https://visualizador.ide.uy/descargas/datos/CN_Remesa_02/01_MDT/02_MDT_GeoTIFF_Resolucion_250cm/K17A1_MDT_Remesa_02.tif","K17A1_MDT_Remesa_02.tif"
"https://visualizador.ide.uy/descargas/datos/CN_Remesa_02/01_MDT/02_MDT_GeoTIFF_Resolucion_250cm/K17A2_MDT_Remesa_02.tif","K17A2_MDT_Remesa_02.tif"
"https://visualizador.ide.uy/descargas/datos/CN_Remesa_02/01_MDT/02_MDT_GeoTIFF_Resolucion_250cm/K17A3_MDT_Remesa_02.tif","K17A3_MDT_Remesa_02.tif"
"https://visualizador.ide.uy/descargas/datos/CN_Remesa_02/01_MDT/02_MDT_GeoTIFF_Resolucion_250cm/K17A4_MDT_Remesa_02.tif","K17A4_MDT_Remesa_02.tif"
"https://visualizador.ide.uy/descargas/datos/CN_Remesa_02/01_MDT/02_MDT_GeoTIFF_Resolucion_250cm/K17A5_MDT_Remesa_02.tif","K17A5_MDT_Remesa_02.tif"
"https://visualizador.ide.uy/descargas/datos/CN_Remesa_02/01_MDT/02_MDT_GeoTIFF_Resolucion_250cm/K17A6_MDT_Remesa_02.tif","K17A6_MDT_Remesa_02.tif"
"https://visualizador.ide.uy/descargas/datos/CN_Remesa_02/01_MDT/02_MDT_GeoTIFF_Resolucion_250cm/K17B1_MDT_Remesa_02.tif","K17B1_MDT_Remesa_02.tif"
"https://visualizador.ide.uy/descargas/datos/CN_Remesa_02/01_MDT/02_MDT_GeoTIFF_Resolucion_250cm/K17B4_MDT_Remesa_02.tif","K17B4_MDT_Remesa_02.tif"
"https://visualizador.ide.uy/descargas/datos/CN_Remesa_02/01_MDT/02_MDT_GeoTIFF_Resolucion_250cm/K17C1_MDT_Remesa_02.tif","K17C1_MDT_Remesa_02.tif"
"https://visualizador.ide.uy/descargas/datos/CN_Remesa_02/01_MDT/02_MDT_GeoTIFF_Resolucion_250cm/K17C2_MDT_Remesa_02.tif","K17C2_MDT_Remesa_02.tif"
"https://visualizador.ide.uy/descargas/datos/CN_Remesa_02/01_MDT/02_MDT_GeoTIFF_Resolucion_250cm/K17C3_MDT_Remesa_02.tif","K17C3_MDT_Remesa_02.tif"
"https://visualizador.ide.uy/descargas/datos/CN_Remesa_02/01_MDT/02_MDT_GeoTIFF_Resolucion_250cm/K17C4_MDT_Remesa_02.tif","K17C4_MDT_Remesa_02.tif"
"https://visualizador.ide.uy/descargas/datos/CN_Remesa_02/01_MDT/02_MDT_GeoTIFF_Resolucion_250cm/K17C5_MDT_Remesa_02.tif","K17C5_MDT_Remesa_02.tif"
"https://visualizador.ide.uy/descargas/datos/CN_Remesa_02/01_MDT/02_MDT_GeoTIFF_Resolucion_250cm/K17C6_MDT_Remesa_02.tif","K17C6_MDT_Remesa_02.tif"
"https://visualizador.ide.uy/descargas/datos/CN_Remesa_02/01_MDT/02_MDT_GeoTIFF_Resolucion_250cm/K17D1_MDT_Remesa_02.tif","K17D1_MDT_Remesa_02.tif"
"https://visualizador.ide.uy/descargas/datos/CN_Remesa_02/01_MDT/02_MDT_GeoTIFF_Resolucion_250cm/K17D4_MDT_Remesa_02.tif","K17D4_MDT_Remesa_02.tif"
"https://visualizador.ide.uy/descargas/datos/CN_Remesa_02/01_MDT/02_MDT_GeoTIFF_Resolucion_250cm/K18A1_MDT_Remesa_02.tif","K18A1_MDT_Remesa_02.tif"
"https://visualizador.ide.uy/descargas/datos/CN_Remesa_02/01_MDT/02_MDT_GeoTIFF_Resolucion_250cm/K18A2_MDT_Remesa_02.tif","K18A2_MDT_Remesa_02.tif"
"https://visualizador.ide.uy/descargas/datos/CN_Remesa_02/01_MDT/02_MDT_GeoTIFF_Resolucion_250cm/K18A3_MDT_Remesa_02.tif","K18A3_MDT_Remesa_02.tif"
"https://visualizador.ide.uy/descargas/datos/CN_Remesa_02/01_MDT/02_MDT_GeoTIFF_Resolucion_250cm/K18A4_MDT_Remesa_02.tif","K18A4_MDT_Remesa_02.tif"
"https://visualizador.ide.uy/descargas/datos/CN_Remesa_02/01_MDT/02_MDT_GeoTIFF_Resolucion_250cm/K18A5_MDT_Remesa_02.tif","K18A5_MDT_Remesa_02.tif"
"https://visualizador.ide.uy/descargas/datos/CN_Remesa_02/01_MDT/02_MDT_GeoTIFF_Resolucion_250cm/K18A6_MDT_Remesa_02.tif","K18A6_MDT_Remesa_02.tif"
"https://visualizador.ide.uy/descargas/datos/CN_Remesa_02/01_MDT/02_MDT_GeoTIFF_Resolucion_250cm/K18B1_MDT_Remesa_02.tif","K18B1_MDT_Remesa_02.tif"
"https://visualizador.ide.uy/descargas/datos/CN_Remesa_02/01_MDT/02_MDT_GeoTIFF_Resolucion_250cm/K18B4_MDT_Remesa_02.tif","K18B4_MDT_Remesa_02.tif"
"https://visualizador.ide.uy/descargas/datos/CN_Remesa_02/01_MDT/02_MDT_GeoTIFF_Resolucion_250cm/K18C1_MDT_Remesa_02.tif","K18C1_MDT_Remesa_02.tif"
"https://visualizador.ide.uy/descargas/datos/CN_Remesa_02/01_MDT/02_MDT_GeoTIFF_Resolucion_250cm/K18C2_MDT_Remesa_02.tif","K18C2_MDT_Remesa_02.tif"
"https://visualizador.ide.uy/descargas/datos/CN_Remesa_02/01_MDT/02_MDT_GeoTIFF_Resolucion_250cm/K18C3_MDT_Remesa_02.tif","K18C3_MDT_Remesa_02.tif"
"https://visualizador.ide.uy/descargas/datos/CN_Remesa_02/01_MDT/02_MDT_GeoTIFF_Resolucion_250cm/K18C4_MDT_Remesa_02.tif","K18C4_MDT_Remesa_02.tif"
"https://visualizador.ide.uy/descargas/datos/CN_Remesa_02/01_MDT/02_MDT_GeoTIFF_Resolucion_250cm/K18C5_MDT_Remesa_02.tif","K18C5_MDT_Remesa_02.tif"
"https://visualizador.ide.uy/descargas/datos/CN_Remesa_02/01_MDT/02_MDT_GeoTIFF_Resolucion_250cm/K18C6_MDT_Remesa_02.tif","K18C6_MDT_Remesa_02.tif"
"https://visualizador.ide.uy/descargas/datos/CN_Remesa_02/01_MDT/02_MDT_GeoTIFF_Resolucion_250cm/K18D1_MDT_Remesa_02.tif","K18D1_MDT_Remesa_02.tif"
"https://visualizador.ide.uy/descargas/datos/CN_Remesa_02/01_MDT/02_MDT_GeoTIFF_Resolucion_250cm/K18D4_MDT_Remesa_02.tif","K18D4_MDT_Remesa_02.tif"
"https://visualizador.ide.uy/descargas/datos/CN_Remesa_02/01_MDT/02_MDT_GeoTIFF_Resolucion_250cm/K19A1_MDT_Remesa_02.tif","K19A1_MDT_Remesa_02.tif"
"https://visualizador.ide.uy/descargas/datos/CN_Remesa_02/01_MDT/02_MDT_GeoTIFF_Resolucion_250cm/K19A2_MDT_Remesa_02.tif","K19A2_MDT_Remesa_02.tif"
"https://visualizador.ide.uy/descargas/datos/CN_Remesa_02/01_MDT/02_MDT_GeoTIFF_Resolucion_250cm/K19A3_MDT_Remesa_02.tif","K19A3_MDT_Remesa_02.tif"
"https://visualizador.ide.uy/descargas/datos/CN_Remesa_02/01_MDT/02_MDT_GeoTIFF_Resolucion_250cm/K19A4_MDT_Remesa_02.tif","K19A4_MDT_Remesa_02.tif"
"https://visualizador.ide.uy/descargas/datos/CN_Remesa_02/01_MDT/02_MDT_GeoTIFF_Resolucion_250cm/K19A5_MDT_Remesa_02.tif","K19A5_MDT_Remesa_02.tif"
"https://visualizador.ide.uy/descargas/datos/CN_Remesa_02/01_MDT/02_MDT_GeoTIFF_Resolucion_250cm/K19A6_MDT_Remesa_02.tif","K19A6_MDT_Remesa_02.tif"
"https://visualizador.ide.uy/descargas/datos/CN_Remesa_02/01_MDT/02_MDT_GeoTIFF_Resolucion_250cm/K19B1_MDT_Remesa_02.tif","K19B1_MDT_Remesa_02.tif"
"https://visualizador.ide.uy/descargas/datos/CN_Remesa_02/01_MDT/02_MDT_GeoTIFF_Resolucion_250cm/K19B4_MDT_Remesa_02.tif","K19B4_MDT_Remesa_02.tif"
"https://visualizador.ide.uy/descargas/datos/CN_Remesa_02/01_MDT/02_MDT_GeoTIFF_Resolucion_250cm/K19C1_MDT_Remesa_02.tif","K19C1_MDT_Remesa_02.tif"
"https://visualizador.ide.uy/descargas/datos/CN_Remesa_02/01_MDT/02_MDT_GeoTIFF_Resolucion_250cm/K19C2_MDT_Remesa_02.tif","K19C2_MDT_Remesa_02.tif"
"https://visualizador.ide.uy/descargas/datos/CN_Remesa_02/01_MDT/02_MDT_GeoTIFF_Resolucion_250cm/K19C3_MDT_Remesa_02.tif","K19C3_MDT_Remesa_02.tif"
"https://visualizador.ide.uy/descargas/datos/CN_Remesa_02/01_MDT/02_MDT_GeoTIFF_Resolucion_250cm/K19C4_MDT_Remesa_02.tif","K19C4_MDT_Remesa_02.tif"
"https://visualizador.ide.uy/descargas/datos/CN_Remesa_02/01_MDT/02_MDT_GeoTIFF_Resolucion_250cm/K19C5_MDT_Remesa_02.tif","K19C5_MDT_Remesa_02.tif"
"https://visualizador.ide.uy/descargas/datos/CN_Remesa_02/01_MDT/02_MDT_GeoTIFF_Resolucion_250cm/K19C6_MDT_Remesa_02.tif","K19C6_MDT_Remesa_02.tif"
"https://visualizador.ide.uy/descargas/datos/CN_Remesa_02/01_MDT/02_MDT_GeoTIFF_Resolucion_250cm/K19D1_MDT_Remesa_02.tif","K19D1_MDT_Remesa_02.tif"
"https://visualizador.ide.uy/descargas/datos/CN_Remesa_02/01_MDT/02_MDT_GeoTIFF_Resolucion_250cm/K19D4_MDT_Remesa_02.tif","K19D4_MDT_Remesa_02.tif"
"https://visualizador.ide.uy/descargas/datos/CN_Remesa_02/01_MDT/02_MDT_GeoTIFF_Resolucion_250cm/K20A1_MDT_Remesa_02.tif","K20A1_MDT_Remesa_02.tif"
"https://visualizador.ide.uy/descargas/datos/CN_Remesa_02/01_MDT/02_MDT_GeoTIFF_Resolucion_250cm/K20A2_MDT_Remesa_02.tif","K20A2_MDT_Remesa_02.tif"
"https://visualizador.ide.uy/descargas/datos/CN_Remesa_02/01_MDT/02_MDT_GeoTIFF_Resolucion_250cm/K20A3_MDT_Remesa_02.tif","K20A3_MDT_Remesa_02.tif"
"https://visualizador.ide.uy/descargas/datos/CN_Remesa_02/01_MDT/02_MDT_GeoTIFF_Resolucion_250cm/K20A4_MDT_Remesa_02.tif","K20A4_MDT_Remesa_02.tif"
"https://visualizador.ide.uy/descargas/datos/CN_Remesa_02/01_MDT/02_MDT_GeoTIFF_Resolucion_250cm/K20A5_MDT_Remesa_02.tif","K20A5_MDT_Remesa_02.tif"
"https://visualizador.ide.uy/descargas/datos/CN_Remesa_02/01_MDT/02_MDT_GeoTIFF_Resolucion_250cm/K20A6_MDT_Remesa_02.tif","K20A6_MDT_Remesa_02.tif"
"https://visualizador.ide.uy/descargas/datos/CN_Remesa_02/01_MDT/02_MDT_GeoTIFF_Resolucion_250cm/K20B1_MDT_Remesa_02.tif","K20B1_MDT_Remesa_02.tif"
"https://visualizador.ide.uy/descargas/datos/CN_Remesa_02/01_MDT/02_MDT_GeoTIFF_Resolucion_250cm/K20B2_MDT_Remesa_02.tif","K20B2_MDT_Remesa_02.tif"
"https://visualizador.ide.uy/descargas/datos/CN_Remesa_02/01_MDT/02_MDT_GeoTIFF_Resolucion_250cm/K20B3_MDT_Remesa_02.tif","K20B3_MDT_Remesa_02.tif"
"https://visualizador.ide.uy/descargas/datos/CN_Remesa_02/01_MDT/02_MDT_GeoTIFF_Resolucion_250cm/K20B4_MDT_Remesa_02.tif","K20B4_MDT_Remesa_02.tif"
"https://visualizador.ide.uy/descargas/datos/CN_Remesa_02/01_MDT/02_MDT_GeoTIFF_Resolucion_250cm/K20B5_MDT_Remesa_02.tif","K20B5_MDT_Remesa_02.tif"
"https://visualizador.ide.uy/descargas/datos/CN_Remesa_02/01_MDT/02_MDT_GeoTIFF_Resolucion_250cm/K20B6_MDT_Remesa_02.tif","K20B6_MDT_Remesa_02.tif"
"https://visualizador.ide.uy/descargas/datos/CN_Remesa_02/01_MDT/02_MDT_GeoTIFF_Resolucion_250cm/K20C1_MDT_Remesa_02.tif","K20C1_MDT_Remesa_02.tif"
"https://visualizador.ide.uy/descargas/datos/CN_Remesa_02/01_MDT/02_MDT_GeoTIFF_Resolucion_250cm/K20C2_MDT_Remesa_02.tif","K20C2_MDT_Remesa_02.tif"
"https://visualizador.ide.uy/descargas/datos/CN_Remesa_02/01_MDT/02_MDT_GeoTIFF_Resolucion_250cm/K20C3_MDT_Remesa_02.tif","K20C3_MDT_Remesa_02.tif"
"https://visualizador.ide.uy/descargas/datos/CN_Remesa_02/01_MDT/02_MDT_GeoTIFF_Resolucion_250cm/K20C4_MDT_Remesa_02.tif","K20C4_MDT_Remesa_02.tif"
"https://visualizador.ide.uy/descargas/datos/CN_Remesa_02/01_MDT/02_MDT_GeoTIFF_Resolucion_250cm/K20C5_MDT_Remesa_02.tif","K20C5_MDT_Remesa_02.tif"
"https://visualizador.ide.uy/descargas/datos/CN_Remesa_02/01_MDT/02_MDT_GeoTIFF_Resolucion_250cm/K20C6_MDT_Remesa_02.tif","K20C6_MDT_Remesa_02.tif"
"https://visualizador.ide.uy/descargas/datos/CN_Remesa_02/01_MDT/02_MDT_GeoTIFF_Resolucion_250cm/K20D1_MDT_Remesa_02.tif","K20D1_MDT_Remesa_02.tif"
"https://visualizador.ide.uy/descargas/datos/CN_Remesa_02/01_MDT/02_MDT_GeoTIFF_Resolucion_250cm/K20D2_MDT_Remesa_02.tif","K20D2_MDT_Remesa_02.tif"
"https://visualizador.ide.uy/descargas/datos/CN_Remesa_02/01_MDT/02_MDT_GeoTIFF_Resolucion_250cm/K20D3_MDT_Remesa_02.tif","K20D3_MDT_Remesa_02.tif"
"https://visualizador.ide.uy/descargas/datos/CN_Remesa_02/01_MDT/02_MDT_GeoTIFF_Resolucion_250cm/K20D4_MDT_Remesa_02.tif","K20D4_MDT_Remesa_02.tif"
"https://visualizador.ide.uy/descargas/datos/CN_Remesa_02/01_MDT/02_MDT_GeoTIFF_Resolucion_250cm/K20D5_MDT_Remesa_02.tif","K20D5_MDT_Remesa_02.tif"
"https://visualizador.ide.uy/descargas/datos/CN_Remesa_02/01_MDT/02_MDT_GeoTIFF_Resolucion_250cm/K20D6_MDT_Remesa_02.tif","K20D6_MDT_Remesa_02.tif"
"https://visualizador.ide.uy/descargas/datos/CN_Remesa_02/01_MDT/02_MDT_GeoTIFF_Resolucion_250cm/K21A1_MDT_Remesa_02.tif","K21A1_MDT_Remesa_02.tif"
"https://visualizador.ide.uy/descargas/datos/CN_Remesa_02/01_MDT/02_MDT_GeoTIFF_Resolucion_250cm/K21A2_MDT_Remesa_02.tif","K21A2_MDT_Remesa_02.tif"
"https://visualizador.ide.uy/descargas/datos/CN_Remesa_02/01_MDT/02_MDT_GeoTIFF_Resolucion_250cm/K21A3_MDT_Remesa_02.tif","K21A3_MDT_Remesa_02.tif"
"https://visualizador.ide.uy/descargas/datos/CN_Remesa_02/01_MDT/02_MDT_GeoTIFF_Resolucion_250cm/K21A4_MDT_Remesa_02.tif","K21A4_MDT_Remesa_02.tif"
"https://visualizador.ide.uy/descargas/datos/CN_Remesa_02/01_MDT/02_MDT_GeoTIFF_Resolucion_250cm/K21A5_MDT_Remesa_02.tif","K21A5_MDT_Remesa_02.tif"
"https://visualizador.ide.uy/descargas/datos/CN_Remesa_02/01_MDT/02_MDT_GeoTIFF_Resolucion_250cm/K21A6_MDT_Remesa_02.tif","K21A6_MDT_Remesa_02.tif"
"https://visualizador.ide.uy/descargas/datos/CN_Remesa_02/01_MDT/02_MDT_GeoTIFF_Resolucion_250cm/K21B1_MDT_Remesa_02.tif","K21B1_MDT_Remesa_02.tif"
"https://visualizador.ide.uy/descargas/datos/CN_Remesa_02/01_MDT/02_MDT_GeoTIFF_Resolucion_250cm/K21B2_MDT_Remesa_02.tif","K21B2_MDT_Remesa_02.tif"
"https://visualizador.ide.uy/descargas/datos/CN_Remesa_02/01_MDT/02_MDT_GeoTIFF_Resolucion_250cm/K21B3_MDT_Remesa_02.tif","K21B3_MDT_Remesa_02.tif"
"https://visualizador.ide.uy/descargas/datos/CN_Remesa_02/01_MDT/02_MDT_GeoTIFF_Resolucion_250cm/K21B4_MDT_Remesa_02.tif","K21B4_MDT_Remesa_02.tif"
"https://visualizador.ide.uy/descargas/datos/CN_Remesa_02/01_MDT/02_MDT_GeoTIFF_Resolucion_250cm/K21B5_MDT_Remesa_02.tif","K21B5_MDT_Remesa_02.tif"
"https://visualizador.ide.uy/descargas/datos/CN_Remesa_02/01_MDT/02_MDT_GeoTIFF_Resolucion_250cm/K21B6_MDT_Remesa_02.tif","K21B6_MDT_Remesa_02.tif"
"https://visualizador.ide.uy/descargas/datos/CN_Remesa_02/01_MDT/02_MDT_GeoTIFF_Resolucion_250cm/K21C1_MDT_Remesa_02.tif","K21C1_MDT_Remesa_02.tif"
"https://visualizador.ide.uy/descargas/datos/CN_Remesa_02/01_MDT/02_MDT_GeoTIFF_Resolucion_250cm/K21C2_MDT_Remesa_02.tif","K21C2_MDT_Remesa_02.tif"
"https://visualizador.ide.uy/descargas/datos/CN_Remesa_02/01_MDT/02_MDT_GeoTIFF_Resolucion_250cm/K21C3_MDT_Remesa_02.tif","K21C3_MDT_Remesa_02.tif"
"https://visualizador.ide.uy/descargas/datos/CN_Remesa_02/01_MDT/02_MDT_GeoTIFF_Resolucion_250cm/K21C4_MDT_Remesa_02.tif","K21C4_MDT_Remesa_02.tif"
"https://visualizador.ide.uy/descargas/datos/CN_Remesa_02/01_MDT/02_MDT_GeoTIFF_Resolucion_250cm/K21C5_MDT_Remesa_02.tif","K21C5_MDT_Remesa_02.tif"
"https://visualizador.ide.uy/descargas/datos/CN_Remesa_02/01_MDT/02_MDT_GeoTIFF_Resolucion_250cm/K21C6_MDT_Remesa_02.tif","K21C6_MDT_Remesa_02.tif"
"https://visualizador.ide.uy/descargas/datos/CN_Remesa_02/01_MDT/02_MDT_GeoTIFF_Resolucion_250cm/K21D1_MDT_Remesa_02.tif","K21D1_MDT_Remesa_02.tif"
"https://visualizador.ide.uy/descargas/datos/CN_Remesa_02/01_MDT/02_MDT_GeoTIFF_Resolucion_250cm/K21D2_MDT_Remesa_02.tif","K21D2_MDT_Remesa_02.tif"
"https://visualizador.ide.uy/descargas/datos/CN_Remesa_02/01_MDT/02_MDT_GeoTIFF_Resolucion_250cm/K21D3_MDT_Remesa_02.tif","K21D3_MDT_Remesa_02.tif"
"https://visualizador.ide.uy/descargas/datos/CN_Remesa_02/01_MDT/02_MDT_GeoTIFF_Resolucion_250cm/K21D4_MDT_Remesa_02.tif","K21D4_MDT_Remesa_02.tif"
"https://visualizador.ide.uy/descargas/datos/CN_Remesa_02/01_MDT/02_MDT_GeoTIFF_Resolucion_250cm/K21D5_MDT_Remesa_02.tif","K21D5_MDT_Remesa_02.tif"
"https://visualizador.ide.uy/descargas/datos/CN_Remesa_02/01_MDT/02_MDT_GeoTIFF_Resolucion_250cm/K21D6_MDT_Remesa_02.tif","K21D6_MDT_Remesa_02.tif"
"https://visualizador.ide.uy/descargas/datos/CN_Remesa_02/01_MDT/02_MDT_GeoTIFF_Resolucion_250cm/K22A1_MDT_Remesa_02.tif","K22A1_MDT_Remesa_02.tif"
"https://visualizador.ide.uy/descargas/datos/CN_Remesa_02/01_MDT/02_MDT_GeoTIFF_Resolucion_250cm/K22A2_MDT_Remesa_02.tif","K22A2_MDT_Remesa_02.tif"
"https://visualizador.ide.uy/descargas/datos/CN_Remesa_02/01_MDT/02_MDT_GeoTIFF_Resolucion_250cm/K22A3_MDT_Remesa_02.tif","K22A3_MDT_Remesa_02.tif"
"https://visualizador.ide.uy/descargas/datos/CN_Remesa_02/01_MDT/02_MDT_GeoTIFF_Resolucion_250cm/K22A4_MDT_Remesa_02.tif","K22A4_MDT_Remesa_02.tif"
"https://visualizador.ide.uy/descargas/datos/CN_Remesa_02/01_MDT/02_MDT_GeoTIFF_Resolucion_250cm/K22A5_MDT_Remesa_02.tif","K22A5_MDT_Remesa_02.tif"
"https://visualizador.ide.uy/descargas/datos/CN_Remesa_02/01_MDT/02_MDT_GeoTIFF_Resolucion_250cm/K22A6_MDT_Remesa_02.tif","K22A6_MDT_Remesa_02.tif"
"https://visualizador.ide.uy/descargas/datos/CN_Remesa_02/01_MDT/02_MDT_GeoTIFF_Resolucion_250cm/K22B1_MDT_Remesa_02.tif","K22B1_MDT_Remesa_02.tif"
"https://visualizador.ide.uy/descargas/datos/CN_Remesa_02/01_MDT/02_MDT_GeoTIFF_Resolucion_250cm/K22B2_MDT_Remesa_02.tif","K22B2_MDT_Remesa_02.tif"
"https://visualizador.ide.uy/descargas/datos/CN_Remesa_02/01_MDT/02_MDT_GeoTIFF_Resolucion_250cm/K22B3_MDT_Remesa_02.tif","K22B3_MDT_Remesa_02.tif"
"https://visualizador.ide.uy/descargas/datos/CN_Remesa_02/01_MDT/02_MDT_GeoTIFF_Resolucion_250cm/K22B4_MDT_Remesa_02.tif","K22B4_MDT_Remesa_02.tif"
"https://visualizador.ide.uy/descargas/datos/CN_Remesa_02/01_MDT/02_MDT_GeoTIFF_Resolucion_250cm/K22B5_MDT_Remesa_02.tif","K22B5_MDT_Remesa_02.tif"
"https://visualizador.ide.uy/descargas/datos/CN_Remesa_02/01_MDT/02_MDT_GeoTIFF_Resolucion_250cm/K22B6_MDT_Remesa_02.tif","K22B6_MDT_Remesa_02.tif"
"https://visualizador.ide.uy/descargas/datos/CN_Remesa_02/01_MDT/02_MDT_GeoTIFF_Resolucion_250cm/K22C1_MDT_Remesa_02.tif","K22C1_MDT_Remesa_02.tif"
"https://visualizador.ide.uy/descargas/datos/CN_Remesa_02/01_MDT/02_MDT_GeoTIFF_Resolucion_250cm/K22C2_MDT_Remesa_02.tif","K22C2_MDT_Remesa_02.tif"
"https://visualizador.ide.uy/descargas/datos/CN_Remesa_02/01_MDT/02_MDT_GeoTIFF_Resolucion_250cm/K22C3_MDT_Remesa_02.tif","K22C3_MDT_Remesa_02.tif"
"https://visualizador.ide.uy/descargas/datos/CN_Remesa_02/01_MDT/02_MDT_GeoTIFF_Resolucion_250cm/K22C4_MDT_Remesa_02.tif","K22C4_MDT_Remesa_02.tif"
"https://visualizador.ide.uy/descargas/datos/CN_Remesa_02/01_MDT/02_MDT_GeoTIFF_Resolucion_250cm/K22C5_MDT_Remesa_02.tif","K22C5_MDT_Remesa_02.tif"
"https://visualizador.ide.uy/descargas/datos/CN_Remesa_02/01_MDT/02_MDT_GeoTIFF_Resolucion_250cm/K22C6_MDT_Remesa_02.tif","K22C6_MDT_Remesa_02.tif"
"https://visualizador.ide.uy/descargas/datos/CN_Remesa_02/01_MDT/02_MDT_GeoTIFF_Resolucion_250cm/K22D1_MDT_Remesa_02.tif","K22D1_MDT_Remesa_02.tif"
"https://visualizador.ide.uy/descargas/datos/CN_Remesa_02/01_MDT/02_MDT_GeoTIFF_Resolucion_250cm/K22D2_MDT_Remesa_02.tif","K22D2_MDT_Remesa_02.tif"
"https://visualizador.ide.uy/descargas/datos/CN_Remesa_02/01_MDT/02_MDT_GeoTIFF_Resolucion_250cm/K22D3_MDT_Remesa_02.tif","K22D3_MDT_Remesa_02.tif"
"https://visualizador.ide.uy/descargas/datos/CN_Remesa_02/01_MDT/02_MDT_GeoTIFF_Resolucion_250cm/K22D4_MDT_Remesa_02.tif","K22D4_MDT_Remesa_02.tif"
"https://visualizador.ide.uy/descargas/datos/CN_Remesa_02/01_MDT/02_MDT_GeoTIFF_Resolucion_250cm/K22D5_MDT_Remesa_02.tif","K22D5_MDT_Remesa_02.tif"
"https://visualizador.ide.uy/descargas/datos/CN_Remesa_02/01_MDT/02_MDT_GeoTIFF_Resolucion_250cm/K22D6_MDT_Remesa_02.tif","K22D6_MDT_Remesa_02.tif"
"https://visualizador.ide.uy/descargas/datos/CN_Remesa_02/01_MDT/02_MDT_GeoTIFF_Resolucion_250cm/K23A1_MDT_Remesa_02.tif","K23A1_MDT_Remesa_02.tif"
"https://visualizador.ide.uy/descargas/datos/CN_Remesa_02/01_MDT/02_MDT_GeoTIFF_Resolucion_250cm/K23A2_MDT_Remesa_02.tif","K23A2_MDT_Remesa_02.tif"
"https://visualizador.ide.uy/descargas/datos/CN_Remesa_02/01_MDT/02_MDT_GeoTIFF_Resolucion_250cm/K23A3_MDT_Remesa_02.tif","K23A3_MDT_Remesa_02.tif"
"https://visualizador.ide.uy/descargas/datos/CN_Remesa_02/01_MDT/02_MDT_GeoTIFF_Resolucion_250cm/K23A4_MDT_Remesa_02.tif","K23A4_MDT_Remesa_02.tif"
"https://visualizador.ide.uy/descargas/datos/CN_Remesa_02/01_MDT/02_MDT_GeoTIFF_Resolucion_250cm/K23A5_MDT_Remesa_02.tif","K23A5_MDT_Remesa_02.tif"
"https://visualizador.ide.uy/descargas/datos/CN_Remesa_02/01_MDT/02_MDT_GeoTIFF_Resolucion_250cm/K23A6_MDT_Remesa_02.tif","K23A6_MDT_Remesa_02.tif"
"https://visualizador.ide.uy/descargas/datos/CN_Remesa_02/01_MDT/02_MDT_GeoTIFF_Resolucion_250cm/K23B1_MDT_Remesa_02.tif","K23B1_MDT_Remesa_02.tif"
"https://visualizador.ide.uy/descargas/datos/CN_Remesa_02/01_MDT/02_MDT_GeoTIFF_Resolucion_250cm/K23B2_MDT_Remesa_02.tif","K23B2_MDT_Remesa_02.tif"
"https://visualizador.ide.uy/descargas/datos/CN_Remesa_02/01_MDT/02_MDT_GeoTIFF_Resolucion_250cm/K23B3_MDT_Remesa_02.tif","K23B3_MDT_Remesa_02.tif"
"https://visualizador.ide.uy/descargas/datos/CN_Remesa_02/01_MDT/02_MDT_GeoTIFF_Resolucion_250cm/K23B4_MDT_Remesa_02.tif","K23B4_MDT_Remesa_02.tif"
"https://visualizador.ide.uy/descargas/datos/CN_Remesa_02/01_MDT/02_MDT_GeoTIFF_Resolucion_250cm/K23C1_MDT_Remesa_02.tif","K23C1_MDT_Remesa_02.tif"
"https://visualizador.ide.uy/descargas/datos/CN_Remesa_02/01_MDT/02_MDT_GeoTIFF_Resolucion_250cm/K23C2_MDT_Remesa_02.tif","K23C2_MDT_Remesa_02.tif"
"https://visualizador.ide.uy/descargas/datos/CN_Remesa_02/01_MDT/02_MDT_GeoTIFF_Resolucion_250cm/K23C3_MDT_Remesa_02.tif","K23C3_MDT_Remesa_02.tif"
"https://visualizador.ide.uy/descargas/datos/CN_Remesa_02/01_MDT/02_MDT_GeoTIFF_Resolucion_250cm/K23C4_MDT_Remesa_02.tif","K23C4_MDT_Remesa_02.tif"
"https://visualizador.ide.uy/descargas/datos/CN_Remesa_02/01_MDT/02_MDT_GeoTIFF_Resolucion_250cm/K23C5_MDT_Remesa_02.tif","K23C5_MDT_Remesa_02.tif"
"https://visualizador.ide.uy/descargas/datos/CN_Remesa_02/01_MDT/02_MDT_GeoTIFF_Resolucion_250cm/K23C6_MDT_Remesa_02.tif","K23C6_MDT_Remesa_02.tif"
"https://visualizador.ide.uy/descargas/datos/CN_Remesa_02/01_MDT/02_MDT_GeoTIFF_Resolucion_250cm/L14C4_MDT_Remesa_02.tif","L14C4_MDT_Remesa_02.tif"
"https://visualizador.ide.uy/descargas/datos/CN_Remesa_02/01_MDT/02_MDT_GeoTIFF_Resolucion_250cm/L14C5_MDT_Remesa_02.tif","L14C5_MDT_Remesa_02.tif"
"https://visualizador.ide.uy/descargas/datos/CN_Remesa_02/01_MDT/02_MDT_GeoTIFF_Resolucion_250cm/L14C6_MDT_Remesa_02.tif","L14C6_MDT_Remesa_02.tif"
"https://visualizador.ide.uy/descargas/datos/CN_Remesa_02/01_MDT/02_MDT_GeoTIFF_Resolucion_250cm/L14D4_MDT_Remesa_02.tif","L14D4_MDT_Remesa_02.tif"
"https://visualizador.ide.uy/descargas/datos/CN_Remesa_02/01_MDT/02_MDT_GeoTIFF_Resolucion_250cm/L14D5_MDT_Remesa_02.tif","L14D5_MDT_Remesa_02.tif"
"https://visualizador.ide.uy/descargas/datos/CN_Remesa_02/01_MDT/02_MDT_GeoTIFF_Resolucion_250cm/L14D6_MDT_Remesa_02.tif","L14D6_MDT_Remesa_02.tif"
"https://visualizador.ide.uy/descargas/datos/CN_Remesa_02/01_MDT/02_MDT_GeoTIFF_Resolucion_250cm/L15A1_MDT_Remesa_02.tif","L15A1_MDT_Remesa_02.tif"
"https://visualizador.ide.uy/descargas/datos/CN_Remesa_02/01_MDT/02_MDT_GeoTIFF_Resolucion_250cm/L15A2_MDT_Remesa_02.tif","L15A2_MDT_Remesa_02.tif"
"https://visualizador.ide.uy/descargas/datos/CN_Remesa_02/01_MDT/02_MDT_GeoTIFF_Resolucion_250cm/L15A3_MDT_Remesa_02.tif","L15A3_MDT_Remesa_02.tif"
"https://visualizador.ide.uy/descargas/datos/CN_Remesa_02/01_MDT/02_MDT_GeoTIFF_Resolucion_250cm/L15A4_MDT_Remesa_02.tif","L15A4_MDT_Remesa_02.tif"
"https://visualizador.ide.uy/descargas/datos/CN_Remesa_02/01_MDT/02_MDT_GeoTIFF_Resolucion_250cm/L15A5_MDT_Remesa_02.tif","L15A5_MDT_Remesa_02.tif"
"https://visualizador.ide.uy/descargas/datos/CN_Remesa_02/01_MDT/02_MDT_GeoTIFF_Resolucion_250cm/L15A6_MDT_Remesa_02.tif","L15A6_MDT_Remesa_02.tif"
"https://visualizador.ide.uy/descargas/datos/CN_Remesa_02/01_MDT/02_MDT_GeoTIFF_Resolucion_250cm/L15B1_MDT_Remesa_02.tif","L15B1_MDT_Remesa_02.tif"
"https://visualizador.ide.uy/descargas/datos/CN_Remesa_02/01_MDT/02_MDT_GeoTIFF_Resolucion_250cm/L15B2_MDT_Remesa_02.tif","L15B2_MDT_Remesa_02.tif"
"https://visualizador.ide.uy/descargas/datos/CN_Remesa_02/01_MDT/02_MDT_GeoTIFF_Resolucion_250cm/L15B3_MDT_Remesa_02.tif","L15B3_MDT_Remesa_02.tif"
"https://visualizador.ide.uy/descargas/datos/CN_Remesa_02/01_MDT/02_MDT_GeoTIFF_Resolucion_250cm/L15B4_MDT_Remesa_02.tif","L15B4_MDT_Remesa_02.tif"
"https://visualizador.ide.uy/descargas/datos/CN_Remesa_02/01_MDT/02_MDT_GeoTIFF_Resolucion_250cm/L15B5_MDT_Remesa_02.tif","L15B5_MDT_Remesa_02.tif"
"https://visualizador.ide.uy/descargas/datos/CN_Remesa_02/01_MDT/02_MDT_GeoTIFF_Resolucion_250cm/L15B6_MDT_Remesa_02.tif","L15B6_MDT_Remesa_02.tif"
"https://visualizador.ide.uy/descargas/datos/CN_Remesa_02/01_MDT/02_MDT_GeoTIFF_Resolucion_250cm/L15C1_MDT_Remesa_02.tif","L15C1_MDT_Remesa_02.tif"
"https://visualizador.ide.uy/descargas/datos/CN_Remesa_02/01_MDT/02_MDT_GeoTIFF_Resolucion_250cm/L15C2_MDT_Remesa_02.tif","L15C2_MDT_Remesa_02.tif"
"https://visualizador.ide.uy/descargas/datos/CN_Remesa_02/01_MDT/02_MDT_GeoTIFF_Resolucion_250cm/L15C3_MDT_Remesa_02.tif","L15C3_MDT_Remesa_02.tif"
"https://visualizador.ide.uy/descargas/datos/CN_Remesa_02/01_MDT/02_MDT_GeoTIFF_Resolucion_250cm/L15C4_MDT_Remesa_02.tif","L15C4_MDT_Remesa_02.tif"
"https://visualizador.ide.uy/descargas/datos/CN_Remesa_02/01_MDT/02_MDT_GeoTIFF_Resolucion_250cm/L15C5_MDT_Remesa_02.tif","L15C5_MDT_Remesa_02.tif"
"https://visualizador.ide.uy/descargas/datos/CN_Remesa_02/01_MDT/02_MDT_GeoTIFF_Resolucion_250cm/L15C6_MDT_Remesa_02.tif","L15C6_MDT_Remesa_02.tif"
"https://visualizador.ide.uy/descargas/datos/CN_Remesa_02/01_MDT/02_MDT_GeoTIFF_Resolucion_250cm/L15D1_MDT_Remesa_02.tif","L15D1_MDT_Remesa_02.tif"
"https://visualizador.ide.uy/descargas/datos/CN_Remesa_02/01_MDT/02_MDT_GeoTIFF_Resolucion_250cm/L15D2_MDT_Remesa_02.tif","L15D2_MDT_Remesa_02.tif"
"https://visualizador.ide.uy/descargas/datos/CN_Remesa_02/01_MDT/02_MDT_GeoTIFF_Resolucion_250cm/L15D3_MDT_Remesa_02.tif","L15D3_MDT_Remesa_02.tif"
"https://visualizador.ide.uy/descargas/datos/CN_Remesa_02/01_MDT/02_MDT_GeoTIFF_Resolucion_250cm/L15D4_MDT_Remesa_02.tif","L15D4_MDT_Remesa_02.tif"
"https://visualizador.ide.uy/descargas/datos/CN_Remesa_02/01_MDT/02_MDT_GeoTIFF_Resolucion_250cm/L15D5_MDT_Remesa_02.tif","L15D5_MDT_Remesa_02.tif"
"https://visualizador.ide.uy/descargas/datos/CN_Remesa_02/01_MDT/02_MDT_GeoTIFF_Resolucion_250cm/L15D6_MDT_Remesa_02.tif","L15D6_MDT_Remesa_02.tif"
"https://visualizador.ide.uy/descargas/datos/CN_Remesa_02/01_MDT/02_MDT_GeoTIFF_Resolucion_250cm/L16A1_MDT_Remesa_02.tif","L16A1_MDT_Remesa_02.tif"
"https://visualizador.ide.uy/descargas/datos/CN_Remesa_02/01_MDT/02_MDT_GeoTIFF_Resolucion_250cm/L16A2_MDT_Remesa_02.tif","L16A2_MDT_Remesa_02.tif"
"https://visualizador.ide.uy/descargas/datos/CN_Remesa_02/01_MDT/02_MDT_GeoTIFF_Resolucion_250cm/L16A3_MDT_Remesa_02.tif","L16A3_MDT_Remesa_02.tif"
"https://visualizador.ide.uy/descargas/datos/CN_Remesa_02/01_MDT/02_MDT_GeoTIFF_Resolucion_250cm/L16A4_MDT_Remesa_02.tif","L16A4_MDT_Remesa_02.tif"
"https://visualizador.ide.uy/descargas/datos/CN_Remesa_02/01_MDT/02_MDT_GeoTIFF_Resolucion_250cm/L16A5_MDT_Remesa_02.tif","L16A5_MDT_Remesa_02.tif"
"https://visualizador.ide.uy/descargas/datos/CN_Remesa_02/01_MDT/02_MDT_GeoTIFF_Resolucion_250cm/L16A6_MDT_Remesa_02.tif","L16A6_MDT_Remesa_02.tif"
"https://visualizador.ide.uy/descargas/datos/CN_Remesa_02/01_MDT/02_MDT_GeoTIFF_Resolucion_250cm/L16B1_MDT_Remesa_02.tif","L16B1_MDT_Remesa_02.tif"
"https://visualizador.ide.uy/descargas/datos/CN_Remesa_02/01_MDT/02_MDT_GeoTIFF_Resolucion_250cm/L16B2_MDT_Remesa_02.tif","L16B2_MDT_Remesa_02.tif"
"https://visualizador.ide.uy/descargas/datos/CN_Remesa_02/01_MDT/02_MDT_GeoTIFF_Resolucion_250cm/L16B3_MDT_Remesa_02.tif","L16B3_MDT_Remesa_02.tif"
"https://visualizador.ide.uy/descargas/datos/CN_Remesa_02/01_MDT/02_MDT_GeoTIFF_Resolucion_250cm/L16B4_MDT_Remesa_02.tif","L16B4_MDT_Remesa_02.tif"
"https://visualizador.ide.uy/descargas/datos/CN_Remesa_02/01_MDT/02_MDT_GeoTIFF_Resolucion_250cm/L16B5_MDT_Remesa_02.tif","L16B5_MDT_Remesa_02.tif"
"https://visualizador.ide.uy/descargas/datos/CN_Remesa_02/01_MDT/02_MDT_GeoTIFF_Resolucion_250cm/L16B6_MDT_Remesa_02.tif","L16B6_MDT_Remesa_02.tif"
"https://visualizador.ide.uy/descargas/datos/CN_Remesa_02/01_MDT/02_MDT_GeoTIFF_Resolucion_250cm/L16C1_MDT_Remesa_02.tif","L16C1_MDT_Remesa_02.tif"
"https://visualizador.ide.uy/descargas/datos/CN_Remesa_02/01_MDT/02_MDT_GeoTIFF_Resolucion_250cm/L16C2_MDT_Remesa_02.tif","L16C2_MDT_Remesa_02.tif"
"https://visualizador.ide.uy/descargas/datos/CN_Remesa_02/01_MDT/02_MDT_GeoTIFF_Resolucion_250cm/L16C3_MDT_Remesa_02.tif","L16C3_MDT_Remesa_02.tif"
"https://visualizador.ide.uy/descargas/datos/CN_Remesa_02/01_MDT/02_MDT_GeoTIFF_Resolucion_250cm/L16C4_MDT_Remesa_02.tif","L16C4_MDT_Remesa_02.tif"
"https://visualizador.ide.uy/descargas/datos/CN_Remesa_02/01_MDT/02_MDT_GeoTIFF_Resolucion_250cm/L16C5_MDT_Remesa_02.tif","L16C5_MDT_Remesa_02.tif"
"https://visualizador.ide.uy/descargas/datos/CN_Remesa_02/01_MDT/02_MDT_GeoTIFF_Resolucion_250cm/L16C6_MDT_Remesa_02.tif","L16C6_MDT_Remesa_02.tif"
"https://visualizador.ide.uy/descargas/datos/CN_Remesa_02/01_MDT/02_MDT_GeoTIFF_Resolucion_250cm/L16D1_MDT_Remesa_02.tif","L16D1_MDT_Remesa_02.tif"
"https://visualizador.ide.uy/descargas/datos/CN_Remesa_02/01_MDT/02_MDT_GeoTIFF_Resolucion_250cm/L16D2_MDT_Remesa_02.tif","L16D2_MDT_Remesa_02.tif"
"https://visualizador.ide.uy/descargas/datos/CN_Remesa_02/01_MDT/02_MDT_GeoTIFF_Resolucion_250cm/L16D3_MDT_Remesa_02.tif","L16D3_MDT_Remesa_02.tif"
"https://visualizador.ide.uy/descargas/datos/CN_Remesa_02/01_MDT/02_MDT_GeoTIFF_Resolucion_250cm/L16D4_MDT_Remesa_02.tif","L16D4_MDT_Remesa_02.tif"
"https://visualizador.ide.uy/descargas/datos/CN_Remesa_02/01_MDT/02_MDT_GeoTIFF_Resolucion_250cm/L16D5_MDT_Remesa_02.tif","L16D5_MDT_Remesa_02.tif"
"https://visualizador.ide.uy/descargas/datos/CN_Remesa_02/01_MDT/02_MDT_GeoTIFF_Resolucion_250cm/L16D6_MDT_Remesa_02.tif","L16D6_MDT_Remesa_02.tif"
"https://visualizador.ide.uy/descargas/datos/CN_Remesa_02/01_MDT/02_MDT_GeoTIFF_Resolucion_250cm/L17A1_MDT_Remesa_02.tif","L17A1_MDT_Remesa_02.tif"
"https://visualizador.ide.uy/descargas/datos/CN_Remesa_02/01_MDT/02_MDT_GeoTIFF_Resolucion_250cm/L17A2_MDT_Remesa_02.tif","L17A2_MDT_Remesa_02.tif"
"https://visualizador.ide.uy/descargas/datos/CN_Remesa_02/01_MDT/02_MDT_GeoTIFF_Resolucion_250cm/L17A3_MDT_Remesa_02.tif","L17A3_MDT_Remesa_02.tif"
"https://visualizador.ide.uy/descargas/datos/CN_Remesa_02/01_MDT/02_MDT_GeoTIFF_Resolucion_250cm/L17A4_MDT_Remesa_02.tif","L17A4_MDT_Remesa_02.tif"
"https://visualizador.ide.uy/descargas/datos/CN_Remesa_02/01_MDT/02_MDT_GeoTIFF_Resolucion_250cm/L17A5_MDT_Remesa_02.tif","L17A5_MDT_Remesa_02.tif"
"https://visualizador.ide.uy/descargas/datos/CN_Remesa_02/01_MDT/02_MDT_GeoTIFF_Resolucion_250cm/L17A6_MDT_Remesa_02.tif","L17A6_MDT_Remesa_02.tif"
"https://visualizador.ide.uy/descargas/datos/CN_Remesa_02/01_MDT/02_MDT_GeoTIFF_Resolucion_250cm/L17B1_MDT_Remesa_02.tif","L17B1_MDT_Remesa_02.tif"
"https://visualizador.ide.uy/descargas/datos/CN_Remesa_02/01_MDT/02_MDT_GeoTIFF_Resolucion_250cm/L17B2_MDT_Remesa_02.tif","L17B2_MDT_Remesa_02.tif"
"https://visualizador.ide.uy/descargas/datos/CN_Remesa_02/01_MDT/02_MDT_GeoTIFF_Resolucion_250cm/L17B3_MDT_Remesa_02.tif","L17B3_MDT_Remesa_02.tif"
"https://visualizador.ide.uy/descargas/datos/CN_Remesa_02/01_MDT/02_MDT_GeoTIFF_Resolucion_250cm/L17B4_MDT_Remesa_02.tif","L17B4_MDT_Remesa_02.tif"
"https://visualizador.ide.uy/descargas/datos/CN_Remesa_02/01_MDT/02_MDT_GeoTIFF_Resolucion_250cm/L17B5_MDT_Remesa_02.tif","L17B5_MDT_Remesa_02.tif"
"https://visualizador.ide.uy/descargas/datos/CN_Remesa_02/01_MDT/02_MDT_GeoTIFF_Resolucion_250cm/L17B6_MDT_Remesa_02.tif","L17B6_MDT_Remesa_02.tif"
"https://visualizador.ide.uy/descargas/datos/CN_Remesa_02/01_MDT/02_MDT_GeoTIFF_Resolucion_250cm/L17C1_MDT_Remesa_02.tif","L17C1_MDT_Remesa_02.tif"
"https://visualizador.ide.uy/descargas/datos/CN_Remesa_02/01_MDT/02_MDT_GeoTIFF_Resolucion_250cm/L17C2_MDT_Remesa_02.tif","L17C2_MDT_Remesa_02.tif"
"https://visualizador.ide.uy/descargas/datos/CN_Remesa_02/01_MDT/02_MDT_GeoTIFF_Resolucion_250cm/L17C3_MDT_Remesa_02.tif","L17C3_MDT_Remesa_02.tif"
"https://visualizador.ide.uy/descargas/datos/CN_Remesa_02/01_MDT/02_MDT_GeoTIFF_Resolucion_250cm/L17C4_MDT_Remesa_02.tif","L17C4_MDT_Remesa_02.tif"
"https://visualizador.ide.uy/descargas/datos/CN_Remesa_02/01_MDT/02_MDT_GeoTIFF_Resolucion_250cm/L17C5_MDT_Remesa_02.tif","L17C5_MDT_Remesa_02.tif"
"https://visualizador.ide.uy/descargas/datos/CN_Remesa_02/01_MDT/02_MDT_GeoTIFF_Resolucion_250cm/L17C6_MDT_Remesa_02.tif","L17C6_MDT_Remesa_02.tif"
"https://visualizador.ide.uy/descargas/datos/CN_Remesa_02/01_MDT/02_MDT_GeoTIFF_Resolucion_250cm/L17D1_MDT_Remesa_02.tif","L17D1_MDT_Remesa_02.tif"
"https://visualizador.ide.uy/descargas/datos/CN_Remesa_02/01_MDT/02_MDT_GeoTIFF_Resolucion_250cm/L17D2_MDT_Remesa_02.tif","L17D2_MDT_Remesa_02.tif"
"https://visualizador.ide.uy/descargas/datos/CN_Remesa_02/01_MDT/02_MDT_GeoTIFF_Resolucion_250cm/L17D3_MDT_Remesa_02.tif","L17D3_MDT_Remesa_02.tif"
"https://visualizador.ide.uy/descargas/datos/CN_Remesa_02/01_MDT/02_MDT_GeoTIFF_Resolucion_250cm/L17D4_MDT_Remesa_02.tif","L17D4_MDT_Remesa_02.tif"
"https://visualizador.ide.uy/descargas/datos/CN_Remesa_02/01_MDT/02_MDT_GeoTIFF_Resolucion_250cm/L17D5_MDT_Remesa_02.tif","L17D5_MDT_Remesa_02.tif"
"https://visualizador.ide.uy/descargas/datos/CN_Remesa_02/01_MDT/02_MDT_GeoTIFF_Resolucion_250cm/L17D6_MDT_Remesa_02.tif","L17D6_MDT_Remesa_02.tif"
"https://visualizador.ide.uy/descargas/datos/CN_Remesa_02/01_MDT/02_MDT_GeoTIFF_Resolucion_250cm/L18A1_MDT_Remesa_02.tif","L18A1_MDT_Remesa_02.tif"
"https://visualizador.ide.uy/descargas/datos/CN_Remesa_02/01_MDT/02_MDT_GeoTIFF_Resolucion_250cm/L18A2_MDT_Remesa_02.tif","L18A2_MDT_Remesa_02.tif"
"https://visualizador.ide.uy/descargas/datos/CN_Remesa_02/01_MDT/02_MDT_GeoTIFF_Resolucion_250cm/L18A3_MDT_Remesa_02.tif","L18A3_MDT_Remesa_02.tif"
"https://visualizador.ide.uy/descargas/datos/CN_Remesa_02/01_MDT/02_MDT_GeoTIFF_Resolucion_250cm/L18A4_MDT_Remesa_02.tif","L18A4_MDT_Remesa_02.tif"
"https://visualizador.ide.uy/descargas/datos/CN_Remesa_02/01_MDT/02_MDT_GeoTIFF_Resolucion_250cm/L18A5_MDT_Remesa_02.tif","L18A5_MDT_Remesa_02.tif"
"https://visualizador.ide.uy/descargas/datos/CN_Remesa_02/01_MDT/02_MDT_GeoTIFF_Resolucion_250cm/L18A6_MDT_Remesa_02.tif","L18A6_MDT_Remesa_02.tif"
"https://visualizador.ide.uy/descargas/datos/CN_Remesa_02/01_MDT/02_MDT_GeoTIFF_Resolucion_250cm/L18B1_MDT_Remesa_02.tif","L18B1_MDT_Remesa_02.tif"
"https://visualizador.ide.uy/descargas/datos/CN_Remesa_02/01_MDT/02_MDT_GeoTIFF_Resolucion_250cm/L18B2_MDT_Remesa_02.tif","L18B2_MDT_Remesa_02.tif"
"https://visualizador.ide.uy/descargas/datos/CN_Remesa_02/01_MDT/02_MDT_GeoTIFF_Resolucion_250cm/L18B3_MDT_Remesa_02.tif","L18B3_MDT_Remesa_02.tif"
"https://visualizador.ide.uy/descargas/datos/CN_Remesa_02/01_MDT/02_MDT_GeoTIFF_Resolucion_250cm/L18B4_MDT_Remesa_02.tif","L18B4_MDT_Remesa_02.tif"
"https://visualizador.ide.uy/descargas/datos/CN_Remesa_02/01_MDT/02_MDT_GeoTIFF_Resolucion_250cm/L18B5_MDT_Remesa_02.tif","L18B5_MDT_Remesa_02.tif"
"https://visualizador.ide.uy/descargas/datos/CN_Remesa_02/01_MDT/02_MDT_GeoTIFF_Resolucion_250cm/L18B6_MDT_Remesa_02.tif","L18B6_MDT_Remesa_02.tif"
"https://visualizador.ide.uy/descargas/datos/CN_Remesa_02/01_MDT/02_MDT_GeoTIFF_Resolucion_250cm/L18C1_MDT_Remesa_02.tif","L18C1_MDT_Remesa_02.tif"
"https://visualizador.ide.uy/descargas/datos/CN_Remesa_02/01_MDT/02_MDT_GeoTIFF_Resolucion_250cm/L18C2_MDT_Remesa_02.tif","L18C2_MDT_Remesa_02.tif"
"https://visualizador.ide.uy/descargas/datos/CN_Remesa_02/01_MDT/02_MDT_GeoTIFF_Resolucion_250cm/L18C3_MDT_Remesa_02.tif","L18C3_MDT_Remesa_02.tif"
"https://visualizador.ide.uy/descargas/datos/CN_Remesa_02/01_MDT/02_MDT_GeoTIFF_Resolucion_250cm/L18C4_MDT_Remesa_02.tif","L18C4_MDT_Remesa_02.tif"
"https://visualizador.ide.uy/descargas/datos/CN_Remesa_02/01_MDT/02_MDT_GeoTIFF_Resolucion_250cm/L18C5_MDT_Remesa_02.tif","L18C5_MDT_Remesa_02.tif"
"https://visualizador.ide.uy/descargas/datos/CN_Remesa_02/01_MDT/02_MDT_GeoTIFF_Resolucion_250cm/L18C6_MDT_Remesa_02.tif","L18C6_MDT_Remesa_02.tif"
"https://visualizador.ide.uy/descargas/datos/CN_Remesa_02/01_MDT/02_MDT_GeoTIFF_Resolucion_250cm/L18D1_MDT_Remesa_02.tif","L18D1_MDT_Remesa_02.tif"
"https://visualizador.ide.uy/descargas/datos/CN_Remesa_02/01_MDT/02_MDT_GeoTIFF_Resolucion_250cm/L18D2_MDT_Remesa_02.tif","L18D2_MDT_Remesa_02.tif"
"https://visualizador.ide.uy/descargas/datos/CN_Remesa_02/01_MDT/02_MDT_GeoTIFF_Resolucion_250cm/L18D3_MDT_Remesa_02.tif","L18D3_MDT_Remesa_02.tif"
"https://visualizador.ide.uy/descargas/datos/CN_Remesa_02/01_MDT/02_MDT_GeoTIFF_Resolucion_250cm/L18D4_MDT_Remesa_02.tif","L18D4_MDT_Remesa_02.tif"
"https://visualizador.ide.uy/descargas/datos/CN_Remesa_02/01_MDT/02_MDT_GeoTIFF_Resolucion_250cm/L18D5_MDT_Remesa_02.tif","L18D5_MDT_Remesa_02.tif"
"https://visualizador.ide.uy/descargas/datos/CN_Remesa_02/01_MDT/02_MDT_GeoTIFF_Resolucion_250cm/L18D6_MDT_Remesa_02.tif","L18D6_MDT_Remesa_02.tif"
"https://visualizador.ide.uy/descargas/datos/CN_Remesa_02/01_MDT/02_MDT_GeoTIFF_Resolucion_250cm/L19A1_MDT_Remesa_02.tif","L19A1_MDT_Remesa_02.tif"
"https://visualizador.ide.uy/descargas/datos/CN_Remesa_02/01_MDT/02_MDT_GeoTIFF_Resolucion_250cm/L19A2_MDT_Remesa_02.tif","L19A2_MDT_Remesa_02.tif"
"https://visualizador.ide.uy/descargas/datos/CN_Remesa_02/01_MDT/02_MDT_GeoTIFF_Resolucion_250cm/L19A3_MDT_Remesa_02.tif","L19A3_MDT_Remesa_02.tif"
"https://visualizador.ide.uy/descargas/datos/CN_Remesa_02/01_MDT/02_MDT_GeoTIFF_Resolucion_250cm/L19A4_MDT_Remesa_02.tif","L19A4_MDT_Remesa_02.tif"
"https://visualizador.ide.uy/descargas/datos/CN_Remesa_02/01_MDT/02_MDT_GeoTIFF_Resolucion_250cm/L19A5_MDT_Remesa_02.tif","L19A5_MDT_Remesa_02.tif"
"https://visualizador.ide.uy/descargas/datos/CN_Remesa_02/01_MDT/02_MDT_GeoTIFF_Resolucion_250cm/L19A6_MDT_Remesa_02.tif","L19A6_MDT_Remesa_02.tif"
"https://visualizador.ide.uy/descargas/datos/CN_Remesa_02/01_MDT/02_MDT_GeoTIFF_Resolucion_250cm/L19B1_MDT_Remesa_02.tif","L19B1_MDT_Remesa_02.tif"
"https://visualizador.ide.uy/descargas/datos/CN_Remesa_02/01_MDT/02_MDT_GeoTIFF_Resolucion_250cm/L19B2_MDT_Remesa_02.tif","L19B2_MDT_Remesa_02.tif"
"https://visualizador.ide.uy/descargas/datos/CN_Remesa_02/01_MDT/02_MDT_GeoTIFF_Resolucion_250cm/L19B3_MDT_Remesa_02.tif","L19B3_MDT_Remesa_02.tif"
"https://visualizador.ide.uy/descargas/datos/CN_Remesa_02/01_MDT/02_MDT_GeoTIFF_Resolucion_250cm/L19B4_MDT_Remesa_02.tif","L19B4_MDT_Remesa_02.tif"
"https://visualizador.ide.uy/descargas/datos/CN_Remesa_02/01_MDT/02_MDT_GeoTIFF_Resolucion_250cm/L19B5_MDT_Remesa_02.tif","L19B5_MDT_Remesa_02.tif"
"https://visualizador.ide.uy/descargas/datos/CN_Remesa_02/01_MDT/02_MDT_GeoTIFF_Resolucion_250cm/L19B6_MDT_Remesa_02.tif","L19B6_MDT_Remesa_02.tif"
"https://visualizador.ide.uy/descargas/datos/CN_Remesa_02/01_MDT/02_MDT_GeoTIFF_Resolucion_250cm/L19C1_MDT_Remesa_02.tif","L19C1_MDT_Remesa_02.tif"
"https://visualizador.ide.uy/descargas/datos/CN_Remesa_02/01_MDT/02_MDT_GeoTIFF_Resolucion_250cm/L19C2_MDT_Remesa_02.tif","L19C2_MDT_Remesa_02.tif"
"https://visualizador.ide.uy/descargas/datos/CN_Remesa_02/01_MDT/02_MDT_GeoTIFF_Resolucion_250cm/L19C3_MDT_Remesa_02.tif","L19C3_MDT_Remesa_02.tif"
"https://visualizador.ide.uy/descargas/datos/CN_Remesa_02/01_MDT/02_MDT_GeoTIFF_Resolucion_250cm/L19C4_MDT_Remesa_02.tif","L19C4_MDT_Remesa_02.tif"
"https://visualizador.ide.uy/descargas/datos/CN_Remesa_02/01_MDT/02_MDT_GeoTIFF_Resolucion_250cm/L19C5_MDT_Remesa_02.tif","L19C5_MDT_Remesa_02.tif"
"https://visualizador.ide.uy/descargas/datos/CN_Remesa_02/01_MDT/02_MDT_GeoTIFF_Resolucion_250cm/L19C6_MDT_Remesa_02.tif","L19C6_MDT_Remesa_02.tif"
"https://visualizador.ide.uy/descargas/datos/CN_Remesa_02/01_MDT/02_MDT_GeoTIFF_Resolucion_250cm/L19D1_MDT_Remesa_02.tif","L19D1_MDT_Remesa_02.tif"
"https://visualizador.ide.uy/descargas/datos/CN_Remesa_02/01_MDT/02_MDT_GeoTIFF_Resolucion_250cm/L19D2_MDT_Remesa_02.tif","L19D2_MDT_Remesa_02.tif"
"https://visualizador.ide.uy/descargas/datos/CN_Remesa_02/01_MDT/02_MDT_GeoTIFF_Resolucion_250cm/L19D3_MDT_Remesa_02.tif","L19D3_MDT_Remesa_02.tif"
"https://visualizador.ide.uy/descargas/datos/CN_Remesa_02/01_MDT/02_MDT_GeoTIFF_Resolucion_250cm/L19D4_MDT_Remesa_02.tif","L19D4_MDT_Remesa_02.tif"
"https://visualizador.ide.uy/descargas/datos/CN_Remesa_02/01_MDT/02_MDT_GeoTIFF_Resolucion_250cm/L19D5_MDT_Remesa_02.tif","L19D5_MDT_Remesa_02.tif"
"https://visualizador.ide.uy/descargas/datos/CN_Remesa_02/01_MDT/02_MDT_GeoTIFF_Resolucion_250cm/L19D6_MDT_Remesa_02.tif","L19D6_MDT_Remesa_02.tif"
"https://visualizador.ide.uy/descargas/datos/CN_Remesa_02/01_MDT/02_MDT_GeoTIFF_Resolucion_250cm/L20A1_MDT_Remesa_02.tif","L20A1_MDT_Remesa_02.tif"
"https://visualizador.ide.uy/descargas/datos/CN_Remesa_02/01_MDT/02_MDT_GeoTIFF_Resolucion_250cm/L20A2_MDT_Remesa_02.tif","L20A2_MDT_Remesa_02.tif"
"https://visualizador.ide.uy/descargas/datos/CN_Remesa_02/01_MDT/02_MDT_GeoTIFF_Resolucion_250cm/L20A3_MDT_Remesa_02.tif","L20A3_MDT_Remesa_02.tif"
"https://visualizador.ide.uy/descargas/datos/CN_Remesa_02/01_MDT/02_MDT_GeoTIFF_Resolucion_250cm/L20A4_MDT_Remesa_02.tif","L20A4_MDT_Remesa_02.tif"
"https://visualizador.ide.uy/descargas/datos/CN_Remesa_02/01_MDT/02_MDT_GeoTIFF_Resolucion_250cm/L20A5_MDT_Remesa_02.tif","L20A5_MDT_Remesa_02.tif"
"https://visualizador.ide.uy/descargas/datos/CN_Remesa_02/01_MDT/02_MDT_GeoTIFF_Resolucion_250cm/L20A6_MDT_Remesa_02.tif","L20A6_MDT_Remesa_02.tif"
"https://visualizador.ide.uy/descargas/datos/CN_Remesa_02/01_MDT/02_MDT_GeoTIFF_Resolucion_250cm/L20B1_MDT_Remesa_02.tif","L20B1_MDT_Remesa_02.tif"
"https://visualizador.ide.uy/descargas/datos/CN_Remesa_02/01_MDT/02_MDT_GeoTIFF_Resolucion_250cm/L20B2_MDT_Remesa_02.tif","L20B2_MDT_Remesa_02.tif"
"https://visualizador.ide.uy/descargas/datos/CN_Remesa_02/01_MDT/02_MDT_GeoTIFF_Resolucion_250cm/L20B3_MDT_Remesa_02.tif","L20B3_MDT_Remesa_02.tif"
"https://visualizador.ide.uy/descargas/datos/CN_Remesa_02/01_MDT/02_MDT_GeoTIFF_Resolucion_250cm/L20B4_MDT_Remesa_02.tif","L20B4_MDT_Remesa_02.tif"
"https://visualizador.ide.uy/descargas/datos/CN_Remesa_02/01_MDT/02_MDT_GeoTIFF_Resolucion_250cm/L20B5_MDT_Remesa_02.tif","L20B5_MDT_Remesa_02.tif"
"https://visualizador.ide.uy/descargas/datos/CN_Remesa_02/01_MDT/02_MDT_GeoTIFF_Resolucion_250cm/L20B6_MDT_Remesa_02.tif","L20B6_MDT_Remesa_02.tif"
"https://visualizador.ide.uy/descargas/datos/CN_Remesa_02/01_MDT/02_MDT_GeoTIFF_Resolucion_250cm/L20C1_MDT_Remesa_02.tif","L20C1_MDT_Remesa_02.tif"
"https://visualizador.ide.uy/descargas/datos/CN_Remesa_02/01_MDT/02_MDT_GeoTIFF_Resolucion_250cm/L20C2_MDT_Remesa_02.tif","L20C2_MDT_Remesa_02.tif"
"https://visualizador.ide.uy/descargas/datos/CN_Remesa_02/01_MDT/02_MDT_GeoTIFF_Resolucion_250cm/L20C3_MDT_Remesa_02.tif","L20C3_MDT_Remesa_02.tif"
"https://visualizador.ide.uy/descargas/datos/CN_Remesa_02/01_MDT/02_MDT_GeoTIFF_Resolucion_250cm/L20C4_MDT_Remesa_02.tif","L20C4_MDT_Remesa_02.tif"
"https://visualizador.ide.uy/descargas/datos/CN_Remesa_02/01_MDT/02_MDT_GeoTIFF_Resolucion_250cm/L20C5_MDT_Remesa_02.tif","L20C5_MDT_Remesa_02.tif"
"https://visualizador.ide.uy/descargas/datos/CN_Remesa_02/01_MDT/02_MDT_GeoTIFF_Resolucion_250cm/L20C6_MDT_Remesa_02.tif","L20C6_MDT_Remesa_02.tif"
"https://visualizador.ide.uy/descargas/datos/CN_Remesa_02/01_MDT/02_MDT_GeoTIFF_Resolucion_250cm/L20D1_MDT_Remesa_02.tif","L20D1_MDT_Remesa_02.tif"
"https://visualizador.ide.uy/descargas/datos/CN_Remesa_02/01_MDT/02_MDT_GeoTIFF_Resolucion_250cm/L20D2_MDT_Remesa_02.tif","L20D2_MDT_Remesa_02.tif"
"https://visualizador.ide.uy/descargas/datos/CN_Remesa_02/01_MDT/02_MDT_GeoTIFF_Resolucion_250cm/L20D3_MDT_Remesa_02.tif","L20D3_MDT_Remesa_02.tif"
"https://visualizador.ide.uy/descargas/datos/CN_Remesa_02/01_MDT/02_MDT_GeoTIFF_Resolucion_250cm/L20D4_MDT_Remesa_02.tif","L20D4_MDT_Remesa_02.tif"
"https://visualizador.ide.uy/descargas/datos/CN_Remesa_02/01_MDT/02_MDT_GeoTIFF_Resolucion_250cm/L20D5_MDT_Remesa_02.tif","L20D5_MDT_Remesa_02.tif"
"https://visualizador.ide.uy/descargas/datos/CN_Remesa_02/01_MDT/02_MDT_GeoTIFF_Resolucion_250cm/L20D6_MDT_Remesa_02.tif","L20D6_MDT_Remesa_02.tif"
"https://visualizador.ide.uy/descargas/datos/CN_Remesa_02/01_MDT/02_MDT_GeoTIFF_Resolucion_250cm/L21A1_MDT_Remesa_02.tif","L21A1_MDT_Remesa_02.tif"
"https://visualizador.ide.uy/descargas/datos/CN_Remesa_02/01_MDT/02_MDT_GeoTIFF_Resolucion_250cm/L21A2_MDT_Remesa_02.tif","L21A2_MDT_Remesa_02.tif"
"https://visualizador.ide.uy/descargas/datos/CN_Remesa_02/01_MDT/02_MDT_GeoTIFF_Resolucion_250cm/L21A3_MDT_Remesa_02.tif","L21A3_MDT_Remesa_02.tif"
"https://visualizador.ide.uy/descargas/datos/CN_Remesa_02/01_MDT/02_MDT_GeoTIFF_Resolucion_250cm/L21A4_MDT_Remesa_02.tif","L21A4_MDT_Remesa_02.tif"
"https://visualizador.ide.uy/descargas/datos/CN_Remesa_02/01_MDT/02_MDT_GeoTIFF_Resolucion_250cm/L21A5_MDT_Remesa_02.tif","L21A5_MDT_Remesa_02.tif"
"https://visualizador.ide.uy/descargas/datos/CN_Remesa_02/01_MDT/02_MDT_GeoTIFF_Resolucion_250cm/L21A6_MDT_Remesa_02.tif","L21A6_MDT_Remesa_02.tif"
"https://visualizador.ide.uy/descargas/datos/CN_Remesa_02/01_MDT/02_MDT_GeoTIFF_Resolucion_250cm/L21B1_MDT_Remesa_02.tif","L21B1_MDT_Remesa_02.tif"
"https://visualizador.ide.uy/descargas/datos/CN_Remesa_02/01_MDT/02_MDT_GeoTIFF_Resolucion_250cm/L21B2_MDT_Remesa_02.tif","L21B2_MDT_Remesa_02.tif"
"https://visualizador.ide.uy/descargas/datos/CN_Remesa_02/01_MDT/02_MDT_GeoTIFF_Resolucion_250cm/L21B3_MDT_Remesa_02.tif","L21B3_MDT_Remesa_02.tif"
"https://visualizador.ide.uy/descargas/datos/CN_Remesa_02/01_MDT/02_MDT_GeoTIFF_Resolucion_250cm/L21B4_MDT_Remesa_02.tif","L21B4_MDT_Remesa_02.tif"
"https://visualizador.ide.uy/descargas/datos/CN_Remesa_02/01_MDT/02_MDT_GeoTIFF_Resolucion_250cm/L21B5_MDT_Remesa_02.tif","L21B5_MDT_Remesa_02.tif"
"https://visualizador.ide.uy/descargas/datos/CN_Remesa_02/01_MDT/02_MDT_GeoTIFF_Resolucion_250cm/L21B6_MDT_Remesa_02.tif","L21B6_MDT_Remesa_02.tif"
"https://visualizador.ide.uy/descargas/datos/CN_Remesa_02/01_MDT/02_MDT_GeoTIFF_Resolucion_250cm/L21C1_MDT_Remesa_02.tif","L21C1_MDT_Remesa_02.tif"
"https://visualizador.ide.uy/descargas/datos/CN_Remesa_02/01_MDT/02_MDT_GeoTIFF_Resolucion_250cm/L21C2_MDT_Remesa_02.tif","L21C2_MDT_Remesa_02.tif"
"https://visualizador.ide.uy/descargas/datos/CN_Remesa_02/01_MDT/02_MDT_GeoTIFF_Resolucion_250cm/L21C3_MDT_Remesa_02.tif","L21C3_MDT_Remesa_02.tif"
"https://visualizador.ide.uy/descargas/datos/CN_Remesa_02/01_MDT/02_MDT_GeoTIFF_Resolucion_250cm/L21C4_MDT_Remesa_02.tif","L21C4_MDT_Remesa_02.tif"
"https://visualizador.ide.uy/descargas/datos/CN_Remesa_02/01_MDT/02_MDT_GeoTIFF_Resolucion_250cm/L21C5_MDT_Remesa_02.tif","L21C5_MDT_Remesa_02.tif"
"https://visualizador.ide.uy/descargas/datos/CN_Remesa_02/01_MDT/02_MDT_GeoTIFF_Resolucion_250cm/L21C6_MDT_Remesa_02.tif","L21C6_MDT_Remesa_02.tif"
"https://visualizador.ide.uy/descargas/datos/CN_Remesa_02/01_MDT/02_MDT_GeoTIFF_Resolucion_250cm/L21D1_MDT_Remesa_02.tif","L21D1_MDT_Remesa_02.tif"
"https://visualizador.ide.uy/descargas/datos/CN_Remesa_02/01_MDT/02_MDT_GeoTIFF_Resolucion_250cm/L21D2_MDT_Remesa_02.tif","L21D2_MDT_Remesa_02.tif"
"https://visualizador.ide.uy/descargas/datos/CN_Remesa_02/01_MDT/02_MDT_GeoTIFF_Resolucion_250cm/L21D3_MDT_Remesa_02.tif","L21D3_MDT_Remesa_02.tif"
"https://visualizador.ide.uy/descargas/datos/CN_Remesa_02/01_MDT/02_MDT_GeoTIFF_Resolucion_250cm/L21D4_MDT_Remesa_02.tif","L21D4_MDT_Remesa_02.tif"
"https://visualizador.ide.uy/descargas/datos/CN_Remesa_02/01_MDT/02_MDT_GeoTIFF_Resolucion_250cm/L21D5_MDT_Remesa_02.tif","L21D5_MDT_Remesa_02.tif"
"https://visualizador.ide.uy/descargas/datos/CN_Remesa_02/01_MDT/02_MDT_GeoTIFF_Resolucion_250cm/L21D6_MDT_Remesa_02.tif","L21D6_MDT_Remesa_02.tif"
"https://visualizador.ide.uy/descargas/datos/CN_Remesa_02/01_MDT/02_MDT_GeoTIFF_Resolucion_250cm/L22A1_MDT_Remesa_02.tif","L22A1_MDT_Remesa_02.tif"
"https://visualizador.ide.uy/descargas/datos/CN_Remesa_02/01_MDT/02_MDT_GeoTIFF_Resolucion_250cm/L22A2_MDT_Remesa_02.tif","L22A2_MDT_Remesa_02.tif"
"https://visualizador.ide.uy/descargas/datos/CN_Remesa_02/01_MDT/02_MDT_GeoTIFF_Resolucion_250cm/L22A3_MDT_Remesa_02.tif","L22A3_MDT_Remesa_02.tif"
"https://visualizador.ide.uy/descargas/datos/CN_Remesa_02/01_MDT/02_MDT_GeoTIFF_Resolucion_250cm/L22A4_MDT_Remesa_02.tif","L22A4_MDT_Remesa_02.tif"
"https://visualizador.ide.uy/descargas/datos/CN_Remesa_02/01_MDT/02_MDT_GeoTIFF_Resolucion_250cm/L22A5_MDT_Remesa_02.tif","L22A5_MDT_Remesa_02.tif"
"https://visualizador.ide.uy/descargas/datos/CN_Remesa_02/01_MDT/02_MDT_GeoTIFF_Resolucion_250cm/L22A6_MDT_Remesa_02.tif","L22A6_MDT_Remesa_02.tif"
"https://visualizador.ide.uy/descargas/datos/CN_Remesa_02/01_MDT/02_MDT_GeoTIFF_Resolucion_250cm/L22B1_MDT_Remesa_02.tif","L22B1_MDT_Remesa_02.tif"
"https://visualizador.ide.uy/descargas/datos/CN_Remesa_02/01_MDT/02_MDT_GeoTIFF_Resolucion_250cm/L22B2_MDT_Remesa_02.tif","L22B2_MDT_Remesa_02.tif"
"https://visualizador.ide.uy/descargas/datos/CN_Remesa_02/01_MDT/02_MDT_GeoTIFF_Resolucion_250cm/L22B3_MDT_Remesa_02.tif","L22B3_MDT_Remesa_02.tif"
"https://visualizador.ide.uy/descargas/datos/CN_Remesa_02/01_MDT/02_MDT_GeoTIFF_Resolucion_250cm/L22B4_MDT_Remesa_02.tif","L22B4_MDT_Remesa_02.tif"
"https://visualizador.ide.uy/descargas/datos/CN_Remesa_02/01_MDT/02_MDT_GeoTIFF_Resolucion_250cm/L22B5_MDT_Remesa_02.tif","L22B5_MDT_Remesa_02.tif"
"https://visualizador.ide.uy/descargas/datos/CN_Remesa_02/01_MDT/02_MDT_GeoTIFF_Resolucion_250cm/L22B6_MDT_Remesa_02.tif","L22B6_MDT_Remesa_02.tif"
"https://visualizador.ide.uy/descargas/datos/CN_Remesa_02/01_MDT/02_MDT_GeoTIFF_Resolucion_250cm/L22C1_MDT_Remesa_02.tif","L22C1_MDT_Remesa_02.tif"
"https://visualizador.ide.uy/descargas/datos/CN_Remesa_02/01_MDT/02_MDT_GeoTIFF_Resolucion_250cm/L22C2_MDT_Remesa_02.tif","L22C2_MDT_Remesa_02.tif"
"https://visualizador.ide.uy/descargas/datos/CN_Remesa_02/01_MDT/02_MDT_GeoTIFF_Resolucion_250cm/L22C3_MDT_Remesa_02.tif","L22C3_MDT_Remesa_02.tif"
"https://visualizador.ide.uy/descargas/datos/CN_Remesa_02/01_MDT/02_MDT_GeoTIFF_Resolucion_250cm/L22C4_MDT_Remesa_02.tif","L22C4_MDT_Remesa_02.tif"
"https://visualizador.ide.uy/descargas/datos/CN_Remesa_02/01_MDT/02_MDT_GeoTIFF_Resolucion_250cm/L22C5_MDT_Remesa_02.tif","L22C5_MDT_Remesa_02.tif"
"https://visualizador.ide.uy/descargas/datos/CN_Remesa_02/01_MDT/02_MDT_GeoTIFF_Resolucion_250cm/L22C6_MDT_Remesa_02.tif","L22C6_MDT_Remesa_02.tif"
"https://visualizador.ide.uy/descargas/datos/CN_Remesa_02/01_MDT/02_MDT_GeoTIFF_Resolucion_250cm/L22D1_MDT_Remesa_02.tif","L22D1_MDT_Remesa_02.tif"
"https://visualizador.ide.uy/descargas/datos/CN_Remesa_02/01_MDT/02_MDT_GeoTIFF_Resolucion_250cm/L22D2_MDT_Remesa_02.tif","L22D2_MDT_Remesa_02.tif"
"https://visualizador.ide.uy/descargas/datos/CN_Remesa_02/01_MDT/02_MDT_GeoTIFF_Resolucion_250cm/L22D3_MDT_Remesa_02.tif","L22D3_MDT_Remesa_02.tif"
"https://visualizador.ide.uy/descargas/datos/CN_Remesa_02/01_MDT/02_MDT_GeoTIFF_Resolucion_250cm/L22D4_MDT_Remesa_02.tif","L22D4_MDT_Remesa_02.tif"
"https://visualizador.ide.uy/descargas/datos/CN_Remesa_02/01_MDT/02_MDT_GeoTIFF_Resolucion_250cm/L22D5_MDT_Remesa_02.tif","L22D5_MDT_Remesa_02.tif"
"https://visualizador.ide.uy/descargas/datos/CN_Remesa_02/01_MDT/02_MDT_GeoTIFF_Resolucion_250cm/L22D6_MDT_Remesa_02.tif","L22D6_MDT_Remesa_02.tif"
"https://visualizador.ide.uy/descargas/datos/CN_Remesa_02/01_MDT/02_MDT_GeoTIFF_Resolucion_250cm/L23A2_MDT_Remesa_02.tif","L23A2_MDT_Remesa_02.tif"
"https://visualizador.ide.uy/descargas/datos/CN_Remesa_02/01_MDT/02_MDT_GeoTIFF_Resolucion_250cm/L23A3_MDT_Remesa_02.tif","L23A3_MDT_Remesa_02.tif"
"https://visualizador.ide.uy/descargas/datos/CN_Remesa_02/01_MDT/02_MDT_GeoTIFF_Resolucion_250cm/L23B1_MDT_Remesa_02.tif","L23B1_MDT_Remesa_02.tif"
"https://visualizador.ide.uy/descargas/datos/CN_Remesa_02/01_MDT/02_MDT_GeoTIFF_Resolucion_250cm/L23B2_MDT_Remesa_02.tif","L23B2_MDT_Remesa_02.tif"
"https://visualizador.ide.uy/descargas/datos/CN_Remesa_02/01_MDT/02_MDT_GeoTIFF_Resolucion_250cm/L23B3_MDT_Remesa_02.tif","L23B3_MDT_Remesa_02.tif"
"https://visualizador.ide.uy/descargas/datos/CN_Remesa_02/01_MDT/02_MDT_GeoTIFF_Resolucion_250cm/L23B4_MDT_Remesa_02.tif","L23B4_MDT_Remesa_02.tif"
"https://visualizador.ide.uy/descargas/datos/CN_Remesa_02/01_MDT/02_MDT_GeoTIFF_Resolucion_250cm/L23B5_MDT_Remesa_02.tif","L23B5_MDT_Remesa_02.tif"
"https://visualizador.ide.uy/descargas/datos/CN_Remesa_02/01_MDT/02_MDT_GeoTIFF_Resolucion_250cm/L23B6_MDT_Remesa_02.tif","L23B6_MDT_Remesa_02.tif"
"https://visualizador.ide.uy/descargas/datos/CN_Remesa_02/01_MDT/02_MDT_GeoTIFF_Resolucion_250cm/L23D3_MDT_Remesa_02.tif","L23D3_MDT_Remesa_02.tif"
"https://visualizador.ide.uy/descargas/datos/CN_Remesa_02/01_MDT/02_MDT_GeoTIFF_Resolucion_250cm/L23D6_MDT_Remesa_02.tif","L23D6_MDT_Remesa_02.tif"
"https://visualizador.ide.uy/descargas/datos/CN_Remesa_02/01_MDT/02_MDT_GeoTIFF_Resolucion_250cm/M14D5_MDT_Remesa_02.tif","M14D5_MDT_Remesa_02.tif"
"https://visualizador.ide.uy/descargas/datos/CN_Remesa_02/01_MDT/02_MDT_GeoTIFF_Resolucion_250cm/M14D6_MDT_Remesa_02.tif","M14D6_MDT_Remesa_02.tif"
"https://visualizador.ide.uy/descargas/datos/CN_Remesa_02/01_MDT/02_MDT_GeoTIFF_Resolucion_250cm/M15B2_MDT_Remesa_02.tif","M15B2_MDT_Remesa_02.tif"
"https://visualizador.ide.uy/descargas/datos/CN_Remesa_02/01_MDT/02_MDT_GeoTIFF_Resolucion_250cm/M15B3_MDT_Remesa_02.tif","M15B3_MDT_Remesa_02.tif"
"https://visualizador.ide.uy/descargas/datos/CN_Remesa_02/01_MDT/02_MDT_GeoTIFF_Resolucion_250cm/M15B5_MDT_Remesa_02.tif","M15B5_MDT_Remesa_02.tif"
"https://visualizador.ide.uy/descargas/datos/CN_Remesa_02/01_MDT/02_MDT_GeoTIFF_Resolucion_250cm/M15B6_MDT_Remesa_02.tif","M15B6_MDT_Remesa_02.tif"
"https://visualizador.ide.uy/descargas/datos/CN_Remesa_02/01_MDT/02_MDT_GeoTIFF_Resolucion_250cm/M15D2_MDT_Remesa_02.tif","M15D2_MDT_Remesa_02.tif"
"https://visualizador.ide.uy/descargas/datos/CN_Remesa_02/01_MDT/02_MDT_GeoTIFF_Resolucion_250cm/M15D3_MDT_Remesa_02.tif","M15D3_MDT_Remesa_02.tif"
"https://visualizador.ide.uy/descargas/datos/CN_Remesa_02/01_MDT/02_MDT_GeoTIFF_Resolucion_250cm/M15D5_MDT_Remesa_02.tif","M15D5_MDT_Remesa_02.tif"
"https://visualizador.ide.uy/descargas/datos/CN_Remesa_02/01_MDT/02_MDT_GeoTIFF_Resolucion_250cm/M15D6_MDT_Remesa_02.tif","M15D6_MDT_Remesa_02.tif"
"https://visualizador.ide.uy/descargas/datos/CN_Remesa_02/01_MDT/02_MDT_GeoTIFF_Resolucion_250cm/M16B2_MDT_Remesa_02.tif","M16B2_MDT_Remesa_02.tif"
"https://visualizador.ide.uy/descargas/datos/CN_Remesa_02/01_MDT/02_MDT_GeoTIFF_Resolucion_250cm/M16B3_MDT_Remesa_02.tif","M16B3_MDT_Remesa_02.tif"
"https://visualizador.ide.uy/descargas/datos/CN_Remesa_02/01_MDT/02_MDT_GeoTIFF_Resolucion_250cm/M16B5_MDT_Remesa_02.tif","M16B5_MDT_Remesa_02.tif"
"https://visualizador.ide.uy/descargas/datos/CN_Remesa_02/01_MDT/02_MDT_GeoTIFF_Resolucion_250cm/M16B6_MDT_Remesa_02.tif","M16B6_MDT_Remesa_02.tif"
"https://visualizador.ide.uy/descargas/datos/CN_Remesa_02/01_MDT/02_MDT_GeoTIFF_Resolucion_250cm/M16D2_MDT_Remesa_02.tif","M16D2_MDT_Remesa_02.tif"
"https://visualizador.ide.uy/descargas/datos/CN_Remesa_02/01_MDT/02_MDT_GeoTIFF_Resolucion_250cm/M16D3_MDT_Remesa_02.tif","M16D3_MDT_Remesa_02.tif"
"https://visualizador.ide.uy/descargas/datos/CN_Remesa_02/01_MDT/02_MDT_GeoTIFF_Resolucion_250cm/M16D5_MDT_Remesa_02.tif","M16D5_MDT_Remesa_02.tif"
"https://visualizador.ide.uy/descargas/datos/CN_Remesa_02/01_MDT/02_MDT_GeoTIFF_Resolucion_250cm/M16D6_MDT_Remesa_02.tif","M16D6_MDT_Remesa_02.tif"
"https://visualizador.ide.uy/descargas/datos/CN_Remesa_02/01_MDT/02_MDT_GeoTIFF_Resolucion_250cm/M17B2_MDT_Remesa_02.tif","M17B2_MDT_Remesa_02.tif"
"https://visualizador.ide.uy/descargas/datos/CN_Remesa_02/01_MDT/02_MDT_GeoTIFF_Resolucion_250cm/M17B3_MDT_Remesa_02.tif","M17B3_MDT_Remesa_02.tif"
"https://visualizador.ide.uy/descargas/datos/CN_Remesa_02/01_MDT/02_MDT_GeoTIFF_Resolucion_250cm/M17B5_MDT_Remesa_02.tif","M17B5_MDT_Remesa_02.tif"
"https://visualizador.ide.uy/descargas/datos/CN_Remesa_02/01_MDT/02_MDT_GeoTIFF_Resolucion_250cm/M17B6_MDT_Remesa_02.tif","M17B6_MDT_Remesa_02.tif"
"https://visualizador.ide.uy/descargas/datos/CN_Remesa_02/01_MDT/02_MDT_GeoTIFF_Resolucion_250cm/M17D2_MDT_Remesa_02.tif","M17D2_MDT_Remesa_02.tif"
"https://visualizador.ide.uy/descargas/datos/CN_Remesa_02/01_MDT/02_MDT_GeoTIFF_Resolucion_250cm/M17D3_MDT_Remesa_02.tif","M17D3_MDT_Remesa_02.tif"
"https://visualizador.ide.uy/descargas/datos/CN_Remesa_02/01_MDT/02_MDT_GeoTIFF_Resolucion_250cm/M17D5_MDT_Remesa_02.tif","M17D5_MDT_Remesa_02.tif"
"https://visualizador.ide.uy/descargas/datos/CN_Remesa_02/01_MDT/02_MDT_GeoTIFF_Resolucion_250cm/M17D6_MDT_Remesa_02.tif","M17D6_MDT_Remesa_02.tif"
"https://visualizador.ide.uy/descargas/datos/CN_Remesa_02/01_MDT/02_MDT_GeoTIFF_Resolucion_250cm/M18B2_MDT_Remesa_02.tif","M18B2_MDT_Remesa_02.tif"
"https://visualizador.ide.uy/descargas/datos/CN_Remesa_02/01_MDT/02_MDT_GeoTIFF_Resolucion_250cm/M18B3_MDT_Remesa_02.tif","M18B3_MDT_Remesa_02.tif"
"https://visualizador.ide.uy/descargas/datos/CN_Remesa_02/01_MDT/02_MDT_GeoTIFF_Resolucion_250cm/M18B5_MDT_Remesa_02.tif","M18B5_MDT_Remesa_02.tif"
"https://visualizador.ide.uy/descargas/datos/CN_Remesa_02/01_MDT/02_MDT_GeoTIFF_Resolucion_250cm/M18B6_MDT_Remesa_02.tif","M18B6_MDT_Remesa_02.tif"
"https://visualizador.ide.uy/descargas/datos/CN_Remesa_02/01_MDT/02_MDT_GeoTIFF_Resolucion_250cm/M18D2_MDT_Remesa_02.tif","M18D2_MDT_Remesa_02.tif"
"https://visualizador.ide.uy/descargas/datos/CN_Remesa_02/01_MDT/02_MDT_GeoTIFF_Resolucion_250cm/M18D3_MDT_Remesa_02.tif","M18D3_MDT_Remesa_02.tif"
"https://visualizador.ide.uy/descargas/datos/CN_Remesa_02/01_MDT/02_MDT_GeoTIFF_Resolucion_250cm/M18D5_MDT_Remesa_02.tif","M18D5_MDT_Remesa_02.tif"
"https://visualizador.ide.uy/descargas/datos/CN_Remesa_02/01_MDT/02_MDT_GeoTIFF_Resolucion_250cm/M18D6_MDT_Remesa_02.tif","M18D6_MDT_Remesa_02.tif"
"https://visualizador.ide.uy/descargas/datos/CN_Remesa_02/01_MDT/02_MDT_GeoTIFF_Resolucion_250cm/M19B2_MDT_Remesa_02.tif","M19B2_MDT_Remesa_02.tif"
"https://visualizador.ide.uy/descargas/datos/CN_Remesa_02/01_MDT/02_MDT_GeoTIFF_Resolucion_250cm/M19B3_MDT_Remesa_02.tif","M19B3_MDT_Remesa_02.tif"
"https://visualizador.ide.uy/descargas/datos/CN_Remesa_02/01_MDT/02_MDT_GeoTIFF_Resolucion_250cm/M19B5_MDT_Remesa_02.tif","M19B5_MDT_Remesa_02.tif"
"https://visualizador.ide.uy/descargas/datos/CN_Remesa_02/01_MDT/02_MDT_GeoTIFF_Resolucion_250cm/M19B6_MDT_Remesa_02.tif","M19B6_MDT_Remesa_02.tif"
"https://visualizador.ide.uy/descargas/datos/CN_Remesa_02/01_MDT/02_MDT_GeoTIFF_Resolucion_250cm/M19D2_MDT_Remesa_02.tif","M19D2_MDT_Remesa_02.tif"
"https://visualizador.ide.uy/descargas/datos/CN_Remesa_02/01_MDT/02_MDT_GeoTIFF_Resolucion_250cm/M19D3_MDT_Remesa_02.tif","M19D3_MDT_Remesa_02.tif"
"https://visualizador.ide.uy/descargas/datos/CN_Remesa_02/01_MDT/02_MDT_GeoTIFF_Resolucion_250cm/M19D5_MDT_Remesa_02.tif","M19D5_MDT_Remesa_02.tif"
"https://visualizador.ide.uy/descargas/datos/CN_Remesa_02/01_MDT/02_MDT_GeoTIFF_Resolucion_250cm/M19D6_MDT_Remesa_02.tif","M19D6_MDT_Remesa_02.tif"
"https://visualizador.ide.uy/descargas/datos/CN_Remesa_02/01_MDT/02_MDT_GeoTIFF_Resolucion_250cm/M20B2_MDT_Remesa_02.tif","M20B2_MDT_Remesa_02.tif"
"https://visualizador.ide.uy/descargas/datos/CN_Remesa_02/01_MDT/02_MDT_GeoTIFF_Resolucion_250cm/M20B3_MDT_Remesa_02.tif","M20B3_MDT_Remesa_02.tif"
"https://visualizador.ide.uy/descargas/datos/CN_Remesa_02/01_MDT/02_MDT_GeoTIFF_Resolucion_250cm/M20B5_MDT_Remesa_02.tif","M20B5_MDT_Remesa_02.tif"
"https://visualizador.ide.uy/descargas/datos/CN_Remesa_02/01_MDT/02_MDT_GeoTIFF_Resolucion_250cm/M20B6_MDT_Remesa_02.tif","M20B6_MDT_Remesa_02.tif"
"https://visualizador.ide.uy/descargas/datos/CN_Remesa_02/01_MDT/02_MDT_GeoTIFF_Resolucion_250cm/M20D2_MDT_Remesa_02.tif","M20D2_MDT_Remesa_02.tif"
"https://visualizador.ide.uy/descargas/datos/CN_Remesa_02/01_MDT/02_MDT_GeoTIFF_Resolucion_250cm/M20D3_MDT_Remesa_02.tif","M20D3_MDT_Remesa_02.tif"
"https://visualizador.ide.uy/descargas/datos/CN_Remesa_02/01_MDT/02_MDT_GeoTIFF_Resolucion_250cm/M20D5_MDT_Remesa_02.tif","M20D5_MDT_Remesa_02.tif"
"https://visualizador.ide.uy/descargas/datos/CN_Remesa_02/01_MDT/02_MDT_GeoTIFF_Resolucion_250cm/M20D6_MDT_Remesa_02.tif","M20D6_MDT_Remesa_02.tif"
"https://visualizador.ide.uy/descargas/datos/CN_Remesa_02/01_MDT/02_MDT_GeoTIFF_Resolucion_250cm/M21A2_MDT_Remesa_02.tif","M21A2_MDT_Remesa_02.tif"
"https://visualizador.ide.uy/descargas/datos/CN_Remesa_02/01_MDT/02_MDT_GeoTIFF_Resolucion_250cm/M21A3_MDT_Remesa_02.tif","M21A3_MDT_Remesa_02.tif"
"https://visualizador.ide.uy/descargas/datos/CN_Remesa_02/01_MDT/02_MDT_GeoTIFF_Resolucion_250cm/M21A5_MDT_Remesa_02.tif","M21A5_MDT_Remesa_02.tif"
"https://visualizador.ide.uy/descargas/datos/CN_Remesa_02/01_MDT/02_MDT_GeoTIFF_Resolucion_250cm/M21A6_MDT_Remesa_02.tif","M21A6_MDT_Remesa_02.tif"
"https://visualizador.ide.uy/descargas/datos/CN_Remesa_02/01_MDT/02_MDT_GeoTIFF_Resolucion_250cm/M21B1_MDT_Remesa_02.tif","M21B1_MDT_Remesa_02.tif"
"https://visualizador.ide.uy/descargas/datos/CN_Remesa_02/01_MDT/02_MDT_GeoTIFF_Resolucion_250cm/M21B2_MDT_Remesa_02.tif","M21B2_MDT_Remesa_02.tif"
"https://visualizador.ide.uy/descargas/datos/CN_Remesa_02/01_MDT/02_MDT_GeoTIFF_Resolucion_250cm/M21B3_MDT_Remesa_02.tif","M21B3_MDT_Remesa_02.tif"
"https://visualizador.ide.uy/descargas/datos/CN_Remesa_02/01_MDT/02_MDT_GeoTIFF_Resolucion_250cm/M21B4_MDT_Remesa_02.tif","M21B4_MDT_Remesa_02.tif"
"https://visualizador.ide.uy/descargas/datos/CN_Remesa_02/01_MDT/02_MDT_GeoTIFF_Resolucion_250cm/M21B5_MDT_Remesa_02.tif","M21B5_MDT_Remesa_02.tif"
"https://visualizador.ide.uy/descargas/datos/CN_Remesa_02/01_MDT/02_MDT_GeoTIFF_Resolucion_250cm/M21B6_MDT_Remesa_02.tif","M21B6_MDT_Remesa_02.tif"
"https://visualizador.ide.uy/descargas/datos/CN_Remesa_02/01_MDT/02_MDT_GeoTIFF_Resolucion_250cm/M21C2_MDT_Remesa_02.tif","M21C2_MDT_Remesa_02.tif"
"https://visualizador.ide.uy/descargas/datos/CN_Remesa_02/01_MDT/02_MDT_GeoTIFF_Resolucion_250cm/M21C3_MDT_Remesa_02.tif","M21C3_MDT_Remesa_02.tif"
"https://visualizador.ide.uy/descargas/datos/CN_Remesa_02/01_MDT/02_MDT_GeoTIFF_Resolucion_250cm/M21C5_MDT_Remesa_02.tif","M21C5_MDT_Remesa_02.tif"
"https://visualizador.ide.uy/descargas/datos/CN_Remesa_02/01_MDT/02_MDT_GeoTIFF_Resolucion_250cm/M21C6_MDT_Remesa_02.tif","M21C6_MDT_Remesa_02.tif"
"https://visualizador.ide.uy/descargas/datos/CN_Remesa_02/01_MDT/02_MDT_GeoTIFF_Resolucion_250cm/M21D1_MDT_Remesa_02.tif","M21D1_MDT_Remesa_02.tif"
"https://visualizador.ide.uy/descargas/datos/CN_Remesa_02/01_MDT/02_MDT_GeoTIFF_Resolucion_250cm/M21D2_MDT_Remesa_02.tif","M21D2_MDT_Remesa_02.tif"
"https://visualizador.ide.uy/descargas/datos/CN_Remesa_02/01_MDT/02_MDT_GeoTIFF_Resolucion_250cm/M21D3_MDT_Remesa_02.tif","M21D3_MDT_Remesa_02.tif"
"https://visualizador.ide.uy/descargas/datos/CN_Remesa_02/01_MDT/02_MDT_GeoTIFF_Resolucion_250cm/M21D4_MDT_Remesa_02.tif","M21D4_MDT_Remesa_02.tif"
"https://visualizador.ide.uy/descargas/datos/CN_Remesa_02/01_MDT/02_MDT_GeoTIFF_Resolucion_250cm/M21D5_MDT_Remesa_02.tif","M21D5_MDT_Remesa_02.tif"
"https://visualizador.ide.uy/descargas/datos/CN_Remesa_02/01_MDT/02_MDT_GeoTIFF_Resolucion_250cm/M21D6_MDT_Remesa_02.tif","M21D6_MDT_Remesa_02.tif"
"https://visualizador.ide.uy/descargas/datos/CN_Remesa_02/01_MDT/02_MDT_GeoTIFF_Resolucion_250cm/M22A2_MDT_Remesa_02.tif","M22A2_MDT_Remesa_02.tif"
"https://visualizador.ide.uy/descargas/datos/CN_Remesa_02/01_MDT/02_MDT_GeoTIFF_Resolucion_250cm/M22A3_MDT_Remesa_02.tif","M22A3_MDT_Remesa_02.tif"
"https://visualizador.ide.uy/descargas/datos/CN_Remesa_02/01_MDT/02_MDT_GeoTIFF_Resolucion_250cm/M22A5_MDT_Remesa_02.tif","M22A5_MDT_Remesa_02.tif"
"https://visualizador.ide.uy/descargas/datos/CN_Remesa_02/01_MDT/02_MDT_GeoTIFF_Resolucion_250cm/M22A6_MDT_Remesa_02.tif","M22A6_MDT_Remesa_02.tif"
"https://visualizador.ide.uy/descargas/datos/CN_Remesa_02/01_MDT/02_MDT_GeoTIFF_Resolucion_250cm/M22B1_MDT_Remesa_02.tif","M22B1_MDT_Remesa_02.tif"
"https://visualizador.ide.uy/descargas/datos/CN_Remesa_02/01_MDT/02_MDT_GeoTIFF_Resolucion_250cm/M22B2_MDT_Remesa_02.tif","M22B2_MDT_Remesa_02.tif"
"https://visualizador.ide.uy/descargas/datos/CN_Remesa_02/01_MDT/02_MDT_GeoTIFF_Resolucion_250cm/M22B3_MDT_Remesa_02.tif","M22B3_MDT_Remesa_02.tif"
"https://visualizador.ide.uy/descargas/datos/CN_Remesa_02/01_MDT/02_MDT_GeoTIFF_Resolucion_250cm/M22B4_MDT_Remesa_02.tif","M22B4_MDT_Remesa_02.tif"
"https://visualizador.ide.uy/descargas/datos/CN_Remesa_02/01_MDT/02_MDT_GeoTIFF_Resolucion_250cm/M22B5_MDT_Remesa_02.tif","M22B5_MDT_Remesa_02.tif"
"https://visualizador.ide.uy/descargas/datos/CN_Remesa_02/01_MDT/02_MDT_GeoTIFF_Resolucion_250cm/M22B6_MDT_Remesa_02.tif","M22B6_MDT_Remesa_02.tif"
"https://visualizador.ide.uy/descargas/datos/CN_Remesa_02/01_MDT/02_MDT_GeoTIFF_Resolucion_250cm/M22C2_MDT_Remesa_02.tif","M22C2_MDT_Remesa_02.tif"
"https://visualizador.ide.uy/descargas/datos/CN_Remesa_02/01_MDT/02_MDT_GeoTIFF_Resolucion_250cm/M22C3_MDT_Remesa_02.tif","M22C3_MDT_Remesa_02.tif"
"https://visualizador.ide.uy/descargas/datos/CN_Remesa_02/01_MDT/02_MDT_GeoTIFF_Resolucion_250cm/M22C5_MDT_Remesa_02.tif","M22C5_MDT_Remesa_02.tif"
"https://visualizador.ide.uy/descargas/datos/CN_Remesa_02/01_MDT/02_MDT_GeoTIFF_Resolucion_250cm/M22C6_MDT_Remesa_02.tif","M22C6_MDT_Remesa_02.tif"
"https://visualizador.ide.uy/descargas/datos/CN_Remesa_02/01_MDT/02_MDT_GeoTIFF_Resolucion_250cm/M22D1_MDT_Remesa_02.tif","M22D1_MDT_Remesa_02.tif"
"https://visualizador.ide.uy/descargas/datos/CN_Remesa_02/01_MDT/02_MDT_GeoTIFF_Resolucion_250cm/M22D2_MDT_Remesa_02.tif","M22D2_MDT_Remesa_02.tif"
"https://visualizador.ide.uy/descargas/datos/CN_Remesa_02/01_MDT/02_MDT_GeoTIFF_Resolucion_250cm/M22D3_MDT_Remesa_02.tif","M22D3_MDT_Remesa_02.tif"
"https://visualizador.ide.uy/descargas/datos/CN_Remesa_02/01_MDT/02_MDT_GeoTIFF_Resolucion_250cm/M22D4_MDT_Remesa_02.tif","M22D4_MDT_Remesa_02.tif"
"https://visualizador.ide.uy/descargas/datos/CN_Remesa_02/01_MDT/02_MDT_GeoTIFF_Resolucion_250cm/M22D5_MDT_Remesa_02.tif","M22D5_MDT_Remesa_02.tif"
"https://visualizador.ide.uy/descargas/datos/CN_Remesa_02/01_MDT/02_MDT_GeoTIFF_Resolucion_250cm/M22D6_MDT_Remesa_02.tif","M22D6_MDT_Remesa_02.tif"
"https://visualizador.ide.uy/descargas/datos/CN_Remesa_02/01_MDT/02_MDT_GeoTIFF_Resolucion_250cm/M23A2_MDT_Remesa_02.tif","M23A2_MDT_Remesa_02.tif"
"https://visualizador.ide.uy/descargas/datos/CN_Remesa_02/01_MDT/02_MDT_GeoTIFF_Resolucion_250cm/M23A3_MDT_Remesa_02.tif","M23A3_MDT_Remesa_02.tif"
"https://visualizador.ide.uy/descargas/datos/CN_Remesa_02/01_MDT/02_MDT_GeoTIFF_Resolucion_250cm/M23A5_MDT_Remesa_02.tif","M23A5_MDT_Remesa_02.tif"
"https://visualizador.ide.uy/descargas/datos/CN_Remesa_02/01_MDT/02_MDT_GeoTIFF_Resolucion_250cm/M23A6_MDT_Remesa_02.tif","M23A6_MDT_Remesa_02.tif"
"https://visualizador.ide.uy/descargas/datos/CN_Remesa_02/01_MDT/02_MDT_GeoTIFF_Resolucion_250cm/M23B1_MDT_Remesa_02.tif","M23B1_MDT_Remesa_02.tif"
"https://visualizador.ide.uy/descargas/datos/CN_Remesa_02/01_MDT/02_MDT_GeoTIFF_Resolucion_250cm/M23B2_MDT_Remesa_02.tif","M23B2_MDT_Remesa_02.tif"
"https://visualizador.ide.uy/descargas/datos/CN_Remesa_02/01_MDT/02_MDT_GeoTIFF_Resolucion_250cm/M23B4_MDT_Remesa_02.tif","M23B4_MDT_Remesa_02.tif"
"https://visualizador.ide.uy/descargas/datos/CN_Remesa_02/01_MDT/02_MDT_GeoTIFF_Resolucion_250cm/M23C2_MDT_Remesa_02.tif","M23C2_MDT_Remesa_02.tif"
"https://visualizador.ide.uy/descargas/datos/CN_Remesa_02/01_MDT/02_MDT_GeoTIFF_Resolucion_250cm/M23C3_MDT_Remesa_02.tif","M23C3_MDT_Remesa_02.tif"
"https://visualizador.ide.uy/descargas/datos/CN_Remesa_02/01_MDT/02_MDT_GeoTIFF_Resolucion_250cm/M23C5_MDT_Remesa_02.tif","M23C5_MDT_Remesa_02.tif"
"https://visualizador.ide.uy/descargas/datos/CN_Remesa_02/01_MDT/02_MDT_GeoTIFF_Resolucion_250cm/M23C6_MDT_Remesa_02.tif","M23C6_MDT_Remesa_02.tif"
"https://visualizador.ide.uy/descargas/datos/CN_Remesa_02/01_MDT/02_MDT_GeoTIFF_Resolucion_250cm/M24A2_MDT_Remesa_02.tif","M24A2_MDT_Remesa_02.tif"
"https://visualizador.ide.uy/descargas/datos/CN_Remesa_02/01_MDT/02_MDT_GeoTIFF_Resolucion_250cm/M24A3_MDT_Remesa_02.tif","M24A3_MDT_Remesa_02.tif"
"https://visualizador.ide.uy/descargas/datos/CN_Remesa_02/01_MDT/02_MDT_GeoTIFF_Resolucion_250cm/M24A5_MDT_Remesa_02.tif","M24A5_MDT_Remesa_02.tif"
"https://visualizador.ide.uy/descargas/datos/CN_Remesa_02/01_MDT/02_MDT_GeoTIFF_Resolucion_250cm/M24A6_MDT_Remesa_02.tif","M24A6_MDT_Remesa_02.tif"
