"href","text"
"https://visualizador.ide.uy/descargas/datos/CN_Remesa_07/02_Ortoimagenes/01_RGBI_16bits/?C=N;O=D","Nombre:"
"https://visualizador.ide.uy/descargas/datos/CN_Remesa_07/02_Ortoimagenes/01_RGBI_16bits/?C=S;O=A","Size"
"https://visualizador.ide.uy/descargas/datos/CN_Remesa_07/02_Ortoimagenes/","Parent Directory"
"https://visualizador.ide.uy/descargas/datos/CN_Remesa_07/02_Ortoimagenes/01_RGBI_16bits/D16C1_RGBI_16_Remesa_07.tif","D16C1_RGBI_16_Remesa_07.tif"
"https://visualizador.ide.uy/descargas/datos/CN_Remesa_07/02_Ortoimagenes/01_RGBI_16bits/D16C2_RGBI_16_Remesa_07.tif","D16C2_RGBI_16_Remesa_07.tif"
"https://visualizador.ide.uy/descargas/datos/CN_Remesa_07/02_Ortoimagenes/01_RGBI_16bits/D16C3_RGBI_16_Remesa_07.tif","D16C3_RGBI_16_Remesa_07.tif"
"https://visualizador.ide.uy/descargas/datos/CN_Remesa_07/02_Ortoimagenes/01_RGBI_16bits/D16C4_RGBI_16_Remesa_07.tif","D16C4_RGBI_16_Remesa_07.tif"
"https://visualizador.ide.uy/descargas/datos/CN_Remesa_07/02_Ortoimagenes/01_RGBI_16bits/D16C5_RGBI_16_Remesa_07.tif","D16C5_RGBI_16_Remesa_07.tif"
"https://visualizador.ide.uy/descargas/datos/CN_Remesa_07/02_Ortoimagenes/01_RGBI_16bits/D16C6_RGBI_16_Remesa_07.tif","D16C6_RGBI_16_Remesa_07.tif"
"https://visualizador.ide.uy/descargas/datos/CN_Remesa_07/02_Ortoimagenes/01_RGBI_16bits/D16D1_RGBI_16_Remesa_07.tif","D16D1_RGBI_16_Remesa_07.tif"
"https://visualizador.ide.uy/descargas/datos/CN_Remesa_07/02_Ortoimagenes/01_RGBI_16bits/D16D2_RGBI_16_Remesa_07.tif","D16D2_RGBI_16_Remesa_07.tif"
"https://visualizador.ide.uy/descargas/datos/CN_Remesa_07/02_Ortoimagenes/01_RGBI_16bits/D16D3_RGBI_16_Remesa_07.tif","D16D3_RGBI_16_Remesa_07.tif"
"https://visualizador.ide.uy/descargas/datos/CN_Remesa_07/02_Ortoimagenes/01_RGBI_16bits/D16D4_RGBI_16_Remesa_07.tif","D16D4_RGBI_16_Remesa_07.tif"
"https://visualizador.ide.uy/descargas/datos/CN_Remesa_07/02_Ortoimagenes/01_RGBI_16bits/D16D5_RGBI_16_Remesa_07.tif","D16D5_RGBI_16_Remesa_07.tif"
"https://visualizador.ide.uy/descargas/datos/CN_Remesa_07/02_Ortoimagenes/01_RGBI_16bits/D16D6_RGBI_16_Remesa_07.tif","D16D6_RGBI_16_Remesa_07.tif"
"https://visualizador.ide.uy/descargas/datos/CN_Remesa_07/02_Ortoimagenes/01_RGBI_16bits/D17A1_RGBI_16_Remesa_07.tif","D17A1_RGBI_16_Remesa_07.tif"
"https://visualizador.ide.uy/descargas/datos/CN_Remesa_07/02_Ortoimagenes/01_RGBI_16bits/D17A2_RGBI_16_Remesa_07.tif","D17A2_RGBI_16_Remesa_07.tif"
"https://visualizador.ide.uy/descargas/datos/CN_Remesa_07/02_Ortoimagenes/01_RGBI_16bits/D17A3_RGBI_16_Remesa_07.tif","D17A3_RGBI_16_Remesa_07.tif"
"https://visualizador.ide.uy/descargas/datos/CN_Remesa_07/02_Ortoimagenes/01_RGBI_16bits/D17A4_RGBI_16_Remesa_07.tif","D17A4_RGBI_16_Remesa_07.tif"
"https://visualizador.ide.uy/descargas/datos/CN_Remesa_07/02_Ortoimagenes/01_RGBI_16bits/D17A5_RGBI_16_Remesa_07.tif","D17A5_RGBI_16_Remesa_07.tif"
"https://visualizador.ide.uy/descargas/datos/CN_Remesa_07/02_Ortoimagenes/01_RGBI_16bits/D17A6_RGBI_16_Remesa_07.tif","D17A6_RGBI_16_Remesa_07.tif"
"https://visualizador.ide.uy/descargas/datos/CN_Remesa_07/02_Ortoimagenes/01_RGBI_16bits/D17B1_RGBI_16_Remesa_07.tif","D17B1_RGBI_16_Remesa_07.tif"
"https://visualizador.ide.uy/descargas/datos/CN_Remesa_07/02_Ortoimagenes/01_RGBI_16bits/D17B2_RGBI_16_Remesa_07.tif","D17B2_RGBI_16_Remesa_07.tif"
"https://visualizador.ide.uy/descargas/datos/CN_Remesa_07/02_Ortoimagenes/01_RGBI_16bits/D17B3_RGBI_16_Remesa_07.tif","D17B3_RGBI_16_Remesa_07.tif"
"https://visualizador.ide.uy/descargas/datos/CN_Remesa_07/02_Ortoimagenes/01_RGBI_16bits/D17B4_RGBI_16_Remesa_07.tif","D17B4_RGBI_16_Remesa_07.tif"
"https://visualizador.ide.uy/descargas/datos/CN_Remesa_07/02_Ortoimagenes/01_RGBI_16bits/D17B5_RGBI_16_Remesa_07.tif","D17B5_RGBI_16_Remesa_07.tif"
"https://visualizador.ide.uy/descargas/datos/CN_Remesa_07/02_Ortoimagenes/01_RGBI_16bits/D17B6_RGBI_16_Remesa_07.tif","D17B6_RGBI_16_Remesa_07.tif"
"https://visualizador.ide.uy/descargas/datos/CN_Remesa_07/02_Ortoimagenes/01_RGBI_16bits/D17C1_RGBI_16_Remesa_07.tif","D17C1_RGBI_16_Remesa_07.tif"
"https://visualizador.ide.uy/descargas/datos/CN_Remesa_07/02_Ortoimagenes/01_RGBI_16bits/D17C2_RGBI_16_Remesa_07.tif","D17C2_RGBI_16_Remesa_07.tif"
"https://visualizador.ide.uy/descargas/datos/CN_Remesa_07/02_Ortoimagenes/01_RGBI_16bits/D17C3_RGBI_16_Remesa_07.tif","D17C3_RGBI_16_Remesa_07.tif"
"https://visualizador.ide.uy/descargas/datos/CN_Remesa_07/02_Ortoimagenes/01_RGBI_16bits/D17C4_RGBI_16_Remesa_07.tif","D17C4_RGBI_16_Remesa_07.tif"
"https://visualizador.ide.uy/descargas/datos/CN_Remesa_07/02_Ortoimagenes/01_RGBI_16bits/D17C5_RGBI_16_Remesa_07.tif","D17C5_RGBI_16_Remesa_07.tif"
"https://visualizador.ide.uy/descargas/datos/CN_Remesa_07/02_Ortoimagenes/01_RGBI_16bits/D17C6_RGBI_16_Remesa_07.tif","D17C6_RGBI_16_Remesa_07.tif"
"https://visualizador.ide.uy/descargas/datos/CN_Remesa_07/02_Ortoimagenes/01_RGBI_16bits/D17D1_RGBI_16_Remesa_07.tif","D17D1_RGBI_16_Remesa_07.tif"
"https://visualizador.ide.uy/descargas/datos/CN_Remesa_07/02_Ortoimagenes/01_RGBI_16bits/D17D2_RGBI_16_Remesa_07.tif","D17D2_RGBI_16_Remesa_07.tif"
"https://visualizador.ide.uy/descargas/datos/CN_Remesa_07/02_Ortoimagenes/01_RGBI_16bits/D17D3_RGBI_16_Remesa_07.tif","D17D3_RGBI_16_Remesa_07.tif"
"https://visualizador.ide.uy/descargas/datos/CN_Remesa_07/02_Ortoimagenes/01_RGBI_16bits/D17D4_RGBI_16_Remesa_07.tif","D17D4_RGBI_16_Remesa_07.tif"
"https://visualizador.ide.uy/descargas/datos/CN_Remesa_07/02_Ortoimagenes/01_RGBI_16bits/D17D5_RGBI_16_Remesa_07.tif","D17D5_RGBI_16_Remesa_07.tif"
"https://visualizador.ide.uy/descargas/datos/CN_Remesa_07/02_Ortoimagenes/01_RGBI_16bits/D17D6_RGBI_16_Remesa_07.tif","D17D6_RGBI_16_Remesa_07.tif"
"https://visualizador.ide.uy/descargas/datos/CN_Remesa_07/02_Ortoimagenes/01_RGBI_16bits/D18A1_RGBI_16_Remesa_07.tif","D18A1_RGBI_16_Remesa_07.tif"
"https://visualizador.ide.uy/descargas/datos/CN_Remesa_07/02_Ortoimagenes/01_RGBI_16bits/D18A2_RGBI_16_Remesa_07.tif","D18A2_RGBI_16_Remesa_07.tif"
"https://visualizador.ide.uy/descargas/datos/CN_Remesa_07/02_Ortoimagenes/01_RGBI_16bits/D18A3_RGBI_16_Remesa_07.tif","D18A3_RGBI_16_Remesa_07.tif"
"https://visualizador.ide.uy/descargas/datos/CN_Remesa_07/02_Ortoimagenes/01_RGBI_16bits/D18A4_RGBI_16_Remesa_07.tif","D18A4_RGBI_16_Remesa_07.tif"
"https://visualizador.ide.uy/descargas/datos/CN_Remesa_07/02_Ortoimagenes/01_RGBI_16bits/D18A5_RGBI_16_Remesa_07.tif","D18A5_RGBI_16_Remesa_07.tif"
"https://visualizador.ide.uy/descargas/datos/CN_Remesa_07/02_Ortoimagenes/01_RGBI_16bits/D18A6_RGBI_16_Remesa_07.tif","D18A6_RGBI_16_Remesa_07.tif"
"https://visualizador.ide.uy/descargas/datos/CN_Remesa_07/02_Ortoimagenes/01_RGBI_16bits/D18B1_RGBI_16_Remesa_07.tif","D18B1_RGBI_16_Remesa_07.tif"
"https://visualizador.ide.uy/descargas/datos/CN_Remesa_07/02_Ortoimagenes/01_RGBI_16bits/D18B2_RGBI_16_Remesa_07.tif","D18B2_RGBI_16_Remesa_07.tif"
"https://visualizador.ide.uy/descargas/datos/CN_Remesa_07/02_Ortoimagenes/01_RGBI_16bits/D18B3_RGBI_16_Remesa_07.tif","D18B3_RGBI_16_Remesa_07.tif"
"https://visualizador.ide.uy/descargas/datos/CN_Remesa_07/02_Ortoimagenes/01_RGBI_16bits/D18B4_RGBI_16_Remesa_07.tif","D18B4_RGBI_16_Remesa_07.tif"
"https://visualizador.ide.uy/descargas/datos/CN_Remesa_07/02_Ortoimagenes/01_RGBI_16bits/D18B5_RGBI_16_Remesa_07.tif","D18B5_RGBI_16_Remesa_07.tif"
"https://visualizador.ide.uy/descargas/datos/CN_Remesa_07/02_Ortoimagenes/01_RGBI_16bits/D18B6_RGBI_16_Remesa_07.tif","D18B6_RGBI_16_Remesa_07.tif"
"https://visualizador.ide.uy/descargas/datos/CN_Remesa_07/02_Ortoimagenes/01_RGBI_16bits/D18C1_RGBI_16_Remesa_07.tif","D18C1_RGBI_16_Remesa_07.tif"
"https://visualizador.ide.uy/descargas/datos/CN_Remesa_07/02_Ortoimagenes/01_RGBI_16bits/D18C2_RGBI_16_Remesa_07.tif","D18C2_RGBI_16_Remesa_07.tif"
"https://visualizador.ide.uy/descargas/datos/CN_Remesa_07/02_Ortoimagenes/01_RGBI_16bits/D18C3_RGBI_16_Remesa_07.tif","D18C3_RGBI_16_Remesa_07.tif"
"https://visualizador.ide.uy/descargas/datos/CN_Remesa_07/02_Ortoimagenes/01_RGBI_16bits/D18C4_RGBI_16_Remesa_07.tif","D18C4_RGBI_16_Remesa_07.tif"
"https://visualizador.ide.uy/descargas/datos/CN_Remesa_07/02_Ortoimagenes/01_RGBI_16bits/D18C5_RGBI_16_Remesa_07.tif","D18C5_RGBI_16_Remesa_07.tif"
"https://visualizador.ide.uy/descargas/datos/CN_Remesa_07/02_Ortoimagenes/01_RGBI_16bits/D18C6_RGBI_16_Remesa_07.tif","D18C6_RGBI_16_Remesa_07.tif"
"https://visualizador.ide.uy/descargas/datos/CN_Remesa_07/02_Ortoimagenes/01_RGBI_16bits/D18D1_RGBI_16_Remesa_07.tif","D18D1_RGBI_16_Remesa_07.tif"
"https://visualizador.ide.uy/descargas/datos/CN_Remesa_07/02_Ortoimagenes/01_RGBI_16bits/D18D2_RGBI_16_Remesa_07.tif","D18D2_RGBI_16_Remesa_07.tif"
"https://visualizador.ide.uy/descargas/datos/CN_Remesa_07/02_Ortoimagenes/01_RGBI_16bits/D18D3_RGBI_16_Remesa_07.tif","D18D3_RGBI_16_Remesa_07.tif"
"https://visualizador.ide.uy/descargas/datos/CN_Remesa_07/02_Ortoimagenes/01_RGBI_16bits/D18D4_RGBI_16_Remesa_07.tif","D18D4_RGBI_16_Remesa_07.tif"
"https://visualizador.ide.uy/descargas/datos/CN_Remesa_07/02_Ortoimagenes/01_RGBI_16bits/D18D5_RGBI_16_Remesa_07.tif","D18D5_RGBI_16_Remesa_07.tif"
"https://visualizador.ide.uy/descargas/datos/CN_Remesa_07/02_Ortoimagenes/01_RGBI_16bits/D18D6_RGBI_16_Remesa_07.tif","D18D6_RGBI_16_Remesa_07.tif"
"https://visualizador.ide.uy/descargas/datos/CN_Remesa_07/02_Ortoimagenes/01_RGBI_16bits/D19A1_RGBI_16_Remesa_07.tif","D19A1_RGBI_16_Remesa_07.tif"
"https://visualizador.ide.uy/descargas/datos/CN_Remesa_07/02_Ortoimagenes/01_RGBI_16bits/D19A2_RGBI_16_Remesa_07.tif","D19A2_RGBI_16_Remesa_07.tif"
"https://visualizador.ide.uy/descargas/datos/CN_Remesa_07/02_Ortoimagenes/01_RGBI_16bits/D19A3_RGBI_16_Remesa_07.tif","D19A3_RGBI_16_Remesa_07.tif"
"https://visualizador.ide.uy/descargas/datos/CN_Remesa_07/02_Ortoimagenes/01_RGBI_16bits/D19A4_RGBI_16_Remesa_07.tif","D19A4_RGBI_16_Remesa_07.tif"
"https://visualizador.ide.uy/descargas/datos/CN_Remesa_07/02_Ortoimagenes/01_RGBI_16bits/D19A5_RGBI_16_Remesa_07.tif","D19A5_RGBI_16_Remesa_07.tif"
"https://visualizador.ide.uy/descargas/datos/CN_Remesa_07/02_Ortoimagenes/01_RGBI_16bits/D19A6_RGBI_16_Remesa_07.tif","D19A6_RGBI_16_Remesa_07.tif"
"https://visualizador.ide.uy/descargas/datos/CN_Remesa_07/02_Ortoimagenes/01_RGBI_16bits/D19B1_RGBI_16_Remesa_07.tif","D19B1_RGBI_16_Remesa_07.tif"
"https://visualizador.ide.uy/descargas/datos/CN_Remesa_07/02_Ortoimagenes/01_RGBI_16bits/D19B2_RGBI_16_Remesa_07.tif","D19B2_RGBI_16_Remesa_07.tif"
"https://visualizador.ide.uy/descargas/datos/CN_Remesa_07/02_Ortoimagenes/01_RGBI_16bits/D19B3_RGBI_16_Remesa_07.tif","D19B3_RGBI_16_Remesa_07.tif"
"https://visualizador.ide.uy/descargas/datos/CN_Remesa_07/02_Ortoimagenes/01_RGBI_16bits/D19B4_RGBI_16_Remesa_07.tif","D19B4_RGBI_16_Remesa_07.tif"
"https://visualizador.ide.uy/descargas/datos/CN_Remesa_07/02_Ortoimagenes/01_RGBI_16bits/D19B5_RGBI_16_Remesa_07.tif","D19B5_RGBI_16_Remesa_07.tif"
"https://visualizador.ide.uy/descargas/datos/CN_Remesa_07/02_Ortoimagenes/01_RGBI_16bits/D19B6_RGBI_16_Remesa_07.tif","D19B6_RGBI_16_Remesa_07.tif"
"https://visualizador.ide.uy/descargas/datos/CN_Remesa_07/02_Ortoimagenes/01_RGBI_16bits/D19C1_RGBI_16_Remesa_07.tif","D19C1_RGBI_16_Remesa_07.tif"
"https://visualizador.ide.uy/descargas/datos/CN_Remesa_07/02_Ortoimagenes/01_RGBI_16bits/D19C2_RGBI_16_Remesa_07.tif","D19C2_RGBI_16_Remesa_07.tif"
"https://visualizador.ide.uy/descargas/datos/CN_Remesa_07/02_Ortoimagenes/01_RGBI_16bits/D19C3_RGBI_16_Remesa_07.tif","D19C3_RGBI_16_Remesa_07.tif"
"https://visualizador.ide.uy/descargas/datos/CN_Remesa_07/02_Ortoimagenes/01_RGBI_16bits/D19C4_RGBI_16_Remesa_07.tif","D19C4_RGBI_16_Remesa_07.tif"
"https://visualizador.ide.uy/descargas/datos/CN_Remesa_07/02_Ortoimagenes/01_RGBI_16bits/D19C5_RGBI_16_Remesa_07.tif","D19C5_RGBI_16_Remesa_07.tif"
"https://visualizador.ide.uy/descargas/datos/CN_Remesa_07/02_Ortoimagenes/01_RGBI_16bits/D19C6_RGBI_16_Remesa_07.tif","D19C6_RGBI_16_Remesa_07.tif"
"https://visualizador.ide.uy/descargas/datos/CN_Remesa_07/02_Ortoimagenes/01_RGBI_16bits/D19D1_RGBI_16_Remesa_07.tif","D19D1_RGBI_16_Remesa_07.tif"
"https://visualizador.ide.uy/descargas/datos/CN_Remesa_07/02_Ortoimagenes/01_RGBI_16bits/D19D2_RGBI_16_Remesa_07.tif","D19D2_RGBI_16_Remesa_07.tif"
"https://visualizador.ide.uy/descargas/datos/CN_Remesa_07/02_Ortoimagenes/01_RGBI_16bits/D19D3_RGBI_16_Remesa_07.tif","D19D3_RGBI_16_Remesa_07.tif"
"https://visualizador.ide.uy/descargas/datos/CN_Remesa_07/02_Ortoimagenes/01_RGBI_16bits/D19D4_RGBI_16_Remesa_07.tif","D19D4_RGBI_16_Remesa_07.tif"
"https://visualizador.ide.uy/descargas/datos/CN_Remesa_07/02_Ortoimagenes/01_RGBI_16bits/D19D5_RGBI_16_Remesa_07.tif","D19D5_RGBI_16_Remesa_07.tif"
"https://visualizador.ide.uy/descargas/datos/CN_Remesa_07/02_Ortoimagenes/01_RGBI_16bits/D20A1_RGBI_16_Remesa_07.tif","D20A1_RGBI_16_Remesa_07.tif"
"https://visualizador.ide.uy/descargas/datos/CN_Remesa_07/02_Ortoimagenes/01_RGBI_16bits/D20A2_RGBI_16_Remesa_07.tif","D20A2_RGBI_16_Remesa_07.tif"
"https://visualizador.ide.uy/descargas/datos/CN_Remesa_07/02_Ortoimagenes/01_RGBI_16bits/D20A3_RGBI_16_Remesa_07.tif","D20A3_RGBI_16_Remesa_07.tif"
"https://visualizador.ide.uy/descargas/datos/CN_Remesa_07/02_Ortoimagenes/01_RGBI_16bits/D20A4_RGBI_16_Remesa_07.tif","D20A4_RGBI_16_Remesa_07.tif"
"https://visualizador.ide.uy/descargas/datos/CN_Remesa_07/02_Ortoimagenes/01_RGBI_16bits/D20A5_RGBI_16_Remesa_07.tif","D20A5_RGBI_16_Remesa_07.tif"
"https://visualizador.ide.uy/descargas/datos/CN_Remesa_07/02_Ortoimagenes/01_RGBI_16bits/D20A6_RGBI_16_Remesa_07.tif","D20A6_RGBI_16_Remesa_07.tif"
"https://visualizador.ide.uy/descargas/datos/CN_Remesa_07/02_Ortoimagenes/01_RGBI_16bits/D20B1_RGBI_16_Remesa_07.tif","D20B1_RGBI_16_Remesa_07.tif"
"https://visualizador.ide.uy/descargas/datos/CN_Remesa_07/02_Ortoimagenes/01_RGBI_16bits/D20B2_RGBI_16_Remesa_07.tif","D20B2_RGBI_16_Remesa_07.tif"
"https://visualizador.ide.uy/descargas/datos/CN_Remesa_07/02_Ortoimagenes/01_RGBI_16bits/D20B4_RGBI_16_Remesa_07.tif","D20B4_RGBI_16_Remesa_07.tif"
"https://visualizador.ide.uy/descargas/datos/CN_Remesa_07/02_Ortoimagenes/01_RGBI_16bits/D20B5_RGBI_16_Remesa_07.tif","D20B5_RGBI_16_Remesa_07.tif"
"https://visualizador.ide.uy/descargas/datos/CN_Remesa_07/02_Ortoimagenes/01_RGBI_16bits/D20C1_RGBI_16_Remesa_07.tif","D20C1_RGBI_16_Remesa_07.tif"
"https://visualizador.ide.uy/descargas/datos/CN_Remesa_07/02_Ortoimagenes/01_RGBI_16bits/D20C2_RGBI_16_Remesa_07.tif","D20C2_RGBI_16_Remesa_07.tif"
"https://visualizador.ide.uy/descargas/datos/CN_Remesa_07/02_Ortoimagenes/01_RGBI_16bits/D20C3_RGBI_16_Remesa_07.tif","D20C3_RGBI_16_Remesa_07.tif"
"https://visualizador.ide.uy/descargas/datos/CN_Remesa_07/02_Ortoimagenes/01_RGBI_16bits/D20C4_RGBI_16_Remesa_07.tif","D20C4_RGBI_16_Remesa_07.tif"
"https://visualizador.ide.uy/descargas/datos/CN_Remesa_07/02_Ortoimagenes/01_RGBI_16bits/D20C5_RGBI_16_Remesa_07.tif","D20C5_RGBI_16_Remesa_07.tif"
"https://visualizador.ide.uy/descargas/datos/CN_Remesa_07/02_Ortoimagenes/01_RGBI_16bits/D20C6_RGBI_16_Remesa_07.tif","D20C6_RGBI_16_Remesa_07.tif"
"https://visualizador.ide.uy/descargas/datos/CN_Remesa_07/02_Ortoimagenes/01_RGBI_16bits/D20D1_RGBI_16_Remesa_07.tif","D20D1_RGBI_16_Remesa_07.tif"
"https://visualizador.ide.uy/descargas/datos/CN_Remesa_07/02_Ortoimagenes/01_RGBI_16bits/D20D2_RGBI_16_Remesa_07.tif","D20D2_RGBI_16_Remesa_07.tif"
"https://visualizador.ide.uy/descargas/datos/CN_Remesa_07/02_Ortoimagenes/01_RGBI_16bits/D20D4_RGBI_16_Remesa_07.tif","D20D4_RGBI_16_Remesa_07.tif"
"https://visualizador.ide.uy/descargas/datos/CN_Remesa_07/02_Ortoimagenes/01_RGBI_16bits/D20D5_RGBI_16_Remesa_07.tif","D20D5_RGBI_16_Remesa_07.tif"
"https://visualizador.ide.uy/descargas/datos/CN_Remesa_07/02_Ortoimagenes/01_RGBI_16bits/D21A1_RGBI_16_Remesa_07.tif","D21A1_RGBI_16_Remesa_07.tif"
"https://visualizador.ide.uy/descargas/datos/CN_Remesa_07/02_Ortoimagenes/01_RGBI_16bits/D21A2_RGBI_16_Remesa_07.tif","D21A2_RGBI_16_Remesa_07.tif"
"https://visualizador.ide.uy/descargas/datos/CN_Remesa_07/02_Ortoimagenes/01_RGBI_16bits/D21A3_RGBI_16_Remesa_07.tif","D21A3_RGBI_16_Remesa_07.tif"
"https://visualizador.ide.uy/descargas/datos/CN_Remesa_07/02_Ortoimagenes/01_RGBI_16bits/D21A4_RGBI_16_Remesa_07.tif","D21A4_RGBI_16_Remesa_07.tif"
"https://visualizador.ide.uy/descargas/datos/CN_Remesa_07/02_Ortoimagenes/01_RGBI_16bits/D21A5_RGBI_16_Remesa_07.tif","D21A5_RGBI_16_Remesa_07.tif"
"https://visualizador.ide.uy/descargas/datos/CN_Remesa_07/02_Ortoimagenes/01_RGBI_16bits/D21A6_RGBI_16_Remesa_07.tif","D21A6_RGBI_16_Remesa_07.tif"
"https://visualizador.ide.uy/descargas/datos/CN_Remesa_07/02_Ortoimagenes/01_RGBI_16bits/D21B1_RGBI_16_Remesa_07.tif","D21B1_RGBI_16_Remesa_07.tif"
"https://visualizador.ide.uy/descargas/datos/CN_Remesa_07/02_Ortoimagenes/01_RGBI_16bits/D21B2_RGBI_16_Remesa_07.tif","D21B2_RGBI_16_Remesa_07.tif"
"https://visualizador.ide.uy/descargas/datos/CN_Remesa_07/02_Ortoimagenes/01_RGBI_16bits/D21B4_RGBI_16_Remesa_07.tif","D21B4_RGBI_16_Remesa_07.tif"
"https://visualizador.ide.uy/descargas/datos/CN_Remesa_07/02_Ortoimagenes/01_RGBI_16bits/D21B5_RGBI_16_Remesa_07.tif","D21B5_RGBI_16_Remesa_07.tif"
"https://visualizador.ide.uy/descargas/datos/CN_Remesa_07/02_Ortoimagenes/01_RGBI_16bits/D21C1_RGBI_16_Remesa_07.tif","D21C1_RGBI_16_Remesa_07.tif"
"https://visualizador.ide.uy/descargas/datos/CN_Remesa_07/02_Ortoimagenes/01_RGBI_16bits/D21C2_RGBI_16_Remesa_07.tif","D21C2_RGBI_16_Remesa_07.tif"
"https://visualizador.ide.uy/descargas/datos/CN_Remesa_07/02_Ortoimagenes/01_RGBI_16bits/D21C3_RGBI_16_Remesa_07.tif","D21C3_RGBI_16_Remesa_07.tif"
"https://visualizador.ide.uy/descargas/datos/CN_Remesa_07/02_Ortoimagenes/01_RGBI_16bits/D21C4_RGBI_16_Remesa_07.tif","D21C4_RGBI_16_Remesa_07.tif"
"https://visualizador.ide.uy/descargas/datos/CN_Remesa_07/02_Ortoimagenes/01_RGBI_16bits/D21C5_RGBI_16_Remesa_07.tif","D21C5_RGBI_16_Remesa_07.tif"
"https://visualizador.ide.uy/descargas/datos/CN_Remesa_07/02_Ortoimagenes/01_RGBI_16bits/D21C6_RGBI_16_Remesa_07.tif","D21C6_RGBI_16_Remesa_07.tif"
"https://visualizador.ide.uy/descargas/datos/CN_Remesa_07/02_Ortoimagenes/01_RGBI_16bits/D21D1_RGBI_16_Remesa_07.tif","D21D1_RGBI_16_Remesa_07.tif"
"https://visualizador.ide.uy/descargas/datos/CN_Remesa_07/02_Ortoimagenes/01_RGBI_16bits/D21D2_RGBI_16_Remesa_07.tif","D21D2_RGBI_16_Remesa_07.tif"
"https://visualizador.ide.uy/descargas/datos/CN_Remesa_07/02_Ortoimagenes/01_RGBI_16bits/D21D4_RGBI_16_Remesa_07.tif","D21D4_RGBI_16_Remesa_07.tif"
"https://visualizador.ide.uy/descargas/datos/CN_Remesa_07/02_Ortoimagenes/01_RGBI_16bits/D21D5_RGBI_16_Remesa_07.tif","D21D5_RGBI_16_Remesa_07.tif"
"https://visualizador.ide.uy/descargas/datos/CN_Remesa_07/02_Ortoimagenes/01_RGBI_16bits/D22A1_RGBI_16_Remesa_07.tif","D22A1_RGBI_16_Remesa_07.tif"
"https://visualizador.ide.uy/descargas/datos/CN_Remesa_07/02_Ortoimagenes/01_RGBI_16bits/D22A2_RGBI_16_Remesa_07.tif","D22A2_RGBI_16_Remesa_07.tif"
"https://visualizador.ide.uy/descargas/datos/CN_Remesa_07/02_Ortoimagenes/01_RGBI_16bits/D22A3_RGBI_16_Remesa_07.tif","D22A3_RGBI_16_Remesa_07.tif"
"https://visualizador.ide.uy/descargas/datos/CN_Remesa_07/02_Ortoimagenes/01_RGBI_16bits/D22A4_RGBI_16_Remesa_07.tif","D22A4_RGBI_16_Remesa_07.tif"
"https://visualizador.ide.uy/descargas/datos/CN_Remesa_07/02_Ortoimagenes/01_RGBI_16bits/D22A5_RGBI_16_Remesa_07.tif","D22A5_RGBI_16_Remesa_07.tif"
"https://visualizador.ide.uy/descargas/datos/CN_Remesa_07/02_Ortoimagenes/01_RGBI_16bits/D22A6_RGBI_16_Remesa_07.tif","D22A6_RGBI_16_Remesa_07.tif"
"https://visualizador.ide.uy/descargas/datos/CN_Remesa_07/02_Ortoimagenes/01_RGBI_16bits/D22B1_RGBI_16_Remesa_07.tif","D22B1_RGBI_16_Remesa_07.tif"
"https://visualizador.ide.uy/descargas/datos/CN_Remesa_07/02_Ortoimagenes/01_RGBI_16bits/D22B2_RGBI_16_Remesa_07.tif","D22B2_RGBI_16_Remesa_07.tif"
"https://visualizador.ide.uy/descargas/datos/CN_Remesa_07/02_Ortoimagenes/01_RGBI_16bits/D22B4_RGBI_16_Remesa_07.tif","D22B4_RGBI_16_Remesa_07.tif"
"https://visualizador.ide.uy/descargas/datos/CN_Remesa_07/02_Ortoimagenes/01_RGBI_16bits/D22B5_RGBI_16_Remesa_07.tif","D22B5_RGBI_16_Remesa_07.tif"
"https://visualizador.ide.uy/descargas/datos/CN_Remesa_07/02_Ortoimagenes/01_RGBI_16bits/D22C1_RGBI_16_Remesa_07.tif","D22C1_RGBI_16_Remesa_07.tif"
"https://visualizador.ide.uy/descargas/datos/CN_Remesa_07/02_Ortoimagenes/01_RGBI_16bits/D22C2_RGBI_16_Remesa_07.tif","D22C2_RGBI_16_Remesa_07.tif"
"https://visualizador.ide.uy/descargas/datos/CN_Remesa_07/02_Ortoimagenes/01_RGBI_16bits/D22C3_RGBI_16_Remesa_07.tif","D22C3_RGBI_16_Remesa_07.tif"
"https://visualizador.ide.uy/descargas/datos/CN_Remesa_07/02_Ortoimagenes/01_RGBI_16bits/D22C4_RGBI_16_Remesa_07.tif","D22C4_RGBI_16_Remesa_07.tif"
"https://visualizador.ide.uy/descargas/datos/CN_Remesa_07/02_Ortoimagenes/01_RGBI_16bits/D22C5_RGBI_16_Remesa_07.tif","D22C5_RGBI_16_Remesa_07.tif"
"https://visualizador.ide.uy/descargas/datos/CN_Remesa_07/02_Ortoimagenes/01_RGBI_16bits/D22C6_RGBI_16_Remesa_07.tif","D22C6_RGBI_16_Remesa_07.tif"
"https://visualizador.ide.uy/descargas/datos/CN_Remesa_07/02_Ortoimagenes/01_RGBI_16bits/D22D1_RGBI_16_Remesa_07.tif","D22D1_RGBI_16_Remesa_07.tif"
"https://visualizador.ide.uy/descargas/datos/CN_Remesa_07/02_Ortoimagenes/01_RGBI_16bits/D22D2_RGBI_16_Remesa_07.tif","D22D2_RGBI_16_Remesa_07.tif"
"https://visualizador.ide.uy/descargas/datos/CN_Remesa_07/02_Ortoimagenes/01_RGBI_16bits/D22D4_RGBI_16_Remesa_07.tif","D22D4_RGBI_16_Remesa_07.tif"
"https://visualizador.ide.uy/descargas/datos/CN_Remesa_07/02_Ortoimagenes/01_RGBI_16bits/D22D5_RGBI_16_Remesa_07.tif","D22D5_RGBI_16_Remesa_07.tif"
"https://visualizador.ide.uy/descargas/datos/CN_Remesa_07/02_Ortoimagenes/01_RGBI_16bits/D23A1_RGBI_16_Remesa_07.tif","D23A1_RGBI_16_Remesa_07.tif"
"https://visualizador.ide.uy/descargas/datos/CN_Remesa_07/02_Ortoimagenes/01_RGBI_16bits/D23A2_RGBI_16_Remesa_07.tif","D23A2_RGBI_16_Remesa_07.tif"
"https://visualizador.ide.uy/descargas/datos/CN_Remesa_07/02_Ortoimagenes/01_RGBI_16bits/D23A3_RGBI_16_Remesa_07.tif","D23A3_RGBI_16_Remesa_07.tif"
"https://visualizador.ide.uy/descargas/datos/CN_Remesa_07/02_Ortoimagenes/01_RGBI_16bits/D23A4_RGBI_16_Remesa_07.tif","D23A4_RGBI_16_Remesa_07.tif"
"https://visualizador.ide.uy/descargas/datos/CN_Remesa_07/02_Ortoimagenes/01_RGBI_16bits/D23A5_RGBI_16_Remesa_07.tif","D23A5_RGBI_16_Remesa_07.tif"
"https://visualizador.ide.uy/descargas/datos/CN_Remesa_07/02_Ortoimagenes/01_RGBI_16bits/D23A6_RGBI_16_Remesa_07.tif","D23A6_RGBI_16_Remesa_07.tif"
"https://visualizador.ide.uy/descargas/datos/CN_Remesa_07/02_Ortoimagenes/01_RGBI_16bits/D23B1_RGBI_16_Remesa_07.tif","D23B1_RGBI_16_Remesa_07.tif"
"https://visualizador.ide.uy/descargas/datos/CN_Remesa_07/02_Ortoimagenes/01_RGBI_16bits/D23B2_RGBI_16_Remesa_07.tif","D23B2_RGBI_16_Remesa_07.tif"
"https://visualizador.ide.uy/descargas/datos/CN_Remesa_07/02_Ortoimagenes/01_RGBI_16bits/D23B4_RGBI_16_Remesa_07.tif","D23B4_RGBI_16_Remesa_07.tif"
"https://visualizador.ide.uy/descargas/datos/CN_Remesa_07/02_Ortoimagenes/01_RGBI_16bits/D23B5_RGBI_16_Remesa_07.tif","D23B5_RGBI_16_Remesa_07.tif"
"https://visualizador.ide.uy/descargas/datos/CN_Remesa_07/02_Ortoimagenes/01_RGBI_16bits/D23C1_RGBI_16_Remesa_07.tif","D23C1_RGBI_16_Remesa_07.tif"
"https://visualizador.ide.uy/descargas/datos/CN_Remesa_07/02_Ortoimagenes/01_RGBI_16bits/D23C2_RGBI_16_Remesa_07.tif","D23C2_RGBI_16_Remesa_07.tif"
"https://visualizador.ide.uy/descargas/datos/CN_Remesa_07/02_Ortoimagenes/01_RGBI_16bits/D23C3_RGBI_16_Remesa_07.tif","D23C3_RGBI_16_Remesa_07.tif"
"https://visualizador.ide.uy/descargas/datos/CN_Remesa_07/02_Ortoimagenes/01_RGBI_16bits/D23D1_RGBI_16_Remesa_07.tif","D23D1_RGBI_16_Remesa_07.tif"
"https://visualizador.ide.uy/descargas/datos/CN_Remesa_07/02_Ortoimagenes/01_RGBI_16bits/D23D2_RGBI_16_Remesa_07.tif","D23D2_RGBI_16_Remesa_07.tif"
"https://visualizador.ide.uy/descargas/datos/CN_Remesa_07/02_Ortoimagenes/01_RGBI_16bits/E16C1_RGBI_16_Remesa_07.tif","E16C1_RGBI_16_Remesa_07.tif"
"https://visualizador.ide.uy/descargas/datos/CN_Remesa_07/02_Ortoimagenes/01_RGBI_16bits/E16C2_RGBI_16_Remesa_07.tif","E16C2_RGBI_16_Remesa_07.tif"
"https://visualizador.ide.uy/descargas/datos/CN_Remesa_07/02_Ortoimagenes/01_RGBI_16bits/E16C3_RGBI_16_Remesa_07.tif","E16C3_RGBI_16_Remesa_07.tif"
"https://visualizador.ide.uy/descargas/datos/CN_Remesa_07/02_Ortoimagenes/01_RGBI_16bits/E16C4_RGBI_16_Remesa_07.tif","E16C4_RGBI_16_Remesa_07.tif"
"https://visualizador.ide.uy/descargas/datos/CN_Remesa_07/02_Ortoimagenes/01_RGBI_16bits/E16C5_RGBI_16_Remesa_07.tif","E16C5_RGBI_16_Remesa_07.tif"
"https://visualizador.ide.uy/descargas/datos/CN_Remesa_07/02_Ortoimagenes/01_RGBI_16bits/E16C6_RGBI_16_Remesa_07.tif","E16C6_RGBI_16_Remesa_07.tif"
"https://visualizador.ide.uy/descargas/datos/CN_Remesa_07/02_Ortoimagenes/01_RGBI_16bits/E16D1_RGBI_16_Remesa_07.tif","E16D1_RGBI_16_Remesa_07.tif"
"https://visualizador.ide.uy/descargas/datos/CN_Remesa_07/02_Ortoimagenes/01_RGBI_16bits/E16D2_RGBI_16_Remesa_07.tif","E16D2_RGBI_16_Remesa_07.tif"
"https://visualizador.ide.uy/descargas/datos/CN_Remesa_07/02_Ortoimagenes/01_RGBI_16bits/E16D3_RGBI_16_Remesa_07.tif","E16D3_RGBI_16_Remesa_07.tif"
"https://visualizador.ide.uy/descargas/datos/CN_Remesa_07/02_Ortoimagenes/01_RGBI_16bits/E16D4_RGBI_16_Remesa_07.tif","E16D4_RGBI_16_Remesa_07.tif"
"https://visualizador.ide.uy/descargas/datos/CN_Remesa_07/02_Ortoimagenes/01_RGBI_16bits/E16D5_RGBI_16_Remesa_07.tif","E16D5_RGBI_16_Remesa_07.tif"
"https://visualizador.ide.uy/descargas/datos/CN_Remesa_07/02_Ortoimagenes/01_RGBI_16bits/E16D6_RGBI_16_Remesa_07.tif","E16D6_RGBI_16_Remesa_07.tif"
"https://visualizador.ide.uy/descargas/datos/CN_Remesa_07/02_Ortoimagenes/01_RGBI_16bits/E17A1_RGBI_16_Remesa_07.tif","E17A1_RGBI_16_Remesa_07.tif"
"https://visualizador.ide.uy/descargas/datos/CN_Remesa_07/02_Ortoimagenes/01_RGBI_16bits/E17A2_RGBI_16_Remesa_07.tif","E17A2_RGBI_16_Remesa_07.tif"
"https://visualizador.ide.uy/descargas/datos/CN_Remesa_07/02_Ortoimagenes/01_RGBI_16bits/E17A3_RGBI_16_Remesa_07.tif","E17A3_RGBI_16_Remesa_07.tif"
"https://visualizador.ide.uy/descargas/datos/CN_Remesa_07/02_Ortoimagenes/01_RGBI_16bits/E17A4_RGBI_16_Remesa_07.tif","E17A4_RGBI_16_Remesa_07.tif"
"https://visualizador.ide.uy/descargas/datos/CN_Remesa_07/02_Ortoimagenes/01_RGBI_16bits/E17A5_RGBI_16_Remesa_07.tif","E17A5_RGBI_16_Remesa_07.tif"
"https://visualizador.ide.uy/descargas/datos/CN_Remesa_07/02_Ortoimagenes/01_RGBI_16bits/E17A6_RGBI_16_Remesa_07.tif","E17A6_RGBI_16_Remesa_07.tif"
"https://visualizador.ide.uy/descargas/datos/CN_Remesa_07/02_Ortoimagenes/01_RGBI_16bits/E17B1_RGBI_16_Remesa_07.tif","E17B1_RGBI_16_Remesa_07.tif"
"https://visualizador.ide.uy/descargas/datos/CN_Remesa_07/02_Ortoimagenes/01_RGBI_16bits/E17B2_RGBI_16_Remesa_07.tif","E17B2_RGBI_16_Remesa_07.tif"
"https://visualizador.ide.uy/descargas/datos/CN_Remesa_07/02_Ortoimagenes/01_RGBI_16bits/E17B3_RGBI_16_Remesa_07.tif","E17B3_RGBI_16_Remesa_07.tif"
"https://visualizador.ide.uy/descargas/datos/CN_Remesa_07/02_Ortoimagenes/01_RGBI_16bits/E17B4_RGBI_16_Remesa_07.tif","E17B4_RGBI_16_Remesa_07.tif"
"https://visualizador.ide.uy/descargas/datos/CN_Remesa_07/02_Ortoimagenes/01_RGBI_16bits/E17B5_RGBI_16_Remesa_07.tif","E17B5_RGBI_16_Remesa_07.tif"
"https://visualizador.ide.uy/descargas/datos/CN_Remesa_07/02_Ortoimagenes/01_RGBI_16bits/E17B6_RGBI_16_Remesa_07.tif","E17B6_RGBI_16_Remesa_07.tif"
"https://visualizador.ide.uy/descargas/datos/CN_Remesa_07/02_Ortoimagenes/01_RGBI_16bits/E17C1_RGBI_16_Remesa_07.tif","E17C1_RGBI_16_Remesa_07.tif"
"https://visualizador.ide.uy/descargas/datos/CN_Remesa_07/02_Ortoimagenes/01_RGBI_16bits/E17C2_RGBI_16_Remesa_07.tif","E17C2_RGBI_16_Remesa_07.tif"
"https://visualizador.ide.uy/descargas/datos/CN_Remesa_07/02_Ortoimagenes/01_RGBI_16bits/E17C3_RGBI_16_Remesa_07.tif","E17C3_RGBI_16_Remesa_07.tif"
"https://visualizador.ide.uy/descargas/datos/CN_Remesa_07/02_Ortoimagenes/01_RGBI_16bits/E17C4_RGBI_16_Remesa_07.tif","E17C4_RGBI_16_Remesa_07.tif"
"https://visualizador.ide.uy/descargas/datos/CN_Remesa_07/02_Ortoimagenes/01_RGBI_16bits/E17C5_RGBI_16_Remesa_07.tif","E17C5_RGBI_16_Remesa_07.tif"
"https://visualizador.ide.uy/descargas/datos/CN_Remesa_07/02_Ortoimagenes/01_RGBI_16bits/E17C6_RGBI_16_Remesa_07.tif","E17C6_RGBI_16_Remesa_07.tif"
"https://visualizador.ide.uy/descargas/datos/CN_Remesa_07/02_Ortoimagenes/01_RGBI_16bits/E17D1_RGBI_16_Remesa_07.tif","E17D1_RGBI_16_Remesa_07.tif"
"https://visualizador.ide.uy/descargas/datos/CN_Remesa_07/02_Ortoimagenes/01_RGBI_16bits/E17D2_RGBI_16_Remesa_07.tif","E17D2_RGBI_16_Remesa_07.tif"
"https://visualizador.ide.uy/descargas/datos/CN_Remesa_07/02_Ortoimagenes/01_RGBI_16bits/E17D3_RGBI_16_Remesa_07.tif","E17D3_RGBI_16_Remesa_07.tif"
"https://visualizador.ide.uy/descargas/datos/CN_Remesa_07/02_Ortoimagenes/01_RGBI_16bits/E17D4_RGBI_16_Remesa_07.tif","E17D4_RGBI_16_Remesa_07.tif"
"https://visualizador.ide.uy/descargas/datos/CN_Remesa_07/02_Ortoimagenes/01_RGBI_16bits/E17D5_RGBI_16_Remesa_07.tif","E17D5_RGBI_16_Remesa_07.tif"
"https://visualizador.ide.uy/descargas/datos/CN_Remesa_07/02_Ortoimagenes/01_RGBI_16bits/E17D6_RGBI_16_Remesa_07.tif","E17D6_RGBI_16_Remesa_07.tif"
"https://visualizador.ide.uy/descargas/datos/CN_Remesa_07/02_Ortoimagenes/01_RGBI_16bits/E18A1_RGBI_16_Remesa_07.tif","E18A1_RGBI_16_Remesa_07.tif"
"https://visualizador.ide.uy/descargas/datos/CN_Remesa_07/02_Ortoimagenes/01_RGBI_16bits/E18A2_RGBI_16_Remesa_07.tif","E18A2_RGBI_16_Remesa_07.tif"
"https://visualizador.ide.uy/descargas/datos/CN_Remesa_07/02_Ortoimagenes/01_RGBI_16bits/E18A3_RGBI_16_Remesa_07.tif","E18A3_RGBI_16_Remesa_07.tif"
"https://visualizador.ide.uy/descargas/datos/CN_Remesa_07/02_Ortoimagenes/01_RGBI_16bits/E18A4_RGBI_16_Remesa_07.tif","E18A4_RGBI_16_Remesa_07.tif"
"https://visualizador.ide.uy/descargas/datos/CN_Remesa_07/02_Ortoimagenes/01_RGBI_16bits/E18A5_RGBI_16_Remesa_07.tif","E18A5_RGBI_16_Remesa_07.tif"
"https://visualizador.ide.uy/descargas/datos/CN_Remesa_07/02_Ortoimagenes/01_RGBI_16bits/E18A6_RGBI_16_Remesa_07.tif","E18A6_RGBI_16_Remesa_07.tif"
"https://visualizador.ide.uy/descargas/datos/CN_Remesa_07/02_Ortoimagenes/01_RGBI_16bits/E18B1_RGBI_16_Remesa_07.tif","E18B1_RGBI_16_Remesa_07.tif"
"https://visualizador.ide.uy/descargas/datos/CN_Remesa_07/02_Ortoimagenes/01_RGBI_16bits/E18B2_RGBI_16_Remesa_07.tif","E18B2_RGBI_16_Remesa_07.tif"
"https://visualizador.ide.uy/descargas/datos/CN_Remesa_07/02_Ortoimagenes/01_RGBI_16bits/E18B3_RGBI_16_Remesa_07.tif","E18B3_RGBI_16_Remesa_07.tif"
"https://visualizador.ide.uy/descargas/datos/CN_Remesa_07/02_Ortoimagenes/01_RGBI_16bits/E18B4_RGBI_16_Remesa_07.tif","E18B4_RGBI_16_Remesa_07.tif"
"https://visualizador.ide.uy/descargas/datos/CN_Remesa_07/02_Ortoimagenes/01_RGBI_16bits/E18B5_RGBI_16_Remesa_07.tif","E18B5_RGBI_16_Remesa_07.tif"
"https://visualizador.ide.uy/descargas/datos/CN_Remesa_07/02_Ortoimagenes/01_RGBI_16bits/E18B6_RGBI_16_Remesa_07.tif","E18B6_RGBI_16_Remesa_07.tif"
"https://visualizador.ide.uy/descargas/datos/CN_Remesa_07/02_Ortoimagenes/01_RGBI_16bits/E18C1_RGBI_16_Remesa_07.tif","E18C1_RGBI_16_Remesa_07.tif"
"https://visualizador.ide.uy/descargas/datos/CN_Remesa_07/02_Ortoimagenes/01_RGBI_16bits/E18C2_RGBI_16_Remesa_07.tif","E18C2_RGBI_16_Remesa_07.tif"
"https://visualizador.ide.uy/descargas/datos/CN_Remesa_07/02_Ortoimagenes/01_RGBI_16bits/E18C3_RGBI_16_Remesa_07.tif","E18C3_RGBI_16_Remesa_07.tif"
"https://visualizador.ide.uy/descargas/datos/CN_Remesa_07/02_Ortoimagenes/01_RGBI_16bits/E18C4_RGBI_16_Remesa_07.tif","E18C4_RGBI_16_Remesa_07.tif"
"https://visualizador.ide.uy/descargas/datos/CN_Remesa_07/02_Ortoimagenes/01_RGBI_16bits/E18C5_RGBI_16_Remesa_07.tif","E18C5_RGBI_16_Remesa_07.tif"
"https://visualizador.ide.uy/descargas/datos/CN_Remesa_07/02_Ortoimagenes/01_RGBI_16bits/E18C6_RGBI_16_Remesa_07.tif","E18C6_RGBI_16_Remesa_07.tif"
"https://visualizador.ide.uy/descargas/datos/CN_Remesa_07/02_Ortoimagenes/01_RGBI_16bits/E18D1_RGBI_16_Remesa_07.tif","E18D1_RGBI_16_Remesa_07.tif"
"https://visualizador.ide.uy/descargas/datos/CN_Remesa_07/02_Ortoimagenes/01_RGBI_16bits/E18D2_RGBI_16_Remesa_07.tif","E18D2_RGBI_16_Remesa_07.tif"
"https://visualizador.ide.uy/descargas/datos/CN_Remesa_07/02_Ortoimagenes/01_RGBI_16bits/E18D3_RGBI_16_Remesa_07.tif","E18D3_RGBI_16_Remesa_07.tif"
"https://visualizador.ide.uy/descargas/datos/CN_Remesa_07/02_Ortoimagenes/01_RGBI_16bits/E18D4_RGBI_16_Remesa_07.tif","E18D4_RGBI_16_Remesa_07.tif"
"https://visualizador.ide.uy/descargas/datos/CN_Remesa_07/02_Ortoimagenes/01_RGBI_16bits/E18D5_RGBI_16_Remesa_07.tif","E18D5_RGBI_16_Remesa_07.tif"
"https://visualizador.ide.uy/descargas/datos/CN_Remesa_07/02_Ortoimagenes/01_RGBI_16bits/E18D6_RGBI_16_Remesa_07.tif","E18D6_RGBI_16_Remesa_07.tif"
"https://visualizador.ide.uy/descargas/datos/CN_Remesa_07/02_Ortoimagenes/01_RGBI_16bits/E19A1_RGBI_16_Remesa_07.tif","E19A1_RGBI_16_Remesa_07.tif"
"https://visualizador.ide.uy/descargas/datos/CN_Remesa_07/02_Ortoimagenes/01_RGBI_16bits/E19A2_RGBI_16_Remesa_07.tif","E19A2_RGBI_16_Remesa_07.tif"
"https://visualizador.ide.uy/descargas/datos/CN_Remesa_07/02_Ortoimagenes/01_RGBI_16bits/E19A3_RGBI_16_Remesa_07.tif","E19A3_RGBI_16_Remesa_07.tif"
"https://visualizador.ide.uy/descargas/datos/CN_Remesa_07/02_Ortoimagenes/01_RGBI_16bits/E19A4_RGBI_16_Remesa_07.tif","E19A4_RGBI_16_Remesa_07.tif"
"https://visualizador.ide.uy/descargas/datos/CN_Remesa_07/02_Ortoimagenes/01_RGBI_16bits/E19A5_RGBI_16_Remesa_07.tif","E19A5_RGBI_16_Remesa_07.tif"
"https://visualizador.ide.uy/descargas/datos/CN_Remesa_07/02_Ortoimagenes/01_RGBI_16bits/E19A6_RGBI_16_Remesa_07.tif","E19A6_RGBI_16_Remesa_07.tif"
"https://visualizador.ide.uy/descargas/datos/CN_Remesa_07/02_Ortoimagenes/01_RGBI_16bits/E19B1_RGBI_16_Remesa_07.tif","E19B1_RGBI_16_Remesa_07.tif"
"https://visualizador.ide.uy/descargas/datos/CN_Remesa_07/02_Ortoimagenes/01_RGBI_16bits/E19B2_RGBI_16_Remesa_07.tif","E19B2_RGBI_16_Remesa_07.tif"
"https://visualizador.ide.uy/descargas/datos/CN_Remesa_07/02_Ortoimagenes/01_RGBI_16bits/E19B3_RGBI_16_Remesa_07.tif","E19B3_RGBI_16_Remesa_07.tif"
"https://visualizador.ide.uy/descargas/datos/CN_Remesa_07/02_Ortoimagenes/01_RGBI_16bits/E19B4_RGBI_16_Remesa_07.tif","E19B4_RGBI_16_Remesa_07.tif"
"https://visualizador.ide.uy/descargas/datos/CN_Remesa_07/02_Ortoimagenes/01_RGBI_16bits/E19B5_RGBI_16_Remesa_07.tif","E19B5_RGBI_16_Remesa_07.tif"
"https://visualizador.ide.uy/descargas/datos/CN_Remesa_07/02_Ortoimagenes/01_RGBI_16bits/E19B6_RGBI_16_Remesa_07.tif","E19B6_RGBI_16_Remesa_07.tif"
"https://visualizador.ide.uy/descargas/datos/CN_Remesa_07/02_Ortoimagenes/01_RGBI_16bits/E19C1_RGBI_16_Remesa_07.tif","E19C1_RGBI_16_Remesa_07.tif"
"https://visualizador.ide.uy/descargas/datos/CN_Remesa_07/02_Ortoimagenes/01_RGBI_16bits/E19C2_RGBI_16_Remesa_07.tif","E19C2_RGBI_16_Remesa_07.tif"
"https://visualizador.ide.uy/descargas/datos/CN_Remesa_07/02_Ortoimagenes/01_RGBI_16bits/E19C3_RGBI_16_Remesa_07.tif","E19C3_RGBI_16_Remesa_07.tif"
"https://visualizador.ide.uy/descargas/datos/CN_Remesa_07/02_Ortoimagenes/01_RGBI_16bits/E19C4_RGBI_16_Remesa_07.tif","E19C4_RGBI_16_Remesa_07.tif"
"https://visualizador.ide.uy/descargas/datos/CN_Remesa_07/02_Ortoimagenes/01_RGBI_16bits/E19C5_RGBI_16_Remesa_07.tif","E19C5_RGBI_16_Remesa_07.tif"
"https://visualizador.ide.uy/descargas/datos/CN_Remesa_07/02_Ortoimagenes/01_RGBI_16bits/E19C6_RGBI_16_Remesa_07.tif","E19C6_RGBI_16_Remesa_07.tif"
"https://visualizador.ide.uy/descargas/datos/CN_Remesa_07/02_Ortoimagenes/01_RGBI_16bits/E19D1_RGBI_16_Remesa_07.tif","E19D1_RGBI_16_Remesa_07.tif"
"https://visualizador.ide.uy/descargas/datos/CN_Remesa_07/02_Ortoimagenes/01_RGBI_16bits/E19D2_RGBI_16_Remesa_07.tif","E19D2_RGBI_16_Remesa_07.tif"
"https://visualizador.ide.uy/descargas/datos/CN_Remesa_07/02_Ortoimagenes/01_RGBI_16bits/E19D3_RGBI_16_Remesa_07.tif","E19D3_RGBI_16_Remesa_07.tif"
"https://visualizador.ide.uy/descargas/datos/CN_Remesa_07/02_Ortoimagenes/01_RGBI_16bits/E19D4_RGBI_16_Remesa_07.tif","E19D4_RGBI_16_Remesa_07.tif"
"https://visualizador.ide.uy/descargas/datos/CN_Remesa_07/02_Ortoimagenes/01_RGBI_16bits/E19D5_RGBI_16_Remesa_07.tif","E19D5_RGBI_16_Remesa_07.tif"
"https://visualizador.ide.uy/descargas/datos/CN_Remesa_07/02_Ortoimagenes/01_RGBI_16bits/E19D6_RGBI_16_Remesa_07.tif","E19D6_RGBI_16_Remesa_07.tif"
"https://visualizador.ide.uy/descargas/datos/CN_Remesa_07/02_Ortoimagenes/01_RGBI_16bits/E20A1_RGBI_16_Remesa_07.tif","E20A1_RGBI_16_Remesa_07.tif"
"https://visualizador.ide.uy/descargas/datos/CN_Remesa_07/02_Ortoimagenes/01_RGBI_16bits/E20A2_RGBI_16_Remesa_07.tif","E20A2_RGBI_16_Remesa_07.tif"
"https://visualizador.ide.uy/descargas/datos/CN_Remesa_07/02_Ortoimagenes/01_RGBI_16bits/E20A3_RGBI_16_Remesa_07.tif","E20A3_RGBI_16_Remesa_07.tif"
"https://visualizador.ide.uy/descargas/datos/CN_Remesa_07/02_Ortoimagenes/01_RGBI_16bits/E20A4_RGBI_16_Remesa_07.tif","E20A4_RGBI_16_Remesa_07.tif"
"https://visualizador.ide.uy/descargas/datos/CN_Remesa_07/02_Ortoimagenes/01_RGBI_16bits/E20A5_RGBI_16_Remesa_07.tif","E20A5_RGBI_16_Remesa_07.tif"
"https://visualizador.ide.uy/descargas/datos/CN_Remesa_07/02_Ortoimagenes/01_RGBI_16bits/E20A6_RGBI_16_Remesa_07.tif","E20A6_RGBI_16_Remesa_07.tif"
"https://visualizador.ide.uy/descargas/datos/CN_Remesa_07/02_Ortoimagenes/01_RGBI_16bits/E20B1_RGBI_16_Remesa_07.tif","E20B1_RGBI_16_Remesa_07.tif"
"https://visualizador.ide.uy/descargas/datos/CN_Remesa_07/02_Ortoimagenes/01_RGBI_16bits/E20B2_RGBI_16_Remesa_07.tif","E20B2_RGBI_16_Remesa_07.tif"
"https://visualizador.ide.uy/descargas/datos/CN_Remesa_07/02_Ortoimagenes/01_RGBI_16bits/E20B3_RGBI_16_Remesa_07.tif","E20B3_RGBI_16_Remesa_07.tif"
"https://visualizador.ide.uy/descargas/datos/CN_Remesa_07/02_Ortoimagenes/01_RGBI_16bits/E20B4_RGBI_16_Remesa_07.tif","E20B4_RGBI_16_Remesa_07.tif"
"https://visualizador.ide.uy/descargas/datos/CN_Remesa_07/02_Ortoimagenes/01_RGBI_16bits/E20B5_RGBI_16_Remesa_07.tif","E20B5_RGBI_16_Remesa_07.tif"
"https://visualizador.ide.uy/descargas/datos/CN_Remesa_07/02_Ortoimagenes/01_RGBI_16bits/E20B6_RGBI_16_Remesa_07.tif","E20B6_RGBI_16_Remesa_07.tif"
"https://visualizador.ide.uy/descargas/datos/CN_Remesa_07/02_Ortoimagenes/01_RGBI_16bits/E20C1_RGBI_16_Remesa_07.tif","E20C1_RGBI_16_Remesa_07.tif"
"https://visualizador.ide.uy/descargas/datos/CN_Remesa_07/02_Ortoimagenes/01_RGBI_16bits/E20C2_RGBI_16_Remesa_07.tif","E20C2_RGBI_16_Remesa_07.tif"
"https://visualizador.ide.uy/descargas/datos/CN_Remesa_07/02_Ortoimagenes/01_RGBI_16bits/E20C3_RGBI_16_Remesa_07.tif","E20C3_RGBI_16_Remesa_07.tif"
"https://visualizador.ide.uy/descargas/datos/CN_Remesa_07/02_Ortoimagenes/01_RGBI_16bits/E20C4_RGBI_16_Remesa_07.tif","E20C4_RGBI_16_Remesa_07.tif"
"https://visualizador.ide.uy/descargas/datos/CN_Remesa_07/02_Ortoimagenes/01_RGBI_16bits/E20C5_RGBI_16_Remesa_07.tif","E20C5_RGBI_16_Remesa_07.tif"
"https://visualizador.ide.uy/descargas/datos/CN_Remesa_07/02_Ortoimagenes/01_RGBI_16bits/E20C6_RGBI_16_Remesa_07.tif","E20C6_RGBI_16_Remesa_07.tif"
"https://visualizador.ide.uy/descargas/datos/CN_Remesa_07/02_Ortoimagenes/01_RGBI_16bits/E20D1_RGBI_16_Remesa_07.tif","E20D1_RGBI_16_Remesa_07.tif"
"https://visualizador.ide.uy/descargas/datos/CN_Remesa_07/02_Ortoimagenes/01_RGBI_16bits/E20D2_RGBI_16_Remesa_07.tif","E20D2_RGBI_16_Remesa_07.tif"
"https://visualizador.ide.uy/descargas/datos/CN_Remesa_07/02_Ortoimagenes/01_RGBI_16bits/E20D3_RGBI_16_Remesa_07.tif","E20D3_RGBI_16_Remesa_07.tif"
"https://visualizador.ide.uy/descargas/datos/CN_Remesa_07/02_Ortoimagenes/01_RGBI_16bits/E20D4_RGBI_16_Remesa_07.tif","E20D4_RGBI_16_Remesa_07.tif"
"https://visualizador.ide.uy/descargas/datos/CN_Remesa_07/02_Ortoimagenes/01_RGBI_16bits/E20D5_RGBI_16_Remesa_07.tif","E20D5_RGBI_16_Remesa_07.tif"
"https://visualizador.ide.uy/descargas/datos/CN_Remesa_07/02_Ortoimagenes/01_RGBI_16bits/E20D6_RGBI_16_Remesa_07.tif","E20D6_RGBI_16_Remesa_07.tif"
"https://visualizador.ide.uy/descargas/datos/CN_Remesa_07/02_Ortoimagenes/01_RGBI_16bits/E21A1_RGBI_16_Remesa_07.tif","E21A1_RGBI_16_Remesa_07.tif"
"https://visualizador.ide.uy/descargas/datos/CN_Remesa_07/02_Ortoimagenes/01_RGBI_16bits/E21A2_RGBI_16_Remesa_07.tif","E21A2_RGBI_16_Remesa_07.tif"
"https://visualizador.ide.uy/descargas/datos/CN_Remesa_07/02_Ortoimagenes/01_RGBI_16bits/E21A3_RGBI_16_Remesa_07.tif","E21A3_RGBI_16_Remesa_07.tif"
"https://visualizador.ide.uy/descargas/datos/CN_Remesa_07/02_Ortoimagenes/01_RGBI_16bits/E21A4_RGBI_16_Remesa_07.tif","E21A4_RGBI_16_Remesa_07.tif"
"https://visualizador.ide.uy/descargas/datos/CN_Remesa_07/02_Ortoimagenes/01_RGBI_16bits/E21A5_RGBI_16_Remesa_07.tif","E21A5_RGBI_16_Remesa_07.tif"
"https://visualizador.ide.uy/descargas/datos/CN_Remesa_07/02_Ortoimagenes/01_RGBI_16bits/E21A6_RGBI_16_Remesa_07.tif","E21A6_RGBI_16_Remesa_07.tif"
"https://visualizador.ide.uy/descargas/datos/CN_Remesa_07/02_Ortoimagenes/01_RGBI_16bits/E21B1_RGBI_16_Remesa_07.tif","E21B1_RGBI_16_Remesa_07.tif"
"https://visualizador.ide.uy/descargas/datos/CN_Remesa_07/02_Ortoimagenes/01_RGBI_16bits/E21B2_RGBI_16_Remesa_07.tif","E21B2_RGBI_16_Remesa_07.tif"
"https://visualizador.ide.uy/descargas/datos/CN_Remesa_07/02_Ortoimagenes/01_RGBI_16bits/E21B3_RGBI_16_Remesa_07.tif","E21B3_RGBI_16_Remesa_07.tif"
"https://visualizador.ide.uy/descargas/datos/CN_Remesa_07/02_Ortoimagenes/01_RGBI_16bits/E21B4_RGBI_16_Remesa_07.tif","E21B4_RGBI_16_Remesa_07.tif"
"https://visualizador.ide.uy/descargas/datos/CN_Remesa_07/02_Ortoimagenes/01_RGBI_16bits/E21B5_RGBI_16_Remesa_07.tif","E21B5_RGBI_16_Remesa_07.tif"
"https://visualizador.ide.uy/descargas/datos/CN_Remesa_07/02_Ortoimagenes/01_RGBI_16bits/E21B6_RGBI_16_Remesa_07.tif","E21B6_RGBI_16_Remesa_07.tif"
"https://visualizador.ide.uy/descargas/datos/CN_Remesa_07/02_Ortoimagenes/01_RGBI_16bits/E21C1_RGBI_16_Remesa_07.tif","E21C1_RGBI_16_Remesa_07.tif"
"https://visualizador.ide.uy/descargas/datos/CN_Remesa_07/02_Ortoimagenes/01_RGBI_16bits/E21C2_RGBI_16_Remesa_07.tif","E21C2_RGBI_16_Remesa_07.tif"
"https://visualizador.ide.uy/descargas/datos/CN_Remesa_07/02_Ortoimagenes/01_RGBI_16bits/E21C3_RGBI_16_Remesa_07.tif","E21C3_RGBI_16_Remesa_07.tif"
"https://visualizador.ide.uy/descargas/datos/CN_Remesa_07/02_Ortoimagenes/01_RGBI_16bits/E21C4_RGBI_16_Remesa_07.tif","E21C4_RGBI_16_Remesa_07.tif"
"https://visualizador.ide.uy/descargas/datos/CN_Remesa_07/02_Ortoimagenes/01_RGBI_16bits/E21C5_RGBI_16_Remesa_07.tif","E21C5_RGBI_16_Remesa_07.tif"
"https://visualizador.ide.uy/descargas/datos/CN_Remesa_07/02_Ortoimagenes/01_RGBI_16bits/E21C6_RGBI_16_Remesa_07.tif","E21C6_RGBI_16_Remesa_07.tif"
"https://visualizador.ide.uy/descargas/datos/CN_Remesa_07/02_Ortoimagenes/01_RGBI_16bits/E21D1_RGBI_16_Remesa_07.tif","E21D1_RGBI_16_Remesa_07.tif"
"https://visualizador.ide.uy/descargas/datos/CN_Remesa_07/02_Ortoimagenes/01_RGBI_16bits/E21D2_RGBI_16_Remesa_07.tif","E21D2_RGBI_16_Remesa_07.tif"
"https://visualizador.ide.uy/descargas/datos/CN_Remesa_07/02_Ortoimagenes/01_RGBI_16bits/E21D3_RGBI_16_Remesa_07.tif","E21D3_RGBI_16_Remesa_07.tif"
"https://visualizador.ide.uy/descargas/datos/CN_Remesa_07/02_Ortoimagenes/01_RGBI_16bits/E21D4_RGBI_16_Remesa_07.tif","E21D4_RGBI_16_Remesa_07.tif"
"https://visualizador.ide.uy/descargas/datos/CN_Remesa_07/02_Ortoimagenes/01_RGBI_16bits/E21D5_RGBI_16_Remesa_07.tif","E21D5_RGBI_16_Remesa_07.tif"
"https://visualizador.ide.uy/descargas/datos/CN_Remesa_07/02_Ortoimagenes/01_RGBI_16bits/E21D6_RGBI_16_Remesa_07.tif","E21D6_RGBI_16_Remesa_07.tif"
"https://visualizador.ide.uy/descargas/datos/CN_Remesa_07/02_Ortoimagenes/01_RGBI_16bits/E22A1_RGBI_16_Remesa_07.tif","E22A1_RGBI_16_Remesa_07.tif"
"https://visualizador.ide.uy/descargas/datos/CN_Remesa_07/02_Ortoimagenes/01_RGBI_16bits/E22A2_RGBI_16_Remesa_07.tif","E22A2_RGBI_16_Remesa_07.tif"
"https://visualizador.ide.uy/descargas/datos/CN_Remesa_07/02_Ortoimagenes/01_RGBI_16bits/E22A3_RGBI_16_Remesa_07.tif","E22A3_RGBI_16_Remesa_07.tif"
"https://visualizador.ide.uy/descargas/datos/CN_Remesa_07/02_Ortoimagenes/01_RGBI_16bits/E22A4_RGBI_16_Remesa_07.tif","E22A4_RGBI_16_Remesa_07.tif"
"https://visualizador.ide.uy/descargas/datos/CN_Remesa_07/02_Ortoimagenes/01_RGBI_16bits/E22A5_RGBI_16_Remesa_07.tif","E22A5_RGBI_16_Remesa_07.tif"
"https://visualizador.ide.uy/descargas/datos/CN_Remesa_07/02_Ortoimagenes/01_RGBI_16bits/E22A6_RGBI_16_Remesa_07.tif","E22A6_RGBI_16_Remesa_07.tif"
"https://visualizador.ide.uy/descargas/datos/CN_Remesa_07/02_Ortoimagenes/01_RGBI_16bits/E22B1_RGBI_16_Remesa_07.tif","E22B1_RGBI_16_Remesa_07.tif"
"https://visualizador.ide.uy/descargas/datos/CN_Remesa_07/02_Ortoimagenes/01_RGBI_16bits/E22B2_RGBI_16_Remesa_07.tif","E22B2_RGBI_16_Remesa_07.tif"
"https://visualizador.ide.uy/descargas/datos/CN_Remesa_07/02_Ortoimagenes/01_RGBI_16bits/E22B3_RGBI_16_Remesa_07.tif","E22B3_RGBI_16_Remesa_07.tif"
"https://visualizador.ide.uy/descargas/datos/CN_Remesa_07/02_Ortoimagenes/01_RGBI_16bits/E22B4_RGBI_16_Remesa_07.tif","E22B4_RGBI_16_Remesa_07.tif"
"https://visualizador.ide.uy/descargas/datos/CN_Remesa_07/02_Ortoimagenes/01_RGBI_16bits/E22B5_RGBI_16_Remesa_07.tif","E22B5_RGBI_16_Remesa_07.tif"
"https://visualizador.ide.uy/descargas/datos/CN_Remesa_07/02_Ortoimagenes/01_RGBI_16bits/E22B6_RGBI_16_Remesa_07.tif","E22B6_RGBI_16_Remesa_07.tif"
"https://visualizador.ide.uy/descargas/datos/CN_Remesa_07/02_Ortoimagenes/01_RGBI_16bits/E22C1_RGBI_16_Remesa_07.tif","E22C1_RGBI_16_Remesa_07.tif"
"https://visualizador.ide.uy/descargas/datos/CN_Remesa_07/02_Ortoimagenes/01_RGBI_16bits/E22C2_RGBI_16_Remesa_07.tif","E22C2_RGBI_16_Remesa_07.tif"
"https://visualizador.ide.uy/descargas/datos/CN_Remesa_07/02_Ortoimagenes/01_RGBI_16bits/E22C3_RGBI_16_Remesa_07.tif","E22C3_RGBI_16_Remesa_07.tif"
"https://visualizador.ide.uy/descargas/datos/CN_Remesa_07/02_Ortoimagenes/01_RGBI_16bits/E22C4_RGBI_16_Remesa_07.tif","E22C4_RGBI_16_Remesa_07.tif"
"https://visualizador.ide.uy/descargas/datos/CN_Remesa_07/02_Ortoimagenes/01_RGBI_16bits/E22C5_RGBI_16_Remesa_07.tif","E22C5_RGBI_16_Remesa_07.tif"
"https://visualizador.ide.uy/descargas/datos/CN_Remesa_07/02_Ortoimagenes/01_RGBI_16bits/E22C6_RGBI_16_Remesa_07.tif","E22C6_RGBI_16_Remesa_07.tif"
"https://visualizador.ide.uy/descargas/datos/CN_Remesa_07/02_Ortoimagenes/01_RGBI_16bits/E22D1_RGBI_16_Remesa_07.tif","E22D1_RGBI_16_Remesa_07.tif"
"https://visualizador.ide.uy/descargas/datos/CN_Remesa_07/02_Ortoimagenes/01_RGBI_16bits/E22D2_RGBI_16_Remesa_07.tif","E22D2_RGBI_16_Remesa_07.tif"
"https://visualizador.ide.uy/descargas/datos/CN_Remesa_07/02_Ortoimagenes/01_RGBI_16bits/E22D3_RGBI_16_Remesa_07.tif","E22D3_RGBI_16_Remesa_07.tif"
"https://visualizador.ide.uy/descargas/datos/CN_Remesa_07/02_Ortoimagenes/01_RGBI_16bits/E22D4_RGBI_16_Remesa_07.tif","E22D4_RGBI_16_Remesa_07.tif"
"https://visualizador.ide.uy/descargas/datos/CN_Remesa_07/02_Ortoimagenes/01_RGBI_16bits/E22D5_RGBI_16_Remesa_07.tif","E22D5_RGBI_16_Remesa_07.tif"
"https://visualizador.ide.uy/descargas/datos/CN_Remesa_07/02_Ortoimagenes/01_RGBI_16bits/E22D6_RGBI_16_Remesa_07.tif","E22D6_RGBI_16_Remesa_07.tif"
"https://visualizador.ide.uy/descargas/datos/CN_Remesa_07/02_Ortoimagenes/01_RGBI_16bits/E23A1_RGBI_16_Remesa_07.tif","E23A1_RGBI_16_Remesa_07.tif"
"https://visualizador.ide.uy/descargas/datos/CN_Remesa_07/02_Ortoimagenes/01_RGBI_16bits/E23A2_RGBI_16_Remesa_07.tif","E23A2_RGBI_16_Remesa_07.tif"
"https://visualizador.ide.uy/descargas/datos/CN_Remesa_07/02_Ortoimagenes/01_RGBI_16bits/E23A3_RGBI_16_Remesa_07.tif","E23A3_RGBI_16_Remesa_07.tif"
"https://visualizador.ide.uy/descargas/datos/CN_Remesa_07/02_Ortoimagenes/01_RGBI_16bits/E23A4_RGBI_16_Remesa_07.tif","E23A4_RGBI_16_Remesa_07.tif"
"https://visualizador.ide.uy/descargas/datos/CN_Remesa_07/02_Ortoimagenes/01_RGBI_16bits/E23A5_RGBI_16_Remesa_07.tif","E23A5_RGBI_16_Remesa_07.tif"
"https://visualizador.ide.uy/descargas/datos/CN_Remesa_07/02_Ortoimagenes/01_RGBI_16bits/E23A6_RGBI_16_Remesa_07.tif","E23A6_RGBI_16_Remesa_07.tif"
"https://visualizador.ide.uy/descargas/datos/CN_Remesa_07/02_Ortoimagenes/01_RGBI_16bits/E23B1_RGBI_16_Remesa_07.tif","E23B1_RGBI_16_Remesa_07.tif"
"https://visualizador.ide.uy/descargas/datos/CN_Remesa_07/02_Ortoimagenes/01_RGBI_16bits/E23B2_RGBI_16_Remesa_07.tif","E23B2_RGBI_16_Remesa_07.tif"
"https://visualizador.ide.uy/descargas/datos/CN_Remesa_07/02_Ortoimagenes/01_RGBI_16bits/E23B3_RGBI_16_Remesa_07.tif","E23B3_RGBI_16_Remesa_07.tif"
"https://visualizador.ide.uy/descargas/datos/CN_Remesa_07/02_Ortoimagenes/01_RGBI_16bits/E23B4_RGBI_16_Remesa_07.tif","E23B4_RGBI_16_Remesa_07.tif"
"https://visualizador.ide.uy/descargas/datos/CN_Remesa_07/02_Ortoimagenes/01_RGBI_16bits/E23B5_RGBI_16_Remesa_07.tif","E23B5_RGBI_16_Remesa_07.tif"
"https://visualizador.ide.uy/descargas/datos/CN_Remesa_07/02_Ortoimagenes/01_RGBI_16bits/E23B6_RGBI_16_Remesa_07.tif","E23B6_RGBI_16_Remesa_07.tif"
"https://visualizador.ide.uy/descargas/datos/CN_Remesa_07/02_Ortoimagenes/01_RGBI_16bits/E23C1_RGBI_16_Remesa_07.tif","E23C1_RGBI_16_Remesa_07.tif"
"https://visualizador.ide.uy/descargas/datos/CN_Remesa_07/02_Ortoimagenes/01_RGBI_16bits/E23C2_RGBI_16_Remesa_07.tif","E23C2_RGBI_16_Remesa_07.tif"
"https://visualizador.ide.uy/descargas/datos/CN_Remesa_07/02_Ortoimagenes/01_RGBI_16bits/E23C3_RGBI_16_Remesa_07.tif","E23C3_RGBI_16_Remesa_07.tif"
"https://visualizador.ide.uy/descargas/datos/CN_Remesa_07/02_Ortoimagenes/01_RGBI_16bits/E23D1_RGBI_16_Remesa_07.tif","E23D1_RGBI_16_Remesa_07.tif"
"https://visualizador.ide.uy/descargas/datos/CN_Remesa_07/02_Ortoimagenes/01_RGBI_16bits/E23D2_RGBI_16_Remesa_07.tif","E23D2_RGBI_16_Remesa_07.tif"
"https://visualizador.ide.uy/descargas/datos/CN_Remesa_07/02_Ortoimagenes/01_RGBI_16bits/E23D3_RGBI_16_Remesa_07.tif","E23D3_RGBI_16_Remesa_07.tif"
"https://visualizador.ide.uy/descargas/datos/CN_Remesa_07/02_Ortoimagenes/01_RGBI_16bits/F16C1_RGBI_16_Remesa_07.tif","F16C1_RGBI_16_Remesa_07.tif"
"https://visualizador.ide.uy/descargas/datos/CN_Remesa_07/02_Ortoimagenes/01_RGBI_16bits/F16C2_RGBI_16_Remesa_07.tif","F16C2_RGBI_16_Remesa_07.tif"
"https://visualizador.ide.uy/descargas/datos/CN_Remesa_07/02_Ortoimagenes/01_RGBI_16bits/F16C3_RGBI_16_Remesa_07.tif","F16C3_RGBI_16_Remesa_07.tif"
"https://visualizador.ide.uy/descargas/datos/CN_Remesa_07/02_Ortoimagenes/01_RGBI_16bits/F16C4_RGBI_16_Remesa_07.tif","F16C4_RGBI_16_Remesa_07.tif"
"https://visualizador.ide.uy/descargas/datos/CN_Remesa_07/02_Ortoimagenes/01_RGBI_16bits/F16C5_RGBI_16_Remesa_07.tif","F16C5_RGBI_16_Remesa_07.tif"
"https://visualizador.ide.uy/descargas/datos/CN_Remesa_07/02_Ortoimagenes/01_RGBI_16bits/F16C6_RGBI_16_Remesa_07.tif","F16C6_RGBI_16_Remesa_07.tif"
"https://visualizador.ide.uy/descargas/datos/CN_Remesa_07/02_Ortoimagenes/01_RGBI_16bits/F16D1_RGBI_16_Remesa_07.tif","F16D1_RGBI_16_Remesa_07.tif"
"https://visualizador.ide.uy/descargas/datos/CN_Remesa_07/02_Ortoimagenes/01_RGBI_16bits/F16D2_RGBI_16_Remesa_07.tif","F16D2_RGBI_16_Remesa_07.tif"
"https://visualizador.ide.uy/descargas/datos/CN_Remesa_07/02_Ortoimagenes/01_RGBI_16bits/F16D3_RGBI_16_Remesa_07.tif","F16D3_RGBI_16_Remesa_07.tif"
"https://visualizador.ide.uy/descargas/datos/CN_Remesa_07/02_Ortoimagenes/01_RGBI_16bits/F16D4_RGBI_16_Remesa_07.tif","F16D4_RGBI_16_Remesa_07.tif"
"https://visualizador.ide.uy/descargas/datos/CN_Remesa_07/02_Ortoimagenes/01_RGBI_16bits/F16D5_RGBI_16_Remesa_07.tif","F16D5_RGBI_16_Remesa_07.tif"
"https://visualizador.ide.uy/descargas/datos/CN_Remesa_07/02_Ortoimagenes/01_RGBI_16bits/F16D6_RGBI_16_Remesa_07.tif","F16D6_RGBI_16_Remesa_07.tif"
"https://visualizador.ide.uy/descargas/datos/CN_Remesa_07/02_Ortoimagenes/01_RGBI_16bits/F17A1_RGBI_16_Remesa_07.tif","F17A1_RGBI_16_Remesa_07.tif"
"https://visualizador.ide.uy/descargas/datos/CN_Remesa_07/02_Ortoimagenes/01_RGBI_16bits/F17A2_RGBI_16_Remesa_07.tif","F17A2_RGBI_16_Remesa_07.tif"
"https://visualizador.ide.uy/descargas/datos/CN_Remesa_07/02_Ortoimagenes/01_RGBI_16bits/F17A3_RGBI_16_Remesa_07.tif","F17A3_RGBI_16_Remesa_07.tif"
"https://visualizador.ide.uy/descargas/datos/CN_Remesa_07/02_Ortoimagenes/01_RGBI_16bits/F17A4_RGBI_16_Remesa_07.tif","F17A4_RGBI_16_Remesa_07.tif"
"https://visualizador.ide.uy/descargas/datos/CN_Remesa_07/02_Ortoimagenes/01_RGBI_16bits/F17A5_RGBI_16_Remesa_07.tif","F17A5_RGBI_16_Remesa_07.tif"
"https://visualizador.ide.uy/descargas/datos/CN_Remesa_07/02_Ortoimagenes/01_RGBI_16bits/F17A6_RGBI_16_Remesa_07.tif","F17A6_RGBI_16_Remesa_07.tif"
"https://visualizador.ide.uy/descargas/datos/CN_Remesa_07/02_Ortoimagenes/01_RGBI_16bits/F17B1_RGBI_16_Remesa_07.tif","F17B1_RGBI_16_Remesa_07.tif"
"https://visualizador.ide.uy/descargas/datos/CN_Remesa_07/02_Ortoimagenes/01_RGBI_16bits/F17B2_RGBI_16_Remesa_07.tif","F17B2_RGBI_16_Remesa_07.tif"
"https://visualizador.ide.uy/descargas/datos/CN_Remesa_07/02_Ortoimagenes/01_RGBI_16bits/F17B3_RGBI_16_Remesa_07.tif","F17B3_RGBI_16_Remesa_07.tif"
"https://visualizador.ide.uy/descargas/datos/CN_Remesa_07/02_Ortoimagenes/01_RGBI_16bits/F17B4_RGBI_16_Remesa_07.tif","F17B4_RGBI_16_Remesa_07.tif"
"https://visualizador.ide.uy/descargas/datos/CN_Remesa_07/02_Ortoimagenes/01_RGBI_16bits/F17B5_RGBI_16_Remesa_07.tif","F17B5_RGBI_16_Remesa_07.tif"
"https://visualizador.ide.uy/descargas/datos/CN_Remesa_07/02_Ortoimagenes/01_RGBI_16bits/F17B6_RGBI_16_Remesa_07.tif","F17B6_RGBI_16_Remesa_07.tif"
"https://visualizador.ide.uy/descargas/datos/CN_Remesa_07/02_Ortoimagenes/01_RGBI_16bits/F17C1_RGBI_16_Remesa_07.tif","F17C1_RGBI_16_Remesa_07.tif"
"https://visualizador.ide.uy/descargas/datos/CN_Remesa_07/02_Ortoimagenes/01_RGBI_16bits/F17C2_RGBI_16_Remesa_07.tif","F17C2_RGBI_16_Remesa_07.tif"
"https://visualizador.ide.uy/descargas/datos/CN_Remesa_07/02_Ortoimagenes/01_RGBI_16bits/F17C3_RGBI_16_Remesa_07.tif","F17C3_RGBI_16_Remesa_07.tif"
"https://visualizador.ide.uy/descargas/datos/CN_Remesa_07/02_Ortoimagenes/01_RGBI_16bits/F17C4_RGBI_16_Remesa_07.tif","F17C4_RGBI_16_Remesa_07.tif"
"https://visualizador.ide.uy/descargas/datos/CN_Remesa_07/02_Ortoimagenes/01_RGBI_16bits/F17C5_RGBI_16_Remesa_07.tif","F17C5_RGBI_16_Remesa_07.tif"
"https://visualizador.ide.uy/descargas/datos/CN_Remesa_07/02_Ortoimagenes/01_RGBI_16bits/F17C6_RGBI_16_Remesa_07.tif","F17C6_RGBI_16_Remesa_07.tif"
"https://visualizador.ide.uy/descargas/datos/CN_Remesa_07/02_Ortoimagenes/01_RGBI_16bits/F17D1_RGBI_16_Remesa_07.tif","F17D1_RGBI_16_Remesa_07.tif"
"https://visualizador.ide.uy/descargas/datos/CN_Remesa_07/02_Ortoimagenes/01_RGBI_16bits/F17D2_RGBI_16_Remesa_07.tif","F17D2_RGBI_16_Remesa_07.tif"
"https://visualizador.ide.uy/descargas/datos/CN_Remesa_07/02_Ortoimagenes/01_RGBI_16bits/F17D3_RGBI_16_Remesa_07.tif","F17D3_RGBI_16_Remesa_07.tif"
"https://visualizador.ide.uy/descargas/datos/CN_Remesa_07/02_Ortoimagenes/01_RGBI_16bits/F17D4_RGBI_16_Remesa_07.tif","F17D4_RGBI_16_Remesa_07.tif"
"https://visualizador.ide.uy/descargas/datos/CN_Remesa_07/02_Ortoimagenes/01_RGBI_16bits/F17D5_RGBI_16_Remesa_07.tif","F17D5_RGBI_16_Remesa_07.tif"
"https://visualizador.ide.uy/descargas/datos/CN_Remesa_07/02_Ortoimagenes/01_RGBI_16bits/F17D6_RGBI_16_Remesa_07.tif","F17D6_RGBI_16_Remesa_07.tif"
"https://visualizador.ide.uy/descargas/datos/CN_Remesa_07/02_Ortoimagenes/01_RGBI_16bits/F18A1_RGBI_16_Remesa_07.tif","F18A1_RGBI_16_Remesa_07.tif"
"https://visualizador.ide.uy/descargas/datos/CN_Remesa_07/02_Ortoimagenes/01_RGBI_16bits/F18A2_RGBI_16_Remesa_07.tif","F18A2_RGBI_16_Remesa_07.tif"
"https://visualizador.ide.uy/descargas/datos/CN_Remesa_07/02_Ortoimagenes/01_RGBI_16bits/F18A3_RGBI_16_Remesa_07.tif","F18A3_RGBI_16_Remesa_07.tif"
"https://visualizador.ide.uy/descargas/datos/CN_Remesa_07/02_Ortoimagenes/01_RGBI_16bits/F18A4_RGBI_16_Remesa_07.tif","F18A4_RGBI_16_Remesa_07.tif"
"https://visualizador.ide.uy/descargas/datos/CN_Remesa_07/02_Ortoimagenes/01_RGBI_16bits/F18A5_RGBI_16_Remesa_07.tif","F18A5_RGBI_16_Remesa_07.tif"
"https://visualizador.ide.uy/descargas/datos/CN_Remesa_07/02_Ortoimagenes/01_RGBI_16bits/F18A6_RGBI_16_Remesa_07.tif","F18A6_RGBI_16_Remesa_07.tif"
"https://visualizador.ide.uy/descargas/datos/CN_Remesa_07/02_Ortoimagenes/01_RGBI_16bits/F18B1_RGBI_16_Remesa_07.tif","F18B1_RGBI_16_Remesa_07.tif"
"https://visualizador.ide.uy/descargas/datos/CN_Remesa_07/02_Ortoimagenes/01_RGBI_16bits/F18B2_RGBI_16_Remesa_07.tif","F18B2_RGBI_16_Remesa_07.tif"
"https://visualizador.ide.uy/descargas/datos/CN_Remesa_07/02_Ortoimagenes/01_RGBI_16bits/F18B3_RGBI_16_Remesa_07.tif","F18B3_RGBI_16_Remesa_07.tif"
"https://visualizador.ide.uy/descargas/datos/CN_Remesa_07/02_Ortoimagenes/01_RGBI_16bits/F18B4_RGBI_16_Remesa_07.tif","F18B4_RGBI_16_Remesa_07.tif"
"https://visualizador.ide.uy/descargas/datos/CN_Remesa_07/02_Ortoimagenes/01_RGBI_16bits/F18B5_RGBI_16_Remesa_07.tif","F18B5_RGBI_16_Remesa_07.tif"
"https://visualizador.ide.uy/descargas/datos/CN_Remesa_07/02_Ortoimagenes/01_RGBI_16bits/F18B6_RGBI_16_Remesa_07.tif","F18B6_RGBI_16_Remesa_07.tif"
"https://visualizador.ide.uy/descargas/datos/CN_Remesa_07/02_Ortoimagenes/01_RGBI_16bits/F18C1_RGBI_16_Remesa_07.tif","F18C1_RGBI_16_Remesa_07.tif"
"https://visualizador.ide.uy/descargas/datos/CN_Remesa_07/02_Ortoimagenes/01_RGBI_16bits/F18C2_RGBI_16_Remesa_07.tif","F18C2_RGBI_16_Remesa_07.tif"
"https://visualizador.ide.uy/descargas/datos/CN_Remesa_07/02_Ortoimagenes/01_RGBI_16bits/F18C3_RGBI_16_Remesa_07.tif","F18C3_RGBI_16_Remesa_07.tif"
"https://visualizador.ide.uy/descargas/datos/CN_Remesa_07/02_Ortoimagenes/01_RGBI_16bits/F18C4_RGBI_16_Remesa_07.tif","F18C4_RGBI_16_Remesa_07.tif"
"https://visualizador.ide.uy/descargas/datos/CN_Remesa_07/02_Ortoimagenes/01_RGBI_16bits/F18C5_RGBI_16_Remesa_07.tif","F18C5_RGBI_16_Remesa_07.tif"
"https://visualizador.ide.uy/descargas/datos/CN_Remesa_07/02_Ortoimagenes/01_RGBI_16bits/F18C6_RGBI_16_Remesa_07.tif","F18C6_RGBI_16_Remesa_07.tif"
"https://visualizador.ide.uy/descargas/datos/CN_Remesa_07/02_Ortoimagenes/01_RGBI_16bits/F18D1_RGBI_16_Remesa_07.tif","F18D1_RGBI_16_Remesa_07.tif"
"https://visualizador.ide.uy/descargas/datos/CN_Remesa_07/02_Ortoimagenes/01_RGBI_16bits/F18D2_RGBI_16_Remesa_07.tif","F18D2_RGBI_16_Remesa_07.tif"
"https://visualizador.ide.uy/descargas/datos/CN_Remesa_07/02_Ortoimagenes/01_RGBI_16bits/F18D3_RGBI_16_Remesa_07.tif","F18D3_RGBI_16_Remesa_07.tif"
"https://visualizador.ide.uy/descargas/datos/CN_Remesa_07/02_Ortoimagenes/01_RGBI_16bits/F18D4_RGBI_16_Remesa_07.tif","F18D4_RGBI_16_Remesa_07.tif"
"https://visualizador.ide.uy/descargas/datos/CN_Remesa_07/02_Ortoimagenes/01_RGBI_16bits/F18D5_RGBI_16_Remesa_07.tif","F18D5_RGBI_16_Remesa_07.tif"
"https://visualizador.ide.uy/descargas/datos/CN_Remesa_07/02_Ortoimagenes/01_RGBI_16bits/F18D6_RGBI_16_Remesa_07.tif","F18D6_RGBI_16_Remesa_07.tif"
"https://visualizador.ide.uy/descargas/datos/CN_Remesa_07/02_Ortoimagenes/01_RGBI_16bits/F19A1_RGBI_16_Remesa_07.tif","F19A1_RGBI_16_Remesa_07.tif"
"https://visualizador.ide.uy/descargas/datos/CN_Remesa_07/02_Ortoimagenes/01_RGBI_16bits/F19A2_RGBI_16_Remesa_07.tif","F19A2_RGBI_16_Remesa_07.tif"
"https://visualizador.ide.uy/descargas/datos/CN_Remesa_07/02_Ortoimagenes/01_RGBI_16bits/F19A3_RGBI_16_Remesa_07.tif","F19A3_RGBI_16_Remesa_07.tif"
"https://visualizador.ide.uy/descargas/datos/CN_Remesa_07/02_Ortoimagenes/01_RGBI_16bits/F19A4_RGBI_16_Remesa_07.tif","F19A4_RGBI_16_Remesa_07.tif"
"https://visualizador.ide.uy/descargas/datos/CN_Remesa_07/02_Ortoimagenes/01_RGBI_16bits/F19A5_RGBI_16_Remesa_07.tif","F19A5_RGBI_16_Remesa_07.tif"
"https://visualizador.ide.uy/descargas/datos/CN_Remesa_07/02_Ortoimagenes/01_RGBI_16bits/F19A6_RGBI_16_Remesa_07.tif","F19A6_RGBI_16_Remesa_07.tif"
"https://visualizador.ide.uy/descargas/datos/CN_Remesa_07/02_Ortoimagenes/01_RGBI_16bits/F19B1_RGBI_16_Remesa_07.tif","F19B1_RGBI_16_Remesa_07.tif"
"https://visualizador.ide.uy/descargas/datos/CN_Remesa_07/02_Ortoimagenes/01_RGBI_16bits/F19B2_RGBI_16_Remesa_07.tif","F19B2_RGBI_16_Remesa_07.tif"
"https://visualizador.ide.uy/descargas/datos/CN_Remesa_07/02_Ortoimagenes/01_RGBI_16bits/F19B3_RGBI_16_Remesa_07.tif","F19B3_RGBI_16_Remesa_07.tif"
"https://visualizador.ide.uy/descargas/datos/CN_Remesa_07/02_Ortoimagenes/01_RGBI_16bits/F19B4_RGBI_16_Remesa_07.tif","F19B4_RGBI_16_Remesa_07.tif"
"https://visualizador.ide.uy/descargas/datos/CN_Remesa_07/02_Ortoimagenes/01_RGBI_16bits/F19B5_RGBI_16_Remesa_07.tif","F19B5_RGBI_16_Remesa_07.tif"
"https://visualizador.ide.uy/descargas/datos/CN_Remesa_07/02_Ortoimagenes/01_RGBI_16bits/F19B6_RGBI_16_Remesa_07.tif","F19B6_RGBI_16_Remesa_07.tif"
"https://visualizador.ide.uy/descargas/datos/CN_Remesa_07/02_Ortoimagenes/01_RGBI_16bits/F19C1_RGBI_16_Remesa_07.tif","F19C1_RGBI_16_Remesa_07.tif"
"https://visualizador.ide.uy/descargas/datos/CN_Remesa_07/02_Ortoimagenes/01_RGBI_16bits/F19C2_RGBI_16_Remesa_07.tif","F19C2_RGBI_16_Remesa_07.tif"
"https://visualizador.ide.uy/descargas/datos/CN_Remesa_07/02_Ortoimagenes/01_RGBI_16bits/F19C3_RGBI_16_Remesa_07.tif","F19C3_RGBI_16_Remesa_07.tif"
"https://visualizador.ide.uy/descargas/datos/CN_Remesa_07/02_Ortoimagenes/01_RGBI_16bits/F19C4_RGBI_16_Remesa_07.tif","F19C4_RGBI_16_Remesa_07.tif"
"https://visualizador.ide.uy/descargas/datos/CN_Remesa_07/02_Ortoimagenes/01_RGBI_16bits/F19C5_RGBI_16_Remesa_07.tif","F19C5_RGBI_16_Remesa_07.tif"
"https://visualizador.ide.uy/descargas/datos/CN_Remesa_07/02_Ortoimagenes/01_RGBI_16bits/F19C6_RGBI_16_Remesa_07.tif","F19C6_RGBI_16_Remesa_07.tif"
"https://visualizador.ide.uy/descargas/datos/CN_Remesa_07/02_Ortoimagenes/01_RGBI_16bits/F19D1_RGBI_16_Remesa_07.tif","F19D1_RGBI_16_Remesa_07.tif"
"https://visualizador.ide.uy/descargas/datos/CN_Remesa_07/02_Ortoimagenes/01_RGBI_16bits/F19D2_RGBI_16_Remesa_07.tif","F19D2_RGBI_16_Remesa_07.tif"
"https://visualizador.ide.uy/descargas/datos/CN_Remesa_07/02_Ortoimagenes/01_RGBI_16bits/F19D3_RGBI_16_Remesa_07.tif","F19D3_RGBI_16_Remesa_07.tif"
"https://visualizador.ide.uy/descargas/datos/CN_Remesa_07/02_Ortoimagenes/01_RGBI_16bits/F19D4_RGBI_16_Remesa_07.tif","F19D4_RGBI_16_Remesa_07.tif"
"https://visualizador.ide.uy/descargas/datos/CN_Remesa_07/02_Ortoimagenes/01_RGBI_16bits/F19D5_RGBI_16_Remesa_07.tif","F19D5_RGBI_16_Remesa_07.tif"
"https://visualizador.ide.uy/descargas/datos/CN_Remesa_07/02_Ortoimagenes/01_RGBI_16bits/F19D6_RGBI_16_Remesa_07.tif","F19D6_RGBI_16_Remesa_07.tif"
"https://visualizador.ide.uy/descargas/datos/CN_Remesa_07/02_Ortoimagenes/01_RGBI_16bits/F20A1_RGBI_16_Remesa_07.tif","F20A1_RGBI_16_Remesa_07.tif"
"https://visualizador.ide.uy/descargas/datos/CN_Remesa_07/02_Ortoimagenes/01_RGBI_16bits/F20A2_RGBI_16_Remesa_07.tif","F20A2_RGBI_16_Remesa_07.tif"
"https://visualizador.ide.uy/descargas/datos/CN_Remesa_07/02_Ortoimagenes/01_RGBI_16bits/F20A3_RGBI_16_Remesa_07.tif","F20A3_RGBI_16_Remesa_07.tif"
"https://visualizador.ide.uy/descargas/datos/CN_Remesa_07/02_Ortoimagenes/01_RGBI_16bits/F20A4_RGBI_16_Remesa_07.tif","F20A4_RGBI_16_Remesa_07.tif"
"https://visualizador.ide.uy/descargas/datos/CN_Remesa_07/02_Ortoimagenes/01_RGBI_16bits/F20A5_RGBI_16_Remesa_07.tif","F20A5_RGBI_16_Remesa_07.tif"
"https://visualizador.ide.uy/descargas/datos/CN_Remesa_07/02_Ortoimagenes/01_RGBI_16bits/F20A6_RGBI_16_Remesa_07.tif","F20A6_RGBI_16_Remesa_07.tif"
"https://visualizador.ide.uy/descargas/datos/CN_Remesa_07/02_Ortoimagenes/01_RGBI_16bits/F20B1_RGBI_16_Remesa_07.tif","F20B1_RGBI_16_Remesa_07.tif"
"https://visualizador.ide.uy/descargas/datos/CN_Remesa_07/02_Ortoimagenes/01_RGBI_16bits/F20B2_RGBI_16_Remesa_07.tif","F20B2_RGBI_16_Remesa_07.tif"
"https://visualizador.ide.uy/descargas/datos/CN_Remesa_07/02_Ortoimagenes/01_RGBI_16bits/F20B3_RGBI_16_Remesa_07.tif","F20B3_RGBI_16_Remesa_07.tif"
"https://visualizador.ide.uy/descargas/datos/CN_Remesa_07/02_Ortoimagenes/01_RGBI_16bits/F20B4_RGBI_16_Remesa_07.tif","F20B4_RGBI_16_Remesa_07.tif"
"https://visualizador.ide.uy/descargas/datos/CN_Remesa_07/02_Ortoimagenes/01_RGBI_16bits/F20B5_RGBI_16_Remesa_07.tif","F20B5_RGBI_16_Remesa_07.tif"
"https://visualizador.ide.uy/descargas/datos/CN_Remesa_07/02_Ortoimagenes/01_RGBI_16bits/F20B6_RGBI_16_Remesa_07.tif","F20B6_RGBI_16_Remesa_07.tif"
"https://visualizador.ide.uy/descargas/datos/CN_Remesa_07/02_Ortoimagenes/01_RGBI_16bits/F20C1_RGBI_16_Remesa_07.tif","F20C1_RGBI_16_Remesa_07.tif"
"https://visualizador.ide.uy/descargas/datos/CN_Remesa_07/02_Ortoimagenes/01_RGBI_16bits/F20C2_RGBI_16_Remesa_07.tif","F20C2_RGBI_16_Remesa_07.tif"
"https://visualizador.ide.uy/descargas/datos/CN_Remesa_07/02_Ortoimagenes/01_RGBI_16bits/F20C3_RGBI_16_Remesa_07.tif","F20C3_RGBI_16_Remesa_07.tif"
"https://visualizador.ide.uy/descargas/datos/CN_Remesa_07/02_Ortoimagenes/01_RGBI_16bits/F20C4_RGBI_16_Remesa_07.tif","F20C4_RGBI_16_Remesa_07.tif"
"https://visualizador.ide.uy/descargas/datos/CN_Remesa_07/02_Ortoimagenes/01_RGBI_16bits/F20C5_RGBI_16_Remesa_07.tif","F20C5_RGBI_16_Remesa_07.tif"
"https://visualizador.ide.uy/descargas/datos/CN_Remesa_07/02_Ortoimagenes/01_RGBI_16bits/F20C6_RGBI_16_Remesa_07.tif","F20C6_RGBI_16_Remesa_07.tif"
"https://visualizador.ide.uy/descargas/datos/CN_Remesa_07/02_Ortoimagenes/01_RGBI_16bits/F20D1_RGBI_16_Remesa_07.tif","F20D1_RGBI_16_Remesa_07.tif"
"https://visualizador.ide.uy/descargas/datos/CN_Remesa_07/02_Ortoimagenes/01_RGBI_16bits/F20D2_RGBI_16_Remesa_07.tif","F20D2_RGBI_16_Remesa_07.tif"
"https://visualizador.ide.uy/descargas/datos/CN_Remesa_07/02_Ortoimagenes/01_RGBI_16bits/F20D3_RGBI_16_Remesa_07.tif","F20D3_RGBI_16_Remesa_07.tif"
"https://visualizador.ide.uy/descargas/datos/CN_Remesa_07/02_Ortoimagenes/01_RGBI_16bits/F20D4_RGBI_16_Remesa_07.tif","F20D4_RGBI_16_Remesa_07.tif"
"https://visualizador.ide.uy/descargas/datos/CN_Remesa_07/02_Ortoimagenes/01_RGBI_16bits/F20D5_RGBI_16_Remesa_07.tif","F20D5_RGBI_16_Remesa_07.tif"
"https://visualizador.ide.uy/descargas/datos/CN_Remesa_07/02_Ortoimagenes/01_RGBI_16bits/F20D6_RGBI_16_Remesa_07.tif","F20D6_RGBI_16_Remesa_07.tif"
"https://visualizador.ide.uy/descargas/datos/CN_Remesa_07/02_Ortoimagenes/01_RGBI_16bits/F21A1_RGBI_16_Remesa_07.tif","F21A1_RGBI_16_Remesa_07.tif"
"https://visualizador.ide.uy/descargas/datos/CN_Remesa_07/02_Ortoimagenes/01_RGBI_16bits/F21A2_RGBI_16_Remesa_07.tif","F21A2_RGBI_16_Remesa_07.tif"
"https://visualizador.ide.uy/descargas/datos/CN_Remesa_07/02_Ortoimagenes/01_RGBI_16bits/F21A3_RGBI_16_Remesa_07.tif","F21A3_RGBI_16_Remesa_07.tif"
"https://visualizador.ide.uy/descargas/datos/CN_Remesa_07/02_Ortoimagenes/01_RGBI_16bits/F21A4_RGBI_16_Remesa_07.tif","F21A4_RGBI_16_Remesa_07.tif"
"https://visualizador.ide.uy/descargas/datos/CN_Remesa_07/02_Ortoimagenes/01_RGBI_16bits/F21A5_RGBI_16_Remesa_07.tif","F21A5_RGBI_16_Remesa_07.tif"
"https://visualizador.ide.uy/descargas/datos/CN_Remesa_07/02_Ortoimagenes/01_RGBI_16bits/F21A6_RGBI_16_Remesa_07.tif","F21A6_RGBI_16_Remesa_07.tif"
"https://visualizador.ide.uy/descargas/datos/CN_Remesa_07/02_Ortoimagenes/01_RGBI_16bits/F21B1_RGBI_16_Remesa_07.tif","F21B1_RGBI_16_Remesa_07.tif"
"https://visualizador.ide.uy/descargas/datos/CN_Remesa_07/02_Ortoimagenes/01_RGBI_16bits/F21B2_RGBI_16_Remesa_07.tif","F21B2_RGBI_16_Remesa_07.tif"
"https://visualizador.ide.uy/descargas/datos/CN_Remesa_07/02_Ortoimagenes/01_RGBI_16bits/F21B3_RGBI_16_Remesa_07.tif","F21B3_RGBI_16_Remesa_07.tif"
"https://visualizador.ide.uy/descargas/datos/CN_Remesa_07/02_Ortoimagenes/01_RGBI_16bits/F21B4_RGBI_16_Remesa_07.tif","F21B4_RGBI_16_Remesa_07.tif"
"https://visualizador.ide.uy/descargas/datos/CN_Remesa_07/02_Ortoimagenes/01_RGBI_16bits/F21B5_RGBI_16_Remesa_07.tif","F21B5_RGBI_16_Remesa_07.tif"
"https://visualizador.ide.uy/descargas/datos/CN_Remesa_07/02_Ortoimagenes/01_RGBI_16bits/F21B6_RGBI_16_Remesa_07.tif","F21B6_RGBI_16_Remesa_07.tif"
"https://visualizador.ide.uy/descargas/datos/CN_Remesa_07/02_Ortoimagenes/01_RGBI_16bits/F21C1_RGBI_16_Remesa_07.tif","F21C1_RGBI_16_Remesa_07.tif"
"https://visualizador.ide.uy/descargas/datos/CN_Remesa_07/02_Ortoimagenes/01_RGBI_16bits/F21C2_RGBI_16_Remesa_07.tif","F21C2_RGBI_16_Remesa_07.tif"
"https://visualizador.ide.uy/descargas/datos/CN_Remesa_07/02_Ortoimagenes/01_RGBI_16bits/F21C3_RGBI_16_Remesa_07.tif","F21C3_RGBI_16_Remesa_07.tif"
"https://visualizador.ide.uy/descargas/datos/CN_Remesa_07/02_Ortoimagenes/01_RGBI_16bits/F21C4_RGBI_16_Remesa_07.tif","F21C4_RGBI_16_Remesa_07.tif"
"https://visualizador.ide.uy/descargas/datos/CN_Remesa_07/02_Ortoimagenes/01_RGBI_16bits/F21C5_RGBI_16_Remesa_07.tif","F21C5_RGBI_16_Remesa_07.tif"
"https://visualizador.ide.uy/descargas/datos/CN_Remesa_07/02_Ortoimagenes/01_RGBI_16bits/F21C6_RGBI_16_Remesa_07.tif","F21C6_RGBI_16_Remesa_07.tif"
"https://visualizador.ide.uy/descargas/datos/CN_Remesa_07/02_Ortoimagenes/01_RGBI_16bits/F21D1_RGBI_16_Remesa_07.tif","F21D1_RGBI_16_Remesa_07.tif"
"https://visualizador.ide.uy/descargas/datos/CN_Remesa_07/02_Ortoimagenes/01_RGBI_16bits/F21D2_RGBI_16_Remesa_07.tif","F21D2_RGBI_16_Remesa_07.tif"
"https://visualizador.ide.uy/descargas/datos/CN_Remesa_07/02_Ortoimagenes/01_RGBI_16bits/F21D3_RGBI_16_Remesa_07.tif","F21D3_RGBI_16_Remesa_07.tif"
"https://visualizador.ide.uy/descargas/datos/CN_Remesa_07/02_Ortoimagenes/01_RGBI_16bits/F21D4_RGBI_16_Remesa_07.tif","F21D4_RGBI_16_Remesa_07.tif"
"https://visualizador.ide.uy/descargas/datos/CN_Remesa_07/02_Ortoimagenes/01_RGBI_16bits/F21D5_RGBI_16_Remesa_07.tif","F21D5_RGBI_16_Remesa_07.tif"
"https://visualizador.ide.uy/descargas/datos/CN_Remesa_07/02_Ortoimagenes/01_RGBI_16bits/F21D6_RGBI_16_Remesa_07.tif","F21D6_RGBI_16_Remesa_07.tif"
"https://visualizador.ide.uy/descargas/datos/CN_Remesa_07/02_Ortoimagenes/01_RGBI_16bits/F22A1_RGBI_16_Remesa_07.tif","F22A1_RGBI_16_Remesa_07.tif"
"https://visualizador.ide.uy/descargas/datos/CN_Remesa_07/02_Ortoimagenes/01_RGBI_16bits/F22A2_RGBI_16_Remesa_07.tif","F22A2_RGBI_16_Remesa_07.tif"
"https://visualizador.ide.uy/descargas/datos/CN_Remesa_07/02_Ortoimagenes/01_RGBI_16bits/F22A3_RGBI_16_Remesa_07.tif","F22A3_RGBI_16_Remesa_07.tif"
"https://visualizador.ide.uy/descargas/datos/CN_Remesa_07/02_Ortoimagenes/01_RGBI_16bits/F22A4_RGBI_16_Remesa_07.tif","F22A4_RGBI_16_Remesa_07.tif"
"https://visualizador.ide.uy/descargas/datos/CN_Remesa_07/02_Ortoimagenes/01_RGBI_16bits/F22A5_RGBI_16_Remesa_07.tif","F22A5_RGBI_16_Remesa_07.tif"
"https://visualizador.ide.uy/descargas/datos/CN_Remesa_07/02_Ortoimagenes/01_RGBI_16bits/F22A6_RGBI_16_Remesa_07.tif","F22A6_RGBI_16_Remesa_07.tif"
"https://visualizador.ide.uy/descargas/datos/CN_Remesa_07/02_Ortoimagenes/01_RGBI_16bits/F22B1_RGBI_16_Remesa_07.tif","F22B1_RGBI_16_Remesa_07.tif"
"https://visualizador.ide.uy/descargas/datos/CN_Remesa_07/02_Ortoimagenes/01_RGBI_16bits/F22B2_RGBI_16_Remesa_07.tif","F22B2_RGBI_16_Remesa_07.tif"
"https://visualizador.ide.uy/descargas/datos/CN_Remesa_07/02_Ortoimagenes/01_RGBI_16bits/F22B3_RGBI_16_Remesa_07.tif","F22B3_RGBI_16_Remesa_07.tif"
"https://visualizador.ide.uy/descargas/datos/CN_Remesa_07/02_Ortoimagenes/01_RGBI_16bits/F22B4_RGBI_16_Remesa_07.tif","F22B4_RGBI_16_Remesa_07.tif"
"https://visualizador.ide.uy/descargas/datos/CN_Remesa_07/02_Ortoimagenes/01_RGBI_16bits/F22B5_RGBI_16_Remesa_07.tif","F22B5_RGBI_16_Remesa_07.tif"
"https://visualizador.ide.uy/descargas/datos/CN_Remesa_07/02_Ortoimagenes/01_RGBI_16bits/F22B6_RGBI_16_Remesa_07.tif","F22B6_RGBI_16_Remesa_07.tif"
"https://visualizador.ide.uy/descargas/datos/CN_Remesa_07/02_Ortoimagenes/01_RGBI_16bits/F22C1_RGBI_16_Remesa_07.tif","F22C1_RGBI_16_Remesa_07.tif"
"https://visualizador.ide.uy/descargas/datos/CN_Remesa_07/02_Ortoimagenes/01_RGBI_16bits/F22C2_RGBI_16_Remesa_07.tif","F22C2_RGBI_16_Remesa_07.tif"
"https://visualizador.ide.uy/descargas/datos/CN_Remesa_07/02_Ortoimagenes/01_RGBI_16bits/F22C3_RGBI_16_Remesa_07.tif","F22C3_RGBI_16_Remesa_07.tif"
"https://visualizador.ide.uy/descargas/datos/CN_Remesa_07/02_Ortoimagenes/01_RGBI_16bits/F22C4_RGBI_16_Remesa_07.tif","F22C4_RGBI_16_Remesa_07.tif"
"https://visualizador.ide.uy/descargas/datos/CN_Remesa_07/02_Ortoimagenes/01_RGBI_16bits/F22C5_RGBI_16_Remesa_07.tif","F22C5_RGBI_16_Remesa_07.tif"
"https://visualizador.ide.uy/descargas/datos/CN_Remesa_07/02_Ortoimagenes/01_RGBI_16bits/F22C6_RGBI_16_Remesa_07.tif","F22C6_RGBI_16_Remesa_07.tif"
"https://visualizador.ide.uy/descargas/datos/CN_Remesa_07/02_Ortoimagenes/01_RGBI_16bits/F22D1_RGBI_16_Remesa_07.tif","F22D1_RGBI_16_Remesa_07.tif"
"https://visualizador.ide.uy/descargas/datos/CN_Remesa_07/02_Ortoimagenes/01_RGBI_16bits/F22D2_RGBI_16_Remesa_07.tif","F22D2_RGBI_16_Remesa_07.tif"
"https://visualizador.ide.uy/descargas/datos/CN_Remesa_07/02_Ortoimagenes/01_RGBI_16bits/F22D3_RGBI_16_Remesa_07.tif","F22D3_RGBI_16_Remesa_07.tif"
"https://visualizador.ide.uy/descargas/datos/CN_Remesa_07/02_Ortoimagenes/01_RGBI_16bits/F22D4_RGBI_16_Remesa_07.tif","F22D4_RGBI_16_Remesa_07.tif"
"https://visualizador.ide.uy/descargas/datos/CN_Remesa_07/02_Ortoimagenes/01_RGBI_16bits/F22D5_RGBI_16_Remesa_07.tif","F22D5_RGBI_16_Remesa_07.tif"
"https://visualizador.ide.uy/descargas/datos/CN_Remesa_07/02_Ortoimagenes/01_RGBI_16bits/F22D6_RGBI_16_Remesa_07.tif","F22D6_RGBI_16_Remesa_07.tif"
"https://visualizador.ide.uy/descargas/datos/CN_Remesa_07/02_Ortoimagenes/01_RGBI_16bits/F23A1_RGBI_16_Remesa_07.tif","F23A1_RGBI_16_Remesa_07.tif"
"https://visualizador.ide.uy/descargas/datos/CN_Remesa_07/02_Ortoimagenes/01_RGBI_16bits/F23A2_RGBI_16_Remesa_07.tif","F23A2_RGBI_16_Remesa_07.tif"
"https://visualizador.ide.uy/descargas/datos/CN_Remesa_07/02_Ortoimagenes/01_RGBI_16bits/F23A3_RGBI_16_Remesa_07.tif","F23A3_RGBI_16_Remesa_07.tif"
"https://visualizador.ide.uy/descargas/datos/CN_Remesa_07/02_Ortoimagenes/01_RGBI_16bits/F23A4_RGBI_16_Remesa_07.tif","F23A4_RGBI_16_Remesa_07.tif"
"https://visualizador.ide.uy/descargas/datos/CN_Remesa_07/02_Ortoimagenes/01_RGBI_16bits/F23A5_RGBI_16_Remesa_07.tif","F23A5_RGBI_16_Remesa_07.tif"
"https://visualizador.ide.uy/descargas/datos/CN_Remesa_07/02_Ortoimagenes/01_RGBI_16bits/F23A6_RGBI_16_Remesa_07.tif","F23A6_RGBI_16_Remesa_07.tif"
"https://visualizador.ide.uy/descargas/datos/CN_Remesa_07/02_Ortoimagenes/01_RGBI_16bits/F23B1_RGBI_16_Remesa_07.tif","F23B1_RGBI_16_Remesa_07.tif"
"https://visualizador.ide.uy/descargas/datos/CN_Remesa_07/02_Ortoimagenes/01_RGBI_16bits/F23B2_RGBI_16_Remesa_07.tif","F23B2_RGBI_16_Remesa_07.tif"
"https://visualizador.ide.uy/descargas/datos/CN_Remesa_07/02_Ortoimagenes/01_RGBI_16bits/F23B3_RGBI_16_Remesa_07.tif","F23B3_RGBI_16_Remesa_07.tif"
"https://visualizador.ide.uy/descargas/datos/CN_Remesa_07/02_Ortoimagenes/01_RGBI_16bits/F23B4_RGBI_16_Remesa_07.tif","F23B4_RGBI_16_Remesa_07.tif"
"https://visualizador.ide.uy/descargas/datos/CN_Remesa_07/02_Ortoimagenes/01_RGBI_16bits/F23B5_RGBI_16_Remesa_07.tif","F23B5_RGBI_16_Remesa_07.tif"
"https://visualizador.ide.uy/descargas/datos/CN_Remesa_07/02_Ortoimagenes/01_RGBI_16bits/F23B6_RGBI_16_Remesa_07.tif","F23B6_RGBI_16_Remesa_07.tif"
"https://visualizador.ide.uy/descargas/datos/CN_Remesa_07/02_Ortoimagenes/01_RGBI_16bits/F23C1_RGBI_16_Remesa_07.tif","F23C1_RGBI_16_Remesa_07.tif"
"https://visualizador.ide.uy/descargas/datos/CN_Remesa_07/02_Ortoimagenes/01_RGBI_16bits/F23C2_RGBI_16_Remesa_07.tif","F23C2_RGBI_16_Remesa_07.tif"
"https://visualizador.ide.uy/descargas/datos/CN_Remesa_07/02_Ortoimagenes/01_RGBI_16bits/F23C3_RGBI_16_Remesa_07.tif","F23C3_RGBI_16_Remesa_07.tif"
"https://visualizador.ide.uy/descargas/datos/CN_Remesa_07/02_Ortoimagenes/01_RGBI_16bits/F23D1_RGBI_16_Remesa_07.tif","F23D1_RGBI_16_Remesa_07.tif"
"https://visualizador.ide.uy/descargas/datos/CN_Remesa_07/02_Ortoimagenes/01_RGBI_16bits/F23D2_RGBI_16_Remesa_07.tif","F23D2_RGBI_16_Remesa_07.tif"
"https://visualizador.ide.uy/descargas/datos/CN_Remesa_07/02_Ortoimagenes/01_RGBI_16bits/F23D3_RGBI_16_Remesa_07.tif","F23D3_RGBI_16_Remesa_07.tif"
"https://visualizador.ide.uy/descargas/datos/CN_Remesa_07/02_Ortoimagenes/01_RGBI_16bits/Thumbs.db","Thumbs.db"
