"href","text"
"https://visualizador.ide.uy/descargas/datos/CN_Remesa_10/01_MDT/01_MDT_LAS_Resolucion_250cm/?C=N;O=D","Nombre:"
"https://visualizador.ide.uy/descargas/datos/CN_Remesa_10/01_MDT/01_MDT_LAS_Resolucion_250cm/?C=S;O=A","Size"
"https://visualizador.ide.uy/descargas/datos/CN_Remesa_10/01_MDT/","Parent Directory"
"https://visualizador.ide.uy/descargas/datos/CN_Remesa_10/01_MDT/01_MDT_LAS_Resolucion_250cm/K09C1_MDT_Remesa_10.las","K09C1_MDT_Remesa_10.las"
"https://visualizador.ide.uy/descargas/datos/CN_Remesa_10/01_MDT/01_MDT_LAS_Resolucion_250cm/K09C2_MDT_Remesa_10.las","K09C2_MDT_Remesa_10.las"
"https://visualizador.ide.uy/descargas/datos/CN_Remesa_10/01_MDT/01_MDT_LAS_Resolucion_250cm/K09C4_MDT_Remesa_10.las","K09C4_MDT_Remesa_10.las"
"https://visualizador.ide.uy/descargas/datos/CN_Remesa_10/01_MDT/01_MDT_LAS_Resolucion_250cm/K09C5_MDT_Remesa_10.las","K09C5_MDT_Remesa_10.las"
"https://visualizador.ide.uy/descargas/datos/CN_Remesa_10/01_MDT/01_MDT_LAS_Resolucion_250cm/K10A1_MDT_Remesa_10.las","K10A1_MDT_Remesa_10.las"
"https://visualizador.ide.uy/descargas/datos/CN_Remesa_10/01_MDT/01_MDT_LAS_Resolucion_250cm/K10A2_MDT_Remesa_10.las","K10A2_MDT_Remesa_10.las"
"https://visualizador.ide.uy/descargas/datos/CN_Remesa_10/01_MDT/01_MDT_LAS_Resolucion_250cm/K10A4_MDT_Remesa_10.las","K10A4_MDT_Remesa_10.las"
"https://visualizador.ide.uy/descargas/datos/CN_Remesa_10/01_MDT/01_MDT_LAS_Resolucion_250cm/K10A5_MDT_Remesa_10.las","K10A5_MDT_Remesa_10.las"
"https://visualizador.ide.uy/descargas/datos/CN_Remesa_10/01_MDT/01_MDT_LAS_Resolucion_250cm/K10C1_MDT_Remesa_10.las","K10C1_MDT_Remesa_10.las"
"https://visualizador.ide.uy/descargas/datos/CN_Remesa_10/01_MDT/01_MDT_LAS_Resolucion_250cm/K10C2_MDT_Remesa_10.las","K10C2_MDT_Remesa_10.las"
"https://visualizador.ide.uy/descargas/datos/CN_Remesa_10/01_MDT/01_MDT_LAS_Resolucion_250cm/K10C4_MDT_Remesa_10.las","K10C4_MDT_Remesa_10.las"
"https://visualizador.ide.uy/descargas/datos/CN_Remesa_10/01_MDT/01_MDT_LAS_Resolucion_250cm/K10C5_MDT_Remesa_10.las","K10C5_MDT_Remesa_10.las"
"https://visualizador.ide.uy/descargas/datos/CN_Remesa_10/01_MDT/01_MDT_LAS_Resolucion_250cm/K11A1_MDT_Remesa_10.las","K11A1_MDT_Remesa_10.las"
"https://visualizador.ide.uy/descargas/datos/CN_Remesa_10/01_MDT/01_MDT_LAS_Resolucion_250cm/K11A2_MDT_Remesa_10.las","K11A2_MDT_Remesa_10.las"
"https://visualizador.ide.uy/descargas/datos/CN_Remesa_10/01_MDT/01_MDT_LAS_Resolucion_250cm/K11A4_MDT_Remesa_10.las","K11A4_MDT_Remesa_10.las"
"https://visualizador.ide.uy/descargas/datos/CN_Remesa_10/01_MDT/01_MDT_LAS_Resolucion_250cm/K11A5_MDT_Remesa_10.las","K11A5_MDT_Remesa_10.las"
"https://visualizador.ide.uy/descargas/datos/CN_Remesa_10/01_MDT/01_MDT_LAS_Resolucion_250cm/K11C1_MDT_Remesa_10.las","K11C1_MDT_Remesa_10.las"
"https://visualizador.ide.uy/descargas/datos/CN_Remesa_10/01_MDT/01_MDT_LAS_Resolucion_250cm/K11C2_MDT_Remesa_10.las","K11C2_MDT_Remesa_10.las"
"https://visualizador.ide.uy/descargas/datos/CN_Remesa_10/01_MDT/01_MDT_LAS_Resolucion_250cm/K11C4_MDT_Remesa_10.las","K11C4_MDT_Remesa_10.las"
"https://visualizador.ide.uy/descargas/datos/CN_Remesa_10/01_MDT/01_MDT_LAS_Resolucion_250cm/K11C5_MDT_Remesa_10.las","K11C5_MDT_Remesa_10.las"
"https://visualizador.ide.uy/descargas/datos/CN_Remesa_10/01_MDT/01_MDT_LAS_Resolucion_250cm/K12A1_MDT_Remesa_10.las","K12A1_MDT_Remesa_10.las"
"https://visualizador.ide.uy/descargas/datos/CN_Remesa_10/01_MDT/01_MDT_LAS_Resolucion_250cm/K12A2_MDT_Remesa_10.las","K12A2_MDT_Remesa_10.las"
"https://visualizador.ide.uy/descargas/datos/CN_Remesa_10/01_MDT/01_MDT_LAS_Resolucion_250cm/K12A4_MDT_Remesa_10.las","K12A4_MDT_Remesa_10.las"
"https://visualizador.ide.uy/descargas/datos/CN_Remesa_10/01_MDT/01_MDT_LAS_Resolucion_250cm/K12A5_MDT_Remesa_10.las","K12A5_MDT_Remesa_10.las"
"https://visualizador.ide.uy/descargas/datos/CN_Remesa_10/01_MDT/01_MDT_LAS_Resolucion_250cm/K12C1_MDT_Remesa_10.las","K12C1_MDT_Remesa_10.las"
"https://visualizador.ide.uy/descargas/datos/CN_Remesa_10/01_MDT/01_MDT_LAS_Resolucion_250cm/K12C2_MDT_Remesa_10.las","K12C2_MDT_Remesa_10.las"
"https://visualizador.ide.uy/descargas/datos/CN_Remesa_10/01_MDT/01_MDT_LAS_Resolucion_250cm/K12C4_MDT_Remesa_10.las","K12C4_MDT_Remesa_10.las"
"https://visualizador.ide.uy/descargas/datos/CN_Remesa_10/01_MDT/01_MDT_LAS_Resolucion_250cm/K12C5_MDT_Remesa_10.las","K12C5_MDT_Remesa_10.las"
"https://visualizador.ide.uy/descargas/datos/CN_Remesa_10/01_MDT/01_MDT_LAS_Resolucion_250cm/K13A1_MDT_Remesa_10.las","K13A1_MDT_Remesa_10.las"
"https://visualizador.ide.uy/descargas/datos/CN_Remesa_10/01_MDT/01_MDT_LAS_Resolucion_250cm/K13A2_MDT_Remesa_10.las","K13A2_MDT_Remesa_10.las"
"https://visualizador.ide.uy/descargas/datos/CN_Remesa_10/01_MDT/01_MDT_LAS_Resolucion_250cm/K13A4_MDT_Remesa_10.las","K13A4_MDT_Remesa_10.las"
"https://visualizador.ide.uy/descargas/datos/CN_Remesa_10/01_MDT/01_MDT_LAS_Resolucion_250cm/K13A5_MDT_Remesa_10.las","K13A5_MDT_Remesa_10.las"
"https://visualizador.ide.uy/descargas/datos/CN_Remesa_10/01_MDT/01_MDT_LAS_Resolucion_250cm/K13C1_MDT_Remesa_10.las","K13C1_MDT_Remesa_10.las"
"https://visualizador.ide.uy/descargas/datos/CN_Remesa_10/01_MDT/01_MDT_LAS_Resolucion_250cm/K13C2_MDT_Remesa_10.las","K13C2_MDT_Remesa_10.las"
"https://visualizador.ide.uy/descargas/datos/CN_Remesa_10/01_MDT/01_MDT_LAS_Resolucion_250cm/K13C4_MDT_Remesa_10.las","K13C4_MDT_Remesa_10.las"
"https://visualizador.ide.uy/descargas/datos/CN_Remesa_10/01_MDT/01_MDT_LAS_Resolucion_250cm/K13C5_MDT_Remesa_10.las","K13C5_MDT_Remesa_10.las"
"https://visualizador.ide.uy/descargas/datos/CN_Remesa_10/01_MDT/01_MDT_LAS_Resolucion_250cm/K14A1_MDT_Remesa_10.las","K14A1_MDT_Remesa_10.las"
"https://visualizador.ide.uy/descargas/datos/CN_Remesa_10/01_MDT/01_MDT_LAS_Resolucion_250cm/K14A2_MDT_Remesa_10.las","K14A2_MDT_Remesa_10.las"
"https://visualizador.ide.uy/descargas/datos/CN_Remesa_10/01_MDT/01_MDT_LAS_Resolucion_250cm/K14A4_MDT_Remesa_10.las","K14A4_MDT_Remesa_10.las"
"https://visualizador.ide.uy/descargas/datos/CN_Remesa_10/01_MDT/01_MDT_LAS_Resolucion_250cm/K14A5_MDT_Remesa_10.las","K14A5_MDT_Remesa_10.las"
"https://visualizador.ide.uy/descargas/datos/CN_Remesa_10/01_MDT/01_MDT_LAS_Resolucion_250cm/K14C1_MDT_Remesa_10.las","K14C1_MDT_Remesa_10.las"
"https://visualizador.ide.uy/descargas/datos/CN_Remesa_10/01_MDT/01_MDT_LAS_Resolucion_250cm/K14C2_MDT_Remesa_10.las","K14C2_MDT_Remesa_10.las"
"https://visualizador.ide.uy/descargas/datos/CN_Remesa_10/01_MDT/01_MDT_LAS_Resolucion_250cm/L09C1_MDT_Remesa_10.las","L09C1_MDT_Remesa_10.las"
"https://visualizador.ide.uy/descargas/datos/CN_Remesa_10/01_MDT/01_MDT_LAS_Resolucion_250cm/L09C2_MDT_Remesa_10.las","L09C2_MDT_Remesa_10.las"
"https://visualizador.ide.uy/descargas/datos/CN_Remesa_10/01_MDT/01_MDT_LAS_Resolucion_250cm/L09C3_MDT_Remesa_10.las","L09C3_MDT_Remesa_10.las"
"https://visualizador.ide.uy/descargas/datos/CN_Remesa_10/01_MDT/01_MDT_LAS_Resolucion_250cm/L09C4_MDT_Remesa_10.las","L09C4_MDT_Remesa_10.las"
"https://visualizador.ide.uy/descargas/datos/CN_Remesa_10/01_MDT/01_MDT_LAS_Resolucion_250cm/L09C5_MDT_Remesa_10.las","L09C5_MDT_Remesa_10.las"
"https://visualizador.ide.uy/descargas/datos/CN_Remesa_10/01_MDT/01_MDT_LAS_Resolucion_250cm/L09C6_MDT_Remesa_10.las","L09C6_MDT_Remesa_10.las"
"https://visualizador.ide.uy/descargas/datos/CN_Remesa_10/01_MDT/01_MDT_LAS_Resolucion_250cm/L09D1_MDT_Remesa_10.las","L09D1_MDT_Remesa_10.las"
"https://visualizador.ide.uy/descargas/datos/CN_Remesa_10/01_MDT/01_MDT_LAS_Resolucion_250cm/L09D2_MDT_Remesa_10.las","L09D2_MDT_Remesa_10.las"
"https://visualizador.ide.uy/descargas/datos/CN_Remesa_10/01_MDT/01_MDT_LAS_Resolucion_250cm/L09D3_MDT_Remesa_10.las","L09D3_MDT_Remesa_10.las"
"https://visualizador.ide.uy/descargas/datos/CN_Remesa_10/01_MDT/01_MDT_LAS_Resolucion_250cm/L09D4_MDT_Remesa_10.las","L09D4_MDT_Remesa_10.las"
"https://visualizador.ide.uy/descargas/datos/CN_Remesa_10/01_MDT/01_MDT_LAS_Resolucion_250cm/L09D5_MDT_Remesa_10.las","L09D5_MDT_Remesa_10.las"
"https://visualizador.ide.uy/descargas/datos/CN_Remesa_10/01_MDT/01_MDT_LAS_Resolucion_250cm/L09D6_MDT_Remesa_10.las","L09D6_MDT_Remesa_10.las"
"https://visualizador.ide.uy/descargas/datos/CN_Remesa_10/01_MDT/01_MDT_LAS_Resolucion_250cm/L10A1_MDT_Remesa_10.las","L10A1_MDT_Remesa_10.las"
"https://visualizador.ide.uy/descargas/datos/CN_Remesa_10/01_MDT/01_MDT_LAS_Resolucion_250cm/L10A2_MDT_Remesa_10.las","L10A2_MDT_Remesa_10.las"
"https://visualizador.ide.uy/descargas/datos/CN_Remesa_10/01_MDT/01_MDT_LAS_Resolucion_250cm/L10A3_MDT_Remesa_10.las","L10A3_MDT_Remesa_10.las"
"https://visualizador.ide.uy/descargas/datos/CN_Remesa_10/01_MDT/01_MDT_LAS_Resolucion_250cm/L10A4_MDT_Remesa_10.las","L10A4_MDT_Remesa_10.las"
"https://visualizador.ide.uy/descargas/datos/CN_Remesa_10/01_MDT/01_MDT_LAS_Resolucion_250cm/L10A5_MDT_Remesa_10.las","L10A5_MDT_Remesa_10.las"
"https://visualizador.ide.uy/descargas/datos/CN_Remesa_10/01_MDT/01_MDT_LAS_Resolucion_250cm/L10A6_MDT_Remesa_10.las","L10A6_MDT_Remesa_10.las"
"https://visualizador.ide.uy/descargas/datos/CN_Remesa_10/01_MDT/01_MDT_LAS_Resolucion_250cm/L10B1_MDT_Remesa_10.las","L10B1_MDT_Remesa_10.las"
"https://visualizador.ide.uy/descargas/datos/CN_Remesa_10/01_MDT/01_MDT_LAS_Resolucion_250cm/L10B2_MDT_Remesa_10.las","L10B2_MDT_Remesa_10.las"
"https://visualizador.ide.uy/descargas/datos/CN_Remesa_10/01_MDT/01_MDT_LAS_Resolucion_250cm/L10B3_MDT_Remesa_10.las","L10B3_MDT_Remesa_10.las"
"https://visualizador.ide.uy/descargas/datos/CN_Remesa_10/01_MDT/01_MDT_LAS_Resolucion_250cm/L10B4_MDT_Remesa_10.las","L10B4_MDT_Remesa_10.las"
"https://visualizador.ide.uy/descargas/datos/CN_Remesa_10/01_MDT/01_MDT_LAS_Resolucion_250cm/L10B5_MDT_Remesa_10.las","L10B5_MDT_Remesa_10.las"
"https://visualizador.ide.uy/descargas/datos/CN_Remesa_10/01_MDT/01_MDT_LAS_Resolucion_250cm/L10B6_MDT_Remesa_10.las","L10B6_MDT_Remesa_10.las"
"https://visualizador.ide.uy/descargas/datos/CN_Remesa_10/01_MDT/01_MDT_LAS_Resolucion_250cm/L10C1_MDT_Remesa_10.las","L10C1_MDT_Remesa_10.las"
"https://visualizador.ide.uy/descargas/datos/CN_Remesa_10/01_MDT/01_MDT_LAS_Resolucion_250cm/L10C2_MDT_Remesa_10.las","L10C2_MDT_Remesa_10.las"
"https://visualizador.ide.uy/descargas/datos/CN_Remesa_10/01_MDT/01_MDT_LAS_Resolucion_250cm/L10C3_MDT_Remesa_10.las","L10C3_MDT_Remesa_10.las"
"https://visualizador.ide.uy/descargas/datos/CN_Remesa_10/01_MDT/01_MDT_LAS_Resolucion_250cm/L10C4_MDT_Remesa_10.las","L10C4_MDT_Remesa_10.las"
"https://visualizador.ide.uy/descargas/datos/CN_Remesa_10/01_MDT/01_MDT_LAS_Resolucion_250cm/L10C5_MDT_Remesa_10.las","L10C5_MDT_Remesa_10.las"
"https://visualizador.ide.uy/descargas/datos/CN_Remesa_10/01_MDT/01_MDT_LAS_Resolucion_250cm/L10C6_MDT_Remesa_10.las","L10C6_MDT_Remesa_10.las"
"https://visualizador.ide.uy/descargas/datos/CN_Remesa_10/01_MDT/01_MDT_LAS_Resolucion_250cm/L10D1_MDT_Remesa_10.las","L10D1_MDT_Remesa_10.las"
"https://visualizador.ide.uy/descargas/datos/CN_Remesa_10/01_MDT/01_MDT_LAS_Resolucion_250cm/L10D2_MDT_Remesa_10.las","L10D2_MDT_Remesa_10.las"
"https://visualizador.ide.uy/descargas/datos/CN_Remesa_10/01_MDT/01_MDT_LAS_Resolucion_250cm/L10D3_MDT_Remesa_10.las","L10D3_MDT_Remesa_10.las"
"https://visualizador.ide.uy/descargas/datos/CN_Remesa_10/01_MDT/01_MDT_LAS_Resolucion_250cm/L10D4_MDT_Remesa_10.las","L10D4_MDT_Remesa_10.las"
"https://visualizador.ide.uy/descargas/datos/CN_Remesa_10/01_MDT/01_MDT_LAS_Resolucion_250cm/L10D5_MDT_Remesa_10.las","L10D5_MDT_Remesa_10.las"
"https://visualizador.ide.uy/descargas/datos/CN_Remesa_10/01_MDT/01_MDT_LAS_Resolucion_250cm/L10D6_MDT_Remesa_10.las","L10D6_MDT_Remesa_10.las"
"https://visualizador.ide.uy/descargas/datos/CN_Remesa_10/01_MDT/01_MDT_LAS_Resolucion_250cm/L11A1_MDT_Remesa_10.las","L11A1_MDT_Remesa_10.las"
"https://visualizador.ide.uy/descargas/datos/CN_Remesa_10/01_MDT/01_MDT_LAS_Resolucion_250cm/L11A2_MDT_Remesa_10.las","L11A2_MDT_Remesa_10.las"
"https://visualizador.ide.uy/descargas/datos/CN_Remesa_10/01_MDT/01_MDT_LAS_Resolucion_250cm/L11A3_MDT_Remesa_10.las","L11A3_MDT_Remesa_10.las"
"https://visualizador.ide.uy/descargas/datos/CN_Remesa_10/01_MDT/01_MDT_LAS_Resolucion_250cm/L11A4_MDT_Remesa_10.las","L11A4_MDT_Remesa_10.las"
"https://visualizador.ide.uy/descargas/datos/CN_Remesa_10/01_MDT/01_MDT_LAS_Resolucion_250cm/L11A5_MDT_Remesa_10.las","L11A5_MDT_Remesa_10.las"
"https://visualizador.ide.uy/descargas/datos/CN_Remesa_10/01_MDT/01_MDT_LAS_Resolucion_250cm/L11A6_MDT_Remesa_10.las","L11A6_MDT_Remesa_10.las"
"https://visualizador.ide.uy/descargas/datos/CN_Remesa_10/01_MDT/01_MDT_LAS_Resolucion_250cm/L11B1_MDT_Remesa_10.las","L11B1_MDT_Remesa_10.las"
"https://visualizador.ide.uy/descargas/datos/CN_Remesa_10/01_MDT/01_MDT_LAS_Resolucion_250cm/L11B2_MDT_Remesa_10.las","L11B2_MDT_Remesa_10.las"
"https://visualizador.ide.uy/descargas/datos/CN_Remesa_10/01_MDT/01_MDT_LAS_Resolucion_250cm/L11B3_MDT_Remesa_10.las","L11B3_MDT_Remesa_10.las"
"https://visualizador.ide.uy/descargas/datos/CN_Remesa_10/01_MDT/01_MDT_LAS_Resolucion_250cm/L11B4_MDT_Remesa_10.las","L11B4_MDT_Remesa_10.las"
"https://visualizador.ide.uy/descargas/datos/CN_Remesa_10/01_MDT/01_MDT_LAS_Resolucion_250cm/L11B5_MDT_Remesa_10.las","L11B5_MDT_Remesa_10.las"
"https://visualizador.ide.uy/descargas/datos/CN_Remesa_10/01_MDT/01_MDT_LAS_Resolucion_250cm/L11B6_MDT_Remesa_10.las","L11B6_MDT_Remesa_10.las"
"https://visualizador.ide.uy/descargas/datos/CN_Remesa_10/01_MDT/01_MDT_LAS_Resolucion_250cm/L11C1_MDT_Remesa_10.las","L11C1_MDT_Remesa_10.las"
"https://visualizador.ide.uy/descargas/datos/CN_Remesa_10/01_MDT/01_MDT_LAS_Resolucion_250cm/L11C2_MDT_Remesa_10.las","L11C2_MDT_Remesa_10.las"
"https://visualizador.ide.uy/descargas/datos/CN_Remesa_10/01_MDT/01_MDT_LAS_Resolucion_250cm/L11C3_MDT_Remesa_10.las","L11C3_MDT_Remesa_10.las"
"https://visualizador.ide.uy/descargas/datos/CN_Remesa_10/01_MDT/01_MDT_LAS_Resolucion_250cm/L11C4_MDT_Remesa_10.las","L11C4_MDT_Remesa_10.las"
"https://visualizador.ide.uy/descargas/datos/CN_Remesa_10/01_MDT/01_MDT_LAS_Resolucion_250cm/L11C5_MDT_Remesa_10.las","L11C5_MDT_Remesa_10.las"
"https://visualizador.ide.uy/descargas/datos/CN_Remesa_10/01_MDT/01_MDT_LAS_Resolucion_250cm/L11C6_MDT_Remesa_10.las","L11C6_MDT_Remesa_10.las"
"https://visualizador.ide.uy/descargas/datos/CN_Remesa_10/01_MDT/01_MDT_LAS_Resolucion_250cm/L11D1_MDT_Remesa_10.las","L11D1_MDT_Remesa_10.las"
"https://visualizador.ide.uy/descargas/datos/CN_Remesa_10/01_MDT/01_MDT_LAS_Resolucion_250cm/L11D2_MDT_Remesa_10.las","L11D2_MDT_Remesa_10.las"
"https://visualizador.ide.uy/descargas/datos/CN_Remesa_10/01_MDT/01_MDT_LAS_Resolucion_250cm/L11D3_MDT_Remesa_10.las","L11D3_MDT_Remesa_10.las"
"https://visualizador.ide.uy/descargas/datos/CN_Remesa_10/01_MDT/01_MDT_LAS_Resolucion_250cm/L11D4_MDT_Remesa_10.las","L11D4_MDT_Remesa_10.las"
"https://visualizador.ide.uy/descargas/datos/CN_Remesa_10/01_MDT/01_MDT_LAS_Resolucion_250cm/L11D5_MDT_Remesa_10.las","L11D5_MDT_Remesa_10.las"
"https://visualizador.ide.uy/descargas/datos/CN_Remesa_10/01_MDT/01_MDT_LAS_Resolucion_250cm/L11D6_MDT_Remesa_10.las","L11D6_MDT_Remesa_10.las"
"https://visualizador.ide.uy/descargas/datos/CN_Remesa_10/01_MDT/01_MDT_LAS_Resolucion_250cm/L12A1_MDT_Remesa_10.las","L12A1_MDT_Remesa_10.las"
"https://visualizador.ide.uy/descargas/datos/CN_Remesa_10/01_MDT/01_MDT_LAS_Resolucion_250cm/L12A2_MDT_Remesa_10.las","L12A2_MDT_Remesa_10.las"
"https://visualizador.ide.uy/descargas/datos/CN_Remesa_10/01_MDT/01_MDT_LAS_Resolucion_250cm/L12A3_MDT_Remesa_10.las","L12A3_MDT_Remesa_10.las"
"https://visualizador.ide.uy/descargas/datos/CN_Remesa_10/01_MDT/01_MDT_LAS_Resolucion_250cm/L12A4_MDT_Remesa_10.las","L12A4_MDT_Remesa_10.las"
"https://visualizador.ide.uy/descargas/datos/CN_Remesa_10/01_MDT/01_MDT_LAS_Resolucion_250cm/L12A5_MDT_Remesa_10.las","L12A5_MDT_Remesa_10.las"
"https://visualizador.ide.uy/descargas/datos/CN_Remesa_10/01_MDT/01_MDT_LAS_Resolucion_250cm/L12A6_MDT_Remesa_10.las","L12A6_MDT_Remesa_10.las"
"https://visualizador.ide.uy/descargas/datos/CN_Remesa_10/01_MDT/01_MDT_LAS_Resolucion_250cm/L12B1_MDT_Remesa_10.las","L12B1_MDT_Remesa_10.las"
"https://visualizador.ide.uy/descargas/datos/CN_Remesa_10/01_MDT/01_MDT_LAS_Resolucion_250cm/L12B2_MDT_Remesa_10.las","L12B2_MDT_Remesa_10.las"
"https://visualizador.ide.uy/descargas/datos/CN_Remesa_10/01_MDT/01_MDT_LAS_Resolucion_250cm/L12B3_MDT_Remesa_10.las","L12B3_MDT_Remesa_10.las"
"https://visualizador.ide.uy/descargas/datos/CN_Remesa_10/01_MDT/01_MDT_LAS_Resolucion_250cm/L12B4_MDT_Remesa_10.las","L12B4_MDT_Remesa_10.las"
"https://visualizador.ide.uy/descargas/datos/CN_Remesa_10/01_MDT/01_MDT_LAS_Resolucion_250cm/L12B5_MDT_Remesa_10.las","L12B5_MDT_Remesa_10.las"
"https://visualizador.ide.uy/descargas/datos/CN_Remesa_10/01_MDT/01_MDT_LAS_Resolucion_250cm/L12B6_MDT_Remesa_10.las","L12B6_MDT_Remesa_10.las"
"https://visualizador.ide.uy/descargas/datos/CN_Remesa_10/01_MDT/01_MDT_LAS_Resolucion_250cm/L12C1_MDT_Remesa_10.las","L12C1_MDT_Remesa_10.las"
"https://visualizador.ide.uy/descargas/datos/CN_Remesa_10/01_MDT/01_MDT_LAS_Resolucion_250cm/L12C2_MDT_Remesa_10.las","L12C2_MDT_Remesa_10.las"
"https://visualizador.ide.uy/descargas/datos/CN_Remesa_10/01_MDT/01_MDT_LAS_Resolucion_250cm/L12C3_MDT_Remesa_10.las","L12C3_MDT_Remesa_10.las"
"https://visualizador.ide.uy/descargas/datos/CN_Remesa_10/01_MDT/01_MDT_LAS_Resolucion_250cm/L12C4_MDT_Remesa_10.las","L12C4_MDT_Remesa_10.las"
"https://visualizador.ide.uy/descargas/datos/CN_Remesa_10/01_MDT/01_MDT_LAS_Resolucion_250cm/L12C5_MDT_Remesa_10.las","L12C5_MDT_Remesa_10.las"
"https://visualizador.ide.uy/descargas/datos/CN_Remesa_10/01_MDT/01_MDT_LAS_Resolucion_250cm/L12C6_MDT_Remesa_10.las","L12C6_MDT_Remesa_10.las"
"https://visualizador.ide.uy/descargas/datos/CN_Remesa_10/01_MDT/01_MDT_LAS_Resolucion_250cm/L12D1_MDT_Remesa_10.las","L12D1_MDT_Remesa_10.las"
"https://visualizador.ide.uy/descargas/datos/CN_Remesa_10/01_MDT/01_MDT_LAS_Resolucion_250cm/L12D2_MDT_Remesa_10.las","L12D2_MDT_Remesa_10.las"
"https://visualizador.ide.uy/descargas/datos/CN_Remesa_10/01_MDT/01_MDT_LAS_Resolucion_250cm/L12D3_MDT_Remesa_10.las","L12D3_MDT_Remesa_10.las"
"https://visualizador.ide.uy/descargas/datos/CN_Remesa_10/01_MDT/01_MDT_LAS_Resolucion_250cm/L12D4_MDT_Remesa_10.las","L12D4_MDT_Remesa_10.las"
"https://visualizador.ide.uy/descargas/datos/CN_Remesa_10/01_MDT/01_MDT_LAS_Resolucion_250cm/L12D5_MDT_Remesa_10.las","L12D5_MDT_Remesa_10.las"
"https://visualizador.ide.uy/descargas/datos/CN_Remesa_10/01_MDT/01_MDT_LAS_Resolucion_250cm/L12D6_MDT_Remesa_10.las","L12D6_MDT_Remesa_10.las"
"https://visualizador.ide.uy/descargas/datos/CN_Remesa_10/01_MDT/01_MDT_LAS_Resolucion_250cm/L13A1_MDT_Remesa_10.las","L13A1_MDT_Remesa_10.las"
"https://visualizador.ide.uy/descargas/datos/CN_Remesa_10/01_MDT/01_MDT_LAS_Resolucion_250cm/L13A2_MDT_Remesa_10.las","L13A2_MDT_Remesa_10.las"
"https://visualizador.ide.uy/descargas/datos/CN_Remesa_10/01_MDT/01_MDT_LAS_Resolucion_250cm/L13A3_MDT_Remesa_10.las","L13A3_MDT_Remesa_10.las"
"https://visualizador.ide.uy/descargas/datos/CN_Remesa_10/01_MDT/01_MDT_LAS_Resolucion_250cm/L13A4_MDT_Remesa_10.las","L13A4_MDT_Remesa_10.las"
"https://visualizador.ide.uy/descargas/datos/CN_Remesa_10/01_MDT/01_MDT_LAS_Resolucion_250cm/L13A5_MDT_Remesa_10.las","L13A5_MDT_Remesa_10.las"
"https://visualizador.ide.uy/descargas/datos/CN_Remesa_10/01_MDT/01_MDT_LAS_Resolucion_250cm/L13A6_MDT_Remesa_10.las","L13A6_MDT_Remesa_10.las"
"https://visualizador.ide.uy/descargas/datos/CN_Remesa_10/01_MDT/01_MDT_LAS_Resolucion_250cm/L13B1_MDT_Remesa_10.las","L13B1_MDT_Remesa_10.las"
"https://visualizador.ide.uy/descargas/datos/CN_Remesa_10/01_MDT/01_MDT_LAS_Resolucion_250cm/L13B2_MDT_Remesa_10.las","L13B2_MDT_Remesa_10.las"
"https://visualizador.ide.uy/descargas/datos/CN_Remesa_10/01_MDT/01_MDT_LAS_Resolucion_250cm/L13B3_MDT_Remesa_10.las","L13B3_MDT_Remesa_10.las"
"https://visualizador.ide.uy/descargas/datos/CN_Remesa_10/01_MDT/01_MDT_LAS_Resolucion_250cm/L13B4_MDT_Remesa_10.las","L13B4_MDT_Remesa_10.las"
"https://visualizador.ide.uy/descargas/datos/CN_Remesa_10/01_MDT/01_MDT_LAS_Resolucion_250cm/L13B5_MDT_Remesa_10.las","L13B5_MDT_Remesa_10.las"
"https://visualizador.ide.uy/descargas/datos/CN_Remesa_10/01_MDT/01_MDT_LAS_Resolucion_250cm/L13B6_MDT_Remesa_10.las","L13B6_MDT_Remesa_10.las"
"https://visualizador.ide.uy/descargas/datos/CN_Remesa_10/01_MDT/01_MDT_LAS_Resolucion_250cm/L13C1_MDT_Remesa_10.las","L13C1_MDT_Remesa_10.las"
"https://visualizador.ide.uy/descargas/datos/CN_Remesa_10/01_MDT/01_MDT_LAS_Resolucion_250cm/L13C2_MDT_Remesa_10.las","L13C2_MDT_Remesa_10.las"
"https://visualizador.ide.uy/descargas/datos/CN_Remesa_10/01_MDT/01_MDT_LAS_Resolucion_250cm/L13C3_MDT_Remesa_10.las","L13C3_MDT_Remesa_10.las"
"https://visualizador.ide.uy/descargas/datos/CN_Remesa_10/01_MDT/01_MDT_LAS_Resolucion_250cm/L13C4_MDT_Remesa_10.las","L13C4_MDT_Remesa_10.las"
"https://visualizador.ide.uy/descargas/datos/CN_Remesa_10/01_MDT/01_MDT_LAS_Resolucion_250cm/L13C5_MDT_Remesa_10.las","L13C5_MDT_Remesa_10.las"
"https://visualizador.ide.uy/descargas/datos/CN_Remesa_10/01_MDT/01_MDT_LAS_Resolucion_250cm/L13C6_MDT_Remesa_10.las","L13C6_MDT_Remesa_10.las"
"https://visualizador.ide.uy/descargas/datos/CN_Remesa_10/01_MDT/01_MDT_LAS_Resolucion_250cm/L13D1_MDT_Remesa_10.las","L13D1_MDT_Remesa_10.las"
"https://visualizador.ide.uy/descargas/datos/CN_Remesa_10/01_MDT/01_MDT_LAS_Resolucion_250cm/L13D2_MDT_Remesa_10.las","L13D2_MDT_Remesa_10.las"
"https://visualizador.ide.uy/descargas/datos/CN_Remesa_10/01_MDT/01_MDT_LAS_Resolucion_250cm/L13D3_MDT_Remesa_10.las","L13D3_MDT_Remesa_10.las"
"https://visualizador.ide.uy/descargas/datos/CN_Remesa_10/01_MDT/01_MDT_LAS_Resolucion_250cm/L13D4_MDT_Remesa_10.las","L13D4_MDT_Remesa_10.las"
"https://visualizador.ide.uy/descargas/datos/CN_Remesa_10/01_MDT/01_MDT_LAS_Resolucion_250cm/L13D5_MDT_Remesa_10.las","L13D5_MDT_Remesa_10.las"
"https://visualizador.ide.uy/descargas/datos/CN_Remesa_10/01_MDT/01_MDT_LAS_Resolucion_250cm/L13D6_MDT_Remesa_10.las","L13D6_MDT_Remesa_10.las"
"https://visualizador.ide.uy/descargas/datos/CN_Remesa_10/01_MDT/01_MDT_LAS_Resolucion_250cm/L14A1_MDT_Remesa_10.las","L14A1_MDT_Remesa_10.las"
"https://visualizador.ide.uy/descargas/datos/CN_Remesa_10/01_MDT/01_MDT_LAS_Resolucion_250cm/L14A2_MDT_Remesa_10.las","L14A2_MDT_Remesa_10.las"
"https://visualizador.ide.uy/descargas/datos/CN_Remesa_10/01_MDT/01_MDT_LAS_Resolucion_250cm/L14A3_MDT_Remesa_10.las","L14A3_MDT_Remesa_10.las"
"https://visualizador.ide.uy/descargas/datos/CN_Remesa_10/01_MDT/01_MDT_LAS_Resolucion_250cm/L14A4_MDT_Remesa_10.las","L14A4_MDT_Remesa_10.las"
"https://visualizador.ide.uy/descargas/datos/CN_Remesa_10/01_MDT/01_MDT_LAS_Resolucion_250cm/L14A5_MDT_Remesa_10.las","L14A5_MDT_Remesa_10.las"
"https://visualizador.ide.uy/descargas/datos/CN_Remesa_10/01_MDT/01_MDT_LAS_Resolucion_250cm/L14A6_MDT_Remesa_10.las","L14A6_MDT_Remesa_10.las"
"https://visualizador.ide.uy/descargas/datos/CN_Remesa_10/01_MDT/01_MDT_LAS_Resolucion_250cm/L14B1_MDT_Remesa_10.las","L14B1_MDT_Remesa_10.las"
"https://visualizador.ide.uy/descargas/datos/CN_Remesa_10/01_MDT/01_MDT_LAS_Resolucion_250cm/L14B2_MDT_Remesa_10.las","L14B2_MDT_Remesa_10.las"
"https://visualizador.ide.uy/descargas/datos/CN_Remesa_10/01_MDT/01_MDT_LAS_Resolucion_250cm/L14B3_MDT_Remesa_10.las","L14B3_MDT_Remesa_10.las"
"https://visualizador.ide.uy/descargas/datos/CN_Remesa_10/01_MDT/01_MDT_LAS_Resolucion_250cm/L14B4_MDT_Remesa_10.las","L14B4_MDT_Remesa_10.las"
"https://visualizador.ide.uy/descargas/datos/CN_Remesa_10/01_MDT/01_MDT_LAS_Resolucion_250cm/L14B5_MDT_Remesa_10.las","L14B5_MDT_Remesa_10.las"
"https://visualizador.ide.uy/descargas/datos/CN_Remesa_10/01_MDT/01_MDT_LAS_Resolucion_250cm/L14B6_MDT_Remesa_10.las","L14B6_MDT_Remesa_10.las"
"https://visualizador.ide.uy/descargas/datos/CN_Remesa_10/01_MDT/01_MDT_LAS_Resolucion_250cm/L14C1_MDT_Remesa_10.las","L14C1_MDT_Remesa_10.las"
"https://visualizador.ide.uy/descargas/datos/CN_Remesa_10/01_MDT/01_MDT_LAS_Resolucion_250cm/L14C2_MDT_Remesa_10.las","L14C2_MDT_Remesa_10.las"
"https://visualizador.ide.uy/descargas/datos/CN_Remesa_10/01_MDT/01_MDT_LAS_Resolucion_250cm/L14C3_MDT_Remesa_10.las","L14C3_MDT_Remesa_10.las"
"https://visualizador.ide.uy/descargas/datos/CN_Remesa_10/01_MDT/01_MDT_LAS_Resolucion_250cm/L14D1_MDT_Remesa_10.las","L14D1_MDT_Remesa_10.las"
"https://visualizador.ide.uy/descargas/datos/CN_Remesa_10/01_MDT/01_MDT_LAS_Resolucion_250cm/L14D2_MDT_Remesa_10.las","L14D2_MDT_Remesa_10.las"
"https://visualizador.ide.uy/descargas/datos/CN_Remesa_10/01_MDT/01_MDT_LAS_Resolucion_250cm/L14D3_MDT_Remesa_10.las","L14D3_MDT_Remesa_10.las"
"https://visualizador.ide.uy/descargas/datos/CN_Remesa_10/01_MDT/01_MDT_LAS_Resolucion_250cm/M09C1_MDT_Remesa_10.las","M09C1_MDT_Remesa_10.las"
"https://visualizador.ide.uy/descargas/datos/CN_Remesa_10/01_MDT/01_MDT_LAS_Resolucion_250cm/M09C2_MDT_Remesa_10.las","M09C2_MDT_Remesa_10.las"
"https://visualizador.ide.uy/descargas/datos/CN_Remesa_10/01_MDT/01_MDT_LAS_Resolucion_250cm/M09C3_MDT_Remesa_10.las","M09C3_MDT_Remesa_10.las"
"https://visualizador.ide.uy/descargas/datos/CN_Remesa_10/01_MDT/01_MDT_LAS_Resolucion_250cm/M09C4_MDT_Remesa_10.las","M09C4_MDT_Remesa_10.las"
"https://visualizador.ide.uy/descargas/datos/CN_Remesa_10/01_MDT/01_MDT_LAS_Resolucion_250cm/M09C5_MDT_Remesa_10.las","M09C5_MDT_Remesa_10.las"
"https://visualizador.ide.uy/descargas/datos/CN_Remesa_10/01_MDT/01_MDT_LAS_Resolucion_250cm/M09C6_MDT_Remesa_10.las","M09C6_MDT_Remesa_10.las"
"https://visualizador.ide.uy/descargas/datos/CN_Remesa_10/01_MDT/01_MDT_LAS_Resolucion_250cm/M09D1_MDT_Remesa_10.las","M09D1_MDT_Remesa_10.las"
"https://visualizador.ide.uy/descargas/datos/CN_Remesa_10/01_MDT/01_MDT_LAS_Resolucion_250cm/M09D2_MDT_Remesa_10.las","M09D2_MDT_Remesa_10.las"
"https://visualizador.ide.uy/descargas/datos/CN_Remesa_10/01_MDT/01_MDT_LAS_Resolucion_250cm/M09D3_MDT_Remesa_10.las","M09D3_MDT_Remesa_10.las"
"https://visualizador.ide.uy/descargas/datos/CN_Remesa_10/01_MDT/01_MDT_LAS_Resolucion_250cm/M09D4_MDT_Remesa_10.las","M09D4_MDT_Remesa_10.las"
"https://visualizador.ide.uy/descargas/datos/CN_Remesa_10/01_MDT/01_MDT_LAS_Resolucion_250cm/M09D5_MDT_Remesa_10.las","M09D5_MDT_Remesa_10.las"
"https://visualizador.ide.uy/descargas/datos/CN_Remesa_10/01_MDT/01_MDT_LAS_Resolucion_250cm/M09D6_MDT_Remesa_10.las","M09D6_MDT_Remesa_10.las"
"https://visualizador.ide.uy/descargas/datos/CN_Remesa_10/01_MDT/01_MDT_LAS_Resolucion_250cm/M10A1_MDT_Remesa_10.las","M10A1_MDT_Remesa_10.las"
"https://visualizador.ide.uy/descargas/datos/CN_Remesa_10/01_MDT/01_MDT_LAS_Resolucion_250cm/M10A2_MDT_Remesa_10.las","M10A2_MDT_Remesa_10.las"
"https://visualizador.ide.uy/descargas/datos/CN_Remesa_10/01_MDT/01_MDT_LAS_Resolucion_250cm/M10A3_MDT_Remesa_10.las","M10A3_MDT_Remesa_10.las"
"https://visualizador.ide.uy/descargas/datos/CN_Remesa_10/01_MDT/01_MDT_LAS_Resolucion_250cm/M10A4_MDT_Remesa_10.las","M10A4_MDT_Remesa_10.las"
"https://visualizador.ide.uy/descargas/datos/CN_Remesa_10/01_MDT/01_MDT_LAS_Resolucion_250cm/M10A5_MDT_Remesa_10.las","M10A5_MDT_Remesa_10.las"
"https://visualizador.ide.uy/descargas/datos/CN_Remesa_10/01_MDT/01_MDT_LAS_Resolucion_250cm/M10A6_MDT_Remesa_10.las","M10A6_MDT_Remesa_10.las"
"https://visualizador.ide.uy/descargas/datos/CN_Remesa_10/01_MDT/01_MDT_LAS_Resolucion_250cm/M10B1_MDT_Remesa_10.las","M10B1_MDT_Remesa_10.las"
"https://visualizador.ide.uy/descargas/datos/CN_Remesa_10/01_MDT/01_MDT_LAS_Resolucion_250cm/M10B2_MDT_Remesa_10.las","M10B2_MDT_Remesa_10.las"
"https://visualizador.ide.uy/descargas/datos/CN_Remesa_10/01_MDT/01_MDT_LAS_Resolucion_250cm/M10B3_MDT_Remesa_10.las","M10B3_MDT_Remesa_10.las"
"https://visualizador.ide.uy/descargas/datos/CN_Remesa_10/01_MDT/01_MDT_LAS_Resolucion_250cm/M10B4_MDT_Remesa_10.las","M10B4_MDT_Remesa_10.las"
"https://visualizador.ide.uy/descargas/datos/CN_Remesa_10/01_MDT/01_MDT_LAS_Resolucion_250cm/M10B5_MDT_Remesa_10.las","M10B5_MDT_Remesa_10.las"
"https://visualizador.ide.uy/descargas/datos/CN_Remesa_10/01_MDT/01_MDT_LAS_Resolucion_250cm/M10B6_MDT_Remesa_10.las","M10B6_MDT_Remesa_10.las"
"https://visualizador.ide.uy/descargas/datos/CN_Remesa_10/01_MDT/01_MDT_LAS_Resolucion_250cm/M10C1_MDT_Remesa_10.las","M10C1_MDT_Remesa_10.las"
"https://visualizador.ide.uy/descargas/datos/CN_Remesa_10/01_MDT/01_MDT_LAS_Resolucion_250cm/M10C2_MDT_Remesa_10.las","M10C2_MDT_Remesa_10.las"
"https://visualizador.ide.uy/descargas/datos/CN_Remesa_10/01_MDT/01_MDT_LAS_Resolucion_250cm/M10C3_MDT_Remesa_10.las","M10C3_MDT_Remesa_10.las"
"https://visualizador.ide.uy/descargas/datos/CN_Remesa_10/01_MDT/01_MDT_LAS_Resolucion_250cm/M10C4_MDT_Remesa_10.las","M10C4_MDT_Remesa_10.las"
"https://visualizador.ide.uy/descargas/datos/CN_Remesa_10/01_MDT/01_MDT_LAS_Resolucion_250cm/M10C5_MDT_Remesa_10.las","M10C5_MDT_Remesa_10.las"
"https://visualizador.ide.uy/descargas/datos/CN_Remesa_10/01_MDT/01_MDT_LAS_Resolucion_250cm/M10C6_MDT_Remesa_10.las","M10C6_MDT_Remesa_10.las"
"https://visualizador.ide.uy/descargas/datos/CN_Remesa_10/01_MDT/01_MDT_LAS_Resolucion_250cm/M10D1_MDT_Remesa_10.las","M10D1_MDT_Remesa_10.las"
"https://visualizador.ide.uy/descargas/datos/CN_Remesa_10/01_MDT/01_MDT_LAS_Resolucion_250cm/M10D2_MDT_Remesa_10.las","M10D2_MDT_Remesa_10.las"
"https://visualizador.ide.uy/descargas/datos/CN_Remesa_10/01_MDT/01_MDT_LAS_Resolucion_250cm/M10D3_MDT_Remesa_10.las","M10D3_MDT_Remesa_10.las"
"https://visualizador.ide.uy/descargas/datos/CN_Remesa_10/01_MDT/01_MDT_LAS_Resolucion_250cm/M10D4_MDT_Remesa_10.las","M10D4_MDT_Remesa_10.las"
"https://visualizador.ide.uy/descargas/datos/CN_Remesa_10/01_MDT/01_MDT_LAS_Resolucion_250cm/M10D5_MDT_Remesa_10.las","M10D5_MDT_Remesa_10.las"
"https://visualizador.ide.uy/descargas/datos/CN_Remesa_10/01_MDT/01_MDT_LAS_Resolucion_250cm/M10D6_MDT_Remesa_10.las","M10D6_MDT_Remesa_10.las"
"https://visualizador.ide.uy/descargas/datos/CN_Remesa_10/01_MDT/01_MDT_LAS_Resolucion_250cm/M11A1_MDT_Remesa_10.las","M11A1_MDT_Remesa_10.las"
"https://visualizador.ide.uy/descargas/datos/CN_Remesa_10/01_MDT/01_MDT_LAS_Resolucion_250cm/M11A2_MDT_Remesa_10.las","M11A2_MDT_Remesa_10.las"
"https://visualizador.ide.uy/descargas/datos/CN_Remesa_10/01_MDT/01_MDT_LAS_Resolucion_250cm/M11A3_MDT_Remesa_10.las","M11A3_MDT_Remesa_10.las"
"https://visualizador.ide.uy/descargas/datos/CN_Remesa_10/01_MDT/01_MDT_LAS_Resolucion_250cm/M11A4_MDT_Remesa_10.las","M11A4_MDT_Remesa_10.las"
"https://visualizador.ide.uy/descargas/datos/CN_Remesa_10/01_MDT/01_MDT_LAS_Resolucion_250cm/M11A5_MDT_Remesa_10.las","M11A5_MDT_Remesa_10.las"
"https://visualizador.ide.uy/descargas/datos/CN_Remesa_10/01_MDT/01_MDT_LAS_Resolucion_250cm/M11A6_MDT_Remesa_10.las","M11A6_MDT_Remesa_10.las"
"https://visualizador.ide.uy/descargas/datos/CN_Remesa_10/01_MDT/01_MDT_LAS_Resolucion_250cm/M11B1_MDT_Remesa_10.las","M11B1_MDT_Remesa_10.las"
"https://visualizador.ide.uy/descargas/datos/CN_Remesa_10/01_MDT/01_MDT_LAS_Resolucion_250cm/M11B2_MDT_Remesa_10.las","M11B2_MDT_Remesa_10.las"
"https://visualizador.ide.uy/descargas/datos/CN_Remesa_10/01_MDT/01_MDT_LAS_Resolucion_250cm/M11B3_MDT_Remesa_10.las","M11B3_MDT_Remesa_10.las"
"https://visualizador.ide.uy/descargas/datos/CN_Remesa_10/01_MDT/01_MDT_LAS_Resolucion_250cm/M11B4_MDT_Remesa_10.las","M11B4_MDT_Remesa_10.las"
"https://visualizador.ide.uy/descargas/datos/CN_Remesa_10/01_MDT/01_MDT_LAS_Resolucion_250cm/M11B5_MDT_Remesa_10.las","M11B5_MDT_Remesa_10.las"
"https://visualizador.ide.uy/descargas/datos/CN_Remesa_10/01_MDT/01_MDT_LAS_Resolucion_250cm/M11B6_MDT_Remesa_10.las","M11B6_MDT_Remesa_10.las"
"https://visualizador.ide.uy/descargas/datos/CN_Remesa_10/01_MDT/01_MDT_LAS_Resolucion_250cm/M11C1_MDT_Remesa_10.las","M11C1_MDT_Remesa_10.las"
"https://visualizador.ide.uy/descargas/datos/CN_Remesa_10/01_MDT/01_MDT_LAS_Resolucion_250cm/M11C2_MDT_Remesa_10.las","M11C2_MDT_Remesa_10.las"
"https://visualizador.ide.uy/descargas/datos/CN_Remesa_10/01_MDT/01_MDT_LAS_Resolucion_250cm/M11C3_MDT_Remesa_10.las","M11C3_MDT_Remesa_10.las"
"https://visualizador.ide.uy/descargas/datos/CN_Remesa_10/01_MDT/01_MDT_LAS_Resolucion_250cm/M11C4_MDT_Remesa_10.las","M11C4_MDT_Remesa_10.las"
"https://visualizador.ide.uy/descargas/datos/CN_Remesa_10/01_MDT/01_MDT_LAS_Resolucion_250cm/M11C5_MDT_Remesa_10.las","M11C5_MDT_Remesa_10.las"
"https://visualizador.ide.uy/descargas/datos/CN_Remesa_10/01_MDT/01_MDT_LAS_Resolucion_250cm/M11C6_MDT_Remesa_10.las","M11C6_MDT_Remesa_10.las"
"https://visualizador.ide.uy/descargas/datos/CN_Remesa_10/01_MDT/01_MDT_LAS_Resolucion_250cm/M11D1_MDT_Remesa_10.las","M11D1_MDT_Remesa_10.las"
"https://visualizador.ide.uy/descargas/datos/CN_Remesa_10/01_MDT/01_MDT_LAS_Resolucion_250cm/M11D2_MDT_Remesa_10.las","M11D2_MDT_Remesa_10.las"
"https://visualizador.ide.uy/descargas/datos/CN_Remesa_10/01_MDT/01_MDT_LAS_Resolucion_250cm/M11D3_MDT_Remesa_10.las","M11D3_MDT_Remesa_10.las"
"https://visualizador.ide.uy/descargas/datos/CN_Remesa_10/01_MDT/01_MDT_LAS_Resolucion_250cm/M11D4_MDT_Remesa_10.las","M11D4_MDT_Remesa_10.las"
"https://visualizador.ide.uy/descargas/datos/CN_Remesa_10/01_MDT/01_MDT_LAS_Resolucion_250cm/M11D5_MDT_Remesa_10.las","M11D5_MDT_Remesa_10.las"
"https://visualizador.ide.uy/descargas/datos/CN_Remesa_10/01_MDT/01_MDT_LAS_Resolucion_250cm/M11D6_MDT_Remesa_10.las","M11D6_MDT_Remesa_10.las"
"https://visualizador.ide.uy/descargas/datos/CN_Remesa_10/01_MDT/01_MDT_LAS_Resolucion_250cm/M12A1_MDT_Remesa_10.las","M12A1_MDT_Remesa_10.las"
"https://visualizador.ide.uy/descargas/datos/CN_Remesa_10/01_MDT/01_MDT_LAS_Resolucion_250cm/M12A2_MDT_Remesa_10.las","M12A2_MDT_Remesa_10.las"
"https://visualizador.ide.uy/descargas/datos/CN_Remesa_10/01_MDT/01_MDT_LAS_Resolucion_250cm/M12A3_MDT_Remesa_10.las","M12A3_MDT_Remesa_10.las"
"https://visualizador.ide.uy/descargas/datos/CN_Remesa_10/01_MDT/01_MDT_LAS_Resolucion_250cm/M12A4_MDT_Remesa_10.las","M12A4_MDT_Remesa_10.las"
"https://visualizador.ide.uy/descargas/datos/CN_Remesa_10/01_MDT/01_MDT_LAS_Resolucion_250cm/M12A5_MDT_Remesa_10.las","M12A5_MDT_Remesa_10.las"
"https://visualizador.ide.uy/descargas/datos/CN_Remesa_10/01_MDT/01_MDT_LAS_Resolucion_250cm/M12A6_MDT_Remesa_10.las","M12A6_MDT_Remesa_10.las"
"https://visualizador.ide.uy/descargas/datos/CN_Remesa_10/01_MDT/01_MDT_LAS_Resolucion_250cm/M12B1_MDT_Remesa_10.las","M12B1_MDT_Remesa_10.las"
"https://visualizador.ide.uy/descargas/datos/CN_Remesa_10/01_MDT/01_MDT_LAS_Resolucion_250cm/M12B2_MDT_Remesa_10.las","M12B2_MDT_Remesa_10.las"
"https://visualizador.ide.uy/descargas/datos/CN_Remesa_10/01_MDT/01_MDT_LAS_Resolucion_250cm/M12B3_MDT_Remesa_10.las","M12B3_MDT_Remesa_10.las"
"https://visualizador.ide.uy/descargas/datos/CN_Remesa_10/01_MDT/01_MDT_LAS_Resolucion_250cm/M12B4_MDT_Remesa_10.las","M12B4_MDT_Remesa_10.las"
"https://visualizador.ide.uy/descargas/datos/CN_Remesa_10/01_MDT/01_MDT_LAS_Resolucion_250cm/M12B5_MDT_Remesa_10.las","M12B5_MDT_Remesa_10.las"
"https://visualizador.ide.uy/descargas/datos/CN_Remesa_10/01_MDT/01_MDT_LAS_Resolucion_250cm/M12B6_MDT_Remesa_10.las","M12B6_MDT_Remesa_10.las"
"https://visualizador.ide.uy/descargas/datos/CN_Remesa_10/01_MDT/01_MDT_LAS_Resolucion_250cm/M12C1_MDT_Remesa_10.las","M12C1_MDT_Remesa_10.las"
"https://visualizador.ide.uy/descargas/datos/CN_Remesa_10/01_MDT/01_MDT_LAS_Resolucion_250cm/M12C2_MDT_Remesa_10.las","M12C2_MDT_Remesa_10.las"
"https://visualizador.ide.uy/descargas/datos/CN_Remesa_10/01_MDT/01_MDT_LAS_Resolucion_250cm/M12C3_MDT_Remesa_10.las","M12C3_MDT_Remesa_10.las"
"https://visualizador.ide.uy/descargas/datos/CN_Remesa_10/01_MDT/01_MDT_LAS_Resolucion_250cm/M12C4_MDT_Remesa_10.las","M12C4_MDT_Remesa_10.las"
"https://visualizador.ide.uy/descargas/datos/CN_Remesa_10/01_MDT/01_MDT_LAS_Resolucion_250cm/M12C5_MDT_Remesa_10.las","M12C5_MDT_Remesa_10.las"
"https://visualizador.ide.uy/descargas/datos/CN_Remesa_10/01_MDT/01_MDT_LAS_Resolucion_250cm/M12C6_MDT_Remesa_10.las","M12C6_MDT_Remesa_10.las"
"https://visualizador.ide.uy/descargas/datos/CN_Remesa_10/01_MDT/01_MDT_LAS_Resolucion_250cm/M12D1_MDT_Remesa_10.las","M12D1_MDT_Remesa_10.las"
"https://visualizador.ide.uy/descargas/datos/CN_Remesa_10/01_MDT/01_MDT_LAS_Resolucion_250cm/M12D2_MDT_Remesa_10.las","M12D2_MDT_Remesa_10.las"
"https://visualizador.ide.uy/descargas/datos/CN_Remesa_10/01_MDT/01_MDT_LAS_Resolucion_250cm/M12D3_MDT_Remesa_10.las","M12D3_MDT_Remesa_10.las"
"https://visualizador.ide.uy/descargas/datos/CN_Remesa_10/01_MDT/01_MDT_LAS_Resolucion_250cm/M12D4_MDT_Remesa_10.las","M12D4_MDT_Remesa_10.las"
"https://visualizador.ide.uy/descargas/datos/CN_Remesa_10/01_MDT/01_MDT_LAS_Resolucion_250cm/M12D5_MDT_Remesa_10.las","M12D5_MDT_Remesa_10.las"
"https://visualizador.ide.uy/descargas/datos/CN_Remesa_10/01_MDT/01_MDT_LAS_Resolucion_250cm/M12D6_MDT_Remesa_10.las","M12D6_MDT_Remesa_10.las"
"https://visualizador.ide.uy/descargas/datos/CN_Remesa_10/01_MDT/01_MDT_LAS_Resolucion_250cm/M13A1_MDT_Remesa_10.las","M13A1_MDT_Remesa_10.las"
"https://visualizador.ide.uy/descargas/datos/CN_Remesa_10/01_MDT/01_MDT_LAS_Resolucion_250cm/M13A2_MDT_Remesa_10.las","M13A2_MDT_Remesa_10.las"
"https://visualizador.ide.uy/descargas/datos/CN_Remesa_10/01_MDT/01_MDT_LAS_Resolucion_250cm/M13A3_MDT_Remesa_10.las","M13A3_MDT_Remesa_10.las"
"https://visualizador.ide.uy/descargas/datos/CN_Remesa_10/01_MDT/01_MDT_LAS_Resolucion_250cm/M13A4_MDT_Remesa_10.las","M13A4_MDT_Remesa_10.las"
"https://visualizador.ide.uy/descargas/datos/CN_Remesa_10/01_MDT/01_MDT_LAS_Resolucion_250cm/M13A5_MDT_Remesa_10.las","M13A5_MDT_Remesa_10.las"
"https://visualizador.ide.uy/descargas/datos/CN_Remesa_10/01_MDT/01_MDT_LAS_Resolucion_250cm/M13A6_MDT_Remesa_10.las","M13A6_MDT_Remesa_10.las"
"https://visualizador.ide.uy/descargas/datos/CN_Remesa_10/01_MDT/01_MDT_LAS_Resolucion_250cm/M13B1_MDT_Remesa_10.las","M13B1_MDT_Remesa_10.las"
"https://visualizador.ide.uy/descargas/datos/CN_Remesa_10/01_MDT/01_MDT_LAS_Resolucion_250cm/M13B2_MDT_Remesa_10.las","M13B2_MDT_Remesa_10.las"
"https://visualizador.ide.uy/descargas/datos/CN_Remesa_10/01_MDT/01_MDT_LAS_Resolucion_250cm/M13B3_MDT_Remesa_10.las","M13B3_MDT_Remesa_10.las"
"https://visualizador.ide.uy/descargas/datos/CN_Remesa_10/01_MDT/01_MDT_LAS_Resolucion_250cm/M13B4_MDT_Remesa_10.las","M13B4_MDT_Remesa_10.las"
"https://visualizador.ide.uy/descargas/datos/CN_Remesa_10/01_MDT/01_MDT_LAS_Resolucion_250cm/M13B5_MDT_Remesa_10.las","M13B5_MDT_Remesa_10.las"
"https://visualizador.ide.uy/descargas/datos/CN_Remesa_10/01_MDT/01_MDT_LAS_Resolucion_250cm/M13B6_MDT_Remesa_10.las","M13B6_MDT_Remesa_10.las"
"https://visualizador.ide.uy/descargas/datos/CN_Remesa_10/01_MDT/01_MDT_LAS_Resolucion_250cm/M13C1_MDT_Remesa_10.las","M13C1_MDT_Remesa_10.las"
"https://visualizador.ide.uy/descargas/datos/CN_Remesa_10/01_MDT/01_MDT_LAS_Resolucion_250cm/M13C2_MDT_Remesa_10.las","M13C2_MDT_Remesa_10.las"
"https://visualizador.ide.uy/descargas/datos/CN_Remesa_10/01_MDT/01_MDT_LAS_Resolucion_250cm/M13C3_MDT_Remesa_10.las","M13C3_MDT_Remesa_10.las"
"https://visualizador.ide.uy/descargas/datos/CN_Remesa_10/01_MDT/01_MDT_LAS_Resolucion_250cm/M13C4_MDT_Remesa_10.las","M13C4_MDT_Remesa_10.las"
"https://visualizador.ide.uy/descargas/datos/CN_Remesa_10/01_MDT/01_MDT_LAS_Resolucion_250cm/M13C5_MDT_Remesa_10.las","M13C5_MDT_Remesa_10.las"
"https://visualizador.ide.uy/descargas/datos/CN_Remesa_10/01_MDT/01_MDT_LAS_Resolucion_250cm/M13C6_MDT_Remesa_10.las","M13C6_MDT_Remesa_10.las"
"https://visualizador.ide.uy/descargas/datos/CN_Remesa_10/01_MDT/01_MDT_LAS_Resolucion_250cm/M13D1_MDT_Remesa_10.las","M13D1_MDT_Remesa_10.las"
"https://visualizador.ide.uy/descargas/datos/CN_Remesa_10/01_MDT/01_MDT_LAS_Resolucion_250cm/M13D2_MDT_Remesa_10.las","M13D2_MDT_Remesa_10.las"
"https://visualizador.ide.uy/descargas/datos/CN_Remesa_10/01_MDT/01_MDT_LAS_Resolucion_250cm/M13D3_MDT_Remesa_10.las","M13D3_MDT_Remesa_10.las"
"https://visualizador.ide.uy/descargas/datos/CN_Remesa_10/01_MDT/01_MDT_LAS_Resolucion_250cm/M13D4_MDT_Remesa_10.las","M13D4_MDT_Remesa_10.las"
"https://visualizador.ide.uy/descargas/datos/CN_Remesa_10/01_MDT/01_MDT_LAS_Resolucion_250cm/M13D5_MDT_Remesa_10.las","M13D5_MDT_Remesa_10.las"
"https://visualizador.ide.uy/descargas/datos/CN_Remesa_10/01_MDT/01_MDT_LAS_Resolucion_250cm/M13D6_MDT_Remesa_10.las","M13D6_MDT_Remesa_10.las"
"https://visualizador.ide.uy/descargas/datos/CN_Remesa_10/01_MDT/01_MDT_LAS_Resolucion_250cm/M14A1_MDT_Remesa_10.las","M14A1_MDT_Remesa_10.las"
"https://visualizador.ide.uy/descargas/datos/CN_Remesa_10/01_MDT/01_MDT_LAS_Resolucion_250cm/M14A2_MDT_Remesa_10.las","M14A2_MDT_Remesa_10.las"
"https://visualizador.ide.uy/descargas/datos/CN_Remesa_10/01_MDT/01_MDT_LAS_Resolucion_250cm/M14A3_MDT_Remesa_10.las","M14A3_MDT_Remesa_10.las"
"https://visualizador.ide.uy/descargas/datos/CN_Remesa_10/01_MDT/01_MDT_LAS_Resolucion_250cm/M14A4_MDT_Remesa_10.las","M14A4_MDT_Remesa_10.las"
"https://visualizador.ide.uy/descargas/datos/CN_Remesa_10/01_MDT/01_MDT_LAS_Resolucion_250cm/M14A5_MDT_Remesa_10.las","M14A5_MDT_Remesa_10.las"
"https://visualizador.ide.uy/descargas/datos/CN_Remesa_10/01_MDT/01_MDT_LAS_Resolucion_250cm/M14A6_MDT_Remesa_10.las","M14A6_MDT_Remesa_10.las"
"https://visualizador.ide.uy/descargas/datos/CN_Remesa_10/01_MDT/01_MDT_LAS_Resolucion_250cm/M14B1_MDT_Remesa_10.las","M14B1_MDT_Remesa_10.las"
"https://visualizador.ide.uy/descargas/datos/CN_Remesa_10/01_MDT/01_MDT_LAS_Resolucion_250cm/M14B2_MDT_Remesa_10.las","M14B2_MDT_Remesa_10.las"
"https://visualizador.ide.uy/descargas/datos/CN_Remesa_10/01_MDT/01_MDT_LAS_Resolucion_250cm/M14B3_MDT_Remesa_10.las","M14B3_MDT_Remesa_10.las"
"https://visualizador.ide.uy/descargas/datos/CN_Remesa_10/01_MDT/01_MDT_LAS_Resolucion_250cm/M14B4_MDT_Remesa_10.las","M14B4_MDT_Remesa_10.las"
"https://visualizador.ide.uy/descargas/datos/CN_Remesa_10/01_MDT/01_MDT_LAS_Resolucion_250cm/M14B5_MDT_Remesa_10.las","M14B5_MDT_Remesa_10.las"
"https://visualizador.ide.uy/descargas/datos/CN_Remesa_10/01_MDT/01_MDT_LAS_Resolucion_250cm/M14B6_MDT_Remesa_10.las","M14B6_MDT_Remesa_10.las"
"https://visualizador.ide.uy/descargas/datos/CN_Remesa_10/01_MDT/01_MDT_LAS_Resolucion_250cm/M14C1_MDT_Remesa_10.las","M14C1_MDT_Remesa_10.las"
"https://visualizador.ide.uy/descargas/datos/CN_Remesa_10/01_MDT/01_MDT_LAS_Resolucion_250cm/M14C2_MDT_Remesa_10.las","M14C2_MDT_Remesa_10.las"
"https://visualizador.ide.uy/descargas/datos/CN_Remesa_10/01_MDT/01_MDT_LAS_Resolucion_250cm/M14C3_MDT_Remesa_10.las","M14C3_MDT_Remesa_10.las"
"https://visualizador.ide.uy/descargas/datos/CN_Remesa_10/01_MDT/01_MDT_LAS_Resolucion_250cm/M14D1_MDT_Remesa_10.las","M14D1_MDT_Remesa_10.las"
"https://visualizador.ide.uy/descargas/datos/CN_Remesa_10/01_MDT/01_MDT_LAS_Resolucion_250cm/M14D2_MDT_Remesa_10.las","M14D2_MDT_Remesa_10.las"
"https://visualizador.ide.uy/descargas/datos/CN_Remesa_10/01_MDT/01_MDT_LAS_Resolucion_250cm/M14D3_MDT_Remesa_10.las","M14D3_MDT_Remesa_10.las"
"https://visualizador.ide.uy/descargas/datos/CN_Remesa_10/01_MDT/01_MDT_LAS_Resolucion_250cm/N09C1_MDT_Remesa_10.las","N09C1_MDT_Remesa_10.las"
"https://visualizador.ide.uy/descargas/datos/CN_Remesa_10/01_MDT/01_MDT_LAS_Resolucion_250cm/N09C2_MDT_Remesa_10.las","N09C2_MDT_Remesa_10.las"
"https://visualizador.ide.uy/descargas/datos/CN_Remesa_10/01_MDT/01_MDT_LAS_Resolucion_250cm/N09C3_MDT_Remesa_10.las","N09C3_MDT_Remesa_10.las"
"https://visualizador.ide.uy/descargas/datos/CN_Remesa_10/01_MDT/01_MDT_LAS_Resolucion_250cm/N09C4_MDT_Remesa_10.las","N09C4_MDT_Remesa_10.las"
"https://visualizador.ide.uy/descargas/datos/CN_Remesa_10/01_MDT/01_MDT_LAS_Resolucion_250cm/N09C5_MDT_Remesa_10.las","N09C5_MDT_Remesa_10.las"
"https://visualizador.ide.uy/descargas/datos/CN_Remesa_10/01_MDT/01_MDT_LAS_Resolucion_250cm/N09C6_MDT_Remesa_10.las","N09C6_MDT_Remesa_10.las"
"https://visualizador.ide.uy/descargas/datos/CN_Remesa_10/01_MDT/01_MDT_LAS_Resolucion_250cm/N09D1_MDT_Remesa_10.las","N09D1_MDT_Remesa_10.las"
"https://visualizador.ide.uy/descargas/datos/CN_Remesa_10/01_MDT/01_MDT_LAS_Resolucion_250cm/N09D2_MDT_Remesa_10.las","N09D2_MDT_Remesa_10.las"
"https://visualizador.ide.uy/descargas/datos/CN_Remesa_10/01_MDT/01_MDT_LAS_Resolucion_250cm/N09D3_MDT_Remesa_10.las","N09D3_MDT_Remesa_10.las"
"https://visualizador.ide.uy/descargas/datos/CN_Remesa_10/01_MDT/01_MDT_LAS_Resolucion_250cm/N09D4_MDT_Remesa_10.las","N09D4_MDT_Remesa_10.las"
"https://visualizador.ide.uy/descargas/datos/CN_Remesa_10/01_MDT/01_MDT_LAS_Resolucion_250cm/N09D5_MDT_Remesa_10.las","N09D5_MDT_Remesa_10.las"
"https://visualizador.ide.uy/descargas/datos/CN_Remesa_10/01_MDT/01_MDT_LAS_Resolucion_250cm/N09D6_MDT_Remesa_10.las","N09D6_MDT_Remesa_10.las"
"https://visualizador.ide.uy/descargas/datos/CN_Remesa_10/01_MDT/01_MDT_LAS_Resolucion_250cm/N10A1_MDT_Remesa_10.las","N10A1_MDT_Remesa_10.las"
"https://visualizador.ide.uy/descargas/datos/CN_Remesa_10/01_MDT/01_MDT_LAS_Resolucion_250cm/N10A2_MDT_Remesa_10.las","N10A2_MDT_Remesa_10.las"
"https://visualizador.ide.uy/descargas/datos/CN_Remesa_10/01_MDT/01_MDT_LAS_Resolucion_250cm/N10A3_MDT_Remesa_10.las","N10A3_MDT_Remesa_10.las"
"https://visualizador.ide.uy/descargas/datos/CN_Remesa_10/01_MDT/01_MDT_LAS_Resolucion_250cm/N10A4_MDT_Remesa_10.las","N10A4_MDT_Remesa_10.las"
"https://visualizador.ide.uy/descargas/datos/CN_Remesa_10/01_MDT/01_MDT_LAS_Resolucion_250cm/N10A5_MDT_Remesa_10.las","N10A5_MDT_Remesa_10.las"
"https://visualizador.ide.uy/descargas/datos/CN_Remesa_10/01_MDT/01_MDT_LAS_Resolucion_250cm/N10A6_MDT_Remesa_10.las","N10A6_MDT_Remesa_10.las"
"https://visualizador.ide.uy/descargas/datos/CN_Remesa_10/01_MDT/01_MDT_LAS_Resolucion_250cm/N10B1_MDT_Remesa_10.las","N10B1_MDT_Remesa_10.las"
"https://visualizador.ide.uy/descargas/datos/CN_Remesa_10/01_MDT/01_MDT_LAS_Resolucion_250cm/N10B2_MDT_Remesa_10.las","N10B2_MDT_Remesa_10.las"
"https://visualizador.ide.uy/descargas/datos/CN_Remesa_10/01_MDT/01_MDT_LAS_Resolucion_250cm/N10B3_MDT_Remesa_10.las","N10B3_MDT_Remesa_10.las"
"https://visualizador.ide.uy/descargas/datos/CN_Remesa_10/01_MDT/01_MDT_LAS_Resolucion_250cm/N10B4_MDT_Remesa_10.las","N10B4_MDT_Remesa_10.las"
"https://visualizador.ide.uy/descargas/datos/CN_Remesa_10/01_MDT/01_MDT_LAS_Resolucion_250cm/N10B5_MDT_Remesa_10.las","N10B5_MDT_Remesa_10.las"
"https://visualizador.ide.uy/descargas/datos/CN_Remesa_10/01_MDT/01_MDT_LAS_Resolucion_250cm/N10B6_MDT_Remesa_10.las","N10B6_MDT_Remesa_10.las"
"https://visualizador.ide.uy/descargas/datos/CN_Remesa_10/01_MDT/01_MDT_LAS_Resolucion_250cm/N10C1_MDT_Remesa_10.las","N10C1_MDT_Remesa_10.las"
"https://visualizador.ide.uy/descargas/datos/CN_Remesa_10/01_MDT/01_MDT_LAS_Resolucion_250cm/N10C2_MDT_Remesa_10.las","N10C2_MDT_Remesa_10.las"
"https://visualizador.ide.uy/descargas/datos/CN_Remesa_10/01_MDT/01_MDT_LAS_Resolucion_250cm/N10C3_MDT_Remesa_10.las","N10C3_MDT_Remesa_10.las"
"https://visualizador.ide.uy/descargas/datos/CN_Remesa_10/01_MDT/01_MDT_LAS_Resolucion_250cm/N10C4_MDT_Remesa_10.las","N10C4_MDT_Remesa_10.las"
"https://visualizador.ide.uy/descargas/datos/CN_Remesa_10/01_MDT/01_MDT_LAS_Resolucion_250cm/N10C5_MDT_Remesa_10.las","N10C5_MDT_Remesa_10.las"
"https://visualizador.ide.uy/descargas/datos/CN_Remesa_10/01_MDT/01_MDT_LAS_Resolucion_250cm/N10C6_MDT_Remesa_10.las","N10C6_MDT_Remesa_10.las"
"https://visualizador.ide.uy/descargas/datos/CN_Remesa_10/01_MDT/01_MDT_LAS_Resolucion_250cm/N10D1_MDT_Remesa_10.las","N10D1_MDT_Remesa_10.las"
"https://visualizador.ide.uy/descargas/datos/CN_Remesa_10/01_MDT/01_MDT_LAS_Resolucion_250cm/N10D2_MDT_Remesa_10.las","N10D2_MDT_Remesa_10.las"
"https://visualizador.ide.uy/descargas/datos/CN_Remesa_10/01_MDT/01_MDT_LAS_Resolucion_250cm/N10D3_MDT_Remesa_10.las","N10D3_MDT_Remesa_10.las"
"https://visualizador.ide.uy/descargas/datos/CN_Remesa_10/01_MDT/01_MDT_LAS_Resolucion_250cm/N10D4_MDT_Remesa_10.las","N10D4_MDT_Remesa_10.las"
"https://visualizador.ide.uy/descargas/datos/CN_Remesa_10/01_MDT/01_MDT_LAS_Resolucion_250cm/N10D5_MDT_Remesa_10.las","N10D5_MDT_Remesa_10.las"
"https://visualizador.ide.uy/descargas/datos/CN_Remesa_10/01_MDT/01_MDT_LAS_Resolucion_250cm/N10D6_MDT_Remesa_10.las","N10D6_MDT_Remesa_10.las"
"https://visualizador.ide.uy/descargas/datos/CN_Remesa_10/01_MDT/01_MDT_LAS_Resolucion_250cm/N11A1_MDT_Remesa_10.las","N11A1_MDT_Remesa_10.las"
"https://visualizador.ide.uy/descargas/datos/CN_Remesa_10/01_MDT/01_MDT_LAS_Resolucion_250cm/N11A2_MDT_Remesa_10.las","N11A2_MDT_Remesa_10.las"
"https://visualizador.ide.uy/descargas/datos/CN_Remesa_10/01_MDT/01_MDT_LAS_Resolucion_250cm/N11A3_MDT_Remesa_10.las","N11A3_MDT_Remesa_10.las"
"https://visualizador.ide.uy/descargas/datos/CN_Remesa_10/01_MDT/01_MDT_LAS_Resolucion_250cm/N11A4_MDT_Remesa_10.las","N11A4_MDT_Remesa_10.las"
"https://visualizador.ide.uy/descargas/datos/CN_Remesa_10/01_MDT/01_MDT_LAS_Resolucion_250cm/N11A5_MDT_Remesa_10.las","N11A5_MDT_Remesa_10.las"
"https://visualizador.ide.uy/descargas/datos/CN_Remesa_10/01_MDT/01_MDT_LAS_Resolucion_250cm/N11A6_MDT_Remesa_10.las","N11A6_MDT_Remesa_10.las"
"https://visualizador.ide.uy/descargas/datos/CN_Remesa_10/01_MDT/01_MDT_LAS_Resolucion_250cm/N11B1_MDT_Remesa_10.las","N11B1_MDT_Remesa_10.las"
"https://visualizador.ide.uy/descargas/datos/CN_Remesa_10/01_MDT/01_MDT_LAS_Resolucion_250cm/N11B2_MDT_Remesa_10.las","N11B2_MDT_Remesa_10.las"
"https://visualizador.ide.uy/descargas/datos/CN_Remesa_10/01_MDT/01_MDT_LAS_Resolucion_250cm/N11B3_MDT_Remesa_10.las","N11B3_MDT_Remesa_10.las"
"https://visualizador.ide.uy/descargas/datos/CN_Remesa_10/01_MDT/01_MDT_LAS_Resolucion_250cm/N11B4_MDT_Remesa_10.las","N11B4_MDT_Remesa_10.las"
"https://visualizador.ide.uy/descargas/datos/CN_Remesa_10/01_MDT/01_MDT_LAS_Resolucion_250cm/N11B5_MDT_Remesa_10.las","N11B5_MDT_Remesa_10.las"
"https://visualizador.ide.uy/descargas/datos/CN_Remesa_10/01_MDT/01_MDT_LAS_Resolucion_250cm/N11B6_MDT_Remesa_10.las","N11B6_MDT_Remesa_10.las"
"https://visualizador.ide.uy/descargas/datos/CN_Remesa_10/01_MDT/01_MDT_LAS_Resolucion_250cm/N11C1_MDT_Remesa_10.las","N11C1_MDT_Remesa_10.las"
"https://visualizador.ide.uy/descargas/datos/CN_Remesa_10/01_MDT/01_MDT_LAS_Resolucion_250cm/N11C2_MDT_Remesa_10.las","N11C2_MDT_Remesa_10.las"
"https://visualizador.ide.uy/descargas/datos/CN_Remesa_10/01_MDT/01_MDT_LAS_Resolucion_250cm/N11C3_MDT_Remesa_10.las","N11C3_MDT_Remesa_10.las"
"https://visualizador.ide.uy/descargas/datos/CN_Remesa_10/01_MDT/01_MDT_LAS_Resolucion_250cm/N11C4_MDT_Remesa_10.las","N11C4_MDT_Remesa_10.las"
"https://visualizador.ide.uy/descargas/datos/CN_Remesa_10/01_MDT/01_MDT_LAS_Resolucion_250cm/N11C5_MDT_Remesa_10.las","N11C5_MDT_Remesa_10.las"
"https://visualizador.ide.uy/descargas/datos/CN_Remesa_10/01_MDT/01_MDT_LAS_Resolucion_250cm/N11C6_MDT_Remesa_10.las","N11C6_MDT_Remesa_10.las"
"https://visualizador.ide.uy/descargas/datos/CN_Remesa_10/01_MDT/01_MDT_LAS_Resolucion_250cm/N11D1_MDT_Remesa_10.las","N11D1_MDT_Remesa_10.las"
"https://visualizador.ide.uy/descargas/datos/CN_Remesa_10/01_MDT/01_MDT_LAS_Resolucion_250cm/N11D2_MDT_Remesa_10.las","N11D2_MDT_Remesa_10.las"
"https://visualizador.ide.uy/descargas/datos/CN_Remesa_10/01_MDT/01_MDT_LAS_Resolucion_250cm/N11D3_MDT_Remesa_10.las","N11D3_MDT_Remesa_10.las"
"https://visualizador.ide.uy/descargas/datos/CN_Remesa_10/01_MDT/01_MDT_LAS_Resolucion_250cm/N11D4_MDT_Remesa_10.las","N11D4_MDT_Remesa_10.las"
"https://visualizador.ide.uy/descargas/datos/CN_Remesa_10/01_MDT/01_MDT_LAS_Resolucion_250cm/N11D5_MDT_Remesa_10.las","N11D5_MDT_Remesa_10.las"
"https://visualizador.ide.uy/descargas/datos/CN_Remesa_10/01_MDT/01_MDT_LAS_Resolucion_250cm/N11D6_MDT_Remesa_10.las","N11D6_MDT_Remesa_10.las"
"https://visualizador.ide.uy/descargas/datos/CN_Remesa_10/01_MDT/01_MDT_LAS_Resolucion_250cm/N12A1_MDT_Remesa_10.las","N12A1_MDT_Remesa_10.las"
"https://visualizador.ide.uy/descargas/datos/CN_Remesa_10/01_MDT/01_MDT_LAS_Resolucion_250cm/N12A2_MDT_Remesa_10.las","N12A2_MDT_Remesa_10.las"
"https://visualizador.ide.uy/descargas/datos/CN_Remesa_10/01_MDT/01_MDT_LAS_Resolucion_250cm/N12A3_MDT_Remesa_10.las","N12A3_MDT_Remesa_10.las"
"https://visualizador.ide.uy/descargas/datos/CN_Remesa_10/01_MDT/01_MDT_LAS_Resolucion_250cm/N12A4_MDT_Remesa_10.las","N12A4_MDT_Remesa_10.las"
"https://visualizador.ide.uy/descargas/datos/CN_Remesa_10/01_MDT/01_MDT_LAS_Resolucion_250cm/N12A5_MDT_Remesa_10.las","N12A5_MDT_Remesa_10.las"
"https://visualizador.ide.uy/descargas/datos/CN_Remesa_10/01_MDT/01_MDT_LAS_Resolucion_250cm/N12A6_MDT_Remesa_10.las","N12A6_MDT_Remesa_10.las"
"https://visualizador.ide.uy/descargas/datos/CN_Remesa_10/01_MDT/01_MDT_LAS_Resolucion_250cm/N12B1_MDT_Remesa_10.las","N12B1_MDT_Remesa_10.las"
"https://visualizador.ide.uy/descargas/datos/CN_Remesa_10/01_MDT/01_MDT_LAS_Resolucion_250cm/N12B2_MDT_Remesa_10.las","N12B2_MDT_Remesa_10.las"
"https://visualizador.ide.uy/descargas/datos/CN_Remesa_10/01_MDT/01_MDT_LAS_Resolucion_250cm/N12B3_MDT_Remesa_10.las","N12B3_MDT_Remesa_10.las"
"https://visualizador.ide.uy/descargas/datos/CN_Remesa_10/01_MDT/01_MDT_LAS_Resolucion_250cm/N12B4_MDT_Remesa_10.las","N12B4_MDT_Remesa_10.las"
"https://visualizador.ide.uy/descargas/datos/CN_Remesa_10/01_MDT/01_MDT_LAS_Resolucion_250cm/N12B5_MDT_Remesa_10.las","N12B5_MDT_Remesa_10.las"
"https://visualizador.ide.uy/descargas/datos/CN_Remesa_10/01_MDT/01_MDT_LAS_Resolucion_250cm/N12B6_MDT_Remesa_10.las","N12B6_MDT_Remesa_10.las"
"https://visualizador.ide.uy/descargas/datos/CN_Remesa_10/01_MDT/01_MDT_LAS_Resolucion_250cm/N12C1_MDT_Remesa_10.las","N12C1_MDT_Remesa_10.las"
"https://visualizador.ide.uy/descargas/datos/CN_Remesa_10/01_MDT/01_MDT_LAS_Resolucion_250cm/N12C2_MDT_Remesa_10.las","N12C2_MDT_Remesa_10.las"
"https://visualizador.ide.uy/descargas/datos/CN_Remesa_10/01_MDT/01_MDT_LAS_Resolucion_250cm/N12C3_MDT_Remesa_10.las","N12C3_MDT_Remesa_10.las"
"https://visualizador.ide.uy/descargas/datos/CN_Remesa_10/01_MDT/01_MDT_LAS_Resolucion_250cm/N12C4_MDT_Remesa_10.las","N12C4_MDT_Remesa_10.las"
"https://visualizador.ide.uy/descargas/datos/CN_Remesa_10/01_MDT/01_MDT_LAS_Resolucion_250cm/N12C5_MDT_Remesa_10.las","N12C5_MDT_Remesa_10.las"
"https://visualizador.ide.uy/descargas/datos/CN_Remesa_10/01_MDT/01_MDT_LAS_Resolucion_250cm/N12C6_MDT_Remesa_10.las","N12C6_MDT_Remesa_10.las"
"https://visualizador.ide.uy/descargas/datos/CN_Remesa_10/01_MDT/01_MDT_LAS_Resolucion_250cm/N12D1_MDT_Remesa_10.las","N12D1_MDT_Remesa_10.las"
"https://visualizador.ide.uy/descargas/datos/CN_Remesa_10/01_MDT/01_MDT_LAS_Resolucion_250cm/N12D2_MDT_Remesa_10.las","N12D2_MDT_Remesa_10.las"
"https://visualizador.ide.uy/descargas/datos/CN_Remesa_10/01_MDT/01_MDT_LAS_Resolucion_250cm/N12D3_MDT_Remesa_10.las","N12D3_MDT_Remesa_10.las"
"https://visualizador.ide.uy/descargas/datos/CN_Remesa_10/01_MDT/01_MDT_LAS_Resolucion_250cm/N12D4_MDT_Remesa_10.las","N12D4_MDT_Remesa_10.las"
"https://visualizador.ide.uy/descargas/datos/CN_Remesa_10/01_MDT/01_MDT_LAS_Resolucion_250cm/N12D5_MDT_Remesa_10.las","N12D5_MDT_Remesa_10.las"
"https://visualizador.ide.uy/descargas/datos/CN_Remesa_10/01_MDT/01_MDT_LAS_Resolucion_250cm/N12D6_MDT_Remesa_10.las","N12D6_MDT_Remesa_10.las"
"https://visualizador.ide.uy/descargas/datos/CN_Remesa_10/01_MDT/01_MDT_LAS_Resolucion_250cm/N13A1_MDT_Remesa_10.las","N13A1_MDT_Remesa_10.las"
"https://visualizador.ide.uy/descargas/datos/CN_Remesa_10/01_MDT/01_MDT_LAS_Resolucion_250cm/N13A2_MDT_Remesa_10.las","N13A2_MDT_Remesa_10.las"
"https://visualizador.ide.uy/descargas/datos/CN_Remesa_10/01_MDT/01_MDT_LAS_Resolucion_250cm/N13A3_MDT_Remesa_10.las","N13A3_MDT_Remesa_10.las"
"https://visualizador.ide.uy/descargas/datos/CN_Remesa_10/01_MDT/01_MDT_LAS_Resolucion_250cm/N13A4_MDT_Remesa_10.las","N13A4_MDT_Remesa_10.las"
"https://visualizador.ide.uy/descargas/datos/CN_Remesa_10/01_MDT/01_MDT_LAS_Resolucion_250cm/N13A5_MDT_Remesa_10.las","N13A5_MDT_Remesa_10.las"
"https://visualizador.ide.uy/descargas/datos/CN_Remesa_10/01_MDT/01_MDT_LAS_Resolucion_250cm/N13A6_MDT_Remesa_10.las","N13A6_MDT_Remesa_10.las"
"https://visualizador.ide.uy/descargas/datos/CN_Remesa_10/01_MDT/01_MDT_LAS_Resolucion_250cm/N13B1_MDT_Remesa_10.las","N13B1_MDT_Remesa_10.las"
"https://visualizador.ide.uy/descargas/datos/CN_Remesa_10/01_MDT/01_MDT_LAS_Resolucion_250cm/N13B2_MDT_Remesa_10.las","N13B2_MDT_Remesa_10.las"
"https://visualizador.ide.uy/descargas/datos/CN_Remesa_10/01_MDT/01_MDT_LAS_Resolucion_250cm/N13B3_MDT_Remesa_10.las","N13B3_MDT_Remesa_10.las"
"https://visualizador.ide.uy/descargas/datos/CN_Remesa_10/01_MDT/01_MDT_LAS_Resolucion_250cm/N13B4_MDT_Remesa_10.las","N13B4_MDT_Remesa_10.las"
"https://visualizador.ide.uy/descargas/datos/CN_Remesa_10/01_MDT/01_MDT_LAS_Resolucion_250cm/N13B5_MDT_Remesa_10.las","N13B5_MDT_Remesa_10.las"
"https://visualizador.ide.uy/descargas/datos/CN_Remesa_10/01_MDT/01_MDT_LAS_Resolucion_250cm/N13B6_MDT_Remesa_10.las","N13B6_MDT_Remesa_10.las"
"https://visualizador.ide.uy/descargas/datos/CN_Remesa_10/01_MDT/01_MDT_LAS_Resolucion_250cm/N13C1_MDT_Remesa_10.las","N13C1_MDT_Remesa_10.las"
"https://visualizador.ide.uy/descargas/datos/CN_Remesa_10/01_MDT/01_MDT_LAS_Resolucion_250cm/N13C2_MDT_Remesa_10.las","N13C2_MDT_Remesa_10.las"
"https://visualizador.ide.uy/descargas/datos/CN_Remesa_10/01_MDT/01_MDT_LAS_Resolucion_250cm/N13C3_MDT_Remesa_10.las","N13C3_MDT_Remesa_10.las"
"https://visualizador.ide.uy/descargas/datos/CN_Remesa_10/01_MDT/01_MDT_LAS_Resolucion_250cm/N13C4_MDT_Remesa_10.las","N13C4_MDT_Remesa_10.las"
"https://visualizador.ide.uy/descargas/datos/CN_Remesa_10/01_MDT/01_MDT_LAS_Resolucion_250cm/N13C5_MDT_Remesa_10.las","N13C5_MDT_Remesa_10.las"
"https://visualizador.ide.uy/descargas/datos/CN_Remesa_10/01_MDT/01_MDT_LAS_Resolucion_250cm/N13C6_MDT_Remesa_10.las","N13C6_MDT_Remesa_10.las"
"https://visualizador.ide.uy/descargas/datos/CN_Remesa_10/01_MDT/01_MDT_LAS_Resolucion_250cm/N13D1_MDT_Remesa_10.las","N13D1_MDT_Remesa_10.las"
"https://visualizador.ide.uy/descargas/datos/CN_Remesa_10/01_MDT/01_MDT_LAS_Resolucion_250cm/N13D2_MDT_Remesa_10.las","N13D2_MDT_Remesa_10.las"
"https://visualizador.ide.uy/descargas/datos/CN_Remesa_10/01_MDT/01_MDT_LAS_Resolucion_250cm/N13D3_MDT_Remesa_10.las","N13D3_MDT_Remesa_10.las"
"https://visualizador.ide.uy/descargas/datos/CN_Remesa_10/01_MDT/01_MDT_LAS_Resolucion_250cm/N13D4_MDT_Remesa_10.las","N13D4_MDT_Remesa_10.las"
"https://visualizador.ide.uy/descargas/datos/CN_Remesa_10/01_MDT/01_MDT_LAS_Resolucion_250cm/N13D5_MDT_Remesa_10.las","N13D5_MDT_Remesa_10.las"
"https://visualizador.ide.uy/descargas/datos/CN_Remesa_10/01_MDT/01_MDT_LAS_Resolucion_250cm/N13D6_MDT_Remesa_10.las","N13D6_MDT_Remesa_10.las"
"https://visualizador.ide.uy/descargas/datos/CN_Remesa_10/01_MDT/01_MDT_LAS_Resolucion_250cm/N14A1_MDT_Remesa_10.las","N14A1_MDT_Remesa_10.las"
"https://visualizador.ide.uy/descargas/datos/CN_Remesa_10/01_MDT/01_MDT_LAS_Resolucion_250cm/N14A2_MDT_Remesa_10.las","N14A2_MDT_Remesa_10.las"
"https://visualizador.ide.uy/descargas/datos/CN_Remesa_10/01_MDT/01_MDT_LAS_Resolucion_250cm/N14A3_MDT_Remesa_10.las","N14A3_MDT_Remesa_10.las"
"https://visualizador.ide.uy/descargas/datos/CN_Remesa_10/01_MDT/01_MDT_LAS_Resolucion_250cm/N14A4_MDT_Remesa_10.las","N14A4_MDT_Remesa_10.las"
"https://visualizador.ide.uy/descargas/datos/CN_Remesa_10/01_MDT/01_MDT_LAS_Resolucion_250cm/N14A5_MDT_Remesa_10.las","N14A5_MDT_Remesa_10.las"
"https://visualizador.ide.uy/descargas/datos/CN_Remesa_10/01_MDT/01_MDT_LAS_Resolucion_250cm/N14A6_MDT_Remesa_10.las","N14A6_MDT_Remesa_10.las"
"https://visualizador.ide.uy/descargas/datos/CN_Remesa_10/01_MDT/01_MDT_LAS_Resolucion_250cm/N14B1_MDT_Remesa_10.las","N14B1_MDT_Remesa_10.las"
"https://visualizador.ide.uy/descargas/datos/CN_Remesa_10/01_MDT/01_MDT_LAS_Resolucion_250cm/N14B2_MDT_Remesa_10.las","N14B2_MDT_Remesa_10.las"
"https://visualizador.ide.uy/descargas/datos/CN_Remesa_10/01_MDT/01_MDT_LAS_Resolucion_250cm/N14B3_MDT_Remesa_10.las","N14B3_MDT_Remesa_10.las"
"https://visualizador.ide.uy/descargas/datos/CN_Remesa_10/01_MDT/01_MDT_LAS_Resolucion_250cm/N14B4_MDT_Remesa_10.las","N14B4_MDT_Remesa_10.las"
"https://visualizador.ide.uy/descargas/datos/CN_Remesa_10/01_MDT/01_MDT_LAS_Resolucion_250cm/N14B5_MDT_Remesa_10.las","N14B5_MDT_Remesa_10.las"
"https://visualizador.ide.uy/descargas/datos/CN_Remesa_10/01_MDT/01_MDT_LAS_Resolucion_250cm/N14B6_MDT_Remesa_10.las","N14B6_MDT_Remesa_10.las"
"https://visualizador.ide.uy/descargas/datos/CN_Remesa_10/01_MDT/01_MDT_LAS_Resolucion_250cm/N14C1_MDT_Remesa_10.las","N14C1_MDT_Remesa_10.las"
"https://visualizador.ide.uy/descargas/datos/CN_Remesa_10/01_MDT/01_MDT_LAS_Resolucion_250cm/N14C2_MDT_Remesa_10.las","N14C2_MDT_Remesa_10.las"
"https://visualizador.ide.uy/descargas/datos/CN_Remesa_10/01_MDT/01_MDT_LAS_Resolucion_250cm/N14C3_MDT_Remesa_10.las","N14C3_MDT_Remesa_10.las"
"https://visualizador.ide.uy/descargas/datos/CN_Remesa_10/01_MDT/01_MDT_LAS_Resolucion_250cm/N14D1_MDT_Remesa_10.las","N14D1_MDT_Remesa_10.las"
"https://visualizador.ide.uy/descargas/datos/CN_Remesa_10/01_MDT/01_MDT_LAS_Resolucion_250cm/N14D2_MDT_Remesa_10.las","N14D2_MDT_Remesa_10.las"
"https://visualizador.ide.uy/descargas/datos/CN_Remesa_10/01_MDT/01_MDT_LAS_Resolucion_250cm/N14D3_MDT_Remesa_10.las","N14D3_MDT_Remesa_10.las"
"https://visualizador.ide.uy/descargas/datos/CN_Remesa_10/01_MDT/01_MDT_LAS_Resolucion_250cm/O09C1_MDT_Remesa_10.las","O09C1_MDT_Remesa_10.las"
"https://visualizador.ide.uy/descargas/datos/CN_Remesa_10/01_MDT/01_MDT_LAS_Resolucion_250cm/O09C2_MDT_Remesa_10.las","O09C2_MDT_Remesa_10.las"
"https://visualizador.ide.uy/descargas/datos/CN_Remesa_10/01_MDT/01_MDT_LAS_Resolucion_250cm/O09C3_MDT_Remesa_10.las","O09C3_MDT_Remesa_10.las"
"https://visualizador.ide.uy/descargas/datos/CN_Remesa_10/01_MDT/01_MDT_LAS_Resolucion_250cm/O09C4_MDT_Remesa_10.las","O09C4_MDT_Remesa_10.las"
"https://visualizador.ide.uy/descargas/datos/CN_Remesa_10/01_MDT/01_MDT_LAS_Resolucion_250cm/O09C5_MDT_Remesa_10.las","O09C5_MDT_Remesa_10.las"
"https://visualizador.ide.uy/descargas/datos/CN_Remesa_10/01_MDT/01_MDT_LAS_Resolucion_250cm/O09C6_MDT_Remesa_10.las","O09C6_MDT_Remesa_10.las"
"https://visualizador.ide.uy/descargas/datos/CN_Remesa_10/01_MDT/01_MDT_LAS_Resolucion_250cm/O09D1_MDT_Remesa_10.las","O09D1_MDT_Remesa_10.las"
"https://visualizador.ide.uy/descargas/datos/CN_Remesa_10/01_MDT/01_MDT_LAS_Resolucion_250cm/O09D2_MDT_Remesa_10.las","O09D2_MDT_Remesa_10.las"
"https://visualizador.ide.uy/descargas/datos/CN_Remesa_10/01_MDT/01_MDT_LAS_Resolucion_250cm/O09D3_MDT_Remesa_10.las","O09D3_MDT_Remesa_10.las"
"https://visualizador.ide.uy/descargas/datos/CN_Remesa_10/01_MDT/01_MDT_LAS_Resolucion_250cm/O09D4_MDT_Remesa_10.las","O09D4_MDT_Remesa_10.las"
"https://visualizador.ide.uy/descargas/datos/CN_Remesa_10/01_MDT/01_MDT_LAS_Resolucion_250cm/O09D5_MDT_Remesa_10.las","O09D5_MDT_Remesa_10.las"
"https://visualizador.ide.uy/descargas/datos/CN_Remesa_10/01_MDT/01_MDT_LAS_Resolucion_250cm/O09D6_MDT_Remesa_10.las","O09D6_MDT_Remesa_10.las"
"https://visualizador.ide.uy/descargas/datos/CN_Remesa_10/01_MDT/01_MDT_LAS_Resolucion_250cm/O10A1_MDT_Remesa_10.las","O10A1_MDT_Remesa_10.las"
"https://visualizador.ide.uy/descargas/datos/CN_Remesa_10/01_MDT/01_MDT_LAS_Resolucion_250cm/O10A2_MDT_Remesa_10.las","O10A2_MDT_Remesa_10.las"
"https://visualizador.ide.uy/descargas/datos/CN_Remesa_10/01_MDT/01_MDT_LAS_Resolucion_250cm/O10A3_MDT_Remesa_10.las","O10A3_MDT_Remesa_10.las"
"https://visualizador.ide.uy/descargas/datos/CN_Remesa_10/01_MDT/01_MDT_LAS_Resolucion_250cm/O10A4_MDT_Remesa_10.las","O10A4_MDT_Remesa_10.las"
"https://visualizador.ide.uy/descargas/datos/CN_Remesa_10/01_MDT/01_MDT_LAS_Resolucion_250cm/O10A5_MDT_Remesa_10.las","O10A5_MDT_Remesa_10.las"
"https://visualizador.ide.uy/descargas/datos/CN_Remesa_10/01_MDT/01_MDT_LAS_Resolucion_250cm/O10A6_MDT_Remesa_10.las","O10A6_MDT_Remesa_10.las"
"https://visualizador.ide.uy/descargas/datos/CN_Remesa_10/01_MDT/01_MDT_LAS_Resolucion_250cm/O10B1_MDT_Remesa_10.las","O10B1_MDT_Remesa_10.las"
"https://visualizador.ide.uy/descargas/datos/CN_Remesa_10/01_MDT/01_MDT_LAS_Resolucion_250cm/O10B2_MDT_Remesa_10.las","O10B2_MDT_Remesa_10.las"
"https://visualizador.ide.uy/descargas/datos/CN_Remesa_10/01_MDT/01_MDT_LAS_Resolucion_250cm/O10B3_MDT_Remesa_10.las","O10B3_MDT_Remesa_10.las"
"https://visualizador.ide.uy/descargas/datos/CN_Remesa_10/01_MDT/01_MDT_LAS_Resolucion_250cm/O10B4_MDT_Remesa_10.las","O10B4_MDT_Remesa_10.las"
"https://visualizador.ide.uy/descargas/datos/CN_Remesa_10/01_MDT/01_MDT_LAS_Resolucion_250cm/O10B5_MDT_Remesa_10.las","O10B5_MDT_Remesa_10.las"
"https://visualizador.ide.uy/descargas/datos/CN_Remesa_10/01_MDT/01_MDT_LAS_Resolucion_250cm/O10B6_MDT_Remesa_10.las","O10B6_MDT_Remesa_10.las"
"https://visualizador.ide.uy/descargas/datos/CN_Remesa_10/01_MDT/01_MDT_LAS_Resolucion_250cm/O10C1_MDT_Remesa_10.las","O10C1_MDT_Remesa_10.las"
"https://visualizador.ide.uy/descargas/datos/CN_Remesa_10/01_MDT/01_MDT_LAS_Resolucion_250cm/O10C2_MDT_Remesa_10.las","O10C2_MDT_Remesa_10.las"
"https://visualizador.ide.uy/descargas/datos/CN_Remesa_10/01_MDT/01_MDT_LAS_Resolucion_250cm/O10C3_MDT_Remesa_10.las","O10C3_MDT_Remesa_10.las"
"https://visualizador.ide.uy/descargas/datos/CN_Remesa_10/01_MDT/01_MDT_LAS_Resolucion_250cm/O10C4_MDT_Remesa_10.las","O10C4_MDT_Remesa_10.las"
"https://visualizador.ide.uy/descargas/datos/CN_Remesa_10/01_MDT/01_MDT_LAS_Resolucion_250cm/O10C5_MDT_Remesa_10.las","O10C5_MDT_Remesa_10.las"
"https://visualizador.ide.uy/descargas/datos/CN_Remesa_10/01_MDT/01_MDT_LAS_Resolucion_250cm/O10C6_MDT_Remesa_10.las","O10C6_MDT_Remesa_10.las"
"https://visualizador.ide.uy/descargas/datos/CN_Remesa_10/01_MDT/01_MDT_LAS_Resolucion_250cm/O10D1_MDT_Remesa_10.las","O10D1_MDT_Remesa_10.las"
"https://visualizador.ide.uy/descargas/datos/CN_Remesa_10/01_MDT/01_MDT_LAS_Resolucion_250cm/O10D2_MDT_Remesa_10.las","O10D2_MDT_Remesa_10.las"
"https://visualizador.ide.uy/descargas/datos/CN_Remesa_10/01_MDT/01_MDT_LAS_Resolucion_250cm/O10D3_MDT_Remesa_10.las","O10D3_MDT_Remesa_10.las"
"https://visualizador.ide.uy/descargas/datos/CN_Remesa_10/01_MDT/01_MDT_LAS_Resolucion_250cm/O10D4_MDT_Remesa_10.las","O10D4_MDT_Remesa_10.las"
"https://visualizador.ide.uy/descargas/datos/CN_Remesa_10/01_MDT/01_MDT_LAS_Resolucion_250cm/O10D5_MDT_Remesa_10.las","O10D5_MDT_Remesa_10.las"
"https://visualizador.ide.uy/descargas/datos/CN_Remesa_10/01_MDT/01_MDT_LAS_Resolucion_250cm/O10D6_MDT_Remesa_10.las","O10D6_MDT_Remesa_10.las"
"https://visualizador.ide.uy/descargas/datos/CN_Remesa_10/01_MDT/01_MDT_LAS_Resolucion_250cm/O11A1_MDT_Remesa_10.las","O11A1_MDT_Remesa_10.las"
"https://visualizador.ide.uy/descargas/datos/CN_Remesa_10/01_MDT/01_MDT_LAS_Resolucion_250cm/O11A2_MDT_Remesa_10.las","O11A2_MDT_Remesa_10.las"
"https://visualizador.ide.uy/descargas/datos/CN_Remesa_10/01_MDT/01_MDT_LAS_Resolucion_250cm/O11A3_MDT_Remesa_10.las","O11A3_MDT_Remesa_10.las"
"https://visualizador.ide.uy/descargas/datos/CN_Remesa_10/01_MDT/01_MDT_LAS_Resolucion_250cm/O11A4_MDT_Remesa_10.las","O11A4_MDT_Remesa_10.las"
"https://visualizador.ide.uy/descargas/datos/CN_Remesa_10/01_MDT/01_MDT_LAS_Resolucion_250cm/O11A5_MDT_Remesa_10.las","O11A5_MDT_Remesa_10.las"
"https://visualizador.ide.uy/descargas/datos/CN_Remesa_10/01_MDT/01_MDT_LAS_Resolucion_250cm/O11A6_MDT_Remesa_10.las","O11A6_MDT_Remesa_10.las"
"https://visualizador.ide.uy/descargas/datos/CN_Remesa_10/01_MDT/01_MDT_LAS_Resolucion_250cm/O11B1_MDT_Remesa_10.las","O11B1_MDT_Remesa_10.las"
"https://visualizador.ide.uy/descargas/datos/CN_Remesa_10/01_MDT/01_MDT_LAS_Resolucion_250cm/O11B2_MDT_Remesa_10.las","O11B2_MDT_Remesa_10.las"
"https://visualizador.ide.uy/descargas/datos/CN_Remesa_10/01_MDT/01_MDT_LAS_Resolucion_250cm/O11B3_MDT_Remesa_10.las","O11B3_MDT_Remesa_10.las"
"https://visualizador.ide.uy/descargas/datos/CN_Remesa_10/01_MDT/01_MDT_LAS_Resolucion_250cm/O11B4_MDT_Remesa_10.las","O11B4_MDT_Remesa_10.las"
"https://visualizador.ide.uy/descargas/datos/CN_Remesa_10/01_MDT/01_MDT_LAS_Resolucion_250cm/O11B5_MDT_Remesa_10.las","O11B5_MDT_Remesa_10.las"
"https://visualizador.ide.uy/descargas/datos/CN_Remesa_10/01_MDT/01_MDT_LAS_Resolucion_250cm/O11B6_MDT_Remesa_10.las","O11B6_MDT_Remesa_10.las"
"https://visualizador.ide.uy/descargas/datos/CN_Remesa_10/01_MDT/01_MDT_LAS_Resolucion_250cm/O11C1_MDT_Remesa_10.las","O11C1_MDT_Remesa_10.las"
"https://visualizador.ide.uy/descargas/datos/CN_Remesa_10/01_MDT/01_MDT_LAS_Resolucion_250cm/O11C2_MDT_Remesa_10.las","O11C2_MDT_Remesa_10.las"
"https://visualizador.ide.uy/descargas/datos/CN_Remesa_10/01_MDT/01_MDT_LAS_Resolucion_250cm/O11C3_MDT_Remesa_10.las","O11C3_MDT_Remesa_10.las"
"https://visualizador.ide.uy/descargas/datos/CN_Remesa_10/01_MDT/01_MDT_LAS_Resolucion_250cm/O11C4_MDT_Remesa_10.las","O11C4_MDT_Remesa_10.las"
"https://visualizador.ide.uy/descargas/datos/CN_Remesa_10/01_MDT/01_MDT_LAS_Resolucion_250cm/O11C5_MDT_Remesa_10.las","O11C5_MDT_Remesa_10.las"
"https://visualizador.ide.uy/descargas/datos/CN_Remesa_10/01_MDT/01_MDT_LAS_Resolucion_250cm/O11C6_MDT_Remesa_10.las","O11C6_MDT_Remesa_10.las"
"https://visualizador.ide.uy/descargas/datos/CN_Remesa_10/01_MDT/01_MDT_LAS_Resolucion_250cm/O11D1_MDT_Remesa_10.las","O11D1_MDT_Remesa_10.las"
"https://visualizador.ide.uy/descargas/datos/CN_Remesa_10/01_MDT/01_MDT_LAS_Resolucion_250cm/O11D2_MDT_Remesa_10.las","O11D2_MDT_Remesa_10.las"
"https://visualizador.ide.uy/descargas/datos/CN_Remesa_10/01_MDT/01_MDT_LAS_Resolucion_250cm/O11D3_MDT_Remesa_10.las","O11D3_MDT_Remesa_10.las"
"https://visualizador.ide.uy/descargas/datos/CN_Remesa_10/01_MDT/01_MDT_LAS_Resolucion_250cm/O11D4_MDT_Remesa_10.las","O11D4_MDT_Remesa_10.las"
"https://visualizador.ide.uy/descargas/datos/CN_Remesa_10/01_MDT/01_MDT_LAS_Resolucion_250cm/O11D5_MDT_Remesa_10.las","O11D5_MDT_Remesa_10.las"
"https://visualizador.ide.uy/descargas/datos/CN_Remesa_10/01_MDT/01_MDT_LAS_Resolucion_250cm/O11D6_MDT_Remesa_10.las","O11D6_MDT_Remesa_10.las"
"https://visualizador.ide.uy/descargas/datos/CN_Remesa_10/01_MDT/01_MDT_LAS_Resolucion_250cm/O12A1_MDT_Remesa_10.las","O12A1_MDT_Remesa_10.las"
"https://visualizador.ide.uy/descargas/datos/CN_Remesa_10/01_MDT/01_MDT_LAS_Resolucion_250cm/O12A2_MDT_Remesa_10.las","O12A2_MDT_Remesa_10.las"
"https://visualizador.ide.uy/descargas/datos/CN_Remesa_10/01_MDT/01_MDT_LAS_Resolucion_250cm/O12A3_MDT_Remesa_10.las","O12A3_MDT_Remesa_10.las"
"https://visualizador.ide.uy/descargas/datos/CN_Remesa_10/01_MDT/01_MDT_LAS_Resolucion_250cm/O12A4_MDT_Remesa_10.las","O12A4_MDT_Remesa_10.las"
"https://visualizador.ide.uy/descargas/datos/CN_Remesa_10/01_MDT/01_MDT_LAS_Resolucion_250cm/O12A5_MDT_Remesa_10.las","O12A5_MDT_Remesa_10.las"
"https://visualizador.ide.uy/descargas/datos/CN_Remesa_10/01_MDT/01_MDT_LAS_Resolucion_250cm/O12A6_MDT_Remesa_10.las","O12A6_MDT_Remesa_10.las"
"https://visualizador.ide.uy/descargas/datos/CN_Remesa_10/01_MDT/01_MDT_LAS_Resolucion_250cm/O12B1_MDT_Remesa_10.las","O12B1_MDT_Remesa_10.las"
"https://visualizador.ide.uy/descargas/datos/CN_Remesa_10/01_MDT/01_MDT_LAS_Resolucion_250cm/O12B2_MDT_Remesa_10.las","O12B2_MDT_Remesa_10.las"
"https://visualizador.ide.uy/descargas/datos/CN_Remesa_10/01_MDT/01_MDT_LAS_Resolucion_250cm/O12B3_MDT_Remesa_10.las","O12B3_MDT_Remesa_10.las"
"https://visualizador.ide.uy/descargas/datos/CN_Remesa_10/01_MDT/01_MDT_LAS_Resolucion_250cm/O12B4_MDT_Remesa_10.las","O12B4_MDT_Remesa_10.las"
"https://visualizador.ide.uy/descargas/datos/CN_Remesa_10/01_MDT/01_MDT_LAS_Resolucion_250cm/O12B5_MDT_Remesa_10.las","O12B5_MDT_Remesa_10.las"
"https://visualizador.ide.uy/descargas/datos/CN_Remesa_10/01_MDT/01_MDT_LAS_Resolucion_250cm/O12B6_MDT_Remesa_10.las","O12B6_MDT_Remesa_10.las"
"https://visualizador.ide.uy/descargas/datos/CN_Remesa_10/01_MDT/01_MDT_LAS_Resolucion_250cm/O12C1_MDT_Remesa_10.las","O12C1_MDT_Remesa_10.las"
"https://visualizador.ide.uy/descargas/datos/CN_Remesa_10/01_MDT/01_MDT_LAS_Resolucion_250cm/O12C2_MDT_Remesa_10.las","O12C2_MDT_Remesa_10.las"
"https://visualizador.ide.uy/descargas/datos/CN_Remesa_10/01_MDT/01_MDT_LAS_Resolucion_250cm/O12C3_MDT_Remesa_10.las","O12C3_MDT_Remesa_10.las"
"https://visualizador.ide.uy/descargas/datos/CN_Remesa_10/01_MDT/01_MDT_LAS_Resolucion_250cm/O12C4_MDT_Remesa_10.las","O12C4_MDT_Remesa_10.las"
"https://visualizador.ide.uy/descargas/datos/CN_Remesa_10/01_MDT/01_MDT_LAS_Resolucion_250cm/O12C5_MDT_Remesa_10.las","O12C5_MDT_Remesa_10.las"
"https://visualizador.ide.uy/descargas/datos/CN_Remesa_10/01_MDT/01_MDT_LAS_Resolucion_250cm/O12C6_MDT_Remesa_10.las","O12C6_MDT_Remesa_10.las"
"https://visualizador.ide.uy/descargas/datos/CN_Remesa_10/01_MDT/01_MDT_LAS_Resolucion_250cm/O12D1_MDT_Remesa_10.las","O12D1_MDT_Remesa_10.las"
"https://visualizador.ide.uy/descargas/datos/CN_Remesa_10/01_MDT/01_MDT_LAS_Resolucion_250cm/O12D2_MDT_Remesa_10.las","O12D2_MDT_Remesa_10.las"
"https://visualizador.ide.uy/descargas/datos/CN_Remesa_10/01_MDT/01_MDT_LAS_Resolucion_250cm/O12D3_MDT_Remesa_10.las","O12D3_MDT_Remesa_10.las"
"https://visualizador.ide.uy/descargas/datos/CN_Remesa_10/01_MDT/01_MDT_LAS_Resolucion_250cm/O12D4_MDT_Remesa_10.las","O12D4_MDT_Remesa_10.las"
"https://visualizador.ide.uy/descargas/datos/CN_Remesa_10/01_MDT/01_MDT_LAS_Resolucion_250cm/O12D5_MDT_Remesa_10.las","O12D5_MDT_Remesa_10.las"
"https://visualizador.ide.uy/descargas/datos/CN_Remesa_10/01_MDT/01_MDT_LAS_Resolucion_250cm/O12D6_MDT_Remesa_10.las","O12D6_MDT_Remesa_10.las"
"https://visualizador.ide.uy/descargas/datos/CN_Remesa_10/01_MDT/01_MDT_LAS_Resolucion_250cm/O13A1_MDT_Remesa_10.las","O13A1_MDT_Remesa_10.las"
"https://visualizador.ide.uy/descargas/datos/CN_Remesa_10/01_MDT/01_MDT_LAS_Resolucion_250cm/O13A2_MDT_Remesa_10.las","O13A2_MDT_Remesa_10.las"
"https://visualizador.ide.uy/descargas/datos/CN_Remesa_10/01_MDT/01_MDT_LAS_Resolucion_250cm/O13A3_MDT_Remesa_10.las","O13A3_MDT_Remesa_10.las"
"https://visualizador.ide.uy/descargas/datos/CN_Remesa_10/01_MDT/01_MDT_LAS_Resolucion_250cm/O13A4_MDT_Remesa_10.las","O13A4_MDT_Remesa_10.las"
"https://visualizador.ide.uy/descargas/datos/CN_Remesa_10/01_MDT/01_MDT_LAS_Resolucion_250cm/O13A5_MDT_Remesa_10.las","O13A5_MDT_Remesa_10.las"
"https://visualizador.ide.uy/descargas/datos/CN_Remesa_10/01_MDT/01_MDT_LAS_Resolucion_250cm/O13A6_MDT_Remesa_10.las","O13A6_MDT_Remesa_10.las"
"https://visualizador.ide.uy/descargas/datos/CN_Remesa_10/01_MDT/01_MDT_LAS_Resolucion_250cm/O13B1_MDT_Remesa_10.las","O13B1_MDT_Remesa_10.las"
"https://visualizador.ide.uy/descargas/datos/CN_Remesa_10/01_MDT/01_MDT_LAS_Resolucion_250cm/O13B2_MDT_Remesa_10.las","O13B2_MDT_Remesa_10.las"
"https://visualizador.ide.uy/descargas/datos/CN_Remesa_10/01_MDT/01_MDT_LAS_Resolucion_250cm/O13B3_MDT_Remesa_10.las","O13B3_MDT_Remesa_10.las"
"https://visualizador.ide.uy/descargas/datos/CN_Remesa_10/01_MDT/01_MDT_LAS_Resolucion_250cm/O13B4_MDT_Remesa_10.las","O13B4_MDT_Remesa_10.las"
"https://visualizador.ide.uy/descargas/datos/CN_Remesa_10/01_MDT/01_MDT_LAS_Resolucion_250cm/O13B5_MDT_Remesa_10.las","O13B5_MDT_Remesa_10.las"
"https://visualizador.ide.uy/descargas/datos/CN_Remesa_10/01_MDT/01_MDT_LAS_Resolucion_250cm/O13B6_MDT_Remesa_10.las","O13B6_MDT_Remesa_10.las"
"https://visualizador.ide.uy/descargas/datos/CN_Remesa_10/01_MDT/01_MDT_LAS_Resolucion_250cm/O13C1_MDT_Remesa_10.las","O13C1_MDT_Remesa_10.las"
"https://visualizador.ide.uy/descargas/datos/CN_Remesa_10/01_MDT/01_MDT_LAS_Resolucion_250cm/O13C2_MDT_Remesa_10.las","O13C2_MDT_Remesa_10.las"
"https://visualizador.ide.uy/descargas/datos/CN_Remesa_10/01_MDT/01_MDT_LAS_Resolucion_250cm/O13C3_MDT_Remesa_10.las","O13C3_MDT_Remesa_10.las"
"https://visualizador.ide.uy/descargas/datos/CN_Remesa_10/01_MDT/01_MDT_LAS_Resolucion_250cm/O13C4_MDT_Remesa_10.las","O13C4_MDT_Remesa_10.las"
"https://visualizador.ide.uy/descargas/datos/CN_Remesa_10/01_MDT/01_MDT_LAS_Resolucion_250cm/O13C5_MDT_Remesa_10.las","O13C5_MDT_Remesa_10.las"
"https://visualizador.ide.uy/descargas/datos/CN_Remesa_10/01_MDT/01_MDT_LAS_Resolucion_250cm/O13C6_MDT_Remesa_10.las","O13C6_MDT_Remesa_10.las"
"https://visualizador.ide.uy/descargas/datos/CN_Remesa_10/01_MDT/01_MDT_LAS_Resolucion_250cm/O13D1_MDT_Remesa_10.las","O13D1_MDT_Remesa_10.las"
"https://visualizador.ide.uy/descargas/datos/CN_Remesa_10/01_MDT/01_MDT_LAS_Resolucion_250cm/O13D2_MDT_Remesa_10.las","O13D2_MDT_Remesa_10.las"
"https://visualizador.ide.uy/descargas/datos/CN_Remesa_10/01_MDT/01_MDT_LAS_Resolucion_250cm/O13D3_MDT_Remesa_10.las","O13D3_MDT_Remesa_10.las"
"https://visualizador.ide.uy/descargas/datos/CN_Remesa_10/01_MDT/01_MDT_LAS_Resolucion_250cm/O13D4_MDT_Remesa_10.las","O13D4_MDT_Remesa_10.las"
"https://visualizador.ide.uy/descargas/datos/CN_Remesa_10/01_MDT/01_MDT_LAS_Resolucion_250cm/O13D5_MDT_Remesa_10.las","O13D5_MDT_Remesa_10.las"
"https://visualizador.ide.uy/descargas/datos/CN_Remesa_10/01_MDT/01_MDT_LAS_Resolucion_250cm/O13D6_MDT_Remesa_10.las","O13D6_MDT_Remesa_10.las"
"https://visualizador.ide.uy/descargas/datos/CN_Remesa_10/01_MDT/01_MDT_LAS_Resolucion_250cm/O14A1_MDT_Remesa_10.las","O14A1_MDT_Remesa_10.las"
"https://visualizador.ide.uy/descargas/datos/CN_Remesa_10/01_MDT/01_MDT_LAS_Resolucion_250cm/O14A2_MDT_Remesa_10.las","O14A2_MDT_Remesa_10.las"
"https://visualizador.ide.uy/descargas/datos/CN_Remesa_10/01_MDT/01_MDT_LAS_Resolucion_250cm/O14A3_MDT_Remesa_10.las","O14A3_MDT_Remesa_10.las"
"https://visualizador.ide.uy/descargas/datos/CN_Remesa_10/01_MDT/01_MDT_LAS_Resolucion_250cm/O14A4_MDT_Remesa_10.las","O14A4_MDT_Remesa_10.las"
"https://visualizador.ide.uy/descargas/datos/CN_Remesa_10/01_MDT/01_MDT_LAS_Resolucion_250cm/O14A5_MDT_Remesa_10.las","O14A5_MDT_Remesa_10.las"
"https://visualizador.ide.uy/descargas/datos/CN_Remesa_10/01_MDT/01_MDT_LAS_Resolucion_250cm/O14A6_MDT_Remesa_10.las","O14A6_MDT_Remesa_10.las"
"https://visualizador.ide.uy/descargas/datos/CN_Remesa_10/01_MDT/01_MDT_LAS_Resolucion_250cm/O14B1_MDT_Remesa_10.las","O14B1_MDT_Remesa_10.las"
"https://visualizador.ide.uy/descargas/datos/CN_Remesa_10/01_MDT/01_MDT_LAS_Resolucion_250cm/O14B2_MDT_Remesa_10.las","O14B2_MDT_Remesa_10.las"
"https://visualizador.ide.uy/descargas/datos/CN_Remesa_10/01_MDT/01_MDT_LAS_Resolucion_250cm/O14B3_MDT_Remesa_10.las","O14B3_MDT_Remesa_10.las"
"https://visualizador.ide.uy/descargas/datos/CN_Remesa_10/01_MDT/01_MDT_LAS_Resolucion_250cm/O14B4_MDT_Remesa_10.las","O14B4_MDT_Remesa_10.las"
"https://visualizador.ide.uy/descargas/datos/CN_Remesa_10/01_MDT/01_MDT_LAS_Resolucion_250cm/O14B5_MDT_Remesa_10.las","O14B5_MDT_Remesa_10.las"
"https://visualizador.ide.uy/descargas/datos/CN_Remesa_10/01_MDT/01_MDT_LAS_Resolucion_250cm/O14B6_MDT_Remesa_10.las","O14B6_MDT_Remesa_10.las"
"https://visualizador.ide.uy/descargas/datos/CN_Remesa_10/01_MDT/01_MDT_LAS_Resolucion_250cm/O14C1_MDT_Remesa_10.las","O14C1_MDT_Remesa_10.las"
"https://visualizador.ide.uy/descargas/datos/CN_Remesa_10/01_MDT/01_MDT_LAS_Resolucion_250cm/O14C2_MDT_Remesa_10.las","O14C2_MDT_Remesa_10.las"
"https://visualizador.ide.uy/descargas/datos/CN_Remesa_10/01_MDT/01_MDT_LAS_Resolucion_250cm/O14C3_MDT_Remesa_10.las","O14C3_MDT_Remesa_10.las"
"https://visualizador.ide.uy/descargas/datos/CN_Remesa_10/01_MDT/01_MDT_LAS_Resolucion_250cm/O14D1_MDT_Remesa_10.las","O14D1_MDT_Remesa_10.las"
"https://visualizador.ide.uy/descargas/datos/CN_Remesa_10/01_MDT/01_MDT_LAS_Resolucion_250cm/O14D2_MDT_Remesa_10.las","O14D2_MDT_Remesa_10.las"
"https://visualizador.ide.uy/descargas/datos/CN_Remesa_10/01_MDT/01_MDT_LAS_Resolucion_250cm/O14D3_MDT_Remesa_10.las","O14D3_MDT_Remesa_10.las"
"https://visualizador.ide.uy/descargas/datos/CN_Remesa_10/01_MDT/01_MDT_LAS_Resolucion_250cm/P09D6_MDT_Remesa_10.las","P09D6_MDT_Remesa_10.las"
"https://visualizador.ide.uy/descargas/datos/CN_Remesa_10/01_MDT/01_MDT_LAS_Resolucion_250cm/P10B3_MDT_Remesa_10.las","P10B3_MDT_Remesa_10.las"
"https://visualizador.ide.uy/descargas/datos/CN_Remesa_10/01_MDT/01_MDT_LAS_Resolucion_250cm/P10B6_MDT_Remesa_10.las","P10B6_MDT_Remesa_10.las"
"https://visualizador.ide.uy/descargas/datos/CN_Remesa_10/01_MDT/01_MDT_LAS_Resolucion_250cm/P10D2_MDT_Remesa_10.las","P10D2_MDT_Remesa_10.las"
"https://visualizador.ide.uy/descargas/datos/CN_Remesa_10/01_MDT/01_MDT_LAS_Resolucion_250cm/P10D3_MDT_Remesa_10.las","P10D3_MDT_Remesa_10.las"
"https://visualizador.ide.uy/descargas/datos/CN_Remesa_10/01_MDT/01_MDT_LAS_Resolucion_250cm/P10D5_MDT_Remesa_10.las","P10D5_MDT_Remesa_10.las"
"https://visualizador.ide.uy/descargas/datos/CN_Remesa_10/01_MDT/01_MDT_LAS_Resolucion_250cm/P10D6_MDT_Remesa_10.las","P10D6_MDT_Remesa_10.las"
"https://visualizador.ide.uy/descargas/datos/CN_Remesa_10/01_MDT/01_MDT_LAS_Resolucion_250cm/P11B2_MDT_Remesa_10.las","P11B2_MDT_Remesa_10.las"
"https://visualizador.ide.uy/descargas/datos/CN_Remesa_10/01_MDT/01_MDT_LAS_Resolucion_250cm/P11B3_MDT_Remesa_10.las","P11B3_MDT_Remesa_10.las"
"https://visualizador.ide.uy/descargas/datos/CN_Remesa_10/01_MDT/01_MDT_LAS_Resolucion_250cm/P11B6_MDT_Remesa_10.las","P11B6_MDT_Remesa_10.las"
"https://visualizador.ide.uy/descargas/datos/CN_Remesa_10/01_MDT/01_MDT_LAS_Resolucion_250cm/P11D3_MDT_Remesa_10.las","P11D3_MDT_Remesa_10.las"
"https://visualizador.ide.uy/descargas/datos/CN_Remesa_10/01_MDT/01_MDT_LAS_Resolucion_250cm/P11D6_MDT_Remesa_10.las","P11D6_MDT_Remesa_10.las"
"https://visualizador.ide.uy/descargas/datos/CN_Remesa_10/01_MDT/01_MDT_LAS_Resolucion_250cm/P12B2_MDT_Remesa_10.las","P12B2_MDT_Remesa_10.las"
"https://visualizador.ide.uy/descargas/datos/CN_Remesa_10/01_MDT/01_MDT_LAS_Resolucion_250cm/P12B3_MDT_Remesa_10.las","P12B3_MDT_Remesa_10.las"
"https://visualizador.ide.uy/descargas/datos/CN_Remesa_10/01_MDT/01_MDT_LAS_Resolucion_250cm/P12B5_MDT_Remesa_10.las","P12B5_MDT_Remesa_10.las"
"https://visualizador.ide.uy/descargas/datos/CN_Remesa_10/01_MDT/01_MDT_LAS_Resolucion_250cm/P12B6_MDT_Remesa_10.las","P12B6_MDT_Remesa_10.las"
"https://visualizador.ide.uy/descargas/datos/CN_Remesa_10/01_MDT/01_MDT_LAS_Resolucion_250cm/P12C6_MDT_Remesa_10.las","P12C6_MDT_Remesa_10.las"
"https://visualizador.ide.uy/descargas/datos/CN_Remesa_10/01_MDT/01_MDT_LAS_Resolucion_250cm/P12D2_MDT_Remesa_10.las","P12D2_MDT_Remesa_10.las"
"https://visualizador.ide.uy/descargas/datos/CN_Remesa_10/01_MDT/01_MDT_LAS_Resolucion_250cm/P12D3_MDT_Remesa_10.las","P12D3_MDT_Remesa_10.las"
"https://visualizador.ide.uy/descargas/datos/CN_Remesa_10/01_MDT/01_MDT_LAS_Resolucion_250cm/P12D4_MDT_Remesa_10.las","P12D4_MDT_Remesa_10.las"
"https://visualizador.ide.uy/descargas/datos/CN_Remesa_10/01_MDT/01_MDT_LAS_Resolucion_250cm/P12D5_MDT_Remesa_10.las","P12D5_MDT_Remesa_10.las"
"https://visualizador.ide.uy/descargas/datos/CN_Remesa_10/01_MDT/01_MDT_LAS_Resolucion_250cm/P12D6_MDT_Remesa_10.las","P12D6_MDT_Remesa_10.las"
"https://visualizador.ide.uy/descargas/datos/CN_Remesa_10/01_MDT/01_MDT_LAS_Resolucion_250cm/P13A3_MDT_Remesa_10.las","P13A3_MDT_Remesa_10.las"
"https://visualizador.ide.uy/descargas/datos/CN_Remesa_10/01_MDT/01_MDT_LAS_Resolucion_250cm/P13A6_MDT_Remesa_10.las","P13A6_MDT_Remesa_10.las"
"https://visualizador.ide.uy/descargas/datos/CN_Remesa_10/01_MDT/01_MDT_LAS_Resolucion_250cm/P13B1_MDT_Remesa_10.las","P13B1_MDT_Remesa_10.las"
"https://visualizador.ide.uy/descargas/datos/CN_Remesa_10/01_MDT/01_MDT_LAS_Resolucion_250cm/P13B2_MDT_Remesa_10.las","P13B2_MDT_Remesa_10.las"
"https://visualizador.ide.uy/descargas/datos/CN_Remesa_10/01_MDT/01_MDT_LAS_Resolucion_250cm/P13B3_MDT_Remesa_10.las","P13B3_MDT_Remesa_10.las"
"https://visualizador.ide.uy/descargas/datos/CN_Remesa_10/01_MDT/01_MDT_LAS_Resolucion_250cm/P13B4_MDT_Remesa_10.las","P13B4_MDT_Remesa_10.las"
"https://visualizador.ide.uy/descargas/datos/CN_Remesa_10/01_MDT/01_MDT_LAS_Resolucion_250cm/P13B5_MDT_Remesa_10.las","P13B5_MDT_Remesa_10.las"
"https://visualizador.ide.uy/descargas/datos/CN_Remesa_10/01_MDT/01_MDT_LAS_Resolucion_250cm/P13B6_MDT_Remesa_10.las","P13B6_MDT_Remesa_10.las"
"https://visualizador.ide.uy/descargas/datos/CN_Remesa_10/01_MDT/01_MDT_LAS_Resolucion_250cm/P13C3_MDT_Remesa_10.las","P13C3_MDT_Remesa_10.las"
"https://visualizador.ide.uy/descargas/datos/CN_Remesa_10/01_MDT/01_MDT_LAS_Resolucion_250cm/P13C6_MDT_Remesa_10.las","P13C6_MDT_Remesa_10.las"
"https://visualizador.ide.uy/descargas/datos/CN_Remesa_10/01_MDT/01_MDT_LAS_Resolucion_250cm/P13D1_MDT_Remesa_10.las","P13D1_MDT_Remesa_10.las"
"https://visualizador.ide.uy/descargas/datos/CN_Remesa_10/01_MDT/01_MDT_LAS_Resolucion_250cm/P13D2_MDT_Remesa_10.las","P13D2_MDT_Remesa_10.las"
"https://visualizador.ide.uy/descargas/datos/CN_Remesa_10/01_MDT/01_MDT_LAS_Resolucion_250cm/P13D3_MDT_Remesa_10.las","P13D3_MDT_Remesa_10.las"
"https://visualizador.ide.uy/descargas/datos/CN_Remesa_10/01_MDT/01_MDT_LAS_Resolucion_250cm/P13D4_MDT_Remesa_10.las","P13D4_MDT_Remesa_10.las"
"https://visualizador.ide.uy/descargas/datos/CN_Remesa_10/01_MDT/01_MDT_LAS_Resolucion_250cm/P13D5_MDT_Remesa_10.las","P13D5_MDT_Remesa_10.las"
"https://visualizador.ide.uy/descargas/datos/CN_Remesa_10/01_MDT/01_MDT_LAS_Resolucion_250cm/P13D6_MDT_Remesa_10.las","P13D6_MDT_Remesa_10.las"
"https://visualizador.ide.uy/descargas/datos/CN_Remesa_10/01_MDT/01_MDT_LAS_Resolucion_250cm/P14A3_MDT_Remesa_10.las","P14A3_MDT_Remesa_10.las"
"https://visualizador.ide.uy/descargas/datos/CN_Remesa_10/01_MDT/01_MDT_LAS_Resolucion_250cm/P14A6_MDT_Remesa_10.las","P14A6_MDT_Remesa_10.las"
"https://visualizador.ide.uy/descargas/datos/CN_Remesa_10/01_MDT/01_MDT_LAS_Resolucion_250cm/P14B1_MDT_Remesa_10.las","P14B1_MDT_Remesa_10.las"
"https://visualizador.ide.uy/descargas/datos/CN_Remesa_10/01_MDT/01_MDT_LAS_Resolucion_250cm/P14B2_MDT_Remesa_10.las","P14B2_MDT_Remesa_10.las"
"https://visualizador.ide.uy/descargas/datos/CN_Remesa_10/01_MDT/01_MDT_LAS_Resolucion_250cm/P14B3_MDT_Remesa_10.las","P14B3_MDT_Remesa_10.las"
"https://visualizador.ide.uy/descargas/datos/CN_Remesa_10/01_MDT/01_MDT_LAS_Resolucion_250cm/P14B4_MDT_Remesa_10.las","P14B4_MDT_Remesa_10.las"
"https://visualizador.ide.uy/descargas/datos/CN_Remesa_10/01_MDT/01_MDT_LAS_Resolucion_250cm/P14B5_MDT_Remesa_10.las","P14B5_MDT_Remesa_10.las"
"https://visualizador.ide.uy/descargas/datos/CN_Remesa_10/01_MDT/01_MDT_LAS_Resolucion_250cm/P14B6_MDT_Remesa_10.las","P14B6_MDT_Remesa_10.las"
"https://visualizador.ide.uy/descargas/datos/CN_Remesa_10/01_MDT/01_MDT_LAS_Resolucion_250cm/P14C3_MDT_Remesa_10.las","P14C3_MDT_Remesa_10.las"
"https://visualizador.ide.uy/descargas/datos/CN_Remesa_10/01_MDT/01_MDT_LAS_Resolucion_250cm/P14D1_MDT_Remesa_10.las","P14D1_MDT_Remesa_10.las"
"https://visualizador.ide.uy/descargas/datos/CN_Remesa_10/01_MDT/01_MDT_LAS_Resolucion_250cm/P14D2_MDT_Remesa_10.las","P14D2_MDT_Remesa_10.las"
"https://visualizador.ide.uy/descargas/datos/CN_Remesa_10/01_MDT/01_MDT_LAS_Resolucion_250cm/P14D3_MDT_Remesa_10.las","P14D3_MDT_Remesa_10.las"
