"href","text"
"https://visualizador.ide.uy/descargas/datos/CN_Remesa_10/02_Ortoimagenes/01_RGBI_16bits/?C=N;O=D","Nombre:"
"https://visualizador.ide.uy/descargas/datos/CN_Remesa_10/02_Ortoimagenes/01_RGBI_16bits/?C=S;O=A","Size"
"https://visualizador.ide.uy/descargas/datos/CN_Remesa_10/02_Ortoimagenes/","Parent Directory"
"https://visualizador.ide.uy/descargas/datos/CN_Remesa_10/02_Ortoimagenes/01_RGBI_16bits/K09C1_RGBI_16_Remesa_10.tif","K09C1_RGBI_16_Remesa_10.tif"
"https://visualizador.ide.uy/descargas/datos/CN_Remesa_10/02_Ortoimagenes/01_RGBI_16bits/K09C2_RGBI_16_Remesa_10.tif","K09C2_RGBI_16_Remesa_10.tif"
"https://visualizador.ide.uy/descargas/datos/CN_Remesa_10/02_Ortoimagenes/01_RGBI_16bits/K09C4_RGBI_16_Remesa_10.tif","K09C4_RGBI_16_Remesa_10.tif"
"https://visualizador.ide.uy/descargas/datos/CN_Remesa_10/02_Ortoimagenes/01_RGBI_16bits/K09C5_RGBI_16_Remesa_10.tif","K09C5_RGBI_16_Remesa_10.tif"
"https://visualizador.ide.uy/descargas/datos/CN_Remesa_10/02_Ortoimagenes/01_RGBI_16bits/K10A1_RGBI_16_Remesa_10.tif","K10A1_RGBI_16_Remesa_10.tif"
"https://visualizador.ide.uy/descargas/datos/CN_Remesa_10/02_Ortoimagenes/01_RGBI_16bits/K10A2_RGBI_16_Remesa_10.tif","K10A2_RGBI_16_Remesa_10.tif"
"https://visualizador.ide.uy/descargas/datos/CN_Remesa_10/02_Ortoimagenes/01_RGBI_16bits/K10A4_RGBI_16_Remesa_10.tif","K10A4_RGBI_16_Remesa_10.tif"
"https://visualizador.ide.uy/descargas/datos/CN_Remesa_10/02_Ortoimagenes/01_RGBI_16bits/K10A5_RGBI_16_Remesa_10.tif","K10A5_RGBI_16_Remesa_10.tif"
"https://visualizador.ide.uy/descargas/datos/CN_Remesa_10/02_Ortoimagenes/01_RGBI_16bits/K10C1_RGBI_16_Remesa_10.tif","K10C1_RGBI_16_Remesa_10.tif"
"https://visualizador.ide.uy/descargas/datos/CN_Remesa_10/02_Ortoimagenes/01_RGBI_16bits/K10C2_RGBI_16_Remesa_10.tif","K10C2_RGBI_16_Remesa_10.tif"
"https://visualizador.ide.uy/descargas/datos/CN_Remesa_10/02_Ortoimagenes/01_RGBI_16bits/K10C4_RGBI_16_Remesa_10.tif","K10C4_RGBI_16_Remesa_10.tif"
"https://visualizador.ide.uy/descargas/datos/CN_Remesa_10/02_Ortoimagenes/01_RGBI_16bits/K10C5_RGBI_16_Remesa_10.tif","K10C5_RGBI_16_Remesa_10.tif"
"https://visualizador.ide.uy/descargas/datos/CN_Remesa_10/02_Ortoimagenes/01_RGBI_16bits/K11A1_RGBI_16_Remesa_10.tif","K11A1_RGBI_16_Remesa_10.tif"
"https://visualizador.ide.uy/descargas/datos/CN_Remesa_10/02_Ortoimagenes/01_RGBI_16bits/K11A2_RGBI_16_Remesa_10.tif","K11A2_RGBI_16_Remesa_10.tif"
"https://visualizador.ide.uy/descargas/datos/CN_Remesa_10/02_Ortoimagenes/01_RGBI_16bits/K11A4_RGBI_16_Remesa_10.tif","K11A4_RGBI_16_Remesa_10.tif"
"https://visualizador.ide.uy/descargas/datos/CN_Remesa_10/02_Ortoimagenes/01_RGBI_16bits/K11A5_RGBI_16_Remesa_10.tif","K11A5_RGBI_16_Remesa_10.tif"
"https://visualizador.ide.uy/descargas/datos/CN_Remesa_10/02_Ortoimagenes/01_RGBI_16bits/K11C1_RGBI_16_Remesa_10.tif","K11C1_RGBI_16_Remesa_10.tif"
"https://visualizador.ide.uy/descargas/datos/CN_Remesa_10/02_Ortoimagenes/01_RGBI_16bits/K11C2_RGBI_16_Remesa_10.tif","K11C2_RGBI_16_Remesa_10.tif"
"https://visualizador.ide.uy/descargas/datos/CN_Remesa_10/02_Ortoimagenes/01_RGBI_16bits/K11C4_RGBI_16_Remesa_10.tif","K11C4_RGBI_16_Remesa_10.tif"
"https://visualizador.ide.uy/descargas/datos/CN_Remesa_10/02_Ortoimagenes/01_RGBI_16bits/K11C5_RGBI_16_Remesa_10.tif","K11C5_RGBI_16_Remesa_10.tif"
"https://visualizador.ide.uy/descargas/datos/CN_Remesa_10/02_Ortoimagenes/01_RGBI_16bits/K12A1_RGBI_16_Remesa_10.tif","K12A1_RGBI_16_Remesa_10.tif"
"https://visualizador.ide.uy/descargas/datos/CN_Remesa_10/02_Ortoimagenes/01_RGBI_16bits/K12A2_RGBI_16_Remesa_10.tif","K12A2_RGBI_16_Remesa_10.tif"
"https://visualizador.ide.uy/descargas/datos/CN_Remesa_10/02_Ortoimagenes/01_RGBI_16bits/K12A4_RGBI_16_Remesa_10.tif","K12A4_RGBI_16_Remesa_10.tif"
"https://visualizador.ide.uy/descargas/datos/CN_Remesa_10/02_Ortoimagenes/01_RGBI_16bits/K12A5_RGBI_16_Remesa_10.tif","K12A5_RGBI_16_Remesa_10.tif"
"https://visualizador.ide.uy/descargas/datos/CN_Remesa_10/02_Ortoimagenes/01_RGBI_16bits/K12C1_RGBI_16_Remesa_10.tif","K12C1_RGBI_16_Remesa_10.tif"
"https://visualizador.ide.uy/descargas/datos/CN_Remesa_10/02_Ortoimagenes/01_RGBI_16bits/K12C2_RGBI_16_Remesa_10.tif","K12C2_RGBI_16_Remesa_10.tif"
"https://visualizador.ide.uy/descargas/datos/CN_Remesa_10/02_Ortoimagenes/01_RGBI_16bits/K12C4_RGBI_16_Remesa_10.tif","K12C4_RGBI_16_Remesa_10.tif"
"https://visualizador.ide.uy/descargas/datos/CN_Remesa_10/02_Ortoimagenes/01_RGBI_16bits/K12C5_RGBI_16_Remesa_10.tif","K12C5_RGBI_16_Remesa_10.tif"
"https://visualizador.ide.uy/descargas/datos/CN_Remesa_10/02_Ortoimagenes/01_RGBI_16bits/K13A1_RGBI_16_Remesa_10.tif","K13A1_RGBI_16_Remesa_10.tif"
"https://visualizador.ide.uy/descargas/datos/CN_Remesa_10/02_Ortoimagenes/01_RGBI_16bits/K13A2_RGBI_16_Remesa_10.tif","K13A2_RGBI_16_Remesa_10.tif"
"https://visualizador.ide.uy/descargas/datos/CN_Remesa_10/02_Ortoimagenes/01_RGBI_16bits/K13A4_RGBI_16_Remesa_10.tif","K13A4_RGBI_16_Remesa_10.tif"
"https://visualizador.ide.uy/descargas/datos/CN_Remesa_10/02_Ortoimagenes/01_RGBI_16bits/K13A5_RGBI_16_Remesa_10.tif","K13A5_RGBI_16_Remesa_10.tif"
"https://visualizador.ide.uy/descargas/datos/CN_Remesa_10/02_Ortoimagenes/01_RGBI_16bits/K13C1_RGBI_16_Remesa_10.tif","K13C1_RGBI_16_Remesa_10.tif"
"https://visualizador.ide.uy/descargas/datos/CN_Remesa_10/02_Ortoimagenes/01_RGBI_16bits/K13C2_RGBI_16_Remesa_10.tif","K13C2_RGBI_16_Remesa_10.tif"
"https://visualizador.ide.uy/descargas/datos/CN_Remesa_10/02_Ortoimagenes/01_RGBI_16bits/K13C4_RGBI_16_Remesa_10.tif","K13C4_RGBI_16_Remesa_10.tif"
"https://visualizador.ide.uy/descargas/datos/CN_Remesa_10/02_Ortoimagenes/01_RGBI_16bits/K13C5_RGBI_16_Remesa_10.tif","K13C5_RGBI_16_Remesa_10.tif"
"https://visualizador.ide.uy/descargas/datos/CN_Remesa_10/02_Ortoimagenes/01_RGBI_16bits/K14A1_RGBI_16_Remesa_10.tif","K14A1_RGBI_16_Remesa_10.tif"
"https://visualizador.ide.uy/descargas/datos/CN_Remesa_10/02_Ortoimagenes/01_RGBI_16bits/K14A2_RGBI_16_Remesa_10.tif","K14A2_RGBI_16_Remesa_10.tif"
"https://visualizador.ide.uy/descargas/datos/CN_Remesa_10/02_Ortoimagenes/01_RGBI_16bits/K14A4_RGBI_16_Remesa_10.tif","K14A4_RGBI_16_Remesa_10.tif"
"https://visualizador.ide.uy/descargas/datos/CN_Remesa_10/02_Ortoimagenes/01_RGBI_16bits/K14A5_RGBI_16_Remesa_10.tif","K14A5_RGBI_16_Remesa_10.tif"
"https://visualizador.ide.uy/descargas/datos/CN_Remesa_10/02_Ortoimagenes/01_RGBI_16bits/K14C1_RGBI_16_Remesa_10.tif","K14C1_RGBI_16_Remesa_10.tif"
"https://visualizador.ide.uy/descargas/datos/CN_Remesa_10/02_Ortoimagenes/01_RGBI_16bits/K14C2_RGBI_16_Remesa_10.tif","K14C2_RGBI_16_Remesa_10.tif"
"https://visualizador.ide.uy/descargas/datos/CN_Remesa_10/02_Ortoimagenes/01_RGBI_16bits/L09C1_RGBI_16_Remesa_10.tif","L09C1_RGBI_16_Remesa_10.tif"
"https://visualizador.ide.uy/descargas/datos/CN_Remesa_10/02_Ortoimagenes/01_RGBI_16bits/L09C2_RGBI_16_Remesa_10.tif","L09C2_RGBI_16_Remesa_10.tif"
"https://visualizador.ide.uy/descargas/datos/CN_Remesa_10/02_Ortoimagenes/01_RGBI_16bits/L09C3_RGBI_16_Remesa_10.tif","L09C3_RGBI_16_Remesa_10.tif"
"https://visualizador.ide.uy/descargas/datos/CN_Remesa_10/02_Ortoimagenes/01_RGBI_16bits/L09C4_RGBI_16_Remesa_10.tif","L09C4_RGBI_16_Remesa_10.tif"
"https://visualizador.ide.uy/descargas/datos/CN_Remesa_10/02_Ortoimagenes/01_RGBI_16bits/L09C5_RGBI_16_Remesa_10.tif","L09C5_RGBI_16_Remesa_10.tif"
"https://visualizador.ide.uy/descargas/datos/CN_Remesa_10/02_Ortoimagenes/01_RGBI_16bits/L09C6_RGBI_16_Remesa_10.tif","L09C6_RGBI_16_Remesa_10.tif"
"https://visualizador.ide.uy/descargas/datos/CN_Remesa_10/02_Ortoimagenes/01_RGBI_16bits/L09D1_RGBI_16_Remesa_10.tif","L09D1_RGBI_16_Remesa_10.tif"
"https://visualizador.ide.uy/descargas/datos/CN_Remesa_10/02_Ortoimagenes/01_RGBI_16bits/L09D2_RGBI_16_Remesa_10.tif","L09D2_RGBI_16_Remesa_10.tif"
"https://visualizador.ide.uy/descargas/datos/CN_Remesa_10/02_Ortoimagenes/01_RGBI_16bits/L09D3_RGBI_16_Remesa_10.tif","L09D3_RGBI_16_Remesa_10.tif"
"https://visualizador.ide.uy/descargas/datos/CN_Remesa_10/02_Ortoimagenes/01_RGBI_16bits/L09D4_RGBI_16_Remesa_10.tif","L09D4_RGBI_16_Remesa_10.tif"
"https://visualizador.ide.uy/descargas/datos/CN_Remesa_10/02_Ortoimagenes/01_RGBI_16bits/L09D5_RGBI_16_Remesa_10.tif","L09D5_RGBI_16_Remesa_10.tif"
"https://visualizador.ide.uy/descargas/datos/CN_Remesa_10/02_Ortoimagenes/01_RGBI_16bits/L09D6_RGBI_16_Remesa_10.tif","L09D6_RGBI_16_Remesa_10.tif"
"https://visualizador.ide.uy/descargas/datos/CN_Remesa_10/02_Ortoimagenes/01_RGBI_16bits/L10A1_RGBI_16_Remesa_10.tif","L10A1_RGBI_16_Remesa_10.tif"
"https://visualizador.ide.uy/descargas/datos/CN_Remesa_10/02_Ortoimagenes/01_RGBI_16bits/L10A2_RGBI_16_Remesa_10.tif","L10A2_RGBI_16_Remesa_10.tif"
"https://visualizador.ide.uy/descargas/datos/CN_Remesa_10/02_Ortoimagenes/01_RGBI_16bits/L10A3_RGBI_16_Remesa_10.tif","L10A3_RGBI_16_Remesa_10.tif"
"https://visualizador.ide.uy/descargas/datos/CN_Remesa_10/02_Ortoimagenes/01_RGBI_16bits/L10A4_RGBI_16_Remesa_10.tif","L10A4_RGBI_16_Remesa_10.tif"
"https://visualizador.ide.uy/descargas/datos/CN_Remesa_10/02_Ortoimagenes/01_RGBI_16bits/L10A5_RGBI_16_Remesa_10.tif","L10A5_RGBI_16_Remesa_10.tif"
"https://visualizador.ide.uy/descargas/datos/CN_Remesa_10/02_Ortoimagenes/01_RGBI_16bits/L10A6_RGBI_16_Remesa_10.tif","L10A6_RGBI_16_Remesa_10.tif"
"https://visualizador.ide.uy/descargas/datos/CN_Remesa_10/02_Ortoimagenes/01_RGBI_16bits/L10B1_RGBI_16_Remesa_10.tif","L10B1_RGBI_16_Remesa_10.tif"
"https://visualizador.ide.uy/descargas/datos/CN_Remesa_10/02_Ortoimagenes/01_RGBI_16bits/L10B2_RGBI_16_Remesa_10.tif","L10B2_RGBI_16_Remesa_10.tif"
"https://visualizador.ide.uy/descargas/datos/CN_Remesa_10/02_Ortoimagenes/01_RGBI_16bits/L10B3_RGBI_16_Remesa_10.tif","L10B3_RGBI_16_Remesa_10.tif"
"https://visualizador.ide.uy/descargas/datos/CN_Remesa_10/02_Ortoimagenes/01_RGBI_16bits/L10B4_RGBI_16_Remesa_10.tif","L10B4_RGBI_16_Remesa_10.tif"
"https://visualizador.ide.uy/descargas/datos/CN_Remesa_10/02_Ortoimagenes/01_RGBI_16bits/L10B5_RGBI_16_Remesa_10.tif","L10B5_RGBI_16_Remesa_10.tif"
"https://visualizador.ide.uy/descargas/datos/CN_Remesa_10/02_Ortoimagenes/01_RGBI_16bits/L10B6_RGBI_16_Remesa_10.tif","L10B6_RGBI_16_Remesa_10.tif"
"https://visualizador.ide.uy/descargas/datos/CN_Remesa_10/02_Ortoimagenes/01_RGBI_16bits/L10C1_RGBI_16_Remesa_10.tif","L10C1_RGBI_16_Remesa_10.tif"
"https://visualizador.ide.uy/descargas/datos/CN_Remesa_10/02_Ortoimagenes/01_RGBI_16bits/L10C2_RGBI_16_Remesa_10.tif","L10C2_RGBI_16_Remesa_10.tif"
"https://visualizador.ide.uy/descargas/datos/CN_Remesa_10/02_Ortoimagenes/01_RGBI_16bits/L10C3_RGBI_16_Remesa_10.tif","L10C3_RGBI_16_Remesa_10.tif"
"https://visualizador.ide.uy/descargas/datos/CN_Remesa_10/02_Ortoimagenes/01_RGBI_16bits/L10C4_RGBI_16_Remesa_10.tif","L10C4_RGBI_16_Remesa_10.tif"
"https://visualizador.ide.uy/descargas/datos/CN_Remesa_10/02_Ortoimagenes/01_RGBI_16bits/L10C5_RGBI_16_Remesa_10.tif","L10C5_RGBI_16_Remesa_10.tif"
"https://visualizador.ide.uy/descargas/datos/CN_Remesa_10/02_Ortoimagenes/01_RGBI_16bits/L10C6_RGBI_16_Remesa_10.tif","L10C6_RGBI_16_Remesa_10.tif"
"https://visualizador.ide.uy/descargas/datos/CN_Remesa_10/02_Ortoimagenes/01_RGBI_16bits/L10D1_RGBI_16_Remesa_10.tif","L10D1_RGBI_16_Remesa_10.tif"
"https://visualizador.ide.uy/descargas/datos/CN_Remesa_10/02_Ortoimagenes/01_RGBI_16bits/L10D2_RGBI_16_Remesa_10.tif","L10D2_RGBI_16_Remesa_10.tif"
"https://visualizador.ide.uy/descargas/datos/CN_Remesa_10/02_Ortoimagenes/01_RGBI_16bits/L10D3_RGBI_16_Remesa_10.tif","L10D3_RGBI_16_Remesa_10.tif"
"https://visualizador.ide.uy/descargas/datos/CN_Remesa_10/02_Ortoimagenes/01_RGBI_16bits/L10D4_RGBI_16_Remesa_10.tif","L10D4_RGBI_16_Remesa_10.tif"
"https://visualizador.ide.uy/descargas/datos/CN_Remesa_10/02_Ortoimagenes/01_RGBI_16bits/L10D5_RGBI_16_Remesa_10.tif","L10D5_RGBI_16_Remesa_10.tif"
"https://visualizador.ide.uy/descargas/datos/CN_Remesa_10/02_Ortoimagenes/01_RGBI_16bits/L10D6_RGBI_16_Remesa_10.tif","L10D6_RGBI_16_Remesa_10.tif"
"https://visualizador.ide.uy/descargas/datos/CN_Remesa_10/02_Ortoimagenes/01_RGBI_16bits/L11A1_RGBI_16_Remesa_10.tif","L11A1_RGBI_16_Remesa_10.tif"
"https://visualizador.ide.uy/descargas/datos/CN_Remesa_10/02_Ortoimagenes/01_RGBI_16bits/L11A2_RGBI_16_Remesa_10.tif","L11A2_RGBI_16_Remesa_10.tif"
"https://visualizador.ide.uy/descargas/datos/CN_Remesa_10/02_Ortoimagenes/01_RGBI_16bits/L11A3_RGBI_16_Remesa_10.tif","L11A3_RGBI_16_Remesa_10.tif"
"https://visualizador.ide.uy/descargas/datos/CN_Remesa_10/02_Ortoimagenes/01_RGBI_16bits/L11A4_RGBI_16_Remesa_10.tif","L11A4_RGBI_16_Remesa_10.tif"
"https://visualizador.ide.uy/descargas/datos/CN_Remesa_10/02_Ortoimagenes/01_RGBI_16bits/L11A5_RGBI_16_Remesa_10.tif","L11A5_RGBI_16_Remesa_10.tif"
"https://visualizador.ide.uy/descargas/datos/CN_Remesa_10/02_Ortoimagenes/01_RGBI_16bits/L11A6_RGBI_16_Remesa_10.tif","L11A6_RGBI_16_Remesa_10.tif"
"https://visualizador.ide.uy/descargas/datos/CN_Remesa_10/02_Ortoimagenes/01_RGBI_16bits/L11B1_RGBI_16_Remesa_10.tif","L11B1_RGBI_16_Remesa_10.tif"
"https://visualizador.ide.uy/descargas/datos/CN_Remesa_10/02_Ortoimagenes/01_RGBI_16bits/L11B2_RGBI_16_Remesa_10.tif","L11B2_RGBI_16_Remesa_10.tif"
"https://visualizador.ide.uy/descargas/datos/CN_Remesa_10/02_Ortoimagenes/01_RGBI_16bits/L11B3_RGBI_16_Remesa_10.tif","L11B3_RGBI_16_Remesa_10.tif"
"https://visualizador.ide.uy/descargas/datos/CN_Remesa_10/02_Ortoimagenes/01_RGBI_16bits/L11B4_RGBI_16_Remesa_10.tif","L11B4_RGBI_16_Remesa_10.tif"
"https://visualizador.ide.uy/descargas/datos/CN_Remesa_10/02_Ortoimagenes/01_RGBI_16bits/L11B5_RGBI_16_Remesa_10.tif","L11B5_RGBI_16_Remesa_10.tif"
"https://visualizador.ide.uy/descargas/datos/CN_Remesa_10/02_Ortoimagenes/01_RGBI_16bits/L11B6_RGBI_16_Remesa_10.tif","L11B6_RGBI_16_Remesa_10.tif"
"https://visualizador.ide.uy/descargas/datos/CN_Remesa_10/02_Ortoimagenes/01_RGBI_16bits/L11C1_RGBI_16_Remesa_10.tif","L11C1_RGBI_16_Remesa_10.tif"
"https://visualizador.ide.uy/descargas/datos/CN_Remesa_10/02_Ortoimagenes/01_RGBI_16bits/L11C2_RGBI_16_Remesa_10.tif","L11C2_RGBI_16_Remesa_10.tif"
"https://visualizador.ide.uy/descargas/datos/CN_Remesa_10/02_Ortoimagenes/01_RGBI_16bits/L11C3_RGBI_16_Remesa_10.tif","L11C3_RGBI_16_Remesa_10.tif"
"https://visualizador.ide.uy/descargas/datos/CN_Remesa_10/02_Ortoimagenes/01_RGBI_16bits/L11C4_RGBI_16_Remesa_10.tif","L11C4_RGBI_16_Remesa_10.tif"
"https://visualizador.ide.uy/descargas/datos/CN_Remesa_10/02_Ortoimagenes/01_RGBI_16bits/L11C5_RGBI_16_Remesa_10.tif","L11C5_RGBI_16_Remesa_10.tif"
"https://visualizador.ide.uy/descargas/datos/CN_Remesa_10/02_Ortoimagenes/01_RGBI_16bits/L11C6_RGBI_16_Remesa_10.tif","L11C6_RGBI_16_Remesa_10.tif"
"https://visualizador.ide.uy/descargas/datos/CN_Remesa_10/02_Ortoimagenes/01_RGBI_16bits/L11D1_RGBI_16_Remesa_10.tif","L11D1_RGBI_16_Remesa_10.tif"
"https://visualizador.ide.uy/descargas/datos/CN_Remesa_10/02_Ortoimagenes/01_RGBI_16bits/L11D2_RGBI_16_Remesa_10.tif","L11D2_RGBI_16_Remesa_10.tif"
"https://visualizador.ide.uy/descargas/datos/CN_Remesa_10/02_Ortoimagenes/01_RGBI_16bits/L11D3_RGBI_16_Remesa_10.tif","L11D3_RGBI_16_Remesa_10.tif"
"https://visualizador.ide.uy/descargas/datos/CN_Remesa_10/02_Ortoimagenes/01_RGBI_16bits/L11D4_RGBI_16_Remesa_10.tif","L11D4_RGBI_16_Remesa_10.tif"
"https://visualizador.ide.uy/descargas/datos/CN_Remesa_10/02_Ortoimagenes/01_RGBI_16bits/L11D5_RGBI_16_Remesa_10.tif","L11D5_RGBI_16_Remesa_10.tif"
"https://visualizador.ide.uy/descargas/datos/CN_Remesa_10/02_Ortoimagenes/01_RGBI_16bits/L11D6_RGBI_16_Remesa_10.tif","L11D6_RGBI_16_Remesa_10.tif"
"https://visualizador.ide.uy/descargas/datos/CN_Remesa_10/02_Ortoimagenes/01_RGBI_16bits/L12A1_RGBI_16_Remesa_10.tif","L12A1_RGBI_16_Remesa_10.tif"
"https://visualizador.ide.uy/descargas/datos/CN_Remesa_10/02_Ortoimagenes/01_RGBI_16bits/L12A2_RGBI_16_Remesa_10.tif","L12A2_RGBI_16_Remesa_10.tif"
"https://visualizador.ide.uy/descargas/datos/CN_Remesa_10/02_Ortoimagenes/01_RGBI_16bits/L12A3_RGBI_16_Remesa_10.tif","L12A3_RGBI_16_Remesa_10.tif"
"https://visualizador.ide.uy/descargas/datos/CN_Remesa_10/02_Ortoimagenes/01_RGBI_16bits/L12A4_RGBI_16_Remesa_10.tif","L12A4_RGBI_16_Remesa_10.tif"
"https://visualizador.ide.uy/descargas/datos/CN_Remesa_10/02_Ortoimagenes/01_RGBI_16bits/L12A5_RGBI_16_Remesa_10.tif","L12A5_RGBI_16_Remesa_10.tif"
"https://visualizador.ide.uy/descargas/datos/CN_Remesa_10/02_Ortoimagenes/01_RGBI_16bits/L12A6_RGBI_16_Remesa_10.tif","L12A6_RGBI_16_Remesa_10.tif"
"https://visualizador.ide.uy/descargas/datos/CN_Remesa_10/02_Ortoimagenes/01_RGBI_16bits/L12B1_RGBI_16_Remesa_10.tif","L12B1_RGBI_16_Remesa_10.tif"
"https://visualizador.ide.uy/descargas/datos/CN_Remesa_10/02_Ortoimagenes/01_RGBI_16bits/L12B2_RGBI_16_Remesa_10.tif","L12B2_RGBI_16_Remesa_10.tif"
"https://visualizador.ide.uy/descargas/datos/CN_Remesa_10/02_Ortoimagenes/01_RGBI_16bits/L12B3_RGBI_16_Remesa_10.tif","L12B3_RGBI_16_Remesa_10.tif"
"https://visualizador.ide.uy/descargas/datos/CN_Remesa_10/02_Ortoimagenes/01_RGBI_16bits/L12B4_RGBI_16_Remesa_10.tif","L12B4_RGBI_16_Remesa_10.tif"
"https://visualizador.ide.uy/descargas/datos/CN_Remesa_10/02_Ortoimagenes/01_RGBI_16bits/L12B5_RGBI_16_Remesa_10.tif","L12B5_RGBI_16_Remesa_10.tif"
"https://visualizador.ide.uy/descargas/datos/CN_Remesa_10/02_Ortoimagenes/01_RGBI_16bits/L12B6_RGBI_16_Remesa_10.tif","L12B6_RGBI_16_Remesa_10.tif"
"https://visualizador.ide.uy/descargas/datos/CN_Remesa_10/02_Ortoimagenes/01_RGBI_16bits/L12C1_RGBI_16_Remesa_10.tif","L12C1_RGBI_16_Remesa_10.tif"
"https://visualizador.ide.uy/descargas/datos/CN_Remesa_10/02_Ortoimagenes/01_RGBI_16bits/L12C2_RGBI_16_Remesa_10.tif","L12C2_RGBI_16_Remesa_10.tif"
"https://visualizador.ide.uy/descargas/datos/CN_Remesa_10/02_Ortoimagenes/01_RGBI_16bits/L12C3_RGBI_16_Remesa_10.tif","L12C3_RGBI_16_Remesa_10.tif"
"https://visualizador.ide.uy/descargas/datos/CN_Remesa_10/02_Ortoimagenes/01_RGBI_16bits/L12C4_RGBI_16_Remesa_10.tif","L12C4_RGBI_16_Remesa_10.tif"
"https://visualizador.ide.uy/descargas/datos/CN_Remesa_10/02_Ortoimagenes/01_RGBI_16bits/L12C5_RGBI_16_Remesa_10.tif","L12C5_RGBI_16_Remesa_10.tif"
"https://visualizador.ide.uy/descargas/datos/CN_Remesa_10/02_Ortoimagenes/01_RGBI_16bits/L12C6_RGBI_16_Remesa_10.tif","L12C6_RGBI_16_Remesa_10.tif"
"https://visualizador.ide.uy/descargas/datos/CN_Remesa_10/02_Ortoimagenes/01_RGBI_16bits/L12D1_RGBI_16_Remesa_10.tif","L12D1_RGBI_16_Remesa_10.tif"
"https://visualizador.ide.uy/descargas/datos/CN_Remesa_10/02_Ortoimagenes/01_RGBI_16bits/L12D2_RGBI_16_Remesa_10.tif","L12D2_RGBI_16_Remesa_10.tif"
"https://visualizador.ide.uy/descargas/datos/CN_Remesa_10/02_Ortoimagenes/01_RGBI_16bits/L12D3_RGBI_16_Remesa_10.tif","L12D3_RGBI_16_Remesa_10.tif"
"https://visualizador.ide.uy/descargas/datos/CN_Remesa_10/02_Ortoimagenes/01_RGBI_16bits/L12D4_RGBI_16_Remesa_10.tif","L12D4_RGBI_16_Remesa_10.tif"
"https://visualizador.ide.uy/descargas/datos/CN_Remesa_10/02_Ortoimagenes/01_RGBI_16bits/L12D5_RGBI_16_Remesa_10.tif","L12D5_RGBI_16_Remesa_10.tif"
"https://visualizador.ide.uy/descargas/datos/CN_Remesa_10/02_Ortoimagenes/01_RGBI_16bits/L12D6_RGBI_16_Remesa_10.tif","L12D6_RGBI_16_Remesa_10.tif"
"https://visualizador.ide.uy/descargas/datos/CN_Remesa_10/02_Ortoimagenes/01_RGBI_16bits/L13A1_RGBI_16_Remesa_10.tif","L13A1_RGBI_16_Remesa_10.tif"
"https://visualizador.ide.uy/descargas/datos/CN_Remesa_10/02_Ortoimagenes/01_RGBI_16bits/L13A2_RGBI_16_Remesa_10.tif","L13A2_RGBI_16_Remesa_10.tif"
"https://visualizador.ide.uy/descargas/datos/CN_Remesa_10/02_Ortoimagenes/01_RGBI_16bits/L13A3_RGBI_16_Remesa_10.tif","L13A3_RGBI_16_Remesa_10.tif"
"https://visualizador.ide.uy/descargas/datos/CN_Remesa_10/02_Ortoimagenes/01_RGBI_16bits/L13A4_RGBI_16_Remesa_10.tif","L13A4_RGBI_16_Remesa_10.tif"
"https://visualizador.ide.uy/descargas/datos/CN_Remesa_10/02_Ortoimagenes/01_RGBI_16bits/L13A5_RGBI_16_Remesa_10.tif","L13A5_RGBI_16_Remesa_10.tif"
"https://visualizador.ide.uy/descargas/datos/CN_Remesa_10/02_Ortoimagenes/01_RGBI_16bits/L13A6_RGBI_16_Remesa_10.tif","L13A6_RGBI_16_Remesa_10.tif"
"https://visualizador.ide.uy/descargas/datos/CN_Remesa_10/02_Ortoimagenes/01_RGBI_16bits/L13B1_RGBI_16_Remesa_10.tif","L13B1_RGBI_16_Remesa_10.tif"
"https://visualizador.ide.uy/descargas/datos/CN_Remesa_10/02_Ortoimagenes/01_RGBI_16bits/L13B2_RGBI_16_Remesa_10.tif","L13B2_RGBI_16_Remesa_10.tif"
"https://visualizador.ide.uy/descargas/datos/CN_Remesa_10/02_Ortoimagenes/01_RGBI_16bits/L13B3_RGBI_16_Remesa_10.tif","L13B3_RGBI_16_Remesa_10.tif"
"https://visualizador.ide.uy/descargas/datos/CN_Remesa_10/02_Ortoimagenes/01_RGBI_16bits/L13B4_RGBI_16_Remesa_10.tif","L13B4_RGBI_16_Remesa_10.tif"
"https://visualizador.ide.uy/descargas/datos/CN_Remesa_10/02_Ortoimagenes/01_RGBI_16bits/L13B5_RGBI_16_Remesa_10.tif","L13B5_RGBI_16_Remesa_10.tif"
"https://visualizador.ide.uy/descargas/datos/CN_Remesa_10/02_Ortoimagenes/01_RGBI_16bits/L13B6_RGBI_16_Remesa_10.tif","L13B6_RGBI_16_Remesa_10.tif"
"https://visualizador.ide.uy/descargas/datos/CN_Remesa_10/02_Ortoimagenes/01_RGBI_16bits/L13C1_RGBI_16_Remesa_10.tif","L13C1_RGBI_16_Remesa_10.tif"
"https://visualizador.ide.uy/descargas/datos/CN_Remesa_10/02_Ortoimagenes/01_RGBI_16bits/L13C2_RGBI_16_Remesa_10.tif","L13C2_RGBI_16_Remesa_10.tif"
"https://visualizador.ide.uy/descargas/datos/CN_Remesa_10/02_Ortoimagenes/01_RGBI_16bits/L13C3_RGBI_16_Remesa_10.tif","L13C3_RGBI_16_Remesa_10.tif"
"https://visualizador.ide.uy/descargas/datos/CN_Remesa_10/02_Ortoimagenes/01_RGBI_16bits/L13C4_RGBI_16_Remesa_10.tif","L13C4_RGBI_16_Remesa_10.tif"
"https://visualizador.ide.uy/descargas/datos/CN_Remesa_10/02_Ortoimagenes/01_RGBI_16bits/L13C5_RGBI_16_Remesa_10.tif","L13C5_RGBI_16_Remesa_10.tif"
"https://visualizador.ide.uy/descargas/datos/CN_Remesa_10/02_Ortoimagenes/01_RGBI_16bits/L13C6_RGBI_16_Remesa_10.tif","L13C6_RGBI_16_Remesa_10.tif"
"https://visualizador.ide.uy/descargas/datos/CN_Remesa_10/02_Ortoimagenes/01_RGBI_16bits/L13D1_RGBI_16_Remesa_10.tif","L13D1_RGBI_16_Remesa_10.tif"
"https://visualizador.ide.uy/descargas/datos/CN_Remesa_10/02_Ortoimagenes/01_RGBI_16bits/L13D2_RGBI_16_Remesa_10.tif","L13D2_RGBI_16_Remesa_10.tif"
"https://visualizador.ide.uy/descargas/datos/CN_Remesa_10/02_Ortoimagenes/01_RGBI_16bits/L13D3_RGBI_16_Remesa_10.tif","L13D3_RGBI_16_Remesa_10.tif"
"https://visualizador.ide.uy/descargas/datos/CN_Remesa_10/02_Ortoimagenes/01_RGBI_16bits/L13D4_RGBI_16_Remesa_10.tif","L13D4_RGBI_16_Remesa_10.tif"
"https://visualizador.ide.uy/descargas/datos/CN_Remesa_10/02_Ortoimagenes/01_RGBI_16bits/L13D5_RGBI_16_Remesa_10.tif","L13D5_RGBI_16_Remesa_10.tif"
"https://visualizador.ide.uy/descargas/datos/CN_Remesa_10/02_Ortoimagenes/01_RGBI_16bits/L13D6_RGBI_16_Remesa_10.tif","L13D6_RGBI_16_Remesa_10.tif"
"https://visualizador.ide.uy/descargas/datos/CN_Remesa_10/02_Ortoimagenes/01_RGBI_16bits/L14A1_RGBI_16_Remesa_10.tif","L14A1_RGBI_16_Remesa_10.tif"
"https://visualizador.ide.uy/descargas/datos/CN_Remesa_10/02_Ortoimagenes/01_RGBI_16bits/L14A2_RGBI_16_Remesa_10.tif","L14A2_RGBI_16_Remesa_10.tif"
"https://visualizador.ide.uy/descargas/datos/CN_Remesa_10/02_Ortoimagenes/01_RGBI_16bits/L14A3_RGBI_16_Remesa_10.tif","L14A3_RGBI_16_Remesa_10.tif"
"https://visualizador.ide.uy/descargas/datos/CN_Remesa_10/02_Ortoimagenes/01_RGBI_16bits/L14A4_RGBI_16_Remesa_10.tif","L14A4_RGBI_16_Remesa_10.tif"
"https://visualizador.ide.uy/descargas/datos/CN_Remesa_10/02_Ortoimagenes/01_RGBI_16bits/L14A5_RGBI_16_Remesa_10.tif","L14A5_RGBI_16_Remesa_10.tif"
"https://visualizador.ide.uy/descargas/datos/CN_Remesa_10/02_Ortoimagenes/01_RGBI_16bits/L14A6_RGBI_16_Remesa_10.tif","L14A6_RGBI_16_Remesa_10.tif"
"https://visualizador.ide.uy/descargas/datos/CN_Remesa_10/02_Ortoimagenes/01_RGBI_16bits/L14B1_RGBI_16_Remesa_10.tif","L14B1_RGBI_16_Remesa_10.tif"
"https://visualizador.ide.uy/descargas/datos/CN_Remesa_10/02_Ortoimagenes/01_RGBI_16bits/L14B2_RGBI_16_Remesa_10.tif","L14B2_RGBI_16_Remesa_10.tif"
"https://visualizador.ide.uy/descargas/datos/CN_Remesa_10/02_Ortoimagenes/01_RGBI_16bits/L14B3_RGBI_16_Remesa_10.tif","L14B3_RGBI_16_Remesa_10.tif"
"https://visualizador.ide.uy/descargas/datos/CN_Remesa_10/02_Ortoimagenes/01_RGBI_16bits/L14B4_RGBI_16_Remesa_10.tif","L14B4_RGBI_16_Remesa_10.tif"
"https://visualizador.ide.uy/descargas/datos/CN_Remesa_10/02_Ortoimagenes/01_RGBI_16bits/L14B5_RGBI_16_Remesa_10.tif","L14B5_RGBI_16_Remesa_10.tif"
"https://visualizador.ide.uy/descargas/datos/CN_Remesa_10/02_Ortoimagenes/01_RGBI_16bits/L14B6_RGBI_16_Remesa_10.tif","L14B6_RGBI_16_Remesa_10.tif"
"https://visualizador.ide.uy/descargas/datos/CN_Remesa_10/02_Ortoimagenes/01_RGBI_16bits/L14C1_RGBI_16_Remesa_10.tif","L14C1_RGBI_16_Remesa_10.tif"
"https://visualizador.ide.uy/descargas/datos/CN_Remesa_10/02_Ortoimagenes/01_RGBI_16bits/L14C2_RGBI_16_Remesa_10.tif","L14C2_RGBI_16_Remesa_10.tif"
"https://visualizador.ide.uy/descargas/datos/CN_Remesa_10/02_Ortoimagenes/01_RGBI_16bits/L14C3_RGBI_16_Remesa_10.tif","L14C3_RGBI_16_Remesa_10.tif"
"https://visualizador.ide.uy/descargas/datos/CN_Remesa_10/02_Ortoimagenes/01_RGBI_16bits/L14D1_RGBI_16_Remesa_10.tif","L14D1_RGBI_16_Remesa_10.tif"
"https://visualizador.ide.uy/descargas/datos/CN_Remesa_10/02_Ortoimagenes/01_RGBI_16bits/L14D2_RGBI_16_Remesa_10.tif","L14D2_RGBI_16_Remesa_10.tif"
"https://visualizador.ide.uy/descargas/datos/CN_Remesa_10/02_Ortoimagenes/01_RGBI_16bits/L14D3_RGBI_16_Remesa_10.tif","L14D3_RGBI_16_Remesa_10.tif"
"https://visualizador.ide.uy/descargas/datos/CN_Remesa_10/02_Ortoimagenes/01_RGBI_16bits/M09C1_RGBI_16_Remesa_10.tif","M09C1_RGBI_16_Remesa_10.tif"
"https://visualizador.ide.uy/descargas/datos/CN_Remesa_10/02_Ortoimagenes/01_RGBI_16bits/M09C2_RGBI_16_Remesa_10.tif","M09C2_RGBI_16_Remesa_10.tif"
"https://visualizador.ide.uy/descargas/datos/CN_Remesa_10/02_Ortoimagenes/01_RGBI_16bits/M09C3_RGBI_16_Remesa_10.tif","M09C3_RGBI_16_Remesa_10.tif"
"https://visualizador.ide.uy/descargas/datos/CN_Remesa_10/02_Ortoimagenes/01_RGBI_16bits/M09C4_RGBI_16_Remesa_10.tif","M09C4_RGBI_16_Remesa_10.tif"
"https://visualizador.ide.uy/descargas/datos/CN_Remesa_10/02_Ortoimagenes/01_RGBI_16bits/M09C5_RGBI_16_Remesa_10.tif","M09C5_RGBI_16_Remesa_10.tif"
"https://visualizador.ide.uy/descargas/datos/CN_Remesa_10/02_Ortoimagenes/01_RGBI_16bits/M09C6_RGBI_16_Remesa_10.tif","M09C6_RGBI_16_Remesa_10.tif"
"https://visualizador.ide.uy/descargas/datos/CN_Remesa_10/02_Ortoimagenes/01_RGBI_16bits/M09D1_RGBI_16_Remesa_10.tif","M09D1_RGBI_16_Remesa_10.tif"
"https://visualizador.ide.uy/descargas/datos/CN_Remesa_10/02_Ortoimagenes/01_RGBI_16bits/M09D2_RGBI_16_Remesa_10.tif","M09D2_RGBI_16_Remesa_10.tif"
"https://visualizador.ide.uy/descargas/datos/CN_Remesa_10/02_Ortoimagenes/01_RGBI_16bits/M09D3_RGBI_16_Remesa_10.tif","M09D3_RGBI_16_Remesa_10.tif"
"https://visualizador.ide.uy/descargas/datos/CN_Remesa_10/02_Ortoimagenes/01_RGBI_16bits/M09D4_RGBI_16_Remesa_10.tif","M09D4_RGBI_16_Remesa_10.tif"
"https://visualizador.ide.uy/descargas/datos/CN_Remesa_10/02_Ortoimagenes/01_RGBI_16bits/M09D5_RGBI_16_Remesa_10.tif","M09D5_RGBI_16_Remesa_10.tif"
"https://visualizador.ide.uy/descargas/datos/CN_Remesa_10/02_Ortoimagenes/01_RGBI_16bits/M09D6_RGBI_16_Remesa_10.tif","M09D6_RGBI_16_Remesa_10.tif"
"https://visualizador.ide.uy/descargas/datos/CN_Remesa_10/02_Ortoimagenes/01_RGBI_16bits/M10A1_RGBI_16_Remesa_10.tif","M10A1_RGBI_16_Remesa_10.tif"
"https://visualizador.ide.uy/descargas/datos/CN_Remesa_10/02_Ortoimagenes/01_RGBI_16bits/M10A2_RGBI_16_Remesa_10.tif","M10A2_RGBI_16_Remesa_10.tif"
"https://visualizador.ide.uy/descargas/datos/CN_Remesa_10/02_Ortoimagenes/01_RGBI_16bits/M10A3_RGBI_16_Remesa_10.tif","M10A3_RGBI_16_Remesa_10.tif"
"https://visualizador.ide.uy/descargas/datos/CN_Remesa_10/02_Ortoimagenes/01_RGBI_16bits/M10A4_RGBI_16_Remesa_10.tif","M10A4_RGBI_16_Remesa_10.tif"
"https://visualizador.ide.uy/descargas/datos/CN_Remesa_10/02_Ortoimagenes/01_RGBI_16bits/M10A5_RGBI_16_Remesa_10.tif","M10A5_RGBI_16_Remesa_10.tif"
"https://visualizador.ide.uy/descargas/datos/CN_Remesa_10/02_Ortoimagenes/01_RGBI_16bits/M10A6_RGBI_16_Remesa_10.tif","M10A6_RGBI_16_Remesa_10.tif"
"https://visualizador.ide.uy/descargas/datos/CN_Remesa_10/02_Ortoimagenes/01_RGBI_16bits/M10B1_RGBI_16_Remesa_10.tif","M10B1_RGBI_16_Remesa_10.tif"
"https://visualizador.ide.uy/descargas/datos/CN_Remesa_10/02_Ortoimagenes/01_RGBI_16bits/M10B2_RGBI_16_Remesa_10.tif","M10B2_RGBI_16_Remesa_10.tif"
"https://visualizador.ide.uy/descargas/datos/CN_Remesa_10/02_Ortoimagenes/01_RGBI_16bits/M10B3_RGBI_16_Remesa_10.tif","M10B3_RGBI_16_Remesa_10.tif"
"https://visualizador.ide.uy/descargas/datos/CN_Remesa_10/02_Ortoimagenes/01_RGBI_16bits/M10B4_RGBI_16_Remesa_10.tif","M10B4_RGBI_16_Remesa_10.tif"
"https://visualizador.ide.uy/descargas/datos/CN_Remesa_10/02_Ortoimagenes/01_RGBI_16bits/M10B5_RGBI_16_Remesa_10.tif","M10B5_RGBI_16_Remesa_10.tif"
"https://visualizador.ide.uy/descargas/datos/CN_Remesa_10/02_Ortoimagenes/01_RGBI_16bits/M10B6_RGBI_16_Remesa_10.tif","M10B6_RGBI_16_Remesa_10.tif"
"https://visualizador.ide.uy/descargas/datos/CN_Remesa_10/02_Ortoimagenes/01_RGBI_16bits/M10C1_RGBI_16_Remesa_10.tif","M10C1_RGBI_16_Remesa_10.tif"
"https://visualizador.ide.uy/descargas/datos/CN_Remesa_10/02_Ortoimagenes/01_RGBI_16bits/M10C2_RGBI_16_Remesa_10.tif","M10C2_RGBI_16_Remesa_10.tif"
"https://visualizador.ide.uy/descargas/datos/CN_Remesa_10/02_Ortoimagenes/01_RGBI_16bits/M10C3_RGBI_16_Remesa_10.tif","M10C3_RGBI_16_Remesa_10.tif"
"https://visualizador.ide.uy/descargas/datos/CN_Remesa_10/02_Ortoimagenes/01_RGBI_16bits/M10C4_RGBI_16_Remesa_10.tif","M10C4_RGBI_16_Remesa_10.tif"
"https://visualizador.ide.uy/descargas/datos/CN_Remesa_10/02_Ortoimagenes/01_RGBI_16bits/M10C5_RGBI_16_Remesa_10.tif","M10C5_RGBI_16_Remesa_10.tif"
"https://visualizador.ide.uy/descargas/datos/CN_Remesa_10/02_Ortoimagenes/01_RGBI_16bits/M10C6_RGBI_16_Remesa_10.tif","M10C6_RGBI_16_Remesa_10.tif"
"https://visualizador.ide.uy/descargas/datos/CN_Remesa_10/02_Ortoimagenes/01_RGBI_16bits/M10D1_RGBI_16_Remesa_10.tif","M10D1_RGBI_16_Remesa_10.tif"
"https://visualizador.ide.uy/descargas/datos/CN_Remesa_10/02_Ortoimagenes/01_RGBI_16bits/M10D2_RGBI_16_Remesa_10.tif","M10D2_RGBI_16_Remesa_10.tif"
"https://visualizador.ide.uy/descargas/datos/CN_Remesa_10/02_Ortoimagenes/01_RGBI_16bits/M10D3_RGBI_16_Remesa_10.tif","M10D3_RGBI_16_Remesa_10.tif"
"https://visualizador.ide.uy/descargas/datos/CN_Remesa_10/02_Ortoimagenes/01_RGBI_16bits/M10D4_RGBI_16_Remesa_10.tif","M10D4_RGBI_16_Remesa_10.tif"
"https://visualizador.ide.uy/descargas/datos/CN_Remesa_10/02_Ortoimagenes/01_RGBI_16bits/M10D5_RGBI_16_Remesa_10.tif","M10D5_RGBI_16_Remesa_10.tif"
"https://visualizador.ide.uy/descargas/datos/CN_Remesa_10/02_Ortoimagenes/01_RGBI_16bits/M10D6_RGBI_16_Remesa_10.tif","M10D6_RGBI_16_Remesa_10.tif"
"https://visualizador.ide.uy/descargas/datos/CN_Remesa_10/02_Ortoimagenes/01_RGBI_16bits/M11A1_RGBI_16_Remesa_10.tif","M11A1_RGBI_16_Remesa_10.tif"
"https://visualizador.ide.uy/descargas/datos/CN_Remesa_10/02_Ortoimagenes/01_RGBI_16bits/M11A2_RGBI_16_Remesa_10.tif","M11A2_RGBI_16_Remesa_10.tif"
"https://visualizador.ide.uy/descargas/datos/CN_Remesa_10/02_Ortoimagenes/01_RGBI_16bits/M11A3_RGBI_16_Remesa_10.tif","M11A3_RGBI_16_Remesa_10.tif"
"https://visualizador.ide.uy/descargas/datos/CN_Remesa_10/02_Ortoimagenes/01_RGBI_16bits/M11A4_RGBI_16_Remesa_10.tif","M11A4_RGBI_16_Remesa_10.tif"
"https://visualizador.ide.uy/descargas/datos/CN_Remesa_10/02_Ortoimagenes/01_RGBI_16bits/M11A5_RGBI_16_Remesa_10.tif","M11A5_RGBI_16_Remesa_10.tif"
"https://visualizador.ide.uy/descargas/datos/CN_Remesa_10/02_Ortoimagenes/01_RGBI_16bits/M11A6_RGBI_16_Remesa_10.tif","M11A6_RGBI_16_Remesa_10.tif"
"https://visualizador.ide.uy/descargas/datos/CN_Remesa_10/02_Ortoimagenes/01_RGBI_16bits/M11B1_RGBI_16_Remesa_10.tif","M11B1_RGBI_16_Remesa_10.tif"
"https://visualizador.ide.uy/descargas/datos/CN_Remesa_10/02_Ortoimagenes/01_RGBI_16bits/M11B2_RGBI_16_Remesa_10.tif","M11B2_RGBI_16_Remesa_10.tif"
"https://visualizador.ide.uy/descargas/datos/CN_Remesa_10/02_Ortoimagenes/01_RGBI_16bits/M11B3_RGBI_16_Remesa_10.tif","M11B3_RGBI_16_Remesa_10.tif"
"https://visualizador.ide.uy/descargas/datos/CN_Remesa_10/02_Ortoimagenes/01_RGBI_16bits/M11B4_RGBI_16_Remesa_10.tif","M11B4_RGBI_16_Remesa_10.tif"
"https://visualizador.ide.uy/descargas/datos/CN_Remesa_10/02_Ortoimagenes/01_RGBI_16bits/M11B5_RGBI_16_Remesa_10.tif","M11B5_RGBI_16_Remesa_10.tif"
"https://visualizador.ide.uy/descargas/datos/CN_Remesa_10/02_Ortoimagenes/01_RGBI_16bits/M11B6_RGBI_16_Remesa_10.tif","M11B6_RGBI_16_Remesa_10.tif"
"https://visualizador.ide.uy/descargas/datos/CN_Remesa_10/02_Ortoimagenes/01_RGBI_16bits/M11C1_RGBI_16_Remesa_10.tif","M11C1_RGBI_16_Remesa_10.tif"
"https://visualizador.ide.uy/descargas/datos/CN_Remesa_10/02_Ortoimagenes/01_RGBI_16bits/M11C2_RGBI_16_Remesa_10.tif","M11C2_RGBI_16_Remesa_10.tif"
"https://visualizador.ide.uy/descargas/datos/CN_Remesa_10/02_Ortoimagenes/01_RGBI_16bits/M11C3_RGBI_16_Remesa_10.tif","M11C3_RGBI_16_Remesa_10.tif"
"https://visualizador.ide.uy/descargas/datos/CN_Remesa_10/02_Ortoimagenes/01_RGBI_16bits/M11C4_RGBI_16_Remesa_10.tif","M11C4_RGBI_16_Remesa_10.tif"
"https://visualizador.ide.uy/descargas/datos/CN_Remesa_10/02_Ortoimagenes/01_RGBI_16bits/M11C5_RGBI_16_Remesa_10.tif","M11C5_RGBI_16_Remesa_10.tif"
"https://visualizador.ide.uy/descargas/datos/CN_Remesa_10/02_Ortoimagenes/01_RGBI_16bits/M11C6_RGBI_16_Remesa_10.tif","M11C6_RGBI_16_Remesa_10.tif"
"https://visualizador.ide.uy/descargas/datos/CN_Remesa_10/02_Ortoimagenes/01_RGBI_16bits/M11D1_RGBI_16_Remesa_10.tif","M11D1_RGBI_16_Remesa_10.tif"
"https://visualizador.ide.uy/descargas/datos/CN_Remesa_10/02_Ortoimagenes/01_RGBI_16bits/M11D2_RGBI_16_Remesa_10.tif","M11D2_RGBI_16_Remesa_10.tif"
"https://visualizador.ide.uy/descargas/datos/CN_Remesa_10/02_Ortoimagenes/01_RGBI_16bits/M11D3_RGBI_16_Remesa_10.tif","M11D3_RGBI_16_Remesa_10.tif"
"https://visualizador.ide.uy/descargas/datos/CN_Remesa_10/02_Ortoimagenes/01_RGBI_16bits/M11D4_RGBI_16_Remesa_10.tif","M11D4_RGBI_16_Remesa_10.tif"
"https://visualizador.ide.uy/descargas/datos/CN_Remesa_10/02_Ortoimagenes/01_RGBI_16bits/M11D5_RGBI_16_Remesa_10.tif","M11D5_RGBI_16_Remesa_10.tif"
"https://visualizador.ide.uy/descargas/datos/CN_Remesa_10/02_Ortoimagenes/01_RGBI_16bits/M11D6_RGBI_16_Remesa_10.tif","M11D6_RGBI_16_Remesa_10.tif"
"https://visualizador.ide.uy/descargas/datos/CN_Remesa_10/02_Ortoimagenes/01_RGBI_16bits/M12A1_RGBI_16_Remesa_10.tif","M12A1_RGBI_16_Remesa_10.tif"
"https://visualizador.ide.uy/descargas/datos/CN_Remesa_10/02_Ortoimagenes/01_RGBI_16bits/M12A2_RGBI_16_Remesa_10.tif","M12A2_RGBI_16_Remesa_10.tif"
"https://visualizador.ide.uy/descargas/datos/CN_Remesa_10/02_Ortoimagenes/01_RGBI_16bits/M12A3_RGBI_16_Remesa_10.tif","M12A3_RGBI_16_Remesa_10.tif"
"https://visualizador.ide.uy/descargas/datos/CN_Remesa_10/02_Ortoimagenes/01_RGBI_16bits/M12A4_RGBI_16_Remesa_10.tif","M12A4_RGBI_16_Remesa_10.tif"
"https://visualizador.ide.uy/descargas/datos/CN_Remesa_10/02_Ortoimagenes/01_RGBI_16bits/M12A5_RGBI_16_Remesa_10.tif","M12A5_RGBI_16_Remesa_10.tif"
"https://visualizador.ide.uy/descargas/datos/CN_Remesa_10/02_Ortoimagenes/01_RGBI_16bits/M12A6_RGBI_16_Remesa_10.tif","M12A6_RGBI_16_Remesa_10.tif"
"https://visualizador.ide.uy/descargas/datos/CN_Remesa_10/02_Ortoimagenes/01_RGBI_16bits/M12B1_RGBI_16_Remesa_10.tif","M12B1_RGBI_16_Remesa_10.tif"
"https://visualizador.ide.uy/descargas/datos/CN_Remesa_10/02_Ortoimagenes/01_RGBI_16bits/M12B2_RGBI_16_Remesa_10.tif","M12B2_RGBI_16_Remesa_10.tif"
"https://visualizador.ide.uy/descargas/datos/CN_Remesa_10/02_Ortoimagenes/01_RGBI_16bits/M12B3_RGBI_16_Remesa_10.tif","M12B3_RGBI_16_Remesa_10.tif"
"https://visualizador.ide.uy/descargas/datos/CN_Remesa_10/02_Ortoimagenes/01_RGBI_16bits/M12B4_RGBI_16_Remesa_10.tif","M12B4_RGBI_16_Remesa_10.tif"
"https://visualizador.ide.uy/descargas/datos/CN_Remesa_10/02_Ortoimagenes/01_RGBI_16bits/M12B5_RGBI_16_Remesa_10.tif","M12B5_RGBI_16_Remesa_10.tif"
"https://visualizador.ide.uy/descargas/datos/CN_Remesa_10/02_Ortoimagenes/01_RGBI_16bits/M12B6_RGBI_16_Remesa_10.tif","M12B6_RGBI_16_Remesa_10.tif"
"https://visualizador.ide.uy/descargas/datos/CN_Remesa_10/02_Ortoimagenes/01_RGBI_16bits/M12C1_RGBI_16_Remesa_10.tif","M12C1_RGBI_16_Remesa_10.tif"
"https://visualizador.ide.uy/descargas/datos/CN_Remesa_10/02_Ortoimagenes/01_RGBI_16bits/M12C2_RGBI_16_Remesa_10.tif","M12C2_RGBI_16_Remesa_10.tif"
"https://visualizador.ide.uy/descargas/datos/CN_Remesa_10/02_Ortoimagenes/01_RGBI_16bits/M12C3_RGBI_16_Remesa_10.tif","M12C3_RGBI_16_Remesa_10.tif"
"https://visualizador.ide.uy/descargas/datos/CN_Remesa_10/02_Ortoimagenes/01_RGBI_16bits/M12C4_RGBI_16_Remesa_10.tif","M12C4_RGBI_16_Remesa_10.tif"
"https://visualizador.ide.uy/descargas/datos/CN_Remesa_10/02_Ortoimagenes/01_RGBI_16bits/M12C5_RGBI_16_Remesa_10.tif","M12C5_RGBI_16_Remesa_10.tif"
"https://visualizador.ide.uy/descargas/datos/CN_Remesa_10/02_Ortoimagenes/01_RGBI_16bits/M12C6_RGBI_16_Remesa_10.tif","M12C6_RGBI_16_Remesa_10.tif"
"https://visualizador.ide.uy/descargas/datos/CN_Remesa_10/02_Ortoimagenes/01_RGBI_16bits/M12D1_RGBI_16_Remesa_10.tif","M12D1_RGBI_16_Remesa_10.tif"
"https://visualizador.ide.uy/descargas/datos/CN_Remesa_10/02_Ortoimagenes/01_RGBI_16bits/M12D2_RGBI_16_Remesa_10.tif","M12D2_RGBI_16_Remesa_10.tif"
"https://visualizador.ide.uy/descargas/datos/CN_Remesa_10/02_Ortoimagenes/01_RGBI_16bits/M12D3_RGBI_16_Remesa_10.tif","M12D3_RGBI_16_Remesa_10.tif"
"https://visualizador.ide.uy/descargas/datos/CN_Remesa_10/02_Ortoimagenes/01_RGBI_16bits/M12D4_RGBI_16_Remesa_10.tif","M12D4_RGBI_16_Remesa_10.tif"
"https://visualizador.ide.uy/descargas/datos/CN_Remesa_10/02_Ortoimagenes/01_RGBI_16bits/M12D5_RGBI_16_Remesa_10.tif","M12D5_RGBI_16_Remesa_10.tif"
"https://visualizador.ide.uy/descargas/datos/CN_Remesa_10/02_Ortoimagenes/01_RGBI_16bits/M12D6_RGBI_16_Remesa_10.tif","M12D6_RGBI_16_Remesa_10.tif"
"https://visualizador.ide.uy/descargas/datos/CN_Remesa_10/02_Ortoimagenes/01_RGBI_16bits/M13A1_RGBI_16_Remesa_10.tif","M13A1_RGBI_16_Remesa_10.tif"
"https://visualizador.ide.uy/descargas/datos/CN_Remesa_10/02_Ortoimagenes/01_RGBI_16bits/M13A2_RGBI_16_Remesa_10.tif","M13A2_RGBI_16_Remesa_10.tif"
"https://visualizador.ide.uy/descargas/datos/CN_Remesa_10/02_Ortoimagenes/01_RGBI_16bits/M13A3_RGBI_16_Remesa_10.tif","M13A3_RGBI_16_Remesa_10.tif"
"https://visualizador.ide.uy/descargas/datos/CN_Remesa_10/02_Ortoimagenes/01_RGBI_16bits/M13A4_RGBI_16_Remesa_10.tif","M13A4_RGBI_16_Remesa_10.tif"
"https://visualizador.ide.uy/descargas/datos/CN_Remesa_10/02_Ortoimagenes/01_RGBI_16bits/M13A5_RGBI_16_Remesa_10.tif","M13A5_RGBI_16_Remesa_10.tif"
"https://visualizador.ide.uy/descargas/datos/CN_Remesa_10/02_Ortoimagenes/01_RGBI_16bits/M13A6_RGBI_16_Remesa_10.tif","M13A6_RGBI_16_Remesa_10.tif"
"https://visualizador.ide.uy/descargas/datos/CN_Remesa_10/02_Ortoimagenes/01_RGBI_16bits/M13B1_RGBI_16_Remesa_10.tif","M13B1_RGBI_16_Remesa_10.tif"
"https://visualizador.ide.uy/descargas/datos/CN_Remesa_10/02_Ortoimagenes/01_RGBI_16bits/M13B2_RGBI_16_Remesa_10.tif","M13B2_RGBI_16_Remesa_10.tif"
"https://visualizador.ide.uy/descargas/datos/CN_Remesa_10/02_Ortoimagenes/01_RGBI_16bits/M13B3_RGBI_16_Remesa_10.tif","M13B3_RGBI_16_Remesa_10.tif"
"https://visualizador.ide.uy/descargas/datos/CN_Remesa_10/02_Ortoimagenes/01_RGBI_16bits/M13B4_RGBI_16_Remesa_10.tif","M13B4_RGBI_16_Remesa_10.tif"
"https://visualizador.ide.uy/descargas/datos/CN_Remesa_10/02_Ortoimagenes/01_RGBI_16bits/M13B5_RGBI_16_Remesa_10.tif","M13B5_RGBI_16_Remesa_10.tif"
"https://visualizador.ide.uy/descargas/datos/CN_Remesa_10/02_Ortoimagenes/01_RGBI_16bits/M13B6_RGBI_16_Remesa_10.tif","M13B6_RGBI_16_Remesa_10.tif"
"https://visualizador.ide.uy/descargas/datos/CN_Remesa_10/02_Ortoimagenes/01_RGBI_16bits/M13C1_RGBI_16_Remesa_10.tif","M13C1_RGBI_16_Remesa_10.tif"
"https://visualizador.ide.uy/descargas/datos/CN_Remesa_10/02_Ortoimagenes/01_RGBI_16bits/M13C2_RGBI_16_Remesa_10.tif","M13C2_RGBI_16_Remesa_10.tif"
"https://visualizador.ide.uy/descargas/datos/CN_Remesa_10/02_Ortoimagenes/01_RGBI_16bits/M13C3_RGBI_16_Remesa_10.tif","M13C3_RGBI_16_Remesa_10.tif"
"https://visualizador.ide.uy/descargas/datos/CN_Remesa_10/02_Ortoimagenes/01_RGBI_16bits/M13C4_RGBI_16_Remesa_10.tif","M13C4_RGBI_16_Remesa_10.tif"
"https://visualizador.ide.uy/descargas/datos/CN_Remesa_10/02_Ortoimagenes/01_RGBI_16bits/M13C5_RGBI_16_Remesa_10.tif","M13C5_RGBI_16_Remesa_10.tif"
"https://visualizador.ide.uy/descargas/datos/CN_Remesa_10/02_Ortoimagenes/01_RGBI_16bits/M13C6_RGBI_16_Remesa_10.tif","M13C6_RGBI_16_Remesa_10.tif"
"https://visualizador.ide.uy/descargas/datos/CN_Remesa_10/02_Ortoimagenes/01_RGBI_16bits/M13D1_RGBI_16_Remesa_10.tif","M13D1_RGBI_16_Remesa_10.tif"
"https://visualizador.ide.uy/descargas/datos/CN_Remesa_10/02_Ortoimagenes/01_RGBI_16bits/M13D2_RGBI_16_Remesa_10.tif","M13D2_RGBI_16_Remesa_10.tif"
"https://visualizador.ide.uy/descargas/datos/CN_Remesa_10/02_Ortoimagenes/01_RGBI_16bits/M13D3_RGBI_16_Remesa_10.tif","M13D3_RGBI_16_Remesa_10.tif"
"https://visualizador.ide.uy/descargas/datos/CN_Remesa_10/02_Ortoimagenes/01_RGBI_16bits/M13D4_RGBI_16_Remesa_10.tif","M13D4_RGBI_16_Remesa_10.tif"
"https://visualizador.ide.uy/descargas/datos/CN_Remesa_10/02_Ortoimagenes/01_RGBI_16bits/M13D5_RGBI_16_Remesa_10.tif","M13D5_RGBI_16_Remesa_10.tif"
"https://visualizador.ide.uy/descargas/datos/CN_Remesa_10/02_Ortoimagenes/01_RGBI_16bits/M13D6_RGBI_16_Remesa_10.tif","M13D6_RGBI_16_Remesa_10.tif"
"https://visualizador.ide.uy/descargas/datos/CN_Remesa_10/02_Ortoimagenes/01_RGBI_16bits/M14A1_RGBI_16_Remesa_10.tif","M14A1_RGBI_16_Remesa_10.tif"
"https://visualizador.ide.uy/descargas/datos/CN_Remesa_10/02_Ortoimagenes/01_RGBI_16bits/M14A2_RGBI_16_Remesa_10.tif","M14A2_RGBI_16_Remesa_10.tif"
"https://visualizador.ide.uy/descargas/datos/CN_Remesa_10/02_Ortoimagenes/01_RGBI_16bits/M14A3_RGBI_16_Remesa_10.tif","M14A3_RGBI_16_Remesa_10.tif"
"https://visualizador.ide.uy/descargas/datos/CN_Remesa_10/02_Ortoimagenes/01_RGBI_16bits/M14A4_RGBI_16_Remesa_10.tif","M14A4_RGBI_16_Remesa_10.tif"
"https://visualizador.ide.uy/descargas/datos/CN_Remesa_10/02_Ortoimagenes/01_RGBI_16bits/M14A5_RGBI_16_Remesa_10.tif","M14A5_RGBI_16_Remesa_10.tif"
"https://visualizador.ide.uy/descargas/datos/CN_Remesa_10/02_Ortoimagenes/01_RGBI_16bits/M14A6_RGBI_16_Remesa_10.tif","M14A6_RGBI_16_Remesa_10.tif"
"https://visualizador.ide.uy/descargas/datos/CN_Remesa_10/02_Ortoimagenes/01_RGBI_16bits/M14B1_RGBI_16_Remesa_10.tif","M14B1_RGBI_16_Remesa_10.tif"
"https://visualizador.ide.uy/descargas/datos/CN_Remesa_10/02_Ortoimagenes/01_RGBI_16bits/M14B2_RGBI_16_Remesa_10.tif","M14B2_RGBI_16_Remesa_10.tif"
"https://visualizador.ide.uy/descargas/datos/CN_Remesa_10/02_Ortoimagenes/01_RGBI_16bits/M14B3_RGBI_16_Remesa_10.tif","M14B3_RGBI_16_Remesa_10.tif"
"https://visualizador.ide.uy/descargas/datos/CN_Remesa_10/02_Ortoimagenes/01_RGBI_16bits/M14B4_RGBI_16_Remesa_10.tif","M14B4_RGBI_16_Remesa_10.tif"
"https://visualizador.ide.uy/descargas/datos/CN_Remesa_10/02_Ortoimagenes/01_RGBI_16bits/M14B5_RGBI_16_Remesa_10.tif","M14B5_RGBI_16_Remesa_10.tif"
"https://visualizador.ide.uy/descargas/datos/CN_Remesa_10/02_Ortoimagenes/01_RGBI_16bits/M14B6_RGBI_16_Remesa_10.tif","M14B6_RGBI_16_Remesa_10.tif"
"https://visualizador.ide.uy/descargas/datos/CN_Remesa_10/02_Ortoimagenes/01_RGBI_16bits/M14C1_RGBI_16_Remesa_10.tif","M14C1_RGBI_16_Remesa_10.tif"
"https://visualizador.ide.uy/descargas/datos/CN_Remesa_10/02_Ortoimagenes/01_RGBI_16bits/M14C2_RGBI_16_Remesa_10.tif","M14C2_RGBI_16_Remesa_10.tif"
"https://visualizador.ide.uy/descargas/datos/CN_Remesa_10/02_Ortoimagenes/01_RGBI_16bits/M14C3_RGBI_16_Remesa_10.tif","M14C3_RGBI_16_Remesa_10.tif"
"https://visualizador.ide.uy/descargas/datos/CN_Remesa_10/02_Ortoimagenes/01_RGBI_16bits/M14D1_RGBI_16_Remesa_10.tif","M14D1_RGBI_16_Remesa_10.tif"
"https://visualizador.ide.uy/descargas/datos/CN_Remesa_10/02_Ortoimagenes/01_RGBI_16bits/M14D2_RGBI_16_Remesa_10.tif","M14D2_RGBI_16_Remesa_10.tif"
"https://visualizador.ide.uy/descargas/datos/CN_Remesa_10/02_Ortoimagenes/01_RGBI_16bits/M14D3_RGBI_16_Remesa_10.tif","M14D3_RGBI_16_Remesa_10.tif"
"https://visualizador.ide.uy/descargas/datos/CN_Remesa_10/02_Ortoimagenes/01_RGBI_16bits/N09C1_RGBI_16_Remesa_10.tif","N09C1_RGBI_16_Remesa_10.tif"
"https://visualizador.ide.uy/descargas/datos/CN_Remesa_10/02_Ortoimagenes/01_RGBI_16bits/N09C2_RGBI_16_Remesa_10.tif","N09C2_RGBI_16_Remesa_10.tif"
"https://visualizador.ide.uy/descargas/datos/CN_Remesa_10/02_Ortoimagenes/01_RGBI_16bits/N09C3_RGBI_16_Remesa_10.tif","N09C3_RGBI_16_Remesa_10.tif"
"https://visualizador.ide.uy/descargas/datos/CN_Remesa_10/02_Ortoimagenes/01_RGBI_16bits/N09C4_RGBI_16_Remesa_10.tif","N09C4_RGBI_16_Remesa_10.tif"
"https://visualizador.ide.uy/descargas/datos/CN_Remesa_10/02_Ortoimagenes/01_RGBI_16bits/N09C5_RGBI_16_Remesa_10.tif","N09C5_RGBI_16_Remesa_10.tif"
"https://visualizador.ide.uy/descargas/datos/CN_Remesa_10/02_Ortoimagenes/01_RGBI_16bits/N09C6_RGBI_16_Remesa_10.tif","N09C6_RGBI_16_Remesa_10.tif"
"https://visualizador.ide.uy/descargas/datos/CN_Remesa_10/02_Ortoimagenes/01_RGBI_16bits/N09D1_RGBI_16_Remesa_10.tif","N09D1_RGBI_16_Remesa_10.tif"
"https://visualizador.ide.uy/descargas/datos/CN_Remesa_10/02_Ortoimagenes/01_RGBI_16bits/N09D2_RGBI_16_Remesa_10.tif","N09D2_RGBI_16_Remesa_10.tif"
"https://visualizador.ide.uy/descargas/datos/CN_Remesa_10/02_Ortoimagenes/01_RGBI_16bits/N09D3_RGBI_16_Remesa_10.tif","N09D3_RGBI_16_Remesa_10.tif"
"https://visualizador.ide.uy/descargas/datos/CN_Remesa_10/02_Ortoimagenes/01_RGBI_16bits/N09D4_RGBI_16_Remesa_10.tif","N09D4_RGBI_16_Remesa_10.tif"
"https://visualizador.ide.uy/descargas/datos/CN_Remesa_10/02_Ortoimagenes/01_RGBI_16bits/N09D5_RGBI_16_Remesa_10.tif","N09D5_RGBI_16_Remesa_10.tif"
"https://visualizador.ide.uy/descargas/datos/CN_Remesa_10/02_Ortoimagenes/01_RGBI_16bits/N09D6_RGBI_16_Remesa_10.tif","N09D6_RGBI_16_Remesa_10.tif"
"https://visualizador.ide.uy/descargas/datos/CN_Remesa_10/02_Ortoimagenes/01_RGBI_16bits/N10A1_RGBI_16_Remesa_10.tif","N10A1_RGBI_16_Remesa_10.tif"
"https://visualizador.ide.uy/descargas/datos/CN_Remesa_10/02_Ortoimagenes/01_RGBI_16bits/N10A2_RGBI_16_Remesa_10.tif","N10A2_RGBI_16_Remesa_10.tif"
"https://visualizador.ide.uy/descargas/datos/CN_Remesa_10/02_Ortoimagenes/01_RGBI_16bits/N10A3_RGBI_16_Remesa_10.tif","N10A3_RGBI_16_Remesa_10.tif"
"https://visualizador.ide.uy/descargas/datos/CN_Remesa_10/02_Ortoimagenes/01_RGBI_16bits/N10A4_RGBI_16_Remesa_10.tif","N10A4_RGBI_16_Remesa_10.tif"
"https://visualizador.ide.uy/descargas/datos/CN_Remesa_10/02_Ortoimagenes/01_RGBI_16bits/N10A5_RGBI_16_Remesa_10.tif","N10A5_RGBI_16_Remesa_10.tif"
"https://visualizador.ide.uy/descargas/datos/CN_Remesa_10/02_Ortoimagenes/01_RGBI_16bits/N10A6_RGBI_16_Remesa_10.tif","N10A6_RGBI_16_Remesa_10.tif"
"https://visualizador.ide.uy/descargas/datos/CN_Remesa_10/02_Ortoimagenes/01_RGBI_16bits/N10B1_RGBI_16_Remesa_10.tif","N10B1_RGBI_16_Remesa_10.tif"
"https://visualizador.ide.uy/descargas/datos/CN_Remesa_10/02_Ortoimagenes/01_RGBI_16bits/N10B2_RGBI_16_Remesa_10.tif","N10B2_RGBI_16_Remesa_10.tif"
"https://visualizador.ide.uy/descargas/datos/CN_Remesa_10/02_Ortoimagenes/01_RGBI_16bits/N10B3_RGBI_16_Remesa_10.tif","N10B3_RGBI_16_Remesa_10.tif"
"https://visualizador.ide.uy/descargas/datos/CN_Remesa_10/02_Ortoimagenes/01_RGBI_16bits/N10B4_RGBI_16_Remesa_10.tif","N10B4_RGBI_16_Remesa_10.tif"
"https://visualizador.ide.uy/descargas/datos/CN_Remesa_10/02_Ortoimagenes/01_RGBI_16bits/N10B5_RGBI_16_Remesa_10.tif","N10B5_RGBI_16_Remesa_10.tif"
"https://visualizador.ide.uy/descargas/datos/CN_Remesa_10/02_Ortoimagenes/01_RGBI_16bits/N10B6_RGBI_16_Remesa_10.tif","N10B6_RGBI_16_Remesa_10.tif"
"https://visualizador.ide.uy/descargas/datos/CN_Remesa_10/02_Ortoimagenes/01_RGBI_16bits/N10C1_RGBI_16_Remesa_10.tif","N10C1_RGBI_16_Remesa_10.tif"
"https://visualizador.ide.uy/descargas/datos/CN_Remesa_10/02_Ortoimagenes/01_RGBI_16bits/N10C2_RGBI_16_Remesa_10.tif","N10C2_RGBI_16_Remesa_10.tif"
"https://visualizador.ide.uy/descargas/datos/CN_Remesa_10/02_Ortoimagenes/01_RGBI_16bits/N10C3_RGBI_16_Remesa_10.tif","N10C3_RGBI_16_Remesa_10.tif"
"https://visualizador.ide.uy/descargas/datos/CN_Remesa_10/02_Ortoimagenes/01_RGBI_16bits/N10C4_RGBI_16_Remesa_10.tif","N10C4_RGBI_16_Remesa_10.tif"
"https://visualizador.ide.uy/descargas/datos/CN_Remesa_10/02_Ortoimagenes/01_RGBI_16bits/N10C5_RGBI_16_Remesa_10.tif","N10C5_RGBI_16_Remesa_10.tif"
"https://visualizador.ide.uy/descargas/datos/CN_Remesa_10/02_Ortoimagenes/01_RGBI_16bits/N10C6_RGBI_16_Remesa_10.tif","N10C6_RGBI_16_Remesa_10.tif"
"https://visualizador.ide.uy/descargas/datos/CN_Remesa_10/02_Ortoimagenes/01_RGBI_16bits/N10D1_RGBI_16_Remesa_10.tif","N10D1_RGBI_16_Remesa_10.tif"
"https://visualizador.ide.uy/descargas/datos/CN_Remesa_10/02_Ortoimagenes/01_RGBI_16bits/N10D2_RGBI_16_Remesa_10.tif","N10D2_RGBI_16_Remesa_10.tif"
"https://visualizador.ide.uy/descargas/datos/CN_Remesa_10/02_Ortoimagenes/01_RGBI_16bits/N10D3_RGBI_16_Remesa_10.tif","N10D3_RGBI_16_Remesa_10.tif"
"https://visualizador.ide.uy/descargas/datos/CN_Remesa_10/02_Ortoimagenes/01_RGBI_16bits/N10D4_RGBI_16_Remesa_10.tif","N10D4_RGBI_16_Remesa_10.tif"
"https://visualizador.ide.uy/descargas/datos/CN_Remesa_10/02_Ortoimagenes/01_RGBI_16bits/N10D5_RGBI_16_Remesa_10.tif","N10D5_RGBI_16_Remesa_10.tif"
"https://visualizador.ide.uy/descargas/datos/CN_Remesa_10/02_Ortoimagenes/01_RGBI_16bits/N10D6_RGBI_16_Remesa_10.tif","N10D6_RGBI_16_Remesa_10.tif"
"https://visualizador.ide.uy/descargas/datos/CN_Remesa_10/02_Ortoimagenes/01_RGBI_16bits/N11A1_RGBI_16_Remesa_10.tif","N11A1_RGBI_16_Remesa_10.tif"
"https://visualizador.ide.uy/descargas/datos/CN_Remesa_10/02_Ortoimagenes/01_RGBI_16bits/N11A2_RGBI_16_Remesa_10.tif","N11A2_RGBI_16_Remesa_10.tif"
"https://visualizador.ide.uy/descargas/datos/CN_Remesa_10/02_Ortoimagenes/01_RGBI_16bits/N11A3_RGBI_16_Remesa_10.tif","N11A3_RGBI_16_Remesa_10.tif"
"https://visualizador.ide.uy/descargas/datos/CN_Remesa_10/02_Ortoimagenes/01_RGBI_16bits/N11A4_RGBI_16_Remesa_10.tif","N11A4_RGBI_16_Remesa_10.tif"
"https://visualizador.ide.uy/descargas/datos/CN_Remesa_10/02_Ortoimagenes/01_RGBI_16bits/N11A5_RGBI_16_Remesa_10.tif","N11A5_RGBI_16_Remesa_10.tif"
"https://visualizador.ide.uy/descargas/datos/CN_Remesa_10/02_Ortoimagenes/01_RGBI_16bits/N11A6_RGBI_16_Remesa_10.tif","N11A6_RGBI_16_Remesa_10.tif"
"https://visualizador.ide.uy/descargas/datos/CN_Remesa_10/02_Ortoimagenes/01_RGBI_16bits/N11B1_RGBI_16_Remesa_10.tif","N11B1_RGBI_16_Remesa_10.tif"
"https://visualizador.ide.uy/descargas/datos/CN_Remesa_10/02_Ortoimagenes/01_RGBI_16bits/N11B2_RGBI_16_Remesa_10.tif","N11B2_RGBI_16_Remesa_10.tif"
"https://visualizador.ide.uy/descargas/datos/CN_Remesa_10/02_Ortoimagenes/01_RGBI_16bits/N11B3_RGBI_16_Remesa_10.tif","N11B3_RGBI_16_Remesa_10.tif"
"https://visualizador.ide.uy/descargas/datos/CN_Remesa_10/02_Ortoimagenes/01_RGBI_16bits/N11B4_RGBI_16_Remesa_10.tif","N11B4_RGBI_16_Remesa_10.tif"
"https://visualizador.ide.uy/descargas/datos/CN_Remesa_10/02_Ortoimagenes/01_RGBI_16bits/N11B5_RGBI_16_Remesa_10.tif","N11B5_RGBI_16_Remesa_10.tif"
"https://visualizador.ide.uy/descargas/datos/CN_Remesa_10/02_Ortoimagenes/01_RGBI_16bits/N11B6_RGBI_16_Remesa_10.tif","N11B6_RGBI_16_Remesa_10.tif"
"https://visualizador.ide.uy/descargas/datos/CN_Remesa_10/02_Ortoimagenes/01_RGBI_16bits/N11C1_RGBI_16_Remesa_10.tif","N11C1_RGBI_16_Remesa_10.tif"
"https://visualizador.ide.uy/descargas/datos/CN_Remesa_10/02_Ortoimagenes/01_RGBI_16bits/N11C2_RGBI_16_Remesa_10.tif","N11C2_RGBI_16_Remesa_10.tif"
"https://visualizador.ide.uy/descargas/datos/CN_Remesa_10/02_Ortoimagenes/01_RGBI_16bits/N11C3_RGBI_16_Remesa_10.tif","N11C3_RGBI_16_Remesa_10.tif"
"https://visualizador.ide.uy/descargas/datos/CN_Remesa_10/02_Ortoimagenes/01_RGBI_16bits/N11C4_RGBI_16_Remesa_10.tif","N11C4_RGBI_16_Remesa_10.tif"
"https://visualizador.ide.uy/descargas/datos/CN_Remesa_10/02_Ortoimagenes/01_RGBI_16bits/N11C5_RGBI_16_Remesa_10.tif","N11C5_RGBI_16_Remesa_10.tif"
"https://visualizador.ide.uy/descargas/datos/CN_Remesa_10/02_Ortoimagenes/01_RGBI_16bits/N11C6_RGBI_16_Remesa_10.tif","N11C6_RGBI_16_Remesa_10.tif"
"https://visualizador.ide.uy/descargas/datos/CN_Remesa_10/02_Ortoimagenes/01_RGBI_16bits/N11D1_RGBI_16_Remesa_10.tif","N11D1_RGBI_16_Remesa_10.tif"
"https://visualizador.ide.uy/descargas/datos/CN_Remesa_10/02_Ortoimagenes/01_RGBI_16bits/N11D2_RGBI_16_Remesa_10.tif","N11D2_RGBI_16_Remesa_10.tif"
"https://visualizador.ide.uy/descargas/datos/CN_Remesa_10/02_Ortoimagenes/01_RGBI_16bits/N11D3_RGBI_16_Remesa_10.tif","N11D3_RGBI_16_Remesa_10.tif"
"https://visualizador.ide.uy/descargas/datos/CN_Remesa_10/02_Ortoimagenes/01_RGBI_16bits/N11D4_RGBI_16_Remesa_10.tif","N11D4_RGBI_16_Remesa_10.tif"
"https://visualizador.ide.uy/descargas/datos/CN_Remesa_10/02_Ortoimagenes/01_RGBI_16bits/N11D5_RGBI_16_Remesa_10.tif","N11D5_RGBI_16_Remesa_10.tif"
"https://visualizador.ide.uy/descargas/datos/CN_Remesa_10/02_Ortoimagenes/01_RGBI_16bits/N11D6_RGBI_16_Remesa_10.tif","N11D6_RGBI_16_Remesa_10.tif"
"https://visualizador.ide.uy/descargas/datos/CN_Remesa_10/02_Ortoimagenes/01_RGBI_16bits/N12A1_RGBI_16_Remesa_10.tif","N12A1_RGBI_16_Remesa_10.tif"
"https://visualizador.ide.uy/descargas/datos/CN_Remesa_10/02_Ortoimagenes/01_RGBI_16bits/N12A2_RGBI_16_Remesa_10.tif","N12A2_RGBI_16_Remesa_10.tif"
"https://visualizador.ide.uy/descargas/datos/CN_Remesa_10/02_Ortoimagenes/01_RGBI_16bits/N12A3_RGBI_16_Remesa_10.tif","N12A3_RGBI_16_Remesa_10.tif"
"https://visualizador.ide.uy/descargas/datos/CN_Remesa_10/02_Ortoimagenes/01_RGBI_16bits/N12A4_RGBI_16_Remesa_10.tif","N12A4_RGBI_16_Remesa_10.tif"
"https://visualizador.ide.uy/descargas/datos/CN_Remesa_10/02_Ortoimagenes/01_RGBI_16bits/N12A5_RGBI_16_Remesa_10.tif","N12A5_RGBI_16_Remesa_10.tif"
"https://visualizador.ide.uy/descargas/datos/CN_Remesa_10/02_Ortoimagenes/01_RGBI_16bits/N12A6_RGBI_16_Remesa_10.tif","N12A6_RGBI_16_Remesa_10.tif"
"https://visualizador.ide.uy/descargas/datos/CN_Remesa_10/02_Ortoimagenes/01_RGBI_16bits/N12B1_RGBI_16_Remesa_10.tif","N12B1_RGBI_16_Remesa_10.tif"
"https://visualizador.ide.uy/descargas/datos/CN_Remesa_10/02_Ortoimagenes/01_RGBI_16bits/N12B2_RGBI_16_Remesa_10.tif","N12B2_RGBI_16_Remesa_10.tif"
"https://visualizador.ide.uy/descargas/datos/CN_Remesa_10/02_Ortoimagenes/01_RGBI_16bits/N12B3_RGBI_16_Remesa_10.tif","N12B3_RGBI_16_Remesa_10.tif"
"https://visualizador.ide.uy/descargas/datos/CN_Remesa_10/02_Ortoimagenes/01_RGBI_16bits/N12B4_RGBI_16_Remesa_10.tif","N12B4_RGBI_16_Remesa_10.tif"
"https://visualizador.ide.uy/descargas/datos/CN_Remesa_10/02_Ortoimagenes/01_RGBI_16bits/N12B5_RGBI_16_Remesa_10.tif","N12B5_RGBI_16_Remesa_10.tif"
"https://visualizador.ide.uy/descargas/datos/CN_Remesa_10/02_Ortoimagenes/01_RGBI_16bits/N12B6_RGBI_16_Remesa_10.tif","N12B6_RGBI_16_Remesa_10.tif"
"https://visualizador.ide.uy/descargas/datos/CN_Remesa_10/02_Ortoimagenes/01_RGBI_16bits/N12C1_RGBI_16_Remesa_10.tif","N12C1_RGBI_16_Remesa_10.tif"
"https://visualizador.ide.uy/descargas/datos/CN_Remesa_10/02_Ortoimagenes/01_RGBI_16bits/N12C2_RGBI_16_Remesa_10.tif","N12C2_RGBI_16_Remesa_10.tif"
"https://visualizador.ide.uy/descargas/datos/CN_Remesa_10/02_Ortoimagenes/01_RGBI_16bits/N12C3_RGBI_16_Remesa_10.tif","N12C3_RGBI_16_Remesa_10.tif"
"https://visualizador.ide.uy/descargas/datos/CN_Remesa_10/02_Ortoimagenes/01_RGBI_16bits/N12C4_RGBI_16_Remesa_10.tif","N12C4_RGBI_16_Remesa_10.tif"
"https://visualizador.ide.uy/descargas/datos/CN_Remesa_10/02_Ortoimagenes/01_RGBI_16bits/N12C5_RGBI_16_Remesa_10.tif","N12C5_RGBI_16_Remesa_10.tif"
"https://visualizador.ide.uy/descargas/datos/CN_Remesa_10/02_Ortoimagenes/01_RGBI_16bits/N12C6_RGBI_16_Remesa_10.tif","N12C6_RGBI_16_Remesa_10.tif"
"https://visualizador.ide.uy/descargas/datos/CN_Remesa_10/02_Ortoimagenes/01_RGBI_16bits/N12D1_RGBI_16_Remesa_10.tif","N12D1_RGBI_16_Remesa_10.tif"
"https://visualizador.ide.uy/descargas/datos/CN_Remesa_10/02_Ortoimagenes/01_RGBI_16bits/N12D2_RGBI_16_Remesa_10.tif","N12D2_RGBI_16_Remesa_10.tif"
"https://visualizador.ide.uy/descargas/datos/CN_Remesa_10/02_Ortoimagenes/01_RGBI_16bits/N12D3_RGBI_16_Remesa_10.tif","N12D3_RGBI_16_Remesa_10.tif"
"https://visualizador.ide.uy/descargas/datos/CN_Remesa_10/02_Ortoimagenes/01_RGBI_16bits/N12D4_RGBI_16_Remesa_10.tif","N12D4_RGBI_16_Remesa_10.tif"
"https://visualizador.ide.uy/descargas/datos/CN_Remesa_10/02_Ortoimagenes/01_RGBI_16bits/N12D5_RGBI_16_Remesa_10.tif","N12D5_RGBI_16_Remesa_10.tif"
"https://visualizador.ide.uy/descargas/datos/CN_Remesa_10/02_Ortoimagenes/01_RGBI_16bits/N12D6_RGBI_16_Remesa_10.tif","N12D6_RGBI_16_Remesa_10.tif"
"https://visualizador.ide.uy/descargas/datos/CN_Remesa_10/02_Ortoimagenes/01_RGBI_16bits/N13A1_RGBI_16_Remesa_10.tif","N13A1_RGBI_16_Remesa_10.tif"
"https://visualizador.ide.uy/descargas/datos/CN_Remesa_10/02_Ortoimagenes/01_RGBI_16bits/N13A2_RGBI_16_Remesa_10.tif","N13A2_RGBI_16_Remesa_10.tif"
"https://visualizador.ide.uy/descargas/datos/CN_Remesa_10/02_Ortoimagenes/01_RGBI_16bits/N13A3_RGBI_16_Remesa_10.tif","N13A3_RGBI_16_Remesa_10.tif"
"https://visualizador.ide.uy/descargas/datos/CN_Remesa_10/02_Ortoimagenes/01_RGBI_16bits/N13A4_RGBI_16_Remesa_10.tif","N13A4_RGBI_16_Remesa_10.tif"
"https://visualizador.ide.uy/descargas/datos/CN_Remesa_10/02_Ortoimagenes/01_RGBI_16bits/N13A5_RGBI_16_Remesa_10.tif","N13A5_RGBI_16_Remesa_10.tif"
"https://visualizador.ide.uy/descargas/datos/CN_Remesa_10/02_Ortoimagenes/01_RGBI_16bits/N13A6_RGBI_16_Remesa_10.tif","N13A6_RGBI_16_Remesa_10.tif"
"https://visualizador.ide.uy/descargas/datos/CN_Remesa_10/02_Ortoimagenes/01_RGBI_16bits/N13B1_RGBI_16_Remesa_10.tif","N13B1_RGBI_16_Remesa_10.tif"
"https://visualizador.ide.uy/descargas/datos/CN_Remesa_10/02_Ortoimagenes/01_RGBI_16bits/N13B2_RGBI_16_Remesa_10.tif","N13B2_RGBI_16_Remesa_10.tif"
"https://visualizador.ide.uy/descargas/datos/CN_Remesa_10/02_Ortoimagenes/01_RGBI_16bits/N13B3_RGBI_16_Remesa_10.tif","N13B3_RGBI_16_Remesa_10.tif"
"https://visualizador.ide.uy/descargas/datos/CN_Remesa_10/02_Ortoimagenes/01_RGBI_16bits/N13B4_RGBI_16_Remesa_10.tif","N13B4_RGBI_16_Remesa_10.tif"
"https://visualizador.ide.uy/descargas/datos/CN_Remesa_10/02_Ortoimagenes/01_RGBI_16bits/N13B5_RGBI_16_Remesa_10.tif","N13B5_RGBI_16_Remesa_10.tif"
"https://visualizador.ide.uy/descargas/datos/CN_Remesa_10/02_Ortoimagenes/01_RGBI_16bits/N13B6_RGBI_16_Remesa_10.tif","N13B6_RGBI_16_Remesa_10.tif"
"https://visualizador.ide.uy/descargas/datos/CN_Remesa_10/02_Ortoimagenes/01_RGBI_16bits/N13C1_RGBI_16_Remesa_10.tif","N13C1_RGBI_16_Remesa_10.tif"
"https://visualizador.ide.uy/descargas/datos/CN_Remesa_10/02_Ortoimagenes/01_RGBI_16bits/N13C2_RGBI_16_Remesa_10.tif","N13C2_RGBI_16_Remesa_10.tif"
"https://visualizador.ide.uy/descargas/datos/CN_Remesa_10/02_Ortoimagenes/01_RGBI_16bits/N13C3_RGBI_16_Remesa_10.tif","N13C3_RGBI_16_Remesa_10.tif"
"https://visualizador.ide.uy/descargas/datos/CN_Remesa_10/02_Ortoimagenes/01_RGBI_16bits/N13C4_RGBI_16_Remesa_10.tif","N13C4_RGBI_16_Remesa_10.tif"
"https://visualizador.ide.uy/descargas/datos/CN_Remesa_10/02_Ortoimagenes/01_RGBI_16bits/N13C5_RGBI_16_Remesa_10.tif","N13C5_RGBI_16_Remesa_10.tif"
"https://visualizador.ide.uy/descargas/datos/CN_Remesa_10/02_Ortoimagenes/01_RGBI_16bits/N13C6_RGBI_16_Remesa_10.tif","N13C6_RGBI_16_Remesa_10.tif"
"https://visualizador.ide.uy/descargas/datos/CN_Remesa_10/02_Ortoimagenes/01_RGBI_16bits/N13D1_RGBI_16_Remesa_10.tif","N13D1_RGBI_16_Remesa_10.tif"
"https://visualizador.ide.uy/descargas/datos/CN_Remesa_10/02_Ortoimagenes/01_RGBI_16bits/N13D2_RGBI_16_Remesa_10.tif","N13D2_RGBI_16_Remesa_10.tif"
"https://visualizador.ide.uy/descargas/datos/CN_Remesa_10/02_Ortoimagenes/01_RGBI_16bits/N13D3_RGBI_16_Remesa_10.tif","N13D3_RGBI_16_Remesa_10.tif"
"https://visualizador.ide.uy/descargas/datos/CN_Remesa_10/02_Ortoimagenes/01_RGBI_16bits/N13D4_RGBI_16_Remesa_10.tif","N13D4_RGBI_16_Remesa_10.tif"
"https://visualizador.ide.uy/descargas/datos/CN_Remesa_10/02_Ortoimagenes/01_RGBI_16bits/N13D5_RGBI_16_Remesa_10.tif","N13D5_RGBI_16_Remesa_10.tif"
"https://visualizador.ide.uy/descargas/datos/CN_Remesa_10/02_Ortoimagenes/01_RGBI_16bits/N13D6_RGBI_16_Remesa_10.tif","N13D6_RGBI_16_Remesa_10.tif"
"https://visualizador.ide.uy/descargas/datos/CN_Remesa_10/02_Ortoimagenes/01_RGBI_16bits/N14A1_RGBI_16_Remesa_10.tif","N14A1_RGBI_16_Remesa_10.tif"
"https://visualizador.ide.uy/descargas/datos/CN_Remesa_10/02_Ortoimagenes/01_RGBI_16bits/N14A2_RGBI_16_Remesa_10.tif","N14A2_RGBI_16_Remesa_10.tif"
"https://visualizador.ide.uy/descargas/datos/CN_Remesa_10/02_Ortoimagenes/01_RGBI_16bits/N14A3_RGBI_16_Remesa_10.tif","N14A3_RGBI_16_Remesa_10.tif"
"https://visualizador.ide.uy/descargas/datos/CN_Remesa_10/02_Ortoimagenes/01_RGBI_16bits/N14A4_RGBI_16_Remesa_10.tif","N14A4_RGBI_16_Remesa_10.tif"
"https://visualizador.ide.uy/descargas/datos/CN_Remesa_10/02_Ortoimagenes/01_RGBI_16bits/N14A5_RGBI_16_Remesa_10.tif","N14A5_RGBI_16_Remesa_10.tif"
"https://visualizador.ide.uy/descargas/datos/CN_Remesa_10/02_Ortoimagenes/01_RGBI_16bits/N14A6_RGBI_16_Remesa_10.tif","N14A6_RGBI_16_Remesa_10.tif"
"https://visualizador.ide.uy/descargas/datos/CN_Remesa_10/02_Ortoimagenes/01_RGBI_16bits/N14B1_RGBI_16_Remesa_10.tif","N14B1_RGBI_16_Remesa_10.tif"
"https://visualizador.ide.uy/descargas/datos/CN_Remesa_10/02_Ortoimagenes/01_RGBI_16bits/N14B2_RGBI_16_Remesa_10.tif","N14B2_RGBI_16_Remesa_10.tif"
"https://visualizador.ide.uy/descargas/datos/CN_Remesa_10/02_Ortoimagenes/01_RGBI_16bits/N14B3_RGBI_16_Remesa_10.tif","N14B3_RGBI_16_Remesa_10.tif"
"https://visualizador.ide.uy/descargas/datos/CN_Remesa_10/02_Ortoimagenes/01_RGBI_16bits/N14B4_RGBI_16_Remesa_10.tif","N14B4_RGBI_16_Remesa_10.tif"
"https://visualizador.ide.uy/descargas/datos/CN_Remesa_10/02_Ortoimagenes/01_RGBI_16bits/N14B5_RGBI_16_Remesa_10.tif","N14B5_RGBI_16_Remesa_10.tif"
"https://visualizador.ide.uy/descargas/datos/CN_Remesa_10/02_Ortoimagenes/01_RGBI_16bits/N14B6_RGBI_16_Remesa_10.tif","N14B6_RGBI_16_Remesa_10.tif"
"https://visualizador.ide.uy/descargas/datos/CN_Remesa_10/02_Ortoimagenes/01_RGBI_16bits/N14C1_RGBI_16_Remesa_10.tif","N14C1_RGBI_16_Remesa_10.tif"
"https://visualizador.ide.uy/descargas/datos/CN_Remesa_10/02_Ortoimagenes/01_RGBI_16bits/N14C2_RGBI_16_Remesa_10.tif","N14C2_RGBI_16_Remesa_10.tif"
"https://visualizador.ide.uy/descargas/datos/CN_Remesa_10/02_Ortoimagenes/01_RGBI_16bits/N14C3_RGBI_16_Remesa_10.tif","N14C3_RGBI_16_Remesa_10.tif"
"https://visualizador.ide.uy/descargas/datos/CN_Remesa_10/02_Ortoimagenes/01_RGBI_16bits/N14D1_RGBI_16_Remesa_10.tif","N14D1_RGBI_16_Remesa_10.tif"
"https://visualizador.ide.uy/descargas/datos/CN_Remesa_10/02_Ortoimagenes/01_RGBI_16bits/N14D2_RGBI_16_Remesa_10.tif","N14D2_RGBI_16_Remesa_10.tif"
"https://visualizador.ide.uy/descargas/datos/CN_Remesa_10/02_Ortoimagenes/01_RGBI_16bits/N14D3_RGBI_16_Remesa_10.tif","N14D3_RGBI_16_Remesa_10.tif"
"https://visualizador.ide.uy/descargas/datos/CN_Remesa_10/02_Ortoimagenes/01_RGBI_16bits/O09C1_RGBI_16_Remesa_10.tif","O09C1_RGBI_16_Remesa_10.tif"
"https://visualizador.ide.uy/descargas/datos/CN_Remesa_10/02_Ortoimagenes/01_RGBI_16bits/O09C2_RGBI_16_Remesa_10.tif","O09C2_RGBI_16_Remesa_10.tif"
"https://visualizador.ide.uy/descargas/datos/CN_Remesa_10/02_Ortoimagenes/01_RGBI_16bits/O09C3_RGBI_16_Remesa_10.tif","O09C3_RGBI_16_Remesa_10.tif"
"https://visualizador.ide.uy/descargas/datos/CN_Remesa_10/02_Ortoimagenes/01_RGBI_16bits/O09C4_RGBI_16_Remesa_10.tif","O09C4_RGBI_16_Remesa_10.tif"
"https://visualizador.ide.uy/descargas/datos/CN_Remesa_10/02_Ortoimagenes/01_RGBI_16bits/O09C5_RGBI_16_Remesa_10.tif","O09C5_RGBI_16_Remesa_10.tif"
"https://visualizador.ide.uy/descargas/datos/CN_Remesa_10/02_Ortoimagenes/01_RGBI_16bits/O09C6_RGBI_16_Remesa_10.tif","O09C6_RGBI_16_Remesa_10.tif"
"https://visualizador.ide.uy/descargas/datos/CN_Remesa_10/02_Ortoimagenes/01_RGBI_16bits/O09D1_RGBI_16_Remesa_10.tif","O09D1_RGBI_16_Remesa_10.tif"
"https://visualizador.ide.uy/descargas/datos/CN_Remesa_10/02_Ortoimagenes/01_RGBI_16bits/O09D2_RGBI_16_Remesa_10.tif","O09D2_RGBI_16_Remesa_10.tif"
"https://visualizador.ide.uy/descargas/datos/CN_Remesa_10/02_Ortoimagenes/01_RGBI_16bits/O09D3_RGBI_16_Remesa_10.tif","O09D3_RGBI_16_Remesa_10.tif"
"https://visualizador.ide.uy/descargas/datos/CN_Remesa_10/02_Ortoimagenes/01_RGBI_16bits/O09D4_RGBI_16_Remesa_10.tif","O09D4_RGBI_16_Remesa_10.tif"
"https://visualizador.ide.uy/descargas/datos/CN_Remesa_10/02_Ortoimagenes/01_RGBI_16bits/O09D5_RGBI_16_Remesa_10.tif","O09D5_RGBI_16_Remesa_10.tif"
"https://visualizador.ide.uy/descargas/datos/CN_Remesa_10/02_Ortoimagenes/01_RGBI_16bits/O09D6_RGBI_16_Remesa_10.tif","O09D6_RGBI_16_Remesa_10.tif"
"https://visualizador.ide.uy/descargas/datos/CN_Remesa_10/02_Ortoimagenes/01_RGBI_16bits/O10A1_RGBI_16_Remesa_10.tif","O10A1_RGBI_16_Remesa_10.tif"
"https://visualizador.ide.uy/descargas/datos/CN_Remesa_10/02_Ortoimagenes/01_RGBI_16bits/O10A2_RGBI_16_Remesa_10.tif","O10A2_RGBI_16_Remesa_10.tif"
"https://visualizador.ide.uy/descargas/datos/CN_Remesa_10/02_Ortoimagenes/01_RGBI_16bits/O10A3_RGBI_16_Remesa_10.tif","O10A3_RGBI_16_Remesa_10.tif"
"https://visualizador.ide.uy/descargas/datos/CN_Remesa_10/02_Ortoimagenes/01_RGBI_16bits/O10A4_RGBI_16_Remesa_10.tif","O10A4_RGBI_16_Remesa_10.tif"
"https://visualizador.ide.uy/descargas/datos/CN_Remesa_10/02_Ortoimagenes/01_RGBI_16bits/O10A5_RGBI_16_Remesa_10.tif","O10A5_RGBI_16_Remesa_10.tif"
"https://visualizador.ide.uy/descargas/datos/CN_Remesa_10/02_Ortoimagenes/01_RGBI_16bits/O10A6_RGBI_16_Remesa_10.tif","O10A6_RGBI_16_Remesa_10.tif"
"https://visualizador.ide.uy/descargas/datos/CN_Remesa_10/02_Ortoimagenes/01_RGBI_16bits/O10B1_RGBI_16_Remesa_10.tif","O10B1_RGBI_16_Remesa_10.tif"
"https://visualizador.ide.uy/descargas/datos/CN_Remesa_10/02_Ortoimagenes/01_RGBI_16bits/O10B2_RGBI_16_Remesa_10.tif","O10B2_RGBI_16_Remesa_10.tif"
"https://visualizador.ide.uy/descargas/datos/CN_Remesa_10/02_Ortoimagenes/01_RGBI_16bits/O10B3_RGBI_16_Remesa_10.tif","O10B3_RGBI_16_Remesa_10.tif"
"https://visualizador.ide.uy/descargas/datos/CN_Remesa_10/02_Ortoimagenes/01_RGBI_16bits/O10B4_RGBI_16_Remesa_10.tif","O10B4_RGBI_16_Remesa_10.tif"
"https://visualizador.ide.uy/descargas/datos/CN_Remesa_10/02_Ortoimagenes/01_RGBI_16bits/O10B5_RGBI_16_Remesa_10.tif","O10B5_RGBI_16_Remesa_10.tif"
"https://visualizador.ide.uy/descargas/datos/CN_Remesa_10/02_Ortoimagenes/01_RGBI_16bits/O10B6_RGBI_16_Remesa_10.tif","O10B6_RGBI_16_Remesa_10.tif"
"https://visualizador.ide.uy/descargas/datos/CN_Remesa_10/02_Ortoimagenes/01_RGBI_16bits/O10C1_RGBI_16_Remesa_10.tif","O10C1_RGBI_16_Remesa_10.tif"
"https://visualizador.ide.uy/descargas/datos/CN_Remesa_10/02_Ortoimagenes/01_RGBI_16bits/O10C2_RGBI_16_Remesa_10.tif","O10C2_RGBI_16_Remesa_10.tif"
"https://visualizador.ide.uy/descargas/datos/CN_Remesa_10/02_Ortoimagenes/01_RGBI_16bits/O10C3_RGBI_16_Remesa_10.tif","O10C3_RGBI_16_Remesa_10.tif"
"https://visualizador.ide.uy/descargas/datos/CN_Remesa_10/02_Ortoimagenes/01_RGBI_16bits/O10C4_RGBI_16_Remesa_10.tif","O10C4_RGBI_16_Remesa_10.tif"
"https://visualizador.ide.uy/descargas/datos/CN_Remesa_10/02_Ortoimagenes/01_RGBI_16bits/O10C5_RGBI_16_Remesa_10.tif","O10C5_RGBI_16_Remesa_10.tif"
"https://visualizador.ide.uy/descargas/datos/CN_Remesa_10/02_Ortoimagenes/01_RGBI_16bits/O10C6_RGBI_16_Remesa_10.tif","O10C6_RGBI_16_Remesa_10.tif"
"https://visualizador.ide.uy/descargas/datos/CN_Remesa_10/02_Ortoimagenes/01_RGBI_16bits/O10D1_RGBI_16_Remesa_10.tif","O10D1_RGBI_16_Remesa_10.tif"
"https://visualizador.ide.uy/descargas/datos/CN_Remesa_10/02_Ortoimagenes/01_RGBI_16bits/O10D2_RGBI_16_Remesa_10.tif","O10D2_RGBI_16_Remesa_10.tif"
"https://visualizador.ide.uy/descargas/datos/CN_Remesa_10/02_Ortoimagenes/01_RGBI_16bits/O10D3_RGBI_16_Remesa_10.tif","O10D3_RGBI_16_Remesa_10.tif"
"https://visualizador.ide.uy/descargas/datos/CN_Remesa_10/02_Ortoimagenes/01_RGBI_16bits/O10D4_RGBI_16_Remesa_10.tif","O10D4_RGBI_16_Remesa_10.tif"
"https://visualizador.ide.uy/descargas/datos/CN_Remesa_10/02_Ortoimagenes/01_RGBI_16bits/O10D5_RGBI_16_Remesa_10.tif","O10D5_RGBI_16_Remesa_10.tif"
"https://visualizador.ide.uy/descargas/datos/CN_Remesa_10/02_Ortoimagenes/01_RGBI_16bits/O10D6_RGBI_16_Remesa_10.tif","O10D6_RGBI_16_Remesa_10.tif"
"https://visualizador.ide.uy/descargas/datos/CN_Remesa_10/02_Ortoimagenes/01_RGBI_16bits/O11A1_RGBI_16_Remesa_10.tif","O11A1_RGBI_16_Remesa_10.tif"
"https://visualizador.ide.uy/descargas/datos/CN_Remesa_10/02_Ortoimagenes/01_RGBI_16bits/O11A2_RGBI_16_Remesa_10.tif","O11A2_RGBI_16_Remesa_10.tif"
"https://visualizador.ide.uy/descargas/datos/CN_Remesa_10/02_Ortoimagenes/01_RGBI_16bits/O11A3_RGBI_16_Remesa_10.tif","O11A3_RGBI_16_Remesa_10.tif"
"https://visualizador.ide.uy/descargas/datos/CN_Remesa_10/02_Ortoimagenes/01_RGBI_16bits/O11A4_RGBI_16_Remesa_10.tif","O11A4_RGBI_16_Remesa_10.tif"
"https://visualizador.ide.uy/descargas/datos/CN_Remesa_10/02_Ortoimagenes/01_RGBI_16bits/O11A5_RGBI_16_Remesa_10.tif","O11A5_RGBI_16_Remesa_10.tif"
"https://visualizador.ide.uy/descargas/datos/CN_Remesa_10/02_Ortoimagenes/01_RGBI_16bits/O11A6_RGBI_16_Remesa_10.tif","O11A6_RGBI_16_Remesa_10.tif"
"https://visualizador.ide.uy/descargas/datos/CN_Remesa_10/02_Ortoimagenes/01_RGBI_16bits/O11B1_RGBI_16_Remesa_10.tif","O11B1_RGBI_16_Remesa_10.tif"
"https://visualizador.ide.uy/descargas/datos/CN_Remesa_10/02_Ortoimagenes/01_RGBI_16bits/O11B2_RGBI_16_Remesa_10.tif","O11B2_RGBI_16_Remesa_10.tif"
"https://visualizador.ide.uy/descargas/datos/CN_Remesa_10/02_Ortoimagenes/01_RGBI_16bits/O11B3_RGBI_16_Remesa_10.tif","O11B3_RGBI_16_Remesa_10.tif"
"https://visualizador.ide.uy/descargas/datos/CN_Remesa_10/02_Ortoimagenes/01_RGBI_16bits/O11B4_RGBI_16_Remesa_10.tif","O11B4_RGBI_16_Remesa_10.tif"
"https://visualizador.ide.uy/descargas/datos/CN_Remesa_10/02_Ortoimagenes/01_RGBI_16bits/O11B5_RGBI_16_Remesa_10.tif","O11B5_RGBI_16_Remesa_10.tif"
"https://visualizador.ide.uy/descargas/datos/CN_Remesa_10/02_Ortoimagenes/01_RGBI_16bits/O11B6_RGBI_16_Remesa_10.tif","O11B6_RGBI_16_Remesa_10.tif"
"https://visualizador.ide.uy/descargas/datos/CN_Remesa_10/02_Ortoimagenes/01_RGBI_16bits/O11C1_RGBI_16_Remesa_10.tif","O11C1_RGBI_16_Remesa_10.tif"
"https://visualizador.ide.uy/descargas/datos/CN_Remesa_10/02_Ortoimagenes/01_RGBI_16bits/O11C2_RGBI_16_Remesa_10.tif","O11C2_RGBI_16_Remesa_10.tif"
"https://visualizador.ide.uy/descargas/datos/CN_Remesa_10/02_Ortoimagenes/01_RGBI_16bits/O11C3_RGBI_16_Remesa_10.tif","O11C3_RGBI_16_Remesa_10.tif"
"https://visualizador.ide.uy/descargas/datos/CN_Remesa_10/02_Ortoimagenes/01_RGBI_16bits/O11C4_RGBI_16_Remesa_10.tif","O11C4_RGBI_16_Remesa_10.tif"
"https://visualizador.ide.uy/descargas/datos/CN_Remesa_10/02_Ortoimagenes/01_RGBI_16bits/O11C5_RGBI_16_Remesa_10.tif","O11C5_RGBI_16_Remesa_10.tif"
"https://visualizador.ide.uy/descargas/datos/CN_Remesa_10/02_Ortoimagenes/01_RGBI_16bits/O11C6_RGBI_16_Remesa_10.tif","O11C6_RGBI_16_Remesa_10.tif"
"https://visualizador.ide.uy/descargas/datos/CN_Remesa_10/02_Ortoimagenes/01_RGBI_16bits/O11D1_RGBI_16_Remesa_10.tif","O11D1_RGBI_16_Remesa_10.tif"
"https://visualizador.ide.uy/descargas/datos/CN_Remesa_10/02_Ortoimagenes/01_RGBI_16bits/O11D2_RGBI_16_Remesa_10.tif","O11D2_RGBI_16_Remesa_10.tif"
"https://visualizador.ide.uy/descargas/datos/CN_Remesa_10/02_Ortoimagenes/01_RGBI_16bits/O11D3_RGBI_16_Remesa_10.tif","O11D3_RGBI_16_Remesa_10.tif"
"https://visualizador.ide.uy/descargas/datos/CN_Remesa_10/02_Ortoimagenes/01_RGBI_16bits/O11D4_RGBI_16_Remesa_10.tif","O11D4_RGBI_16_Remesa_10.tif"
"https://visualizador.ide.uy/descargas/datos/CN_Remesa_10/02_Ortoimagenes/01_RGBI_16bits/O11D5_RGBI_16_Remesa_10.tif","O11D5_RGBI_16_Remesa_10.tif"
"https://visualizador.ide.uy/descargas/datos/CN_Remesa_10/02_Ortoimagenes/01_RGBI_16bits/O11D6_RGBI_16_Remesa_10.tif","O11D6_RGBI_16_Remesa_10.tif"
"https://visualizador.ide.uy/descargas/datos/CN_Remesa_10/02_Ortoimagenes/01_RGBI_16bits/O12A1_RGBI_16_Remesa_10.tif","O12A1_RGBI_16_Remesa_10.tif"
"https://visualizador.ide.uy/descargas/datos/CN_Remesa_10/02_Ortoimagenes/01_RGBI_16bits/O12A2_RGBI_16_Remesa_10.tif","O12A2_RGBI_16_Remesa_10.tif"
"https://visualizador.ide.uy/descargas/datos/CN_Remesa_10/02_Ortoimagenes/01_RGBI_16bits/O12A3_RGBI_16_Remesa_10.tif","O12A3_RGBI_16_Remesa_10.tif"
"https://visualizador.ide.uy/descargas/datos/CN_Remesa_10/02_Ortoimagenes/01_RGBI_16bits/O12A4_RGBI_16_Remesa_10.tif","O12A4_RGBI_16_Remesa_10.tif"
"https://visualizador.ide.uy/descargas/datos/CN_Remesa_10/02_Ortoimagenes/01_RGBI_16bits/O12A5_RGBI_16_Remesa_10.tif","O12A5_RGBI_16_Remesa_10.tif"
"https://visualizador.ide.uy/descargas/datos/CN_Remesa_10/02_Ortoimagenes/01_RGBI_16bits/O12A6_RGBI_16_Remesa_10.tif","O12A6_RGBI_16_Remesa_10.tif"
"https://visualizador.ide.uy/descargas/datos/CN_Remesa_10/02_Ortoimagenes/01_RGBI_16bits/O12B1_RGBI_16_Remesa_10.tif","O12B1_RGBI_16_Remesa_10.tif"
"https://visualizador.ide.uy/descargas/datos/CN_Remesa_10/02_Ortoimagenes/01_RGBI_16bits/O12B2_RGBI_16_Remesa_10.tif","O12B2_RGBI_16_Remesa_10.tif"
"https://visualizador.ide.uy/descargas/datos/CN_Remesa_10/02_Ortoimagenes/01_RGBI_16bits/O12B3_RGBI_16_Remesa_10.tif","O12B3_RGBI_16_Remesa_10.tif"
"https://visualizador.ide.uy/descargas/datos/CN_Remesa_10/02_Ortoimagenes/01_RGBI_16bits/O12B4_RGBI_16_Remesa_10.tif","O12B4_RGBI_16_Remesa_10.tif"
"https://visualizador.ide.uy/descargas/datos/CN_Remesa_10/02_Ortoimagenes/01_RGBI_16bits/O12B5_RGBI_16_Remesa_10.tif","O12B5_RGBI_16_Remesa_10.tif"
"https://visualizador.ide.uy/descargas/datos/CN_Remesa_10/02_Ortoimagenes/01_RGBI_16bits/O12B6_RGBI_16_Remesa_10.tif","O12B6_RGBI_16_Remesa_10.tif"
"https://visualizador.ide.uy/descargas/datos/CN_Remesa_10/02_Ortoimagenes/01_RGBI_16bits/O12C1_RGBI_16_Remesa_10.tif","O12C1_RGBI_16_Remesa_10.tif"
"https://visualizador.ide.uy/descargas/datos/CN_Remesa_10/02_Ortoimagenes/01_RGBI_16bits/O12C2_RGBI_16_Remesa_10.tif","O12C2_RGBI_16_Remesa_10.tif"
"https://visualizador.ide.uy/descargas/datos/CN_Remesa_10/02_Ortoimagenes/01_RGBI_16bits/O12C3_RGBI_16_Remesa_10.tif","O12C3_RGBI_16_Remesa_10.tif"
"https://visualizador.ide.uy/descargas/datos/CN_Remesa_10/02_Ortoimagenes/01_RGBI_16bits/O12C4_RGBI_16_Remesa_10.tif","O12C4_RGBI_16_Remesa_10.tif"
"https://visualizador.ide.uy/descargas/datos/CN_Remesa_10/02_Ortoimagenes/01_RGBI_16bits/O12C5_RGBI_16_Remesa_10.tif","O12C5_RGBI_16_Remesa_10.tif"
"https://visualizador.ide.uy/descargas/datos/CN_Remesa_10/02_Ortoimagenes/01_RGBI_16bits/O12C6_RGBI_16_Remesa_10.tif","O12C6_RGBI_16_Remesa_10.tif"
"https://visualizador.ide.uy/descargas/datos/CN_Remesa_10/02_Ortoimagenes/01_RGBI_16bits/O12D1_RGBI_16_Remesa_10.tif","O12D1_RGBI_16_Remesa_10.tif"
"https://visualizador.ide.uy/descargas/datos/CN_Remesa_10/02_Ortoimagenes/01_RGBI_16bits/O12D2_RGBI_16_Remesa_10.tif","O12D2_RGBI_16_Remesa_10.tif"
"https://visualizador.ide.uy/descargas/datos/CN_Remesa_10/02_Ortoimagenes/01_RGBI_16bits/O12D3_RGBI_16_Remesa_10.tif","O12D3_RGBI_16_Remesa_10.tif"
"https://visualizador.ide.uy/descargas/datos/CN_Remesa_10/02_Ortoimagenes/01_RGBI_16bits/O12D4_RGBI_16_Remesa_10.tif","O12D4_RGBI_16_Remesa_10.tif"
"https://visualizador.ide.uy/descargas/datos/CN_Remesa_10/02_Ortoimagenes/01_RGBI_16bits/O12D5_RGBI_16_Remesa_10.tif","O12D5_RGBI_16_Remesa_10.tif"
"https://visualizador.ide.uy/descargas/datos/CN_Remesa_10/02_Ortoimagenes/01_RGBI_16bits/O12D6_RGBI_16_Remesa_10.tif","O12D6_RGBI_16_Remesa_10.tif"
"https://visualizador.ide.uy/descargas/datos/CN_Remesa_10/02_Ortoimagenes/01_RGBI_16bits/O13A1_RGBI_16_Remesa_10.tif","O13A1_RGBI_16_Remesa_10.tif"
"https://visualizador.ide.uy/descargas/datos/CN_Remesa_10/02_Ortoimagenes/01_RGBI_16bits/O13A2_RGBI_16_Remesa_10.tif","O13A2_RGBI_16_Remesa_10.tif"
"https://visualizador.ide.uy/descargas/datos/CN_Remesa_10/02_Ortoimagenes/01_RGBI_16bits/O13A3_RGBI_16_Remesa_10.tif","O13A3_RGBI_16_Remesa_10.tif"
"https://visualizador.ide.uy/descargas/datos/CN_Remesa_10/02_Ortoimagenes/01_RGBI_16bits/O13A4_RGBI_16_Remesa_10.tif","O13A4_RGBI_16_Remesa_10.tif"
"https://visualizador.ide.uy/descargas/datos/CN_Remesa_10/02_Ortoimagenes/01_RGBI_16bits/O13A5_RGBI_16_Remesa_10.tif","O13A5_RGBI_16_Remesa_10.tif"
"https://visualizador.ide.uy/descargas/datos/CN_Remesa_10/02_Ortoimagenes/01_RGBI_16bits/O13A6_RGBI_16_Remesa_10.tif","O13A6_RGBI_16_Remesa_10.tif"
"https://visualizador.ide.uy/descargas/datos/CN_Remesa_10/02_Ortoimagenes/01_RGBI_16bits/O13B1_RGBI_16_Remesa_10.tif","O13B1_RGBI_16_Remesa_10.tif"
"https://visualizador.ide.uy/descargas/datos/CN_Remesa_10/02_Ortoimagenes/01_RGBI_16bits/O13B2_RGBI_16_Remesa_10.tif","O13B2_RGBI_16_Remesa_10.tif"
"https://visualizador.ide.uy/descargas/datos/CN_Remesa_10/02_Ortoimagenes/01_RGBI_16bits/O13B3_RGBI_16_Remesa_10.tif","O13B3_RGBI_16_Remesa_10.tif"
"https://visualizador.ide.uy/descargas/datos/CN_Remesa_10/02_Ortoimagenes/01_RGBI_16bits/O13B4_RGBI_16_Remesa_10.tif","O13B4_RGBI_16_Remesa_10.tif"
"https://visualizador.ide.uy/descargas/datos/CN_Remesa_10/02_Ortoimagenes/01_RGBI_16bits/O13B5_RGBI_16_Remesa_10.tif","O13B5_RGBI_16_Remesa_10.tif"
"https://visualizador.ide.uy/descargas/datos/CN_Remesa_10/02_Ortoimagenes/01_RGBI_16bits/O13B6_RGBI_16_Remesa_10.tif","O13B6_RGBI_16_Remesa_10.tif"
"https://visualizador.ide.uy/descargas/datos/CN_Remesa_10/02_Ortoimagenes/01_RGBI_16bits/O13C1_RGBI_16_Remesa_10.tif","O13C1_RGBI_16_Remesa_10.tif"
"https://visualizador.ide.uy/descargas/datos/CN_Remesa_10/02_Ortoimagenes/01_RGBI_16bits/O13C2_RGBI_16_Remesa_10.tif","O13C2_RGBI_16_Remesa_10.tif"
"https://visualizador.ide.uy/descargas/datos/CN_Remesa_10/02_Ortoimagenes/01_RGBI_16bits/O13C3_RGBI_16_Remesa_10.tif","O13C3_RGBI_16_Remesa_10.tif"
"https://visualizador.ide.uy/descargas/datos/CN_Remesa_10/02_Ortoimagenes/01_RGBI_16bits/O13C4_RGBI_16_Remesa_10.tif","O13C4_RGBI_16_Remesa_10.tif"
"https://visualizador.ide.uy/descargas/datos/CN_Remesa_10/02_Ortoimagenes/01_RGBI_16bits/O13C5_RGBI_16_Remesa_10.tif","O13C5_RGBI_16_Remesa_10.tif"
"https://visualizador.ide.uy/descargas/datos/CN_Remesa_10/02_Ortoimagenes/01_RGBI_16bits/O13C6_RGBI_16_Remesa_10.tif","O13C6_RGBI_16_Remesa_10.tif"
"https://visualizador.ide.uy/descargas/datos/CN_Remesa_10/02_Ortoimagenes/01_RGBI_16bits/O13D1_RGBI_16_Remesa_10.tif","O13D1_RGBI_16_Remesa_10.tif"
"https://visualizador.ide.uy/descargas/datos/CN_Remesa_10/02_Ortoimagenes/01_RGBI_16bits/O13D2_RGBI_16_Remesa_10.tif","O13D2_RGBI_16_Remesa_10.tif"
"https://visualizador.ide.uy/descargas/datos/CN_Remesa_10/02_Ortoimagenes/01_RGBI_16bits/O13D3_RGBI_16_Remesa_10.tif","O13D3_RGBI_16_Remesa_10.tif"
"https://visualizador.ide.uy/descargas/datos/CN_Remesa_10/02_Ortoimagenes/01_RGBI_16bits/O13D4_RGBI_16_Remesa_10.tif","O13D4_RGBI_16_Remesa_10.tif"
"https://visualizador.ide.uy/descargas/datos/CN_Remesa_10/02_Ortoimagenes/01_RGBI_16bits/O13D5_RGBI_16_Remesa_10.tif","O13D5_RGBI_16_Remesa_10.tif"
"https://visualizador.ide.uy/descargas/datos/CN_Remesa_10/02_Ortoimagenes/01_RGBI_16bits/O13D6_RGBI_16_Remesa_10.tif","O13D6_RGBI_16_Remesa_10.tif"
"https://visualizador.ide.uy/descargas/datos/CN_Remesa_10/02_Ortoimagenes/01_RGBI_16bits/O14A1_RGBI_16_Remesa_10.tif","O14A1_RGBI_16_Remesa_10.tif"
"https://visualizador.ide.uy/descargas/datos/CN_Remesa_10/02_Ortoimagenes/01_RGBI_16bits/O14A2_RGBI_16_Remesa_10.tif","O14A2_RGBI_16_Remesa_10.tif"
"https://visualizador.ide.uy/descargas/datos/CN_Remesa_10/02_Ortoimagenes/01_RGBI_16bits/O14A3_RGBI_16_Remesa_10.tif","O14A3_RGBI_16_Remesa_10.tif"
"https://visualizador.ide.uy/descargas/datos/CN_Remesa_10/02_Ortoimagenes/01_RGBI_16bits/O14A4_RGBI_16_Remesa_10.tif","O14A4_RGBI_16_Remesa_10.tif"
"https://visualizador.ide.uy/descargas/datos/CN_Remesa_10/02_Ortoimagenes/01_RGBI_16bits/O14A5_RGBI_16_Remesa_10.tif","O14A5_RGBI_16_Remesa_10.tif"
"https://visualizador.ide.uy/descargas/datos/CN_Remesa_10/02_Ortoimagenes/01_RGBI_16bits/O14A6_RGBI_16_Remesa_10.tif","O14A6_RGBI_16_Remesa_10.tif"
"https://visualizador.ide.uy/descargas/datos/CN_Remesa_10/02_Ortoimagenes/01_RGBI_16bits/O14B1_RGBI_16_Remesa_10.tif","O14B1_RGBI_16_Remesa_10.tif"
"https://visualizador.ide.uy/descargas/datos/CN_Remesa_10/02_Ortoimagenes/01_RGBI_16bits/O14B2_RGBI_16_Remesa_10.tif","O14B2_RGBI_16_Remesa_10.tif"
"https://visualizador.ide.uy/descargas/datos/CN_Remesa_10/02_Ortoimagenes/01_RGBI_16bits/O14B3_RGBI_16_Remesa_10.tif","O14B3_RGBI_16_Remesa_10.tif"
"https://visualizador.ide.uy/descargas/datos/CN_Remesa_10/02_Ortoimagenes/01_RGBI_16bits/O14B4_RGBI_16_Remesa_10.tif","O14B4_RGBI_16_Remesa_10.tif"
"https://visualizador.ide.uy/descargas/datos/CN_Remesa_10/02_Ortoimagenes/01_RGBI_16bits/O14B5_RGBI_16_Remesa_10.tif","O14B5_RGBI_16_Remesa_10.tif"
"https://visualizador.ide.uy/descargas/datos/CN_Remesa_10/02_Ortoimagenes/01_RGBI_16bits/O14B6_RGBI_16_Remesa_10.tif","O14B6_RGBI_16_Remesa_10.tif"
"https://visualizador.ide.uy/descargas/datos/CN_Remesa_10/02_Ortoimagenes/01_RGBI_16bits/O14C1_RGBI_16_Remesa_10.tif","O14C1_RGBI_16_Remesa_10.tif"
"https://visualizador.ide.uy/descargas/datos/CN_Remesa_10/02_Ortoimagenes/01_RGBI_16bits/O14C2_RGBI_16_Remesa_10.tif","O14C2_RGBI_16_Remesa_10.tif"
"https://visualizador.ide.uy/descargas/datos/CN_Remesa_10/02_Ortoimagenes/01_RGBI_16bits/O14C3_RGBI_16_Remesa_10.tif","O14C3_RGBI_16_Remesa_10.tif"
"https://visualizador.ide.uy/descargas/datos/CN_Remesa_10/02_Ortoimagenes/01_RGBI_16bits/O14D1_RGBI_16_Remesa_10.tif","O14D1_RGBI_16_Remesa_10.tif"
"https://visualizador.ide.uy/descargas/datos/CN_Remesa_10/02_Ortoimagenes/01_RGBI_16bits/O14D2_RGBI_16_Remesa_10.tif","O14D2_RGBI_16_Remesa_10.tif"
"https://visualizador.ide.uy/descargas/datos/CN_Remesa_10/02_Ortoimagenes/01_RGBI_16bits/O14D3_RGBI_16_Remesa_10.tif","O14D3_RGBI_16_Remesa_10.tif"
"https://visualizador.ide.uy/descargas/datos/CN_Remesa_10/02_Ortoimagenes/01_RGBI_16bits/P09D6_RGBI_16_Remesa_10.tif","P09D6_RGBI_16_Remesa_10.tif"
"https://visualizador.ide.uy/descargas/datos/CN_Remesa_10/02_Ortoimagenes/01_RGBI_16bits/P10B3_RGBI_16_Remesa_10.tif","P10B3_RGBI_16_Remesa_10.tif"
"https://visualizador.ide.uy/descargas/datos/CN_Remesa_10/02_Ortoimagenes/01_RGBI_16bits/P10B6_RGBI_16_Remesa_10.tif","P10B6_RGBI_16_Remesa_10.tif"
"https://visualizador.ide.uy/descargas/datos/CN_Remesa_10/02_Ortoimagenes/01_RGBI_16bits/P10D2_RGBI_16_Remesa_10.tif","P10D2_RGBI_16_Remesa_10.tif"
"https://visualizador.ide.uy/descargas/datos/CN_Remesa_10/02_Ortoimagenes/01_RGBI_16bits/P10D3_RGBI_16_Remesa_10.tif","P10D3_RGBI_16_Remesa_10.tif"
"https://visualizador.ide.uy/descargas/datos/CN_Remesa_10/02_Ortoimagenes/01_RGBI_16bits/P10D5_RGBI_16_Remesa_10.tif","P10D5_RGBI_16_Remesa_10.tif"
"https://visualizador.ide.uy/descargas/datos/CN_Remesa_10/02_Ortoimagenes/01_RGBI_16bits/P10D6_RGBI_16_Remesa_10.tif","P10D6_RGBI_16_Remesa_10.tif"
"https://visualizador.ide.uy/descargas/datos/CN_Remesa_10/02_Ortoimagenes/01_RGBI_16bits/P11B2_RGBI_16_Remesa_10.tif","P11B2_RGBI_16_Remesa_10.tif"
"https://visualizador.ide.uy/descargas/datos/CN_Remesa_10/02_Ortoimagenes/01_RGBI_16bits/P11B3_RGBI_16_Remesa_10.tif","P11B3_RGBI_16_Remesa_10.tif"
"https://visualizador.ide.uy/descargas/datos/CN_Remesa_10/02_Ortoimagenes/01_RGBI_16bits/P11B6_RGBI_16_Remesa_10.tif","P11B6_RGBI_16_Remesa_10.tif"
"https://visualizador.ide.uy/descargas/datos/CN_Remesa_10/02_Ortoimagenes/01_RGBI_16bits/P11D3_RGBI_16_Remesa_10.tif","P11D3_RGBI_16_Remesa_10.tif"
"https://visualizador.ide.uy/descargas/datos/CN_Remesa_10/02_Ortoimagenes/01_RGBI_16bits/P11D6_RGBI_16_Remesa_10.tif","P11D6_RGBI_16_Remesa_10.tif"
"https://visualizador.ide.uy/descargas/datos/CN_Remesa_10/02_Ortoimagenes/01_RGBI_16bits/P12B2_RGBI_16_Remesa_10.tif","P12B2_RGBI_16_Remesa_10.tif"
"https://visualizador.ide.uy/descargas/datos/CN_Remesa_10/02_Ortoimagenes/01_RGBI_16bits/P12B3_RGBI_16_Remesa_10.tif","P12B3_RGBI_16_Remesa_10.tif"
"https://visualizador.ide.uy/descargas/datos/CN_Remesa_10/02_Ortoimagenes/01_RGBI_16bits/P12B5_RGBI_16_Remesa_10.tif","P12B5_RGBI_16_Remesa_10.tif"
"https://visualizador.ide.uy/descargas/datos/CN_Remesa_10/02_Ortoimagenes/01_RGBI_16bits/P12B6_RGBI_16_Remesa_10.tif","P12B6_RGBI_16_Remesa_10.tif"
"https://visualizador.ide.uy/descargas/datos/CN_Remesa_10/02_Ortoimagenes/01_RGBI_16bits/P12C6_RGBI_16_Remesa_10.tif","P12C6_RGBI_16_Remesa_10.tif"
"https://visualizador.ide.uy/descargas/datos/CN_Remesa_10/02_Ortoimagenes/01_RGBI_16bits/P12D2_RGBI_16_Remesa_10.tif","P12D2_RGBI_16_Remesa_10.tif"
"https://visualizador.ide.uy/descargas/datos/CN_Remesa_10/02_Ortoimagenes/01_RGBI_16bits/P12D3_RGBI_16_Remesa_10.tif","P12D3_RGBI_16_Remesa_10.tif"
"https://visualizador.ide.uy/descargas/datos/CN_Remesa_10/02_Ortoimagenes/01_RGBI_16bits/P12D4_RGBI_16_Remesa_10.tif","P12D4_RGBI_16_Remesa_10.tif"
"https://visualizador.ide.uy/descargas/datos/CN_Remesa_10/02_Ortoimagenes/01_RGBI_16bits/P12D5_RGBI_16_Remesa_10.tif","P12D5_RGBI_16_Remesa_10.tif"
"https://visualizador.ide.uy/descargas/datos/CN_Remesa_10/02_Ortoimagenes/01_RGBI_16bits/P12D6_RGBI_16_Remesa_10.tif","P12D6_RGBI_16_Remesa_10.tif"
"https://visualizador.ide.uy/descargas/datos/CN_Remesa_10/02_Ortoimagenes/01_RGBI_16bits/P13A3_RGBI_16_Remesa_10.tif","P13A3_RGBI_16_Remesa_10.tif"
"https://visualizador.ide.uy/descargas/datos/CN_Remesa_10/02_Ortoimagenes/01_RGBI_16bits/P13A6_RGBI_16_Remesa_10.tif","P13A6_RGBI_16_Remesa_10.tif"
"https://visualizador.ide.uy/descargas/datos/CN_Remesa_10/02_Ortoimagenes/01_RGBI_16bits/P13B1_RGBI_16_Remesa_10.tif","P13B1_RGBI_16_Remesa_10.tif"
"https://visualizador.ide.uy/descargas/datos/CN_Remesa_10/02_Ortoimagenes/01_RGBI_16bits/P13B2_RGBI_16_Remesa_10.tif","P13B2_RGBI_16_Remesa_10.tif"
"https://visualizador.ide.uy/descargas/datos/CN_Remesa_10/02_Ortoimagenes/01_RGBI_16bits/P13B3_RGBI_16_Remesa_10.tif","P13B3_RGBI_16_Remesa_10.tif"
"https://visualizador.ide.uy/descargas/datos/CN_Remesa_10/02_Ortoimagenes/01_RGBI_16bits/P13B4_RGBI_16_Remesa_10.tif","P13B4_RGBI_16_Remesa_10.tif"
"https://visualizador.ide.uy/descargas/datos/CN_Remesa_10/02_Ortoimagenes/01_RGBI_16bits/P13B5_RGBI_16_Remesa_10.tif","P13B5_RGBI_16_Remesa_10.tif"
"https://visualizador.ide.uy/descargas/datos/CN_Remesa_10/02_Ortoimagenes/01_RGBI_16bits/P13B6_RGBI_16_Remesa_10.tif","P13B6_RGBI_16_Remesa_10.tif"
"https://visualizador.ide.uy/descargas/datos/CN_Remesa_10/02_Ortoimagenes/01_RGBI_16bits/P13C3_RGBI_16_Remesa_10.tif","P13C3_RGBI_16_Remesa_10.tif"
"https://visualizador.ide.uy/descargas/datos/CN_Remesa_10/02_Ortoimagenes/01_RGBI_16bits/P13C6_RGBI_16_Remesa_10.tif","P13C6_RGBI_16_Remesa_10.tif"
"https://visualizador.ide.uy/descargas/datos/CN_Remesa_10/02_Ortoimagenes/01_RGBI_16bits/P13D1_RGBI_16_Remesa_10.tif","P13D1_RGBI_16_Remesa_10.tif"
"https://visualizador.ide.uy/descargas/datos/CN_Remesa_10/02_Ortoimagenes/01_RGBI_16bits/P13D2_RGBI_16_Remesa_10.tif","P13D2_RGBI_16_Remesa_10.tif"
"https://visualizador.ide.uy/descargas/datos/CN_Remesa_10/02_Ortoimagenes/01_RGBI_16bits/P13D3_RGBI_16_Remesa_10.tif","P13D3_RGBI_16_Remesa_10.tif"
"https://visualizador.ide.uy/descargas/datos/CN_Remesa_10/02_Ortoimagenes/01_RGBI_16bits/P13D4_RGBI_16_Remesa_10.tif","P13D4_RGBI_16_Remesa_10.tif"
"https://visualizador.ide.uy/descargas/datos/CN_Remesa_10/02_Ortoimagenes/01_RGBI_16bits/P13D5_RGBI_16_Remesa_10.tif","P13D5_RGBI_16_Remesa_10.tif"
"https://visualizador.ide.uy/descargas/datos/CN_Remesa_10/02_Ortoimagenes/01_RGBI_16bits/P13D6_RGBI_16_Remesa_10.tif","P13D6_RGBI_16_Remesa_10.tif"
"https://visualizador.ide.uy/descargas/datos/CN_Remesa_10/02_Ortoimagenes/01_RGBI_16bits/P14A3_RGBI_16_Remesa_10.tif","P14A3_RGBI_16_Remesa_10.tif"
"https://visualizador.ide.uy/descargas/datos/CN_Remesa_10/02_Ortoimagenes/01_RGBI_16bits/P14A6_RGBI_16_Remesa_10.tif","P14A6_RGBI_16_Remesa_10.tif"
"https://visualizador.ide.uy/descargas/datos/CN_Remesa_10/02_Ortoimagenes/01_RGBI_16bits/P14B1_RGBI_16_Remesa_10.tif","P14B1_RGBI_16_Remesa_10.tif"
"https://visualizador.ide.uy/descargas/datos/CN_Remesa_10/02_Ortoimagenes/01_RGBI_16bits/P14B2_RGBI_16_Remesa_10.tif","P14B2_RGBI_16_Remesa_10.tif"
"https://visualizador.ide.uy/descargas/datos/CN_Remesa_10/02_Ortoimagenes/01_RGBI_16bits/P14B3_RGBI_16_Remesa_10.tif","P14B3_RGBI_16_Remesa_10.tif"
"https://visualizador.ide.uy/descargas/datos/CN_Remesa_10/02_Ortoimagenes/01_RGBI_16bits/P14B4_RGBI_16_Remesa_10.tif","P14B4_RGBI_16_Remesa_10.tif"
"https://visualizador.ide.uy/descargas/datos/CN_Remesa_10/02_Ortoimagenes/01_RGBI_16bits/P14B5_RGBI_16_Remesa_10.tif","P14B5_RGBI_16_Remesa_10.tif"
"https://visualizador.ide.uy/descargas/datos/CN_Remesa_10/02_Ortoimagenes/01_RGBI_16bits/P14B6_RGBI_16_Remesa_10.tif","P14B6_RGBI_16_Remesa_10.tif"
"https://visualizador.ide.uy/descargas/datos/CN_Remesa_10/02_Ortoimagenes/01_RGBI_16bits/P14C3_RGBI_16_Remesa_10.tif","P14C3_RGBI_16_Remesa_10.tif"
"https://visualizador.ide.uy/descargas/datos/CN_Remesa_10/02_Ortoimagenes/01_RGBI_16bits/P14D1_RGBI_16_Remesa_10.tif","P14D1_RGBI_16_Remesa_10.tif"
"https://visualizador.ide.uy/descargas/datos/CN_Remesa_10/02_Ortoimagenes/01_RGBI_16bits/P14D2_RGBI_16_Remesa_10.tif","P14D2_RGBI_16_Remesa_10.tif"
"https://visualizador.ide.uy/descargas/datos/CN_Remesa_10/02_Ortoimagenes/01_RGBI_16bits/P14D3_RGBI_16_Remesa_10.tif","P14D3_RGBI_16_Remesa_10.tif"
