"href","text"
"https://visualizador.ide.uy/descargas/datos/CN_Remesa_04/01_MDT/02_MDT_GeoTIFF_Resolucion_250cm/?C=N;O=D","Nombre:"
"https://visualizador.ide.uy/descargas/datos/CN_Remesa_04/01_MDT/02_MDT_GeoTIFF_Resolucion_250cm/?C=S;O=A","Size"
"https://visualizador.ide.uy/descargas/datos/CN_Remesa_04/01_MDT/","Parent Directory"
"https://visualizador.ide.uy/descargas/datos/CN_Remesa_04/01_MDT/02_MDT_GeoTIFF_Resolucion_250cm/M14C4_MDT_Remesa_04.tif","M14C4_MDT_Remesa_04.tif"
"https://visualizador.ide.uy/descargas/datos/CN_Remesa_04/01_MDT/02_MDT_GeoTIFF_Resolucion_250cm/M14C5_MDT_Remesa_04.tif","M14C5_MDT_Remesa_04.tif"
"https://visualizador.ide.uy/descargas/datos/CN_Remesa_04/01_MDT/02_MDT_GeoTIFF_Resolucion_250cm/M14C6_MDT_Remesa_04.tif","M14C6_MDT_Remesa_04.tif"
"https://visualizador.ide.uy/descargas/datos/CN_Remesa_04/01_MDT/02_MDT_GeoTIFF_Resolucion_250cm/M14D4_MDT_Remesa_04.tif","M14D4_MDT_Remesa_04.tif"
"https://visualizador.ide.uy/descargas/datos/CN_Remesa_04/01_MDT/02_MDT_GeoTIFF_Resolucion_250cm/M15A1_MDT_Remesa_04.tif","M15A1_MDT_Remesa_04.tif"
"https://visualizador.ide.uy/descargas/datos/CN_Remesa_04/01_MDT/02_MDT_GeoTIFF_Resolucion_250cm/M15A2_MDT_Remesa_04.tif","M15A2_MDT_Remesa_04.tif"
"https://visualizador.ide.uy/descargas/datos/CN_Remesa_04/01_MDT/02_MDT_GeoTIFF_Resolucion_250cm/M15A3_MDT_Remesa_04.tif","M15A3_MDT_Remesa_04.tif"
"https://visualizador.ide.uy/descargas/datos/CN_Remesa_04/01_MDT/02_MDT_GeoTIFF_Resolucion_250cm/M15A4_MDT_Remesa_04.tif","M15A4_MDT_Remesa_04.tif"
"https://visualizador.ide.uy/descargas/datos/CN_Remesa_04/01_MDT/02_MDT_GeoTIFF_Resolucion_250cm/M15A5_MDT_Remesa_04.tif","M15A5_MDT_Remesa_04.tif"
"https://visualizador.ide.uy/descargas/datos/CN_Remesa_04/01_MDT/02_MDT_GeoTIFF_Resolucion_250cm/M15A6_MDT_Remesa_04.tif","M15A6_MDT_Remesa_04.tif"
"https://visualizador.ide.uy/descargas/datos/CN_Remesa_04/01_MDT/02_MDT_GeoTIFF_Resolucion_250cm/M15B1_MDT_Remesa_04.tif","M15B1_MDT_Remesa_04.tif"
"https://visualizador.ide.uy/descargas/datos/CN_Remesa_04/01_MDT/02_MDT_GeoTIFF_Resolucion_250cm/M15B4_MDT_Remesa_04.tif","M15B4_MDT_Remesa_04.tif"
"https://visualizador.ide.uy/descargas/datos/CN_Remesa_04/01_MDT/02_MDT_GeoTIFF_Resolucion_250cm/M15C1_MDT_Remesa_04.tif","M15C1_MDT_Remesa_04.tif"
"https://visualizador.ide.uy/descargas/datos/CN_Remesa_04/01_MDT/02_MDT_GeoTIFF_Resolucion_250cm/M15C2_MDT_Remesa_04.tif","M15C2_MDT_Remesa_04.tif"
"https://visualizador.ide.uy/descargas/datos/CN_Remesa_04/01_MDT/02_MDT_GeoTIFF_Resolucion_250cm/M15C3_MDT_Remesa_04.tif","M15C3_MDT_Remesa_04.tif"
"https://visualizador.ide.uy/descargas/datos/CN_Remesa_04/01_MDT/02_MDT_GeoTIFF_Resolucion_250cm/M15C4_MDT_Remesa_04.tif","M15C4_MDT_Remesa_04.tif"
"https://visualizador.ide.uy/descargas/datos/CN_Remesa_04/01_MDT/02_MDT_GeoTIFF_Resolucion_250cm/M15C5_MDT_Remesa_04.tif","M15C5_MDT_Remesa_04.tif"
"https://visualizador.ide.uy/descargas/datos/CN_Remesa_04/01_MDT/02_MDT_GeoTIFF_Resolucion_250cm/M15C6_MDT_Remesa_04.tif","M15C6_MDT_Remesa_04.tif"
"https://visualizador.ide.uy/descargas/datos/CN_Remesa_04/01_MDT/02_MDT_GeoTIFF_Resolucion_250cm/M15D1_MDT_Remesa_04.tif","M15D1_MDT_Remesa_04.tif"
"https://visualizador.ide.uy/descargas/datos/CN_Remesa_04/01_MDT/02_MDT_GeoTIFF_Resolucion_250cm/M15D4_MDT_Remesa_04.tif","M15D4_MDT_Remesa_04.tif"
"https://visualizador.ide.uy/descargas/datos/CN_Remesa_04/01_MDT/02_MDT_GeoTIFF_Resolucion_250cm/M16A1_MDT_Remesa_04.tif","M16A1_MDT_Remesa_04.tif"
"https://visualizador.ide.uy/descargas/datos/CN_Remesa_04/01_MDT/02_MDT_GeoTIFF_Resolucion_250cm/M16A2_MDT_Remesa_04.tif","M16A2_MDT_Remesa_04.tif"
"https://visualizador.ide.uy/descargas/datos/CN_Remesa_04/01_MDT/02_MDT_GeoTIFF_Resolucion_250cm/M16A3_MDT_Remesa_04.tif","M16A3_MDT_Remesa_04.tif"
"https://visualizador.ide.uy/descargas/datos/CN_Remesa_04/01_MDT/02_MDT_GeoTIFF_Resolucion_250cm/M16A4_MDT_Remesa_04.tif","M16A4_MDT_Remesa_04.tif"
"https://visualizador.ide.uy/descargas/datos/CN_Remesa_04/01_MDT/02_MDT_GeoTIFF_Resolucion_250cm/M16A5_MDT_Remesa_04.tif","M16A5_MDT_Remesa_04.tif"
"https://visualizador.ide.uy/descargas/datos/CN_Remesa_04/01_MDT/02_MDT_GeoTIFF_Resolucion_250cm/M16A6_MDT_Remesa_04.tif","M16A6_MDT_Remesa_04.tif"
"https://visualizador.ide.uy/descargas/datos/CN_Remesa_04/01_MDT/02_MDT_GeoTIFF_Resolucion_250cm/M16B1_MDT_Remesa_04.tif","M16B1_MDT_Remesa_04.tif"
"https://visualizador.ide.uy/descargas/datos/CN_Remesa_04/01_MDT/02_MDT_GeoTIFF_Resolucion_250cm/M16B4_MDT_Remesa_04.tif","M16B4_MDT_Remesa_04.tif"
"https://visualizador.ide.uy/descargas/datos/CN_Remesa_04/01_MDT/02_MDT_GeoTIFF_Resolucion_250cm/M16C1_MDT_Remesa_04.tif","M16C1_MDT_Remesa_04.tif"
"https://visualizador.ide.uy/descargas/datos/CN_Remesa_04/01_MDT/02_MDT_GeoTIFF_Resolucion_250cm/M16C2_MDT_Remesa_04.tif","M16C2_MDT_Remesa_04.tif"
"https://visualizador.ide.uy/descargas/datos/CN_Remesa_04/01_MDT/02_MDT_GeoTIFF_Resolucion_250cm/M16C3_MDT_Remesa_04.tif","M16C3_MDT_Remesa_04.tif"
"https://visualizador.ide.uy/descargas/datos/CN_Remesa_04/01_MDT/02_MDT_GeoTIFF_Resolucion_250cm/M16C4_MDT_Remesa_04.tif","M16C4_MDT_Remesa_04.tif"
"https://visualizador.ide.uy/descargas/datos/CN_Remesa_04/01_MDT/02_MDT_GeoTIFF_Resolucion_250cm/M16C5_MDT_Remesa_04.tif","M16C5_MDT_Remesa_04.tif"
"https://visualizador.ide.uy/descargas/datos/CN_Remesa_04/01_MDT/02_MDT_GeoTIFF_Resolucion_250cm/M16C6_MDT_Remesa_04.tif","M16C6_MDT_Remesa_04.tif"
"https://visualizador.ide.uy/descargas/datos/CN_Remesa_04/01_MDT/02_MDT_GeoTIFF_Resolucion_250cm/M16D1_MDT_Remesa_04.tif","M16D1_MDT_Remesa_04.tif"
"https://visualizador.ide.uy/descargas/datos/CN_Remesa_04/01_MDT/02_MDT_GeoTIFF_Resolucion_250cm/M16D4_MDT_Remesa_04.tif","M16D4_MDT_Remesa_04.tif"
"https://visualizador.ide.uy/descargas/datos/CN_Remesa_04/01_MDT/02_MDT_GeoTIFF_Resolucion_250cm/M17A1_MDT_Remesa_04.tif","M17A1_MDT_Remesa_04.tif"
"https://visualizador.ide.uy/descargas/datos/CN_Remesa_04/01_MDT/02_MDT_GeoTIFF_Resolucion_250cm/M17A2_MDT_Remesa_04.tif","M17A2_MDT_Remesa_04.tif"
"https://visualizador.ide.uy/descargas/datos/CN_Remesa_04/01_MDT/02_MDT_GeoTIFF_Resolucion_250cm/M17A3_MDT_Remesa_04.tif","M17A3_MDT_Remesa_04.tif"
"https://visualizador.ide.uy/descargas/datos/CN_Remesa_04/01_MDT/02_MDT_GeoTIFF_Resolucion_250cm/M17A4_MDT_Remesa_04.tif","M17A4_MDT_Remesa_04.tif"
"https://visualizador.ide.uy/descargas/datos/CN_Remesa_04/01_MDT/02_MDT_GeoTIFF_Resolucion_250cm/M17A5_MDT_Remesa_04.tif","M17A5_MDT_Remesa_04.tif"
"https://visualizador.ide.uy/descargas/datos/CN_Remesa_04/01_MDT/02_MDT_GeoTIFF_Resolucion_250cm/M17A6_MDT_Remesa_04.tif","M17A6_MDT_Remesa_04.tif"
"https://visualizador.ide.uy/descargas/datos/CN_Remesa_04/01_MDT/02_MDT_GeoTIFF_Resolucion_250cm/M17B1_MDT_Remesa_04.tif","M17B1_MDT_Remesa_04.tif"
"https://visualizador.ide.uy/descargas/datos/CN_Remesa_04/01_MDT/02_MDT_GeoTIFF_Resolucion_250cm/M17B4_MDT_Remesa_04.tif","M17B4_MDT_Remesa_04.tif"
"https://visualizador.ide.uy/descargas/datos/CN_Remesa_04/01_MDT/02_MDT_GeoTIFF_Resolucion_250cm/M17C1_MDT_Remesa_04.tif","M17C1_MDT_Remesa_04.tif"
"https://visualizador.ide.uy/descargas/datos/CN_Remesa_04/01_MDT/02_MDT_GeoTIFF_Resolucion_250cm/M17C2_MDT_Remesa_04.tif","M17C2_MDT_Remesa_04.tif"
"https://visualizador.ide.uy/descargas/datos/CN_Remesa_04/01_MDT/02_MDT_GeoTIFF_Resolucion_250cm/M17C3_MDT_Remesa_04.tif","M17C3_MDT_Remesa_04.tif"
"https://visualizador.ide.uy/descargas/datos/CN_Remesa_04/01_MDT/02_MDT_GeoTIFF_Resolucion_250cm/M17C4_MDT_Remesa_04.tif","M17C4_MDT_Remesa_04.tif"
"https://visualizador.ide.uy/descargas/datos/CN_Remesa_04/01_MDT/02_MDT_GeoTIFF_Resolucion_250cm/M17C5_MDT_Remesa_04.tif","M17C5_MDT_Remesa_04.tif"
"https://visualizador.ide.uy/descargas/datos/CN_Remesa_04/01_MDT/02_MDT_GeoTIFF_Resolucion_250cm/M17C6_MDT_Remesa_04.tif","M17C6_MDT_Remesa_04.tif"
"https://visualizador.ide.uy/descargas/datos/CN_Remesa_04/01_MDT/02_MDT_GeoTIFF_Resolucion_250cm/M17D1_MDT_Remesa_04.tif","M17D1_MDT_Remesa_04.tif"
"https://visualizador.ide.uy/descargas/datos/CN_Remesa_04/01_MDT/02_MDT_GeoTIFF_Resolucion_250cm/M17D4_MDT_Remesa_04.tif","M17D4_MDT_Remesa_04.tif"
"https://visualizador.ide.uy/descargas/datos/CN_Remesa_04/01_MDT/02_MDT_GeoTIFF_Resolucion_250cm/M18A1_MDT_Remesa_04.tif","M18A1_MDT_Remesa_04.tif"
"https://visualizador.ide.uy/descargas/datos/CN_Remesa_04/01_MDT/02_MDT_GeoTIFF_Resolucion_250cm/M18A2_MDT_Remesa_04.tif","M18A2_MDT_Remesa_04.tif"
"https://visualizador.ide.uy/descargas/datos/CN_Remesa_04/01_MDT/02_MDT_GeoTIFF_Resolucion_250cm/M18A3_MDT_Remesa_04.tif","M18A3_MDT_Remesa_04.tif"
"https://visualizador.ide.uy/descargas/datos/CN_Remesa_04/01_MDT/02_MDT_GeoTIFF_Resolucion_250cm/M18A4_MDT_Remesa_04.tif","M18A4_MDT_Remesa_04.tif"
"https://visualizador.ide.uy/descargas/datos/CN_Remesa_04/01_MDT/02_MDT_GeoTIFF_Resolucion_250cm/M18A5_MDT_Remesa_04.tif","M18A5_MDT_Remesa_04.tif"
"https://visualizador.ide.uy/descargas/datos/CN_Remesa_04/01_MDT/02_MDT_GeoTIFF_Resolucion_250cm/M18A6_MDT_Remesa_04.tif","M18A6_MDT_Remesa_04.tif"
"https://visualizador.ide.uy/descargas/datos/CN_Remesa_04/01_MDT/02_MDT_GeoTIFF_Resolucion_250cm/M18B1_MDT_Remesa_04.tif","M18B1_MDT_Remesa_04.tif"
"https://visualizador.ide.uy/descargas/datos/CN_Remesa_04/01_MDT/02_MDT_GeoTIFF_Resolucion_250cm/M18B4_MDT_Remesa_04.tif","M18B4_MDT_Remesa_04.tif"
"https://visualizador.ide.uy/descargas/datos/CN_Remesa_04/01_MDT/02_MDT_GeoTIFF_Resolucion_250cm/M18C1_MDT_Remesa_04.tif","M18C1_MDT_Remesa_04.tif"
"https://visualizador.ide.uy/descargas/datos/CN_Remesa_04/01_MDT/02_MDT_GeoTIFF_Resolucion_250cm/M18C2_MDT_Remesa_04.tif","M18C2_MDT_Remesa_04.tif"
"https://visualizador.ide.uy/descargas/datos/CN_Remesa_04/01_MDT/02_MDT_GeoTIFF_Resolucion_250cm/M18C3_MDT_Remesa_04.tif","M18C3_MDT_Remesa_04.tif"
"https://visualizador.ide.uy/descargas/datos/CN_Remesa_04/01_MDT/02_MDT_GeoTIFF_Resolucion_250cm/M18C4_MDT_Remesa_04.tif","M18C4_MDT_Remesa_04.tif"
"https://visualizador.ide.uy/descargas/datos/CN_Remesa_04/01_MDT/02_MDT_GeoTIFF_Resolucion_250cm/M18C5_MDT_Remesa_04.tif","M18C5_MDT_Remesa_04.tif"
"https://visualizador.ide.uy/descargas/datos/CN_Remesa_04/01_MDT/02_MDT_GeoTIFF_Resolucion_250cm/M18C6_MDT_Remesa_04.tif","M18C6_MDT_Remesa_04.tif"
"https://visualizador.ide.uy/descargas/datos/CN_Remesa_04/01_MDT/02_MDT_GeoTIFF_Resolucion_250cm/M18D1_MDT_Remesa_04.tif","M18D1_MDT_Remesa_04.tif"
"https://visualizador.ide.uy/descargas/datos/CN_Remesa_04/01_MDT/02_MDT_GeoTIFF_Resolucion_250cm/M18D4_MDT_Remesa_04.tif","M18D4_MDT_Remesa_04.tif"
"https://visualizador.ide.uy/descargas/datos/CN_Remesa_04/01_MDT/02_MDT_GeoTIFF_Resolucion_250cm/M19A1_MDT_Remesa_04.tif","M19A1_MDT_Remesa_04.tif"
"https://visualizador.ide.uy/descargas/datos/CN_Remesa_04/01_MDT/02_MDT_GeoTIFF_Resolucion_250cm/M19A2_MDT_Remesa_04.tif","M19A2_MDT_Remesa_04.tif"
"https://visualizador.ide.uy/descargas/datos/CN_Remesa_04/01_MDT/02_MDT_GeoTIFF_Resolucion_250cm/M19A3_MDT_Remesa_04.tif","M19A3_MDT_Remesa_04.tif"
"https://visualizador.ide.uy/descargas/datos/CN_Remesa_04/01_MDT/02_MDT_GeoTIFF_Resolucion_250cm/M19A4_MDT_Remesa_04.tif","M19A4_MDT_Remesa_04.tif"
"https://visualizador.ide.uy/descargas/datos/CN_Remesa_04/01_MDT/02_MDT_GeoTIFF_Resolucion_250cm/M19A5_MDT_Remesa_04.tif","M19A5_MDT_Remesa_04.tif"
"https://visualizador.ide.uy/descargas/datos/CN_Remesa_04/01_MDT/02_MDT_GeoTIFF_Resolucion_250cm/M19A6_MDT_Remesa_04.tif","M19A6_MDT_Remesa_04.tif"
"https://visualizador.ide.uy/descargas/datos/CN_Remesa_04/01_MDT/02_MDT_GeoTIFF_Resolucion_250cm/M19B1_MDT_Remesa_04.tif","M19B1_MDT_Remesa_04.tif"
"https://visualizador.ide.uy/descargas/datos/CN_Remesa_04/01_MDT/02_MDT_GeoTIFF_Resolucion_250cm/M19B4_MDT_Remesa_04.tif","M19B4_MDT_Remesa_04.tif"
"https://visualizador.ide.uy/descargas/datos/CN_Remesa_04/01_MDT/02_MDT_GeoTIFF_Resolucion_250cm/M19C1_MDT_Remesa_04.tif","M19C1_MDT_Remesa_04.tif"
"https://visualizador.ide.uy/descargas/datos/CN_Remesa_04/01_MDT/02_MDT_GeoTIFF_Resolucion_250cm/M19C2_MDT_Remesa_04.tif","M19C2_MDT_Remesa_04.tif"
"https://visualizador.ide.uy/descargas/datos/CN_Remesa_04/01_MDT/02_MDT_GeoTIFF_Resolucion_250cm/M19C3_MDT_Remesa_04.tif","M19C3_MDT_Remesa_04.tif"
"https://visualizador.ide.uy/descargas/datos/CN_Remesa_04/01_MDT/02_MDT_GeoTIFF_Resolucion_250cm/M19C4_MDT_Remesa_04.tif","M19C4_MDT_Remesa_04.tif"
"https://visualizador.ide.uy/descargas/datos/CN_Remesa_04/01_MDT/02_MDT_GeoTIFF_Resolucion_250cm/M19C5_MDT_Remesa_04.tif","M19C5_MDT_Remesa_04.tif"
"https://visualizador.ide.uy/descargas/datos/CN_Remesa_04/01_MDT/02_MDT_GeoTIFF_Resolucion_250cm/M19C6_MDT_Remesa_04.tif","M19C6_MDT_Remesa_04.tif"
"https://visualizador.ide.uy/descargas/datos/CN_Remesa_04/01_MDT/02_MDT_GeoTIFF_Resolucion_250cm/M19D1_MDT_Remesa_04.tif","M19D1_MDT_Remesa_04.tif"
"https://visualizador.ide.uy/descargas/datos/CN_Remesa_04/01_MDT/02_MDT_GeoTIFF_Resolucion_250cm/M19D4_MDT_Remesa_04.tif","M19D4_MDT_Remesa_04.tif"
"https://visualizador.ide.uy/descargas/datos/CN_Remesa_04/01_MDT/02_MDT_GeoTIFF_Resolucion_250cm/M20A1_MDT_Remesa_04.tif","M20A1_MDT_Remesa_04.tif"
"https://visualizador.ide.uy/descargas/datos/CN_Remesa_04/01_MDT/02_MDT_GeoTIFF_Resolucion_250cm/M20A2_MDT_Remesa_04.tif","M20A2_MDT_Remesa_04.tif"
"https://visualizador.ide.uy/descargas/datos/CN_Remesa_04/01_MDT/02_MDT_GeoTIFF_Resolucion_250cm/M20A3_MDT_Remesa_04.tif","M20A3_MDT_Remesa_04.tif"
"https://visualizador.ide.uy/descargas/datos/CN_Remesa_04/01_MDT/02_MDT_GeoTIFF_Resolucion_250cm/M20A4_MDT_Remesa_04.tif","M20A4_MDT_Remesa_04.tif"
"https://visualizador.ide.uy/descargas/datos/CN_Remesa_04/01_MDT/02_MDT_GeoTIFF_Resolucion_250cm/M20A5_MDT_Remesa_04.tif","M20A5_MDT_Remesa_04.tif"
"https://visualizador.ide.uy/descargas/datos/CN_Remesa_04/01_MDT/02_MDT_GeoTIFF_Resolucion_250cm/M20A6_MDT_Remesa_04.tif","M20A6_MDT_Remesa_04.tif"
"https://visualizador.ide.uy/descargas/datos/CN_Remesa_04/01_MDT/02_MDT_GeoTIFF_Resolucion_250cm/M20B1_MDT_Remesa_04.tif","M20B1_MDT_Remesa_04.tif"
"https://visualizador.ide.uy/descargas/datos/CN_Remesa_04/01_MDT/02_MDT_GeoTIFF_Resolucion_250cm/M20B4_MDT_Remesa_04.tif","M20B4_MDT_Remesa_04.tif"
"https://visualizador.ide.uy/descargas/datos/CN_Remesa_04/01_MDT/02_MDT_GeoTIFF_Resolucion_250cm/M20C1_MDT_Remesa_04.tif","M20C1_MDT_Remesa_04.tif"
"https://visualizador.ide.uy/descargas/datos/CN_Remesa_04/01_MDT/02_MDT_GeoTIFF_Resolucion_250cm/M20C2_MDT_Remesa_04.tif","M20C2_MDT_Remesa_04.tif"
"https://visualizador.ide.uy/descargas/datos/CN_Remesa_04/01_MDT/02_MDT_GeoTIFF_Resolucion_250cm/M20C3_MDT_Remesa_04.tif","M20C3_MDT_Remesa_04.tif"
"https://visualizador.ide.uy/descargas/datos/CN_Remesa_04/01_MDT/02_MDT_GeoTIFF_Resolucion_250cm/M20C4_MDT_Remesa_04.tif","M20C4_MDT_Remesa_04.tif"
"https://visualizador.ide.uy/descargas/datos/CN_Remesa_04/01_MDT/02_MDT_GeoTIFF_Resolucion_250cm/M20C5_MDT_Remesa_04.tif","M20C5_MDT_Remesa_04.tif"
"https://visualizador.ide.uy/descargas/datos/CN_Remesa_04/01_MDT/02_MDT_GeoTIFF_Resolucion_250cm/M20C6_MDT_Remesa_04.tif","M20C6_MDT_Remesa_04.tif"
"https://visualizador.ide.uy/descargas/datos/CN_Remesa_04/01_MDT/02_MDT_GeoTIFF_Resolucion_250cm/M20D1_MDT_Remesa_04.tif","M20D1_MDT_Remesa_04.tif"
"https://visualizador.ide.uy/descargas/datos/CN_Remesa_04/01_MDT/02_MDT_GeoTIFF_Resolucion_250cm/M20D4_MDT_Remesa_04.tif","M20D4_MDT_Remesa_04.tif"
"https://visualizador.ide.uy/descargas/datos/CN_Remesa_04/01_MDT/02_MDT_GeoTIFF_Resolucion_250cm/N14C4_MDT_Remesa_04.tif","N14C4_MDT_Remesa_04.tif"
"https://visualizador.ide.uy/descargas/datos/CN_Remesa_04/01_MDT/02_MDT_GeoTIFF_Resolucion_250cm/N14C5_MDT_Remesa_04.tif","N14C5_MDT_Remesa_04.tif"
"https://visualizador.ide.uy/descargas/datos/CN_Remesa_04/01_MDT/02_MDT_GeoTIFF_Resolucion_250cm/N14C6_MDT_Remesa_04.tif","N14C6_MDT_Remesa_04.tif"
"https://visualizador.ide.uy/descargas/datos/CN_Remesa_04/01_MDT/02_MDT_GeoTIFF_Resolucion_250cm/N14D4_MDT_Remesa_04.tif","N14D4_MDT_Remesa_04.tif"
"https://visualizador.ide.uy/descargas/datos/CN_Remesa_04/01_MDT/02_MDT_GeoTIFF_Resolucion_250cm/N14D5_MDT_Remesa_04.tif","N14D5_MDT_Remesa_04.tif"
"https://visualizador.ide.uy/descargas/datos/CN_Remesa_04/01_MDT/02_MDT_GeoTIFF_Resolucion_250cm/N14D6_MDT_Remesa_04.tif","N14D6_MDT_Remesa_04.tif"
"https://visualizador.ide.uy/descargas/datos/CN_Remesa_04/01_MDT/02_MDT_GeoTIFF_Resolucion_250cm/N15A1_MDT_Remesa_04.tif","N15A1_MDT_Remesa_04.tif"
"https://visualizador.ide.uy/descargas/datos/CN_Remesa_04/01_MDT/02_MDT_GeoTIFF_Resolucion_250cm/N15A2_MDT_Remesa_04.tif","N15A2_MDT_Remesa_04.tif"
"https://visualizador.ide.uy/descargas/datos/CN_Remesa_04/01_MDT/02_MDT_GeoTIFF_Resolucion_250cm/N15A3_MDT_Remesa_04.tif","N15A3_MDT_Remesa_04.tif"
"https://visualizador.ide.uy/descargas/datos/CN_Remesa_04/01_MDT/02_MDT_GeoTIFF_Resolucion_250cm/N15A4_MDT_Remesa_04.tif","N15A4_MDT_Remesa_04.tif"
"https://visualizador.ide.uy/descargas/datos/CN_Remesa_04/01_MDT/02_MDT_GeoTIFF_Resolucion_250cm/N15A5_MDT_Remesa_04.tif","N15A5_MDT_Remesa_04.tif"
"https://visualizador.ide.uy/descargas/datos/CN_Remesa_04/01_MDT/02_MDT_GeoTIFF_Resolucion_250cm/N15A6_MDT_Remesa_04.tif","N15A6_MDT_Remesa_04.tif"
"https://visualizador.ide.uy/descargas/datos/CN_Remesa_04/01_MDT/02_MDT_GeoTIFF_Resolucion_250cm/N15B1_MDT_Remesa_04.tif","N15B1_MDT_Remesa_04.tif"
"https://visualizador.ide.uy/descargas/datos/CN_Remesa_04/01_MDT/02_MDT_GeoTIFF_Resolucion_250cm/N15B2_MDT_Remesa_04.tif","N15B2_MDT_Remesa_04.tif"
"https://visualizador.ide.uy/descargas/datos/CN_Remesa_04/01_MDT/02_MDT_GeoTIFF_Resolucion_250cm/N15B3_MDT_Remesa_04.tif","N15B3_MDT_Remesa_04.tif"
"https://visualizador.ide.uy/descargas/datos/CN_Remesa_04/01_MDT/02_MDT_GeoTIFF_Resolucion_250cm/N15B4_MDT_Remesa_04.tif","N15B4_MDT_Remesa_04.tif"
"https://visualizador.ide.uy/descargas/datos/CN_Remesa_04/01_MDT/02_MDT_GeoTIFF_Resolucion_250cm/N15B5_MDT_Remesa_04.tif","N15B5_MDT_Remesa_04.tif"
"https://visualizador.ide.uy/descargas/datos/CN_Remesa_04/01_MDT/02_MDT_GeoTIFF_Resolucion_250cm/N15B6_MDT_Remesa_04.tif","N15B6_MDT_Remesa_04.tif"
"https://visualizador.ide.uy/descargas/datos/CN_Remesa_04/01_MDT/02_MDT_GeoTIFF_Resolucion_250cm/N15C1_MDT_Remesa_04.tif","N15C1_MDT_Remesa_04.tif"
"https://visualizador.ide.uy/descargas/datos/CN_Remesa_04/01_MDT/02_MDT_GeoTIFF_Resolucion_250cm/N15C2_MDT_Remesa_04.tif","N15C2_MDT_Remesa_04.tif"
"https://visualizador.ide.uy/descargas/datos/CN_Remesa_04/01_MDT/02_MDT_GeoTIFF_Resolucion_250cm/N15C3_MDT_Remesa_04.tif","N15C3_MDT_Remesa_04.tif"
"https://visualizador.ide.uy/descargas/datos/CN_Remesa_04/01_MDT/02_MDT_GeoTIFF_Resolucion_250cm/N15C4_MDT_Remesa_04.tif","N15C4_MDT_Remesa_04.tif"
"https://visualizador.ide.uy/descargas/datos/CN_Remesa_04/01_MDT/02_MDT_GeoTIFF_Resolucion_250cm/N15C5_MDT_Remesa_04.tif","N15C5_MDT_Remesa_04.tif"
"https://visualizador.ide.uy/descargas/datos/CN_Remesa_04/01_MDT/02_MDT_GeoTIFF_Resolucion_250cm/N15C6_MDT_Remesa_04.tif","N15C6_MDT_Remesa_04.tif"
"https://visualizador.ide.uy/descargas/datos/CN_Remesa_04/01_MDT/02_MDT_GeoTIFF_Resolucion_250cm/N15D1_MDT_Remesa_04.tif","N15D1_MDT_Remesa_04.tif"
"https://visualizador.ide.uy/descargas/datos/CN_Remesa_04/01_MDT/02_MDT_GeoTIFF_Resolucion_250cm/N15D2_MDT_Remesa_04.tif","N15D2_MDT_Remesa_04.tif"
"https://visualizador.ide.uy/descargas/datos/CN_Remesa_04/01_MDT/02_MDT_GeoTIFF_Resolucion_250cm/N15D3_MDT_Remesa_04.tif","N15D3_MDT_Remesa_04.tif"
"https://visualizador.ide.uy/descargas/datos/CN_Remesa_04/01_MDT/02_MDT_GeoTIFF_Resolucion_250cm/N15D4_MDT_Remesa_04.tif","N15D4_MDT_Remesa_04.tif"
"https://visualizador.ide.uy/descargas/datos/CN_Remesa_04/01_MDT/02_MDT_GeoTIFF_Resolucion_250cm/N15D5_MDT_Remesa_04.tif","N15D5_MDT_Remesa_04.tif"
"https://visualizador.ide.uy/descargas/datos/CN_Remesa_04/01_MDT/02_MDT_GeoTIFF_Resolucion_250cm/N15D6_MDT_Remesa_04.tif","N15D6_MDT_Remesa_04.tif"
"https://visualizador.ide.uy/descargas/datos/CN_Remesa_04/01_MDT/02_MDT_GeoTIFF_Resolucion_250cm/N16A1_MDT_Remesa_04.tif","N16A1_MDT_Remesa_04.tif"
"https://visualizador.ide.uy/descargas/datos/CN_Remesa_04/01_MDT/02_MDT_GeoTIFF_Resolucion_250cm/N16A2_MDT_Remesa_04.tif","N16A2_MDT_Remesa_04.tif"
"https://visualizador.ide.uy/descargas/datos/CN_Remesa_04/01_MDT/02_MDT_GeoTIFF_Resolucion_250cm/N16A3_MDT_Remesa_04.tif","N16A3_MDT_Remesa_04.tif"
"https://visualizador.ide.uy/descargas/datos/CN_Remesa_04/01_MDT/02_MDT_GeoTIFF_Resolucion_250cm/N16A4_MDT_Remesa_04.tif","N16A4_MDT_Remesa_04.tif"
"https://visualizador.ide.uy/descargas/datos/CN_Remesa_04/01_MDT/02_MDT_GeoTIFF_Resolucion_250cm/N16A5_MDT_Remesa_04.tif","N16A5_MDT_Remesa_04.tif"
"https://visualizador.ide.uy/descargas/datos/CN_Remesa_04/01_MDT/02_MDT_GeoTIFF_Resolucion_250cm/N16A6_MDT_Remesa_04.tif","N16A6_MDT_Remesa_04.tif"
"https://visualizador.ide.uy/descargas/datos/CN_Remesa_04/01_MDT/02_MDT_GeoTIFF_Resolucion_250cm/N16B1_MDT_Remesa_04.tif","N16B1_MDT_Remesa_04.tif"
"https://visualizador.ide.uy/descargas/datos/CN_Remesa_04/01_MDT/02_MDT_GeoTIFF_Resolucion_250cm/N16B2_MDT_Remesa_04.tif","N16B2_MDT_Remesa_04.tif"
"https://visualizador.ide.uy/descargas/datos/CN_Remesa_04/01_MDT/02_MDT_GeoTIFF_Resolucion_250cm/N16B3_MDT_Remesa_04.tif","N16B3_MDT_Remesa_04.tif"
"https://visualizador.ide.uy/descargas/datos/CN_Remesa_04/01_MDT/02_MDT_GeoTIFF_Resolucion_250cm/N16B4_MDT_Remesa_04.tif","N16B4_MDT_Remesa_04.tif"
"https://visualizador.ide.uy/descargas/datos/CN_Remesa_04/01_MDT/02_MDT_GeoTIFF_Resolucion_250cm/N16B5_MDT_Remesa_04.tif","N16B5_MDT_Remesa_04.tif"
"https://visualizador.ide.uy/descargas/datos/CN_Remesa_04/01_MDT/02_MDT_GeoTIFF_Resolucion_250cm/N16B6_MDT_Remesa_04.tif","N16B6_MDT_Remesa_04.tif"
"https://visualizador.ide.uy/descargas/datos/CN_Remesa_04/01_MDT/02_MDT_GeoTIFF_Resolucion_250cm/N16C1_MDT_Remesa_04.tif","N16C1_MDT_Remesa_04.tif"
"https://visualizador.ide.uy/descargas/datos/CN_Remesa_04/01_MDT/02_MDT_GeoTIFF_Resolucion_250cm/N16C2_MDT_Remesa_04.tif","N16C2_MDT_Remesa_04.tif"
"https://visualizador.ide.uy/descargas/datos/CN_Remesa_04/01_MDT/02_MDT_GeoTIFF_Resolucion_250cm/N16C3_MDT_Remesa_04.tif","N16C3_MDT_Remesa_04.tif"
"https://visualizador.ide.uy/descargas/datos/CN_Remesa_04/01_MDT/02_MDT_GeoTIFF_Resolucion_250cm/N16C4_MDT_Remesa_04.tif","N16C4_MDT_Remesa_04.tif"
"https://visualizador.ide.uy/descargas/datos/CN_Remesa_04/01_MDT/02_MDT_GeoTIFF_Resolucion_250cm/N16C5_MDT_Remesa_04.tif","N16C5_MDT_Remesa_04.tif"
"https://visualizador.ide.uy/descargas/datos/CN_Remesa_04/01_MDT/02_MDT_GeoTIFF_Resolucion_250cm/N16C6_MDT_Remesa_04.tif","N16C6_MDT_Remesa_04.tif"
"https://visualizador.ide.uy/descargas/datos/CN_Remesa_04/01_MDT/02_MDT_GeoTIFF_Resolucion_250cm/N16D1_MDT_Remesa_04.tif","N16D1_MDT_Remesa_04.tif"
"https://visualizador.ide.uy/descargas/datos/CN_Remesa_04/01_MDT/02_MDT_GeoTIFF_Resolucion_250cm/N16D2_MDT_Remesa_04.tif","N16D2_MDT_Remesa_04.tif"
"https://visualizador.ide.uy/descargas/datos/CN_Remesa_04/01_MDT/02_MDT_GeoTIFF_Resolucion_250cm/N16D3_MDT_Remesa_04.tif","N16D3_MDT_Remesa_04.tif"
"https://visualizador.ide.uy/descargas/datos/CN_Remesa_04/01_MDT/02_MDT_GeoTIFF_Resolucion_250cm/N16D4_MDT_Remesa_04.tif","N16D4_MDT_Remesa_04.tif"
"https://visualizador.ide.uy/descargas/datos/CN_Remesa_04/01_MDT/02_MDT_GeoTIFF_Resolucion_250cm/N16D5_MDT_Remesa_04.tif","N16D5_MDT_Remesa_04.tif"
"https://visualizador.ide.uy/descargas/datos/CN_Remesa_04/01_MDT/02_MDT_GeoTIFF_Resolucion_250cm/N16D6_MDT_Remesa_04.tif","N16D6_MDT_Remesa_04.tif"
"https://visualizador.ide.uy/descargas/datos/CN_Remesa_04/01_MDT/02_MDT_GeoTIFF_Resolucion_250cm/N17A1_MDT_Remesa_04.tif","N17A1_MDT_Remesa_04.tif"
"https://visualizador.ide.uy/descargas/datos/CN_Remesa_04/01_MDT/02_MDT_GeoTIFF_Resolucion_250cm/N17A2_MDT_Remesa_04.tif","N17A2_MDT_Remesa_04.tif"
"https://visualizador.ide.uy/descargas/datos/CN_Remesa_04/01_MDT/02_MDT_GeoTIFF_Resolucion_250cm/N17A3_MDT_Remesa_04.tif","N17A3_MDT_Remesa_04.tif"
"https://visualizador.ide.uy/descargas/datos/CN_Remesa_04/01_MDT/02_MDT_GeoTIFF_Resolucion_250cm/N17A4_MDT_Remesa_04.tif","N17A4_MDT_Remesa_04.tif"
"https://visualizador.ide.uy/descargas/datos/CN_Remesa_04/01_MDT/02_MDT_GeoTIFF_Resolucion_250cm/N17A5_MDT_Remesa_04.tif","N17A5_MDT_Remesa_04.tif"
"https://visualizador.ide.uy/descargas/datos/CN_Remesa_04/01_MDT/02_MDT_GeoTIFF_Resolucion_250cm/N17A6_MDT_Remesa_04.tif","N17A6_MDT_Remesa_04.tif"
"https://visualizador.ide.uy/descargas/datos/CN_Remesa_04/01_MDT/02_MDT_GeoTIFF_Resolucion_250cm/N17B1_MDT_Remesa_04.tif","N17B1_MDT_Remesa_04.tif"
"https://visualizador.ide.uy/descargas/datos/CN_Remesa_04/01_MDT/02_MDT_GeoTIFF_Resolucion_250cm/N17B2_MDT_Remesa_04.tif","N17B2_MDT_Remesa_04.tif"
"https://visualizador.ide.uy/descargas/datos/CN_Remesa_04/01_MDT/02_MDT_GeoTIFF_Resolucion_250cm/N17B3_MDT_Remesa_04.tif","N17B3_MDT_Remesa_04.tif"
"https://visualizador.ide.uy/descargas/datos/CN_Remesa_04/01_MDT/02_MDT_GeoTIFF_Resolucion_250cm/N17B4_MDT_Remesa_04.tif","N17B4_MDT_Remesa_04.tif"
"https://visualizador.ide.uy/descargas/datos/CN_Remesa_04/01_MDT/02_MDT_GeoTIFF_Resolucion_250cm/N17B5_MDT_Remesa_04.tif","N17B5_MDT_Remesa_04.tif"
"https://visualizador.ide.uy/descargas/datos/CN_Remesa_04/01_MDT/02_MDT_GeoTIFF_Resolucion_250cm/N17B6_MDT_Remesa_04.tif","N17B6_MDT_Remesa_04.tif"
"https://visualizador.ide.uy/descargas/datos/CN_Remesa_04/01_MDT/02_MDT_GeoTIFF_Resolucion_250cm/N17C1_MDT_Remesa_04.tif","N17C1_MDT_Remesa_04.tif"
"https://visualizador.ide.uy/descargas/datos/CN_Remesa_04/01_MDT/02_MDT_GeoTIFF_Resolucion_250cm/N17C2_MDT_Remesa_04.tif","N17C2_MDT_Remesa_04.tif"
"https://visualizador.ide.uy/descargas/datos/CN_Remesa_04/01_MDT/02_MDT_GeoTIFF_Resolucion_250cm/N17C3_MDT_Remesa_04.tif","N17C3_MDT_Remesa_04.tif"
"https://visualizador.ide.uy/descargas/datos/CN_Remesa_04/01_MDT/02_MDT_GeoTIFF_Resolucion_250cm/N17C4_MDT_Remesa_04.tif","N17C4_MDT_Remesa_04.tif"
"https://visualizador.ide.uy/descargas/datos/CN_Remesa_04/01_MDT/02_MDT_GeoTIFF_Resolucion_250cm/N17C5_MDT_Remesa_04.tif","N17C5_MDT_Remesa_04.tif"
"https://visualizador.ide.uy/descargas/datos/CN_Remesa_04/01_MDT/02_MDT_GeoTIFF_Resolucion_250cm/N17C6_MDT_Remesa_04.tif","N17C6_MDT_Remesa_04.tif"
"https://visualizador.ide.uy/descargas/datos/CN_Remesa_04/01_MDT/02_MDT_GeoTIFF_Resolucion_250cm/N17D1_MDT_Remesa_04.tif","N17D1_MDT_Remesa_04.tif"
"https://visualizador.ide.uy/descargas/datos/CN_Remesa_04/01_MDT/02_MDT_GeoTIFF_Resolucion_250cm/N17D2_MDT_Remesa_04.tif","N17D2_MDT_Remesa_04.tif"
"https://visualizador.ide.uy/descargas/datos/CN_Remesa_04/01_MDT/02_MDT_GeoTIFF_Resolucion_250cm/N17D3_MDT_Remesa_04.tif","N17D3_MDT_Remesa_04.tif"
"https://visualizador.ide.uy/descargas/datos/CN_Remesa_04/01_MDT/02_MDT_GeoTIFF_Resolucion_250cm/N17D4_MDT_Remesa_04.tif","N17D4_MDT_Remesa_04.tif"
"https://visualizador.ide.uy/descargas/datos/CN_Remesa_04/01_MDT/02_MDT_GeoTIFF_Resolucion_250cm/N17D5_MDT_Remesa_04.tif","N17D5_MDT_Remesa_04.tif"
"https://visualizador.ide.uy/descargas/datos/CN_Remesa_04/01_MDT/02_MDT_GeoTIFF_Resolucion_250cm/N17D6_MDT_Remesa_04.tif","N17D6_MDT_Remesa_04.tif"
"https://visualizador.ide.uy/descargas/datos/CN_Remesa_04/01_MDT/02_MDT_GeoTIFF_Resolucion_250cm/N18A1_MDT_Remesa_04.tif","N18A1_MDT_Remesa_04.tif"
"https://visualizador.ide.uy/descargas/datos/CN_Remesa_04/01_MDT/02_MDT_GeoTIFF_Resolucion_250cm/N18A2_MDT_Remesa_04.tif","N18A2_MDT_Remesa_04.tif"
"https://visualizador.ide.uy/descargas/datos/CN_Remesa_04/01_MDT/02_MDT_GeoTIFF_Resolucion_250cm/N18A3_MDT_Remesa_04.tif","N18A3_MDT_Remesa_04.tif"
"https://visualizador.ide.uy/descargas/datos/CN_Remesa_04/01_MDT/02_MDT_GeoTIFF_Resolucion_250cm/N18A4_MDT_Remesa_04.tif","N18A4_MDT_Remesa_04.tif"
"https://visualizador.ide.uy/descargas/datos/CN_Remesa_04/01_MDT/02_MDT_GeoTIFF_Resolucion_250cm/N18A5_MDT_Remesa_04.tif","N18A5_MDT_Remesa_04.tif"
"https://visualizador.ide.uy/descargas/datos/CN_Remesa_04/01_MDT/02_MDT_GeoTIFF_Resolucion_250cm/N18A6_MDT_Remesa_04.tif","N18A6_MDT_Remesa_04.tif"
"https://visualizador.ide.uy/descargas/datos/CN_Remesa_04/01_MDT/02_MDT_GeoTIFF_Resolucion_250cm/N18B1_MDT_Remesa_04.tif","N18B1_MDT_Remesa_04.tif"
"https://visualizador.ide.uy/descargas/datos/CN_Remesa_04/01_MDT/02_MDT_GeoTIFF_Resolucion_250cm/N18B2_MDT_Remesa_04.tif","N18B2_MDT_Remesa_04.tif"
"https://visualizador.ide.uy/descargas/datos/CN_Remesa_04/01_MDT/02_MDT_GeoTIFF_Resolucion_250cm/N18B3_MDT_Remesa_04.tif","N18B3_MDT_Remesa_04.tif"
"https://visualizador.ide.uy/descargas/datos/CN_Remesa_04/01_MDT/02_MDT_GeoTIFF_Resolucion_250cm/N18B4_MDT_Remesa_04.tif","N18B4_MDT_Remesa_04.tif"
"https://visualizador.ide.uy/descargas/datos/CN_Remesa_04/01_MDT/02_MDT_GeoTIFF_Resolucion_250cm/N18B5_MDT_Remesa_04.tif","N18B5_MDT_Remesa_04.tif"
"https://visualizador.ide.uy/descargas/datos/CN_Remesa_04/01_MDT/02_MDT_GeoTIFF_Resolucion_250cm/N18B6_MDT_Remesa_04.tif","N18B6_MDT_Remesa_04.tif"
"https://visualizador.ide.uy/descargas/datos/CN_Remesa_04/01_MDT/02_MDT_GeoTIFF_Resolucion_250cm/N18C1_MDT_Remesa_04.tif","N18C1_MDT_Remesa_04.tif"
"https://visualizador.ide.uy/descargas/datos/CN_Remesa_04/01_MDT/02_MDT_GeoTIFF_Resolucion_250cm/N18C2_MDT_Remesa_04.tif","N18C2_MDT_Remesa_04.tif"
"https://visualizador.ide.uy/descargas/datos/CN_Remesa_04/01_MDT/02_MDT_GeoTIFF_Resolucion_250cm/N18C3_MDT_Remesa_04.tif","N18C3_MDT_Remesa_04.tif"
"https://visualizador.ide.uy/descargas/datos/CN_Remesa_04/01_MDT/02_MDT_GeoTIFF_Resolucion_250cm/N18C4_MDT_Remesa_04.tif","N18C4_MDT_Remesa_04.tif"
"https://visualizador.ide.uy/descargas/datos/CN_Remesa_04/01_MDT/02_MDT_GeoTIFF_Resolucion_250cm/N18C5_MDT_Remesa_04.tif","N18C5_MDT_Remesa_04.tif"
"https://visualizador.ide.uy/descargas/datos/CN_Remesa_04/01_MDT/02_MDT_GeoTIFF_Resolucion_250cm/N18C6_MDT_Remesa_04.tif","N18C6_MDT_Remesa_04.tif"
"https://visualizador.ide.uy/descargas/datos/CN_Remesa_04/01_MDT/02_MDT_GeoTIFF_Resolucion_250cm/N18D1_MDT_Remesa_04.tif","N18D1_MDT_Remesa_04.tif"
"https://visualizador.ide.uy/descargas/datos/CN_Remesa_04/01_MDT/02_MDT_GeoTIFF_Resolucion_250cm/N18D2_MDT_Remesa_04.tif","N18D2_MDT_Remesa_04.tif"
"https://visualizador.ide.uy/descargas/datos/CN_Remesa_04/01_MDT/02_MDT_GeoTIFF_Resolucion_250cm/N18D3_MDT_Remesa_04.tif","N18D3_MDT_Remesa_04.tif"
"https://visualizador.ide.uy/descargas/datos/CN_Remesa_04/01_MDT/02_MDT_GeoTIFF_Resolucion_250cm/N18D4_MDT_Remesa_04.tif","N18D4_MDT_Remesa_04.tif"
"https://visualizador.ide.uy/descargas/datos/CN_Remesa_04/01_MDT/02_MDT_GeoTIFF_Resolucion_250cm/N18D5_MDT_Remesa_04.tif","N18D5_MDT_Remesa_04.tif"
"https://visualizador.ide.uy/descargas/datos/CN_Remesa_04/01_MDT/02_MDT_GeoTIFF_Resolucion_250cm/N18D6_MDT_Remesa_04.tif","N18D6_MDT_Remesa_04.tif"
"https://visualizador.ide.uy/descargas/datos/CN_Remesa_04/01_MDT/02_MDT_GeoTIFF_Resolucion_250cm/N19A1_MDT_Remesa_04.tif","N19A1_MDT_Remesa_04.tif"
"https://visualizador.ide.uy/descargas/datos/CN_Remesa_04/01_MDT/02_MDT_GeoTIFF_Resolucion_250cm/N19A2_MDT_Remesa_04.tif","N19A2_MDT_Remesa_04.tif"
"https://visualizador.ide.uy/descargas/datos/CN_Remesa_04/01_MDT/02_MDT_GeoTIFF_Resolucion_250cm/N19A3_MDT_Remesa_04.tif","N19A3_MDT_Remesa_04.tif"
"https://visualizador.ide.uy/descargas/datos/CN_Remesa_04/01_MDT/02_MDT_GeoTIFF_Resolucion_250cm/N19A4_MDT_Remesa_04.tif","N19A4_MDT_Remesa_04.tif"
"https://visualizador.ide.uy/descargas/datos/CN_Remesa_04/01_MDT/02_MDT_GeoTIFF_Resolucion_250cm/N19A5_MDT_Remesa_04.tif","N19A5_MDT_Remesa_04.tif"
"https://visualizador.ide.uy/descargas/datos/CN_Remesa_04/01_MDT/02_MDT_GeoTIFF_Resolucion_250cm/N19A6_MDT_Remesa_04.tif","N19A6_MDT_Remesa_04.tif"
"https://visualizador.ide.uy/descargas/datos/CN_Remesa_04/01_MDT/02_MDT_GeoTIFF_Resolucion_250cm/N19B1_MDT_Remesa_04.tif","N19B1_MDT_Remesa_04.tif"
"https://visualizador.ide.uy/descargas/datos/CN_Remesa_04/01_MDT/02_MDT_GeoTIFF_Resolucion_250cm/N19B2_MDT_Remesa_04.tif","N19B2_MDT_Remesa_04.tif"
"https://visualizador.ide.uy/descargas/datos/CN_Remesa_04/01_MDT/02_MDT_GeoTIFF_Resolucion_250cm/N19B3_MDT_Remesa_04.tif","N19B3_MDT_Remesa_04.tif"
"https://visualizador.ide.uy/descargas/datos/CN_Remesa_04/01_MDT/02_MDT_GeoTIFF_Resolucion_250cm/N19B4_MDT_Remesa_04.tif","N19B4_MDT_Remesa_04.tif"
"https://visualizador.ide.uy/descargas/datos/CN_Remesa_04/01_MDT/02_MDT_GeoTIFF_Resolucion_250cm/N19B5_MDT_Remesa_04.tif","N19B5_MDT_Remesa_04.tif"
"https://visualizador.ide.uy/descargas/datos/CN_Remesa_04/01_MDT/02_MDT_GeoTIFF_Resolucion_250cm/N19B6_MDT_Remesa_04.tif","N19B6_MDT_Remesa_04.tif"
"https://visualizador.ide.uy/descargas/datos/CN_Remesa_04/01_MDT/02_MDT_GeoTIFF_Resolucion_250cm/N19C1_MDT_Remesa_04.tif","N19C1_MDT_Remesa_04.tif"
"https://visualizador.ide.uy/descargas/datos/CN_Remesa_04/01_MDT/02_MDT_GeoTIFF_Resolucion_250cm/N19C2_MDT_Remesa_04.tif","N19C2_MDT_Remesa_04.tif"
"https://visualizador.ide.uy/descargas/datos/CN_Remesa_04/01_MDT/02_MDT_GeoTIFF_Resolucion_250cm/N19C3_MDT_Remesa_04.tif","N19C3_MDT_Remesa_04.tif"
"https://visualizador.ide.uy/descargas/datos/CN_Remesa_04/01_MDT/02_MDT_GeoTIFF_Resolucion_250cm/N19C4_MDT_Remesa_04.tif","N19C4_MDT_Remesa_04.tif"
"https://visualizador.ide.uy/descargas/datos/CN_Remesa_04/01_MDT/02_MDT_GeoTIFF_Resolucion_250cm/N19C5_MDT_Remesa_04.tif","N19C5_MDT_Remesa_04.tif"
"https://visualizador.ide.uy/descargas/datos/CN_Remesa_04/01_MDT/02_MDT_GeoTIFF_Resolucion_250cm/N19C6_MDT_Remesa_04.tif","N19C6_MDT_Remesa_04.tif"
"https://visualizador.ide.uy/descargas/datos/CN_Remesa_04/01_MDT/02_MDT_GeoTIFF_Resolucion_250cm/N19D1_MDT_Remesa_04.tif","N19D1_MDT_Remesa_04.tif"
"https://visualizador.ide.uy/descargas/datos/CN_Remesa_04/01_MDT/02_MDT_GeoTIFF_Resolucion_250cm/N19D2_MDT_Remesa_04.tif","N19D2_MDT_Remesa_04.tif"
"https://visualizador.ide.uy/descargas/datos/CN_Remesa_04/01_MDT/02_MDT_GeoTIFF_Resolucion_250cm/N19D3_MDT_Remesa_04.tif","N19D3_MDT_Remesa_04.tif"
"https://visualizador.ide.uy/descargas/datos/CN_Remesa_04/01_MDT/02_MDT_GeoTIFF_Resolucion_250cm/N19D4_MDT_Remesa_04.tif","N19D4_MDT_Remesa_04.tif"
"https://visualizador.ide.uy/descargas/datos/CN_Remesa_04/01_MDT/02_MDT_GeoTIFF_Resolucion_250cm/N19D5_MDT_Remesa_04.tif","N19D5_MDT_Remesa_04.tif"
"https://visualizador.ide.uy/descargas/datos/CN_Remesa_04/01_MDT/02_MDT_GeoTIFF_Resolucion_250cm/N19D6_MDT_Remesa_04.tif","N19D6_MDT_Remesa_04.tif"
"https://visualizador.ide.uy/descargas/datos/CN_Remesa_04/01_MDT/02_MDT_GeoTIFF_Resolucion_250cm/N20B3_MDT_Remesa_04.tif","N20B3_MDT_Remesa_04.tif"
"https://visualizador.ide.uy/descargas/datos/CN_Remesa_04/01_MDT/02_MDT_GeoTIFF_Resolucion_250cm/N20B6_MDT_Remesa_04.tif","N20B6_MDT_Remesa_04.tif"
"https://visualizador.ide.uy/descargas/datos/CN_Remesa_04/01_MDT/02_MDT_GeoTIFF_Resolucion_250cm/N20D3_MDT_Remesa_04.tif","N20D3_MDT_Remesa_04.tif"
"https://visualizador.ide.uy/descargas/datos/CN_Remesa_04/01_MDT/02_MDT_GeoTIFF_Resolucion_250cm/N20D6_MDT_Remesa_04.tif","N20D6_MDT_Remesa_04.tif"
"https://visualizador.ide.uy/descargas/datos/CN_Remesa_04/01_MDT/02_MDT_GeoTIFF_Resolucion_250cm/O14C4_MDT_Remesa_04.tif","O14C4_MDT_Remesa_04.tif"
"https://visualizador.ide.uy/descargas/datos/CN_Remesa_04/01_MDT/02_MDT_GeoTIFF_Resolucion_250cm/O14C5_MDT_Remesa_04.tif","O14C5_MDT_Remesa_04.tif"
"https://visualizador.ide.uy/descargas/datos/CN_Remesa_04/01_MDT/02_MDT_GeoTIFF_Resolucion_250cm/O14C6_MDT_Remesa_04.tif","O14C6_MDT_Remesa_04.tif"
"https://visualizador.ide.uy/descargas/datos/CN_Remesa_04/01_MDT/02_MDT_GeoTIFF_Resolucion_250cm/O14D4_MDT_Remesa_04.tif","O14D4_MDT_Remesa_04.tif"
"https://visualizador.ide.uy/descargas/datos/CN_Remesa_04/01_MDT/02_MDT_GeoTIFF_Resolucion_250cm/O14D5_MDT_Remesa_04.tif","O14D5_MDT_Remesa_04.tif"
"https://visualizador.ide.uy/descargas/datos/CN_Remesa_04/01_MDT/02_MDT_GeoTIFF_Resolucion_250cm/O14D6_MDT_Remesa_04.tif","O14D6_MDT_Remesa_04.tif"
"https://visualizador.ide.uy/descargas/datos/CN_Remesa_04/01_MDT/02_MDT_GeoTIFF_Resolucion_250cm/O15A1_MDT_Remesa_04.tif","O15A1_MDT_Remesa_04.tif"
"https://visualizador.ide.uy/descargas/datos/CN_Remesa_04/01_MDT/02_MDT_GeoTIFF_Resolucion_250cm/O15A2_MDT_Remesa_04.tif","O15A2_MDT_Remesa_04.tif"
"https://visualizador.ide.uy/descargas/datos/CN_Remesa_04/01_MDT/02_MDT_GeoTIFF_Resolucion_250cm/O15A3_MDT_Remesa_04.tif","O15A3_MDT_Remesa_04.tif"
"https://visualizador.ide.uy/descargas/datos/CN_Remesa_04/01_MDT/02_MDT_GeoTIFF_Resolucion_250cm/O15A4_MDT_Remesa_04.tif","O15A4_MDT_Remesa_04.tif"
"https://visualizador.ide.uy/descargas/datos/CN_Remesa_04/01_MDT/02_MDT_GeoTIFF_Resolucion_250cm/O15A5_MDT_Remesa_04.tif","O15A5_MDT_Remesa_04.tif"
"https://visualizador.ide.uy/descargas/datos/CN_Remesa_04/01_MDT/02_MDT_GeoTIFF_Resolucion_250cm/O15A6_MDT_Remesa_04.tif","O15A6_MDT_Remesa_04.tif"
"https://visualizador.ide.uy/descargas/datos/CN_Remesa_04/01_MDT/02_MDT_GeoTIFF_Resolucion_250cm/O15B1_MDT_Remesa_04.tif","O15B1_MDT_Remesa_04.tif"
"https://visualizador.ide.uy/descargas/datos/CN_Remesa_04/01_MDT/02_MDT_GeoTIFF_Resolucion_250cm/O15B2_MDT_Remesa_04.tif","O15B2_MDT_Remesa_04.tif"
"https://visualizador.ide.uy/descargas/datos/CN_Remesa_04/01_MDT/02_MDT_GeoTIFF_Resolucion_250cm/O15B3_MDT_Remesa_04.tif","O15B3_MDT_Remesa_04.tif"
"https://visualizador.ide.uy/descargas/datos/CN_Remesa_04/01_MDT/02_MDT_GeoTIFF_Resolucion_250cm/O15B4_MDT_Remesa_04.tif","O15B4_MDT_Remesa_04.tif"
"https://visualizador.ide.uy/descargas/datos/CN_Remesa_04/01_MDT/02_MDT_GeoTIFF_Resolucion_250cm/O15B5_MDT_Remesa_04.tif","O15B5_MDT_Remesa_04.tif"
"https://visualizador.ide.uy/descargas/datos/CN_Remesa_04/01_MDT/02_MDT_GeoTIFF_Resolucion_250cm/O15B6_MDT_Remesa_04.tif","O15B6_MDT_Remesa_04.tif"
"https://visualizador.ide.uy/descargas/datos/CN_Remesa_04/01_MDT/02_MDT_GeoTIFF_Resolucion_250cm/O15C1_MDT_Remesa_04.tif","O15C1_MDT_Remesa_04.tif"
"https://visualizador.ide.uy/descargas/datos/CN_Remesa_04/01_MDT/02_MDT_GeoTIFF_Resolucion_250cm/O15C2_MDT_Remesa_04.tif","O15C2_MDT_Remesa_04.tif"
"https://visualizador.ide.uy/descargas/datos/CN_Remesa_04/01_MDT/02_MDT_GeoTIFF_Resolucion_250cm/O15C3_MDT_Remesa_04.tif","O15C3_MDT_Remesa_04.tif"
"https://visualizador.ide.uy/descargas/datos/CN_Remesa_04/01_MDT/02_MDT_GeoTIFF_Resolucion_250cm/O15C4_MDT_Remesa_04.tif","O15C4_MDT_Remesa_04.tif"
"https://visualizador.ide.uy/descargas/datos/CN_Remesa_04/01_MDT/02_MDT_GeoTIFF_Resolucion_250cm/O15C5_MDT_Remesa_04.tif","O15C5_MDT_Remesa_04.tif"
"https://visualizador.ide.uy/descargas/datos/CN_Remesa_04/01_MDT/02_MDT_GeoTIFF_Resolucion_250cm/O15C6_MDT_Remesa_04.tif","O15C6_MDT_Remesa_04.tif"
"https://visualizador.ide.uy/descargas/datos/CN_Remesa_04/01_MDT/02_MDT_GeoTIFF_Resolucion_250cm/O15D1_MDT_Remesa_04.tif","O15D1_MDT_Remesa_04.tif"
"https://visualizador.ide.uy/descargas/datos/CN_Remesa_04/01_MDT/02_MDT_GeoTIFF_Resolucion_250cm/O15D2_MDT_Remesa_04.tif","O15D2_MDT_Remesa_04.tif"
"https://visualizador.ide.uy/descargas/datos/CN_Remesa_04/01_MDT/02_MDT_GeoTIFF_Resolucion_250cm/O15D3_MDT_Remesa_04.tif","O15D3_MDT_Remesa_04.tif"
"https://visualizador.ide.uy/descargas/datos/CN_Remesa_04/01_MDT/02_MDT_GeoTIFF_Resolucion_250cm/O15D4_MDT_Remesa_04.tif","O15D4_MDT_Remesa_04.tif"
"https://visualizador.ide.uy/descargas/datos/CN_Remesa_04/01_MDT/02_MDT_GeoTIFF_Resolucion_250cm/O15D5_MDT_Remesa_04.tif","O15D5_MDT_Remesa_04.tif"
"https://visualizador.ide.uy/descargas/datos/CN_Remesa_04/01_MDT/02_MDT_GeoTIFF_Resolucion_250cm/O15D6_MDT_Remesa_04.tif","O15D6_MDT_Remesa_04.tif"
"https://visualizador.ide.uy/descargas/datos/CN_Remesa_04/01_MDT/02_MDT_GeoTIFF_Resolucion_250cm/O16A1_MDT_Remesa_04.tif","O16A1_MDT_Remesa_04.tif"
"https://visualizador.ide.uy/descargas/datos/CN_Remesa_04/01_MDT/02_MDT_GeoTIFF_Resolucion_250cm/O16A2_MDT_Remesa_04.tif","O16A2_MDT_Remesa_04.tif"
"https://visualizador.ide.uy/descargas/datos/CN_Remesa_04/01_MDT/02_MDT_GeoTIFF_Resolucion_250cm/O16A3_MDT_Remesa_04.tif","O16A3_MDT_Remesa_04.tif"
"https://visualizador.ide.uy/descargas/datos/CN_Remesa_04/01_MDT/02_MDT_GeoTIFF_Resolucion_250cm/O16A4_MDT_Remesa_04.tif","O16A4_MDT_Remesa_04.tif"
"https://visualizador.ide.uy/descargas/datos/CN_Remesa_04/01_MDT/02_MDT_GeoTIFF_Resolucion_250cm/O16A5_MDT_Remesa_04.tif","O16A5_MDT_Remesa_04.tif"
"https://visualizador.ide.uy/descargas/datos/CN_Remesa_04/01_MDT/02_MDT_GeoTIFF_Resolucion_250cm/O16A6_MDT_Remesa_04.tif","O16A6_MDT_Remesa_04.tif"
"https://visualizador.ide.uy/descargas/datos/CN_Remesa_04/01_MDT/02_MDT_GeoTIFF_Resolucion_250cm/O16B1_MDT_Remesa_04.tif","O16B1_MDT_Remesa_04.tif"
"https://visualizador.ide.uy/descargas/datos/CN_Remesa_04/01_MDT/02_MDT_GeoTIFF_Resolucion_250cm/O16B2_MDT_Remesa_04.tif","O16B2_MDT_Remesa_04.tif"
"https://visualizador.ide.uy/descargas/datos/CN_Remesa_04/01_MDT/02_MDT_GeoTIFF_Resolucion_250cm/O16B3_MDT_Remesa_04.tif","O16B3_MDT_Remesa_04.tif"
"https://visualizador.ide.uy/descargas/datos/CN_Remesa_04/01_MDT/02_MDT_GeoTIFF_Resolucion_250cm/O16B4_MDT_Remesa_04.tif","O16B4_MDT_Remesa_04.tif"
"https://visualizador.ide.uy/descargas/datos/CN_Remesa_04/01_MDT/02_MDT_GeoTIFF_Resolucion_250cm/O16B5_MDT_Remesa_04.tif","O16B5_MDT_Remesa_04.tif"
"https://visualizador.ide.uy/descargas/datos/CN_Remesa_04/01_MDT/02_MDT_GeoTIFF_Resolucion_250cm/O16B6_MDT_Remesa_04.tif","O16B6_MDT_Remesa_04.tif"
"https://visualizador.ide.uy/descargas/datos/CN_Remesa_04/01_MDT/02_MDT_GeoTIFF_Resolucion_250cm/O16C1_MDT_Remesa_04.tif","O16C1_MDT_Remesa_04.tif"
"https://visualizador.ide.uy/descargas/datos/CN_Remesa_04/01_MDT/02_MDT_GeoTIFF_Resolucion_250cm/O16C2_MDT_Remesa_04.tif","O16C2_MDT_Remesa_04.tif"
"https://visualizador.ide.uy/descargas/datos/CN_Remesa_04/01_MDT/02_MDT_GeoTIFF_Resolucion_250cm/O16C3_MDT_Remesa_04.tif","O16C3_MDT_Remesa_04.tif"
"https://visualizador.ide.uy/descargas/datos/CN_Remesa_04/01_MDT/02_MDT_GeoTIFF_Resolucion_250cm/O16C4_MDT_Remesa_04.tif","O16C4_MDT_Remesa_04.tif"
"https://visualizador.ide.uy/descargas/datos/CN_Remesa_04/01_MDT/02_MDT_GeoTIFF_Resolucion_250cm/O16C5_MDT_Remesa_04.tif","O16C5_MDT_Remesa_04.tif"
"https://visualizador.ide.uy/descargas/datos/CN_Remesa_04/01_MDT/02_MDT_GeoTIFF_Resolucion_250cm/O16C6_MDT_Remesa_04.tif","O16C6_MDT_Remesa_04.tif"
"https://visualizador.ide.uy/descargas/datos/CN_Remesa_04/01_MDT/02_MDT_GeoTIFF_Resolucion_250cm/O16D1_MDT_Remesa_04.tif","O16D1_MDT_Remesa_04.tif"
"https://visualizador.ide.uy/descargas/datos/CN_Remesa_04/01_MDT/02_MDT_GeoTIFF_Resolucion_250cm/O16D2_MDT_Remesa_04.tif","O16D2_MDT_Remesa_04.tif"
"https://visualizador.ide.uy/descargas/datos/CN_Remesa_04/01_MDT/02_MDT_GeoTIFF_Resolucion_250cm/O16D3_MDT_Remesa_04.tif","O16D3_MDT_Remesa_04.tif"
"https://visualizador.ide.uy/descargas/datos/CN_Remesa_04/01_MDT/02_MDT_GeoTIFF_Resolucion_250cm/O16D4_MDT_Remesa_04.tif","O16D4_MDT_Remesa_04.tif"
"https://visualizador.ide.uy/descargas/datos/CN_Remesa_04/01_MDT/02_MDT_GeoTIFF_Resolucion_250cm/O16D5_MDT_Remesa_04.tif","O16D5_MDT_Remesa_04.tif"
"https://visualizador.ide.uy/descargas/datos/CN_Remesa_04/01_MDT/02_MDT_GeoTIFF_Resolucion_250cm/O16D6_MDT_Remesa_04.tif","O16D6_MDT_Remesa_04.tif"
"https://visualizador.ide.uy/descargas/datos/CN_Remesa_04/01_MDT/02_MDT_GeoTIFF_Resolucion_250cm/O17A1_MDT_Remesa_04.tif","O17A1_MDT_Remesa_04.tif"
"https://visualizador.ide.uy/descargas/datos/CN_Remesa_04/01_MDT/02_MDT_GeoTIFF_Resolucion_250cm/O17A2_MDT_Remesa_04.tif","O17A2_MDT_Remesa_04.tif"
"https://visualizador.ide.uy/descargas/datos/CN_Remesa_04/01_MDT/02_MDT_GeoTIFF_Resolucion_250cm/O17A3_MDT_Remesa_04.tif","O17A3_MDT_Remesa_04.tif"
"https://visualizador.ide.uy/descargas/datos/CN_Remesa_04/01_MDT/02_MDT_GeoTIFF_Resolucion_250cm/O17A4_MDT_Remesa_04.tif","O17A4_MDT_Remesa_04.tif"
"https://visualizador.ide.uy/descargas/datos/CN_Remesa_04/01_MDT/02_MDT_GeoTIFF_Resolucion_250cm/O17A5_MDT_Remesa_04.tif","O17A5_MDT_Remesa_04.tif"
"https://visualizador.ide.uy/descargas/datos/CN_Remesa_04/01_MDT/02_MDT_GeoTIFF_Resolucion_250cm/O17A6_MDT_Remesa_04.tif","O17A6_MDT_Remesa_04.tif"
"https://visualizador.ide.uy/descargas/datos/CN_Remesa_04/01_MDT/02_MDT_GeoTIFF_Resolucion_250cm/O17B1_MDT_Remesa_04.tif","O17B1_MDT_Remesa_04.tif"
"https://visualizador.ide.uy/descargas/datos/CN_Remesa_04/01_MDT/02_MDT_GeoTIFF_Resolucion_250cm/O17B2_MDT_Remesa_04.tif","O17B2_MDT_Remesa_04.tif"
"https://visualizador.ide.uy/descargas/datos/CN_Remesa_04/01_MDT/02_MDT_GeoTIFF_Resolucion_250cm/O17B3_MDT_Remesa_04.tif","O17B3_MDT_Remesa_04.tif"
"https://visualizador.ide.uy/descargas/datos/CN_Remesa_04/01_MDT/02_MDT_GeoTIFF_Resolucion_250cm/O17B4_MDT_Remesa_04.tif","O17B4_MDT_Remesa_04.tif"
"https://visualizador.ide.uy/descargas/datos/CN_Remesa_04/01_MDT/02_MDT_GeoTIFF_Resolucion_250cm/O17B5_MDT_Remesa_04.tif","O17B5_MDT_Remesa_04.tif"
"https://visualizador.ide.uy/descargas/datos/CN_Remesa_04/01_MDT/02_MDT_GeoTIFF_Resolucion_250cm/O17B6_MDT_Remesa_04.tif","O17B6_MDT_Remesa_04.tif"
"https://visualizador.ide.uy/descargas/datos/CN_Remesa_04/01_MDT/02_MDT_GeoTIFF_Resolucion_250cm/O17C1_MDT_Remesa_04.tif","O17C1_MDT_Remesa_04.tif"
"https://visualizador.ide.uy/descargas/datos/CN_Remesa_04/01_MDT/02_MDT_GeoTIFF_Resolucion_250cm/O17C2_MDT_Remesa_04.tif","O17C2_MDT_Remesa_04.tif"
"https://visualizador.ide.uy/descargas/datos/CN_Remesa_04/01_MDT/02_MDT_GeoTIFF_Resolucion_250cm/O17C3_MDT_Remesa_04.tif","O17C3_MDT_Remesa_04.tif"
"https://visualizador.ide.uy/descargas/datos/CN_Remesa_04/01_MDT/02_MDT_GeoTIFF_Resolucion_250cm/O17C4_MDT_Remesa_04.tif","O17C4_MDT_Remesa_04.tif"
"https://visualizador.ide.uy/descargas/datos/CN_Remesa_04/01_MDT/02_MDT_GeoTIFF_Resolucion_250cm/O17C5_MDT_Remesa_04.tif","O17C5_MDT_Remesa_04.tif"
"https://visualizador.ide.uy/descargas/datos/CN_Remesa_04/01_MDT/02_MDT_GeoTIFF_Resolucion_250cm/O17C6_MDT_Remesa_04.tif","O17C6_MDT_Remesa_04.tif"
"https://visualizador.ide.uy/descargas/datos/CN_Remesa_04/01_MDT/02_MDT_GeoTIFF_Resolucion_250cm/O17D1_MDT_Remesa_04.tif","O17D1_MDT_Remesa_04.tif"
"https://visualizador.ide.uy/descargas/datos/CN_Remesa_04/01_MDT/02_MDT_GeoTIFF_Resolucion_250cm/O17D2_MDT_Remesa_04.tif","O17D2_MDT_Remesa_04.tif"
"https://visualizador.ide.uy/descargas/datos/CN_Remesa_04/01_MDT/02_MDT_GeoTIFF_Resolucion_250cm/O17D3_MDT_Remesa_04.tif","O17D3_MDT_Remesa_04.tif"
"https://visualizador.ide.uy/descargas/datos/CN_Remesa_04/01_MDT/02_MDT_GeoTIFF_Resolucion_250cm/O17D4_MDT_Remesa_04.tif","O17D4_MDT_Remesa_04.tif"
"https://visualizador.ide.uy/descargas/datos/CN_Remesa_04/01_MDT/02_MDT_GeoTIFF_Resolucion_250cm/O17D5_MDT_Remesa_04.tif","O17D5_MDT_Remesa_04.tif"
"https://visualizador.ide.uy/descargas/datos/CN_Remesa_04/01_MDT/02_MDT_GeoTIFF_Resolucion_250cm/O17D6_MDT_Remesa_04.tif","O17D6_MDT_Remesa_04.tif"
"https://visualizador.ide.uy/descargas/datos/CN_Remesa_04/01_MDT/02_MDT_GeoTIFF_Resolucion_250cm/O18A1_MDT_Remesa_04.tif","O18A1_MDT_Remesa_04.tif"
"https://visualizador.ide.uy/descargas/datos/CN_Remesa_04/01_MDT/02_MDT_GeoTIFF_Resolucion_250cm/O18A2_MDT_Remesa_04.tif","O18A2_MDT_Remesa_04.tif"
"https://visualizador.ide.uy/descargas/datos/CN_Remesa_04/01_MDT/02_MDT_GeoTIFF_Resolucion_250cm/O18A3_MDT_Remesa_04.tif","O18A3_MDT_Remesa_04.tif"
"https://visualizador.ide.uy/descargas/datos/CN_Remesa_04/01_MDT/02_MDT_GeoTIFF_Resolucion_250cm/O18A4_MDT_Remesa_04.tif","O18A4_MDT_Remesa_04.tif"
"https://visualizador.ide.uy/descargas/datos/CN_Remesa_04/01_MDT/02_MDT_GeoTIFF_Resolucion_250cm/O18A5_MDT_Remesa_04.tif","O18A5_MDT_Remesa_04.tif"
"https://visualizador.ide.uy/descargas/datos/CN_Remesa_04/01_MDT/02_MDT_GeoTIFF_Resolucion_250cm/O18A6_MDT_Remesa_04.tif","O18A6_MDT_Remesa_04.tif"
"https://visualizador.ide.uy/descargas/datos/CN_Remesa_04/01_MDT/02_MDT_GeoTIFF_Resolucion_250cm/O18B1_MDT_Remesa_04.tif","O18B1_MDT_Remesa_04.tif"
"https://visualizador.ide.uy/descargas/datos/CN_Remesa_04/01_MDT/02_MDT_GeoTIFF_Resolucion_250cm/O18B2_MDT_Remesa_04.tif","O18B2_MDT_Remesa_04.tif"
"https://visualizador.ide.uy/descargas/datos/CN_Remesa_04/01_MDT/02_MDT_GeoTIFF_Resolucion_250cm/O18B3_MDT_Remesa_04.tif","O18B3_MDT_Remesa_04.tif"
"https://visualizador.ide.uy/descargas/datos/CN_Remesa_04/01_MDT/02_MDT_GeoTIFF_Resolucion_250cm/O18B4_MDT_Remesa_04.tif","O18B4_MDT_Remesa_04.tif"
"https://visualizador.ide.uy/descargas/datos/CN_Remesa_04/01_MDT/02_MDT_GeoTIFF_Resolucion_250cm/O18B5_MDT_Remesa_04.tif","O18B5_MDT_Remesa_04.tif"
"https://visualizador.ide.uy/descargas/datos/CN_Remesa_04/01_MDT/02_MDT_GeoTIFF_Resolucion_250cm/O18B6_MDT_Remesa_04.tif","O18B6_MDT_Remesa_04.tif"
"https://visualizador.ide.uy/descargas/datos/CN_Remesa_04/01_MDT/02_MDT_GeoTIFF_Resolucion_250cm/O18C1_MDT_Remesa_04.tif","O18C1_MDT_Remesa_04.tif"
"https://visualizador.ide.uy/descargas/datos/CN_Remesa_04/01_MDT/02_MDT_GeoTIFF_Resolucion_250cm/O18C2_MDT_Remesa_04.tif","O18C2_MDT_Remesa_04.tif"
"https://visualizador.ide.uy/descargas/datos/CN_Remesa_04/01_MDT/02_MDT_GeoTIFF_Resolucion_250cm/O18C3_MDT_Remesa_04.tif","O18C3_MDT_Remesa_04.tif"
"https://visualizador.ide.uy/descargas/datos/CN_Remesa_04/01_MDT/02_MDT_GeoTIFF_Resolucion_250cm/O18C4_MDT_Remesa_04.tif","O18C4_MDT_Remesa_04.tif"
"https://visualizador.ide.uy/descargas/datos/CN_Remesa_04/01_MDT/02_MDT_GeoTIFF_Resolucion_250cm/O18C5_MDT_Remesa_04.tif","O18C5_MDT_Remesa_04.tif"
"https://visualizador.ide.uy/descargas/datos/CN_Remesa_04/01_MDT/02_MDT_GeoTIFF_Resolucion_250cm/O18C6_MDT_Remesa_04.tif","O18C6_MDT_Remesa_04.tif"
"https://visualizador.ide.uy/descargas/datos/CN_Remesa_04/01_MDT/02_MDT_GeoTIFF_Resolucion_250cm/O18D1_MDT_Remesa_04.tif","O18D1_MDT_Remesa_04.tif"
"https://visualizador.ide.uy/descargas/datos/CN_Remesa_04/01_MDT/02_MDT_GeoTIFF_Resolucion_250cm/O18D2_MDT_Remesa_04.tif","O18D2_MDT_Remesa_04.tif"
"https://visualizador.ide.uy/descargas/datos/CN_Remesa_04/01_MDT/02_MDT_GeoTIFF_Resolucion_250cm/O18D3_MDT_Remesa_04.tif","O18D3_MDT_Remesa_04.tif"
"https://visualizador.ide.uy/descargas/datos/CN_Remesa_04/01_MDT/02_MDT_GeoTIFF_Resolucion_250cm/O18D4_MDT_Remesa_04.tif","O18D4_MDT_Remesa_04.tif"
"https://visualizador.ide.uy/descargas/datos/CN_Remesa_04/01_MDT/02_MDT_GeoTIFF_Resolucion_250cm/O18D5_MDT_Remesa_04.tif","O18D5_MDT_Remesa_04.tif"
"https://visualizador.ide.uy/descargas/datos/CN_Remesa_04/01_MDT/02_MDT_GeoTIFF_Resolucion_250cm/O18D6_MDT_Remesa_04.tif","O18D6_MDT_Remesa_04.tif"
"https://visualizador.ide.uy/descargas/datos/CN_Remesa_04/01_MDT/02_MDT_GeoTIFF_Resolucion_250cm/O19A1_MDT_Remesa_04.tif","O19A1_MDT_Remesa_04.tif"
"https://visualizador.ide.uy/descargas/datos/CN_Remesa_04/01_MDT/02_MDT_GeoTIFF_Resolucion_250cm/O19A2_MDT_Remesa_04.tif","O19A2_MDT_Remesa_04.tif"
"https://visualizador.ide.uy/descargas/datos/CN_Remesa_04/01_MDT/02_MDT_GeoTIFF_Resolucion_250cm/O19A3_MDT_Remesa_04.tif","O19A3_MDT_Remesa_04.tif"
"https://visualizador.ide.uy/descargas/datos/CN_Remesa_04/01_MDT/02_MDT_GeoTIFF_Resolucion_250cm/O19A4_MDT_Remesa_04.tif","O19A4_MDT_Remesa_04.tif"
"https://visualizador.ide.uy/descargas/datos/CN_Remesa_04/01_MDT/02_MDT_GeoTIFF_Resolucion_250cm/O19A5_MDT_Remesa_04.tif","O19A5_MDT_Remesa_04.tif"
"https://visualizador.ide.uy/descargas/datos/CN_Remesa_04/01_MDT/02_MDT_GeoTIFF_Resolucion_250cm/O19A6_MDT_Remesa_04.tif","O19A6_MDT_Remesa_04.tif"
"https://visualizador.ide.uy/descargas/datos/CN_Remesa_04/01_MDT/02_MDT_GeoTIFF_Resolucion_250cm/O19B1_MDT_Remesa_04.tif","O19B1_MDT_Remesa_04.tif"
"https://visualizador.ide.uy/descargas/datos/CN_Remesa_04/01_MDT/02_MDT_GeoTIFF_Resolucion_250cm/O19B2_MDT_Remesa_04.tif","O19B2_MDT_Remesa_04.tif"
"https://visualizador.ide.uy/descargas/datos/CN_Remesa_04/01_MDT/02_MDT_GeoTIFF_Resolucion_250cm/O19B3_MDT_Remesa_04.tif","O19B3_MDT_Remesa_04.tif"
"https://visualizador.ide.uy/descargas/datos/CN_Remesa_04/01_MDT/02_MDT_GeoTIFF_Resolucion_250cm/O19B4_MDT_Remesa_04.tif","O19B4_MDT_Remesa_04.tif"
"https://visualizador.ide.uy/descargas/datos/CN_Remesa_04/01_MDT/02_MDT_GeoTIFF_Resolucion_250cm/O19B5_MDT_Remesa_04.tif","O19B5_MDT_Remesa_04.tif"
"https://visualizador.ide.uy/descargas/datos/CN_Remesa_04/01_MDT/02_MDT_GeoTIFF_Resolucion_250cm/O19B6_MDT_Remesa_04.tif","O19B6_MDT_Remesa_04.tif"
"https://visualizador.ide.uy/descargas/datos/CN_Remesa_04/01_MDT/02_MDT_GeoTIFF_Resolucion_250cm/O19C1_MDT_Remesa_04.tif","O19C1_MDT_Remesa_04.tif"
"https://visualizador.ide.uy/descargas/datos/CN_Remesa_04/01_MDT/02_MDT_GeoTIFF_Resolucion_250cm/O19C2_MDT_Remesa_04.tif","O19C2_MDT_Remesa_04.tif"
"https://visualizador.ide.uy/descargas/datos/CN_Remesa_04/01_MDT/02_MDT_GeoTIFF_Resolucion_250cm/O19C3_MDT_Remesa_04.tif","O19C3_MDT_Remesa_04.tif"
"https://visualizador.ide.uy/descargas/datos/CN_Remesa_04/01_MDT/02_MDT_GeoTIFF_Resolucion_250cm/O19C4_MDT_Remesa_04.tif","O19C4_MDT_Remesa_04.tif"
"https://visualizador.ide.uy/descargas/datos/CN_Remesa_04/01_MDT/02_MDT_GeoTIFF_Resolucion_250cm/O19C5_MDT_Remesa_04.tif","O19C5_MDT_Remesa_04.tif"
"https://visualizador.ide.uy/descargas/datos/CN_Remesa_04/01_MDT/02_MDT_GeoTIFF_Resolucion_250cm/O19C6_MDT_Remesa_04.tif","O19C6_MDT_Remesa_04.tif"
"https://visualizador.ide.uy/descargas/datos/CN_Remesa_04/01_MDT/02_MDT_GeoTIFF_Resolucion_250cm/O19D1_MDT_Remesa_04.tif","O19D1_MDT_Remesa_04.tif"
"https://visualizador.ide.uy/descargas/datos/CN_Remesa_04/01_MDT/02_MDT_GeoTIFF_Resolucion_250cm/O19D2_MDT_Remesa_04.tif","O19D2_MDT_Remesa_04.tif"
"https://visualizador.ide.uy/descargas/datos/CN_Remesa_04/01_MDT/02_MDT_GeoTIFF_Resolucion_250cm/O19D3_MDT_Remesa_04.tif","O19D3_MDT_Remesa_04.tif"
"https://visualizador.ide.uy/descargas/datos/CN_Remesa_04/01_MDT/02_MDT_GeoTIFF_Resolucion_250cm/O19D4_MDT_Remesa_04.tif","O19D4_MDT_Remesa_04.tif"
"https://visualizador.ide.uy/descargas/datos/CN_Remesa_04/01_MDT/02_MDT_GeoTIFF_Resolucion_250cm/O19D5_MDT_Remesa_04.tif","O19D5_MDT_Remesa_04.tif"
"https://visualizador.ide.uy/descargas/datos/CN_Remesa_04/01_MDT/02_MDT_GeoTIFF_Resolucion_250cm/O19D6_MDT_Remesa_04.tif","O19D6_MDT_Remesa_04.tif"
"https://visualizador.ide.uy/descargas/datos/CN_Remesa_04/01_MDT/02_MDT_GeoTIFF_Resolucion_250cm/P14C6_MDT_Remesa_04.tif","P14C6_MDT_Remesa_04.tif"
"https://visualizador.ide.uy/descargas/datos/CN_Remesa_04/01_MDT/02_MDT_GeoTIFF_Resolucion_250cm/P14D4_MDT_Remesa_04.tif","P14D4_MDT_Remesa_04.tif"
"https://visualizador.ide.uy/descargas/datos/CN_Remesa_04/01_MDT/02_MDT_GeoTIFF_Resolucion_250cm/P14D5_MDT_Remesa_04.tif","P14D5_MDT_Remesa_04.tif"
"https://visualizador.ide.uy/descargas/datos/CN_Remesa_04/01_MDT/02_MDT_GeoTIFF_Resolucion_250cm/P14D6_MDT_Remesa_04.tif","P14D6_MDT_Remesa_04.tif"
"https://visualizador.ide.uy/descargas/datos/CN_Remesa_04/01_MDT/02_MDT_GeoTIFF_Resolucion_250cm/P15B1_MDT_Remesa_04.tif","P15B1_MDT_Remesa_04.tif"
"https://visualizador.ide.uy/descargas/datos/CN_Remesa_04/01_MDT/02_MDT_GeoTIFF_Resolucion_250cm/P15B2_MDT_Remesa_04.tif","P15B2_MDT_Remesa_04.tif"
"https://visualizador.ide.uy/descargas/datos/CN_Remesa_04/01_MDT/02_MDT_GeoTIFF_Resolucion_250cm/P15B3_MDT_Remesa_04.tif","P15B3_MDT_Remesa_04.tif"
"https://visualizador.ide.uy/descargas/datos/CN_Remesa_04/01_MDT/02_MDT_GeoTIFF_Resolucion_250cm/P15B4_MDT_Remesa_04.tif","P15B4_MDT_Remesa_04.tif"
"https://visualizador.ide.uy/descargas/datos/CN_Remesa_04/01_MDT/02_MDT_GeoTIFF_Resolucion_250cm/P15B5_MDT_Remesa_04.tif","P15B5_MDT_Remesa_04.tif"
"https://visualizador.ide.uy/descargas/datos/CN_Remesa_04/01_MDT/02_MDT_GeoTIFF_Resolucion_250cm/P15B6_MDT_Remesa_04.tif","P15B6_MDT_Remesa_04.tif"
"https://visualizador.ide.uy/descargas/datos/CN_Remesa_04/01_MDT/02_MDT_GeoTIFF_Resolucion_250cm/P15C3_MDT_Remesa_04.tif","P15C3_MDT_Remesa_04.tif"
"https://visualizador.ide.uy/descargas/datos/CN_Remesa_04/01_MDT/02_MDT_GeoTIFF_Resolucion_250cm/P15C6_MDT_Remesa_04.tif","P15C6_MDT_Remesa_04.tif"
"https://visualizador.ide.uy/descargas/datos/CN_Remesa_04/01_MDT/02_MDT_GeoTIFF_Resolucion_250cm/P15D1_MDT_Remesa_04.tif","P15D1_MDT_Remesa_04.tif"
"https://visualizador.ide.uy/descargas/datos/CN_Remesa_04/01_MDT/02_MDT_GeoTIFF_Resolucion_250cm/P15D2_MDT_Remesa_04.tif","P15D2_MDT_Remesa_04.tif"
"https://visualizador.ide.uy/descargas/datos/CN_Remesa_04/01_MDT/02_MDT_GeoTIFF_Resolucion_250cm/P15D3_MDT_Remesa_04.tif","P15D3_MDT_Remesa_04.tif"
"https://visualizador.ide.uy/descargas/datos/CN_Remesa_04/01_MDT/02_MDT_GeoTIFF_Resolucion_250cm/P15D4_MDT_Remesa_04.tif","P15D4_MDT_Remesa_04.tif"
"https://visualizador.ide.uy/descargas/datos/CN_Remesa_04/01_MDT/02_MDT_GeoTIFF_Resolucion_250cm/P15D5_MDT_Remesa_04.tif","P15D5_MDT_Remesa_04.tif"
"https://visualizador.ide.uy/descargas/datos/CN_Remesa_04/01_MDT/02_MDT_GeoTIFF_Resolucion_250cm/P15D6_MDT_Remesa_04.tif","P15D6_MDT_Remesa_04.tif"
"https://visualizador.ide.uy/descargas/datos/CN_Remesa_04/01_MDT/02_MDT_GeoTIFF_Resolucion_250cm/P16A3_MDT_Remesa_04.tif","P16A3_MDT_Remesa_04.tif"
"https://visualizador.ide.uy/descargas/datos/CN_Remesa_04/01_MDT/02_MDT_GeoTIFF_Resolucion_250cm/P16A6_MDT_Remesa_04.tif","P16A6_MDT_Remesa_04.tif"
"https://visualizador.ide.uy/descargas/datos/CN_Remesa_04/01_MDT/02_MDT_GeoTIFF_Resolucion_250cm/P16B1_MDT_Remesa_04.tif","P16B1_MDT_Remesa_04.tif"
"https://visualizador.ide.uy/descargas/datos/CN_Remesa_04/01_MDT/02_MDT_GeoTIFF_Resolucion_250cm/P16B2_MDT_Remesa_04.tif","P16B2_MDT_Remesa_04.tif"
"https://visualizador.ide.uy/descargas/datos/CN_Remesa_04/01_MDT/02_MDT_GeoTIFF_Resolucion_250cm/P16B3_MDT_Remesa_04.tif","P16B3_MDT_Remesa_04.tif"
"https://visualizador.ide.uy/descargas/datos/CN_Remesa_04/01_MDT/02_MDT_GeoTIFF_Resolucion_250cm/P16B4_MDT_Remesa_04.tif","P16B4_MDT_Remesa_04.tif"
"https://visualizador.ide.uy/descargas/datos/CN_Remesa_04/01_MDT/02_MDT_GeoTIFF_Resolucion_250cm/P16B5_MDT_Remesa_04.tif","P16B5_MDT_Remesa_04.tif"
"https://visualizador.ide.uy/descargas/datos/CN_Remesa_04/01_MDT/02_MDT_GeoTIFF_Resolucion_250cm/P16B6_MDT_Remesa_04.tif","P16B6_MDT_Remesa_04.tif"
"https://visualizador.ide.uy/descargas/datos/CN_Remesa_04/01_MDT/02_MDT_GeoTIFF_Resolucion_250cm/P16C3_MDT_Remesa_04.tif","P16C3_MDT_Remesa_04.tif"
"https://visualizador.ide.uy/descargas/datos/CN_Remesa_04/01_MDT/02_MDT_GeoTIFF_Resolucion_250cm/P16C6_MDT_Remesa_04.tif","P16C6_MDT_Remesa_04.tif"
"https://visualizador.ide.uy/descargas/datos/CN_Remesa_04/01_MDT/02_MDT_GeoTIFF_Resolucion_250cm/P16D1_MDT_Remesa_04.tif","P16D1_MDT_Remesa_04.tif"
"https://visualizador.ide.uy/descargas/datos/CN_Remesa_04/01_MDT/02_MDT_GeoTIFF_Resolucion_250cm/P16D2_MDT_Remesa_04.tif","P16D2_MDT_Remesa_04.tif"
"https://visualizador.ide.uy/descargas/datos/CN_Remesa_04/01_MDT/02_MDT_GeoTIFF_Resolucion_250cm/P16D3_MDT_Remesa_04.tif","P16D3_MDT_Remesa_04.tif"
"https://visualizador.ide.uy/descargas/datos/CN_Remesa_04/01_MDT/02_MDT_GeoTIFF_Resolucion_250cm/P16D4_MDT_Remesa_04.tif","P16D4_MDT_Remesa_04.tif"
"https://visualizador.ide.uy/descargas/datos/CN_Remesa_04/01_MDT/02_MDT_GeoTIFF_Resolucion_250cm/P16D5_MDT_Remesa_04.tif","P16D5_MDT_Remesa_04.tif"
"https://visualizador.ide.uy/descargas/datos/CN_Remesa_04/01_MDT/02_MDT_GeoTIFF_Resolucion_250cm/P16D6_MDT_Remesa_04.tif","P16D6_MDT_Remesa_04.tif"
"https://visualizador.ide.uy/descargas/datos/CN_Remesa_04/01_MDT/02_MDT_GeoTIFF_Resolucion_250cm/P17A3_MDT_Remesa_04.tif","P17A3_MDT_Remesa_04.tif"
"https://visualizador.ide.uy/descargas/datos/CN_Remesa_04/01_MDT/02_MDT_GeoTIFF_Resolucion_250cm/P17A6_MDT_Remesa_04.tif","P17A6_MDT_Remesa_04.tif"
"https://visualizador.ide.uy/descargas/datos/CN_Remesa_04/01_MDT/02_MDT_GeoTIFF_Resolucion_250cm/P17B1_MDT_Remesa_04.tif","P17B1_MDT_Remesa_04.tif"
"https://visualizador.ide.uy/descargas/datos/CN_Remesa_04/01_MDT/02_MDT_GeoTIFF_Resolucion_250cm/P17B2_MDT_Remesa_04.tif","P17B2_MDT_Remesa_04.tif"
"https://visualizador.ide.uy/descargas/datos/CN_Remesa_04/01_MDT/02_MDT_GeoTIFF_Resolucion_250cm/P17B3_MDT_Remesa_04.tif","P17B3_MDT_Remesa_04.tif"
"https://visualizador.ide.uy/descargas/datos/CN_Remesa_04/01_MDT/02_MDT_GeoTIFF_Resolucion_250cm/P17B4_MDT_Remesa_04.tif","P17B4_MDT_Remesa_04.tif"
"https://visualizador.ide.uy/descargas/datos/CN_Remesa_04/01_MDT/02_MDT_GeoTIFF_Resolucion_250cm/P17B5_MDT_Remesa_04.tif","P17B5_MDT_Remesa_04.tif"
"https://visualizador.ide.uy/descargas/datos/CN_Remesa_04/01_MDT/02_MDT_GeoTIFF_Resolucion_250cm/P17B6_MDT_Remesa_04.tif","P17B6_MDT_Remesa_04.tif"
"https://visualizador.ide.uy/descargas/datos/CN_Remesa_04/01_MDT/02_MDT_GeoTIFF_Resolucion_250cm/P17C3_MDT_Remesa_04.tif","P17C3_MDT_Remesa_04.tif"
"https://visualizador.ide.uy/descargas/datos/CN_Remesa_04/01_MDT/02_MDT_GeoTIFF_Resolucion_250cm/P17C6_MDT_Remesa_04.tif","P17C6_MDT_Remesa_04.tif"
"https://visualizador.ide.uy/descargas/datos/CN_Remesa_04/01_MDT/02_MDT_GeoTIFF_Resolucion_250cm/P17D1_MDT_Remesa_04.tif","P17D1_MDT_Remesa_04.tif"
"https://visualizador.ide.uy/descargas/datos/CN_Remesa_04/01_MDT/02_MDT_GeoTIFF_Resolucion_250cm/P17D2_MDT_Remesa_04.tif","P17D2_MDT_Remesa_04.tif"
"https://visualizador.ide.uy/descargas/datos/CN_Remesa_04/01_MDT/02_MDT_GeoTIFF_Resolucion_250cm/P17D3_MDT_Remesa_04.tif","P17D3_MDT_Remesa_04.tif"
"https://visualizador.ide.uy/descargas/datos/CN_Remesa_04/01_MDT/02_MDT_GeoTIFF_Resolucion_250cm/P17D4_MDT_Remesa_04.tif","P17D4_MDT_Remesa_04.tif"
"https://visualizador.ide.uy/descargas/datos/CN_Remesa_04/01_MDT/02_MDT_GeoTIFF_Resolucion_250cm/P17D5_MDT_Remesa_04.tif","P17D5_MDT_Remesa_04.tif"
"https://visualizador.ide.uy/descargas/datos/CN_Remesa_04/01_MDT/02_MDT_GeoTIFF_Resolucion_250cm/P17D6_MDT_Remesa_04.tif","P17D6_MDT_Remesa_04.tif"
"https://visualizador.ide.uy/descargas/datos/CN_Remesa_04/01_MDT/02_MDT_GeoTIFF_Resolucion_250cm/P18B1_MDT_Remesa_04.tif","P18B1_MDT_Remesa_04.tif"
"https://visualizador.ide.uy/descargas/datos/CN_Remesa_04/01_MDT/02_MDT_GeoTIFF_Resolucion_250cm/P18B2_MDT_Remesa_04.tif","P18B2_MDT_Remesa_04.tif"
"https://visualizador.ide.uy/descargas/datos/CN_Remesa_04/01_MDT/02_MDT_GeoTIFF_Resolucion_250cm/P18B3_MDT_Remesa_04.tif","P18B3_MDT_Remesa_04.tif"
"https://visualizador.ide.uy/descargas/datos/CN_Remesa_04/01_MDT/02_MDT_GeoTIFF_Resolucion_250cm/P18B4_MDT_Remesa_04.tif","P18B4_MDT_Remesa_04.tif"
"https://visualizador.ide.uy/descargas/datos/CN_Remesa_04/01_MDT/02_MDT_GeoTIFF_Resolucion_250cm/P18B5_MDT_Remesa_04.tif","P18B5_MDT_Remesa_04.tif"
"https://visualizador.ide.uy/descargas/datos/CN_Remesa_04/01_MDT/02_MDT_GeoTIFF_Resolucion_250cm/P18B6_MDT_Remesa_04.tif","P18B6_MDT_Remesa_04.tif"
"https://visualizador.ide.uy/descargas/datos/CN_Remesa_04/01_MDT/02_MDT_GeoTIFF_Resolucion_250cm/P18D1_MDT_Remesa_04.tif","P18D1_MDT_Remesa_04.tif"
"https://visualizador.ide.uy/descargas/datos/CN_Remesa_04/01_MDT/02_MDT_GeoTIFF_Resolucion_250cm/P18D2_MDT_Remesa_04.tif","P18D2_MDT_Remesa_04.tif"
"https://visualizador.ide.uy/descargas/datos/CN_Remesa_04/01_MDT/02_MDT_GeoTIFF_Resolucion_250cm/P18D3_MDT_Remesa_04.tif","P18D3_MDT_Remesa_04.tif"
"https://visualizador.ide.uy/descargas/datos/CN_Remesa_04/01_MDT/02_MDT_GeoTIFF_Resolucion_250cm/P18D4_MDT_Remesa_04.tif","P18D4_MDT_Remesa_04.tif"
"https://visualizador.ide.uy/descargas/datos/CN_Remesa_04/01_MDT/02_MDT_GeoTIFF_Resolucion_250cm/P18D5_MDT_Remesa_04.tif","P18D5_MDT_Remesa_04.tif"
"https://visualizador.ide.uy/descargas/datos/CN_Remesa_04/01_MDT/02_MDT_GeoTIFF_Resolucion_250cm/P18D6_MDT_Remesa_04.tif","P18D6_MDT_Remesa_04.tif"
"https://visualizador.ide.uy/descargas/datos/CN_Remesa_04/01_MDT/02_MDT_GeoTIFF_Resolucion_250cm/P19A6_MDT_Remesa_04.tif","P19A6_MDT_Remesa_04.tif"
"https://visualizador.ide.uy/descargas/datos/CN_Remesa_04/01_MDT/02_MDT_GeoTIFF_Resolucion_250cm/P19B1_MDT_Remesa_04.tif","P19B1_MDT_Remesa_04.tif"
"https://visualizador.ide.uy/descargas/datos/CN_Remesa_04/01_MDT/02_MDT_GeoTIFF_Resolucion_250cm/P19B2_MDT_Remesa_04.tif","P19B2_MDT_Remesa_04.tif"
"https://visualizador.ide.uy/descargas/datos/CN_Remesa_04/01_MDT/02_MDT_GeoTIFF_Resolucion_250cm/P19B3_MDT_Remesa_04.tif","P19B3_MDT_Remesa_04.tif"
"https://visualizador.ide.uy/descargas/datos/CN_Remesa_04/01_MDT/02_MDT_GeoTIFF_Resolucion_250cm/P19B4_MDT_Remesa_04.tif","P19B4_MDT_Remesa_04.tif"
"https://visualizador.ide.uy/descargas/datos/CN_Remesa_04/01_MDT/02_MDT_GeoTIFF_Resolucion_250cm/P19B5_MDT_Remesa_04.tif","P19B5_MDT_Remesa_04.tif"
"https://visualizador.ide.uy/descargas/datos/CN_Remesa_04/01_MDT/02_MDT_GeoTIFF_Resolucion_250cm/P19B6_MDT_Remesa_04.tif","P19B6_MDT_Remesa_04.tif"
"https://visualizador.ide.uy/descargas/datos/CN_Remesa_04/01_MDT/02_MDT_GeoTIFF_Resolucion_250cm/P19C3_MDT_Remesa_04.tif","P19C3_MDT_Remesa_04.tif"
"https://visualizador.ide.uy/descargas/datos/CN_Remesa_04/01_MDT/02_MDT_GeoTIFF_Resolucion_250cm/P19C4_MDT_Remesa_04.tif","P19C4_MDT_Remesa_04.tif"
"https://visualizador.ide.uy/descargas/datos/CN_Remesa_04/01_MDT/02_MDT_GeoTIFF_Resolucion_250cm/P19C5_MDT_Remesa_04.tif","P19C5_MDT_Remesa_04.tif"
"https://visualizador.ide.uy/descargas/datos/CN_Remesa_04/01_MDT/02_MDT_GeoTIFF_Resolucion_250cm/P19C6_MDT_Remesa_04.tif","P19C6_MDT_Remesa_04.tif"
"https://visualizador.ide.uy/descargas/datos/CN_Remesa_04/01_MDT/02_MDT_GeoTIFF_Resolucion_250cm/P19D1_MDT_Remesa_04.tif","P19D1_MDT_Remesa_04.tif"
"https://visualizador.ide.uy/descargas/datos/CN_Remesa_04/01_MDT/02_MDT_GeoTIFF_Resolucion_250cm/P19D2_MDT_Remesa_04.tif","P19D2_MDT_Remesa_04.tif"
"https://visualizador.ide.uy/descargas/datos/CN_Remesa_04/01_MDT/02_MDT_GeoTIFF_Resolucion_250cm/P19D3_MDT_Remesa_04.tif","P19D3_MDT_Remesa_04.tif"
"https://visualizador.ide.uy/descargas/datos/CN_Remesa_04/01_MDT/02_MDT_GeoTIFF_Resolucion_250cm/P19D4_MDT_Remesa_04.tif","P19D4_MDT_Remesa_04.tif"
"https://visualizador.ide.uy/descargas/datos/CN_Remesa_04/01_MDT/02_MDT_GeoTIFF_Resolucion_250cm/P19D5_MDT_Remesa_04.tif","P19D5_MDT_Remesa_04.tif"
"https://visualizador.ide.uy/descargas/datos/CN_Remesa_04/01_MDT/02_MDT_GeoTIFF_Resolucion_250cm/P19D6_MDT_Remesa_04.tif","P19D6_MDT_Remesa_04.tif"
"https://visualizador.ide.uy/descargas/datos/CN_Remesa_04/01_MDT/02_MDT_GeoTIFF_Resolucion_250cm/R19D6_MDT_Remesa_04.tif","R19D6_MDT_Remesa_04.tif"
