"href","text"
"https://visualizador.ide.uy/descargas/datos/CN_Remesa_12/01_MDT/02_MDT_GeoTIFF_Resolucion_250cm/?C=N;O=D","Nombre:"
"https://visualizador.ide.uy/descargas/datos/CN_Remesa_12/01_MDT/02_MDT_GeoTIFF_Resolucion_250cm/?C=S;O=A","Size"
"https://visualizador.ide.uy/descargas/datos/CN_Remesa_12/01_MDT/","Parent Directory"
"https://visualizador.ide.uy/descargas/datos/CN_Remesa_12/01_MDT/02_MDT_GeoTIFF_Resolucion_250cm/K04C1_MDT_Remesa_12.tif","K04C1_MDT_Remesa_12.tif"
"https://visualizador.ide.uy/descargas/datos/CN_Remesa_12/01_MDT/02_MDT_GeoTIFF_Resolucion_250cm/K04C4_MDT_Remesa_12.tif","K04C4_MDT_Remesa_12.tif"
"https://visualizador.ide.uy/descargas/datos/CN_Remesa_12/01_MDT/02_MDT_GeoTIFF_Resolucion_250cm/K05A1_MDT_Remesa_12.tif","K05A1_MDT_Remesa_12.tif"
"https://visualizador.ide.uy/descargas/datos/CN_Remesa_12/01_MDT/02_MDT_GeoTIFF_Resolucion_250cm/K05A4_MDT_Remesa_12.tif","K05A4_MDT_Remesa_12.tif"
"https://visualizador.ide.uy/descargas/datos/CN_Remesa_12/01_MDT/02_MDT_GeoTIFF_Resolucion_250cm/K05C1_MDT_Remesa_12.tif","K05C1_MDT_Remesa_12.tif"
"https://visualizador.ide.uy/descargas/datos/CN_Remesa_12/01_MDT/02_MDT_GeoTIFF_Resolucion_250cm/K05C4_MDT_Remesa_12.tif","K05C4_MDT_Remesa_12.tif"
"https://visualizador.ide.uy/descargas/datos/CN_Remesa_12/01_MDT/02_MDT_GeoTIFF_Resolucion_250cm/K06A1_MDT_Remesa_12.tif","K06A1_MDT_Remesa_12.tif"
"https://visualizador.ide.uy/descargas/datos/CN_Remesa_12/01_MDT/02_MDT_GeoTIFF_Resolucion_250cm/K06A4_MDT_Remesa_12.tif","K06A4_MDT_Remesa_12.tif"
"https://visualizador.ide.uy/descargas/datos/CN_Remesa_12/01_MDT/02_MDT_GeoTIFF_Resolucion_250cm/K06C1_MDT_Remesa_12.tif","K06C1_MDT_Remesa_12.tif"
"https://visualizador.ide.uy/descargas/datos/CN_Remesa_12/01_MDT/02_MDT_GeoTIFF_Resolucion_250cm/K06C4_MDT_Remesa_12.tif","K06C4_MDT_Remesa_12.tif"
"https://visualizador.ide.uy/descargas/datos/CN_Remesa_12/01_MDT/02_MDT_GeoTIFF_Resolucion_250cm/K07A1_MDT_Remesa_12.tif","K07A1_MDT_Remesa_12.tif"
"https://visualizador.ide.uy/descargas/datos/CN_Remesa_12/01_MDT/02_MDT_GeoTIFF_Resolucion_250cm/K07A4_MDT_Remesa_12.tif","K07A4_MDT_Remesa_12.tif"
"https://visualizador.ide.uy/descargas/datos/CN_Remesa_12/01_MDT/02_MDT_GeoTIFF_Resolucion_250cm/K07C1_MDT_Remesa_12.tif","K07C1_MDT_Remesa_12.tif"
"https://visualizador.ide.uy/descargas/datos/CN_Remesa_12/01_MDT/02_MDT_GeoTIFF_Resolucion_250cm/K07C4_MDT_Remesa_12.tif","K07C4_MDT_Remesa_12.tif"
"https://visualizador.ide.uy/descargas/datos/CN_Remesa_12/01_MDT/02_MDT_GeoTIFF_Resolucion_250cm/K08A1_MDT_Remesa_12.tif","K08A1_MDT_Remesa_12.tif"
"https://visualizador.ide.uy/descargas/datos/CN_Remesa_12/01_MDT/02_MDT_GeoTIFF_Resolucion_250cm/K08A4_MDT_Remesa_12.tif","K08A4_MDT_Remesa_12.tif"
"https://visualizador.ide.uy/descargas/datos/CN_Remesa_12/01_MDT/02_MDT_GeoTIFF_Resolucion_250cm/K08C1_MDT_Remesa_12.tif","K08C1_MDT_Remesa_12.tif"
"https://visualizador.ide.uy/descargas/datos/CN_Remesa_12/01_MDT/02_MDT_GeoTIFF_Resolucion_250cm/K08C4_MDT_Remesa_12.tif","K08C4_MDT_Remesa_12.tif"
"https://visualizador.ide.uy/descargas/datos/CN_Remesa_12/01_MDT/02_MDT_GeoTIFF_Resolucion_250cm/K09A1_MDT_Remesa_12.tif","K09A1_MDT_Remesa_12.tif"
"https://visualizador.ide.uy/descargas/datos/CN_Remesa_12/01_MDT/02_MDT_GeoTIFF_Resolucion_250cm/K09A4_MDT_Remesa_12.tif","K09A4_MDT_Remesa_12.tif"
"https://visualizador.ide.uy/descargas/datos/CN_Remesa_12/01_MDT/02_MDT_GeoTIFF_Resolucion_250cm/L03A1_MDT_Remesa_12.tif","L03A1_MDT_Remesa_12.tif"
"https://visualizador.ide.uy/descargas/datos/CN_Remesa_12/01_MDT/02_MDT_GeoTIFF_Resolucion_250cm/L03A2_MDT_Remesa_12.tif","L03A2_MDT_Remesa_12.tif"
"https://visualizador.ide.uy/descargas/datos/CN_Remesa_12/01_MDT/02_MDT_GeoTIFF_Resolucion_250cm/L03A4_MDT_Remesa_12.tif","L03A4_MDT_Remesa_12.tif"
"https://visualizador.ide.uy/descargas/datos/CN_Remesa_12/01_MDT/02_MDT_GeoTIFF_Resolucion_250cm/L03A5_MDT_Remesa_12.tif","L03A5_MDT_Remesa_12.tif"
"https://visualizador.ide.uy/descargas/datos/CN_Remesa_12/01_MDT/02_MDT_GeoTIFF_Resolucion_250cm/L03C1_MDT_Remesa_12.tif","L03C1_MDT_Remesa_12.tif"
"https://visualizador.ide.uy/descargas/datos/CN_Remesa_12/01_MDT/02_MDT_GeoTIFF_Resolucion_250cm/L03C2_MDT_Remesa_12.tif","L03C2_MDT_Remesa_12.tif"
"https://visualizador.ide.uy/descargas/datos/CN_Remesa_12/01_MDT/02_MDT_GeoTIFF_Resolucion_250cm/L03C3_MDT_Remesa_12.tif","L03C3_MDT_Remesa_12.tif"
"https://visualizador.ide.uy/descargas/datos/CN_Remesa_12/01_MDT/02_MDT_GeoTIFF_Resolucion_250cm/L03C4_MDT_Remesa_12.tif","L03C4_MDT_Remesa_12.tif"
"https://visualizador.ide.uy/descargas/datos/CN_Remesa_12/01_MDT/02_MDT_GeoTIFF_Resolucion_250cm/L03C5_MDT_Remesa_12.tif","L03C5_MDT_Remesa_12.tif"
"https://visualizador.ide.uy/descargas/datos/CN_Remesa_12/01_MDT/02_MDT_GeoTIFF_Resolucion_250cm/L03C6_MDT_Remesa_12.tif","L03C6_MDT_Remesa_12.tif"
"https://visualizador.ide.uy/descargas/datos/CN_Remesa_12/01_MDT/02_MDT_GeoTIFF_Resolucion_250cm/L03D1_MDT_Remesa_12.tif","L03D1_MDT_Remesa_12.tif"
"https://visualizador.ide.uy/descargas/datos/CN_Remesa_12/01_MDT/02_MDT_GeoTIFF_Resolucion_250cm/L03D4_MDT_Remesa_12.tif","L03D4_MDT_Remesa_12.tif"
"https://visualizador.ide.uy/descargas/datos/CN_Remesa_12/01_MDT/02_MDT_GeoTIFF_Resolucion_250cm/L03D5_MDT_Remesa_12.tif","L03D5_MDT_Remesa_12.tif"
"https://visualizador.ide.uy/descargas/datos/CN_Remesa_12/01_MDT/02_MDT_GeoTIFF_Resolucion_250cm/L04A1_MDT_Remesa_12.tif","L04A1_MDT_Remesa_12.tif"
"https://visualizador.ide.uy/descargas/datos/CN_Remesa_12/01_MDT/02_MDT_GeoTIFF_Resolucion_250cm/L04A2_MDT_Remesa_12.tif","L04A2_MDT_Remesa_12.tif"
"https://visualizador.ide.uy/descargas/datos/CN_Remesa_12/01_MDT/02_MDT_GeoTIFF_Resolucion_250cm/L04A3_MDT_Remesa_12.tif","L04A3_MDT_Remesa_12.tif"
"https://visualizador.ide.uy/descargas/datos/CN_Remesa_12/01_MDT/02_MDT_GeoTIFF_Resolucion_250cm/L04A4_MDT_Remesa_12.tif","L04A4_MDT_Remesa_12.tif"
"https://visualizador.ide.uy/descargas/datos/CN_Remesa_12/01_MDT/02_MDT_GeoTIFF_Resolucion_250cm/L04A5_MDT_Remesa_12.tif","L04A5_MDT_Remesa_12.tif"
"https://visualizador.ide.uy/descargas/datos/CN_Remesa_12/01_MDT/02_MDT_GeoTIFF_Resolucion_250cm/L04A6_MDT_Remesa_12.tif","L04A6_MDT_Remesa_12.tif"
"https://visualizador.ide.uy/descargas/datos/CN_Remesa_12/01_MDT/02_MDT_GeoTIFF_Resolucion_250cm/L04B1_MDT_Remesa_12.tif","L04B1_MDT_Remesa_12.tif"
"https://visualizador.ide.uy/descargas/datos/CN_Remesa_12/01_MDT/02_MDT_GeoTIFF_Resolucion_250cm/L04B2_MDT_Remesa_12.tif","L04B2_MDT_Remesa_12.tif"
"https://visualizador.ide.uy/descargas/datos/CN_Remesa_12/01_MDT/02_MDT_GeoTIFF_Resolucion_250cm/L04B4_MDT_Remesa_12.tif","L04B4_MDT_Remesa_12.tif"
"https://visualizador.ide.uy/descargas/datos/CN_Remesa_12/01_MDT/02_MDT_GeoTIFF_Resolucion_250cm/L04B5_MDT_Remesa_12.tif","L04B5_MDT_Remesa_12.tif"
"https://visualizador.ide.uy/descargas/datos/CN_Remesa_12/01_MDT/02_MDT_GeoTIFF_Resolucion_250cm/L04B6_MDT_Remesa_12.tif","L04B6_MDT_Remesa_12.tif"
"https://visualizador.ide.uy/descargas/datos/CN_Remesa_12/01_MDT/02_MDT_GeoTIFF_Resolucion_250cm/L04C1_MDT_Remesa_12.tif","L04C1_MDT_Remesa_12.tif"
"https://visualizador.ide.uy/descargas/datos/CN_Remesa_12/01_MDT/02_MDT_GeoTIFF_Resolucion_250cm/L04C2_MDT_Remesa_12.tif","L04C2_MDT_Remesa_12.tif"
"https://visualizador.ide.uy/descargas/datos/CN_Remesa_12/01_MDT/02_MDT_GeoTIFF_Resolucion_250cm/L04C3_MDT_Remesa_12.tif","L04C3_MDT_Remesa_12.tif"
"https://visualizador.ide.uy/descargas/datos/CN_Remesa_12/01_MDT/02_MDT_GeoTIFF_Resolucion_250cm/L04C4_MDT_Remesa_12.tif","L04C4_MDT_Remesa_12.tif"
"https://visualizador.ide.uy/descargas/datos/CN_Remesa_12/01_MDT/02_MDT_GeoTIFF_Resolucion_250cm/L04C5_MDT_Remesa_12.tif","L04C5_MDT_Remesa_12.tif"
"https://visualizador.ide.uy/descargas/datos/CN_Remesa_12/01_MDT/02_MDT_GeoTIFF_Resolucion_250cm/L04C6_MDT_Remesa_12.tif","L04C6_MDT_Remesa_12.tif"
"https://visualizador.ide.uy/descargas/datos/CN_Remesa_12/01_MDT/02_MDT_GeoTIFF_Resolucion_250cm/L04D1_MDT_Remesa_12.tif","L04D1_MDT_Remesa_12.tif"
"https://visualizador.ide.uy/descargas/datos/CN_Remesa_12/01_MDT/02_MDT_GeoTIFF_Resolucion_250cm/L04D2_MDT_Remesa_12.tif","L04D2_MDT_Remesa_12.tif"
"https://visualizador.ide.uy/descargas/datos/CN_Remesa_12/01_MDT/02_MDT_GeoTIFF_Resolucion_250cm/L04D3_MDT_Remesa_12.tif","L04D3_MDT_Remesa_12.tif"
"https://visualizador.ide.uy/descargas/datos/CN_Remesa_12/01_MDT/02_MDT_GeoTIFF_Resolucion_250cm/L04D4_MDT_Remesa_12.tif","L04D4_MDT_Remesa_12.tif"
"https://visualizador.ide.uy/descargas/datos/CN_Remesa_12/01_MDT/02_MDT_GeoTIFF_Resolucion_250cm/L04D5_MDT_Remesa_12.tif","L04D5_MDT_Remesa_12.tif"
"https://visualizador.ide.uy/descargas/datos/CN_Remesa_12/01_MDT/02_MDT_GeoTIFF_Resolucion_250cm/L04D6_MDT_Remesa_12.tif","L04D6_MDT_Remesa_12.tif"
"https://visualizador.ide.uy/descargas/datos/CN_Remesa_12/01_MDT/02_MDT_GeoTIFF_Resolucion_250cm/L05A1_MDT_Remesa_12.tif","L05A1_MDT_Remesa_12.tif"
"https://visualizador.ide.uy/descargas/datos/CN_Remesa_12/01_MDT/02_MDT_GeoTIFF_Resolucion_250cm/L05A2_MDT_Remesa_12.tif","L05A2_MDT_Remesa_12.tif"
"https://visualizador.ide.uy/descargas/datos/CN_Remesa_12/01_MDT/02_MDT_GeoTIFF_Resolucion_250cm/L05A3_MDT_Remesa_12.tif","L05A3_MDT_Remesa_12.tif"
"https://visualizador.ide.uy/descargas/datos/CN_Remesa_12/01_MDT/02_MDT_GeoTIFF_Resolucion_250cm/L05A4_MDT_Remesa_12.tif","L05A4_MDT_Remesa_12.tif"
"https://visualizador.ide.uy/descargas/datos/CN_Remesa_12/01_MDT/02_MDT_GeoTIFF_Resolucion_250cm/L05A5_MDT_Remesa_12.tif","L05A5_MDT_Remesa_12.tif"
"https://visualizador.ide.uy/descargas/datos/CN_Remesa_12/01_MDT/02_MDT_GeoTIFF_Resolucion_250cm/L05A6_MDT_Remesa_12.tif","L05A6_MDT_Remesa_12.tif"
"https://visualizador.ide.uy/descargas/datos/CN_Remesa_12/01_MDT/02_MDT_GeoTIFF_Resolucion_250cm/L05B1_MDT_Remesa_12.tif","L05B1_MDT_Remesa_12.tif"
"https://visualizador.ide.uy/descargas/datos/CN_Remesa_12/01_MDT/02_MDT_GeoTIFF_Resolucion_250cm/L05B2_MDT_Remesa_12.tif","L05B2_MDT_Remesa_12.tif"
"https://visualizador.ide.uy/descargas/datos/CN_Remesa_12/01_MDT/02_MDT_GeoTIFF_Resolucion_250cm/L05B3_MDT_Remesa_12.tif","L05B3_MDT_Remesa_12.tif"
"https://visualizador.ide.uy/descargas/datos/CN_Remesa_12/01_MDT/02_MDT_GeoTIFF_Resolucion_250cm/L05B4_MDT_Remesa_12.tif","L05B4_MDT_Remesa_12.tif"
"https://visualizador.ide.uy/descargas/datos/CN_Remesa_12/01_MDT/02_MDT_GeoTIFF_Resolucion_250cm/L05B5_MDT_Remesa_12.tif","L05B5_MDT_Remesa_12.tif"
"https://visualizador.ide.uy/descargas/datos/CN_Remesa_12/01_MDT/02_MDT_GeoTIFF_Resolucion_250cm/L05B6_MDT_Remesa_12.tif","L05B6_MDT_Remesa_12.tif"
"https://visualizador.ide.uy/descargas/datos/CN_Remesa_12/01_MDT/02_MDT_GeoTIFF_Resolucion_250cm/L05C1_MDT_Remesa_12.tif","L05C1_MDT_Remesa_12.tif"
"https://visualizador.ide.uy/descargas/datos/CN_Remesa_12/01_MDT/02_MDT_GeoTIFF_Resolucion_250cm/L05C2_MDT_Remesa_12.tif","L05C2_MDT_Remesa_12.tif"
"https://visualizador.ide.uy/descargas/datos/CN_Remesa_12/01_MDT/02_MDT_GeoTIFF_Resolucion_250cm/L05C3_MDT_Remesa_12.tif","L05C3_MDT_Remesa_12.tif"
"https://visualizador.ide.uy/descargas/datos/CN_Remesa_12/01_MDT/02_MDT_GeoTIFF_Resolucion_250cm/L05C4_MDT_Remesa_12.tif","L05C4_MDT_Remesa_12.tif"
"https://visualizador.ide.uy/descargas/datos/CN_Remesa_12/01_MDT/02_MDT_GeoTIFF_Resolucion_250cm/L05C5_MDT_Remesa_12.tif","L05C5_MDT_Remesa_12.tif"
"https://visualizador.ide.uy/descargas/datos/CN_Remesa_12/01_MDT/02_MDT_GeoTIFF_Resolucion_250cm/L05C6_MDT_Remesa_12.tif","L05C6_MDT_Remesa_12.tif"
"https://visualizador.ide.uy/descargas/datos/CN_Remesa_12/01_MDT/02_MDT_GeoTIFF_Resolucion_250cm/L05D1_MDT_Remesa_12.tif","L05D1_MDT_Remesa_12.tif"
"https://visualizador.ide.uy/descargas/datos/CN_Remesa_12/01_MDT/02_MDT_GeoTIFF_Resolucion_250cm/L05D2_MDT_Remesa_12.tif","L05D2_MDT_Remesa_12.tif"
"https://visualizador.ide.uy/descargas/datos/CN_Remesa_12/01_MDT/02_MDT_GeoTIFF_Resolucion_250cm/L05D3_MDT_Remesa_12.tif","L05D3_MDT_Remesa_12.tif"
"https://visualizador.ide.uy/descargas/datos/CN_Remesa_12/01_MDT/02_MDT_GeoTIFF_Resolucion_250cm/L05D4_MDT_Remesa_12.tif","L05D4_MDT_Remesa_12.tif"
"https://visualizador.ide.uy/descargas/datos/CN_Remesa_12/01_MDT/02_MDT_GeoTIFF_Resolucion_250cm/L05D5_MDT_Remesa_12.tif","L05D5_MDT_Remesa_12.tif"
"https://visualizador.ide.uy/descargas/datos/CN_Remesa_12/01_MDT/02_MDT_GeoTIFF_Resolucion_250cm/L05D6_MDT_Remesa_12.tif","L05D6_MDT_Remesa_12.tif"
"https://visualizador.ide.uy/descargas/datos/CN_Remesa_12/01_MDT/02_MDT_GeoTIFF_Resolucion_250cm/L06A1_MDT_Remesa_12.tif","L06A1_MDT_Remesa_12.tif"
"https://visualizador.ide.uy/descargas/datos/CN_Remesa_12/01_MDT/02_MDT_GeoTIFF_Resolucion_250cm/L06A2_MDT_Remesa_12.tif","L06A2_MDT_Remesa_12.tif"
"https://visualizador.ide.uy/descargas/datos/CN_Remesa_12/01_MDT/02_MDT_GeoTIFF_Resolucion_250cm/L06A3_MDT_Remesa_12.tif","L06A3_MDT_Remesa_12.tif"
"https://visualizador.ide.uy/descargas/datos/CN_Remesa_12/01_MDT/02_MDT_GeoTIFF_Resolucion_250cm/L06A4_MDT_Remesa_12.tif","L06A4_MDT_Remesa_12.tif"
"https://visualizador.ide.uy/descargas/datos/CN_Remesa_12/01_MDT/02_MDT_GeoTIFF_Resolucion_250cm/L06A5_MDT_Remesa_12.tif","L06A5_MDT_Remesa_12.tif"
"https://visualizador.ide.uy/descargas/datos/CN_Remesa_12/01_MDT/02_MDT_GeoTIFF_Resolucion_250cm/L06A6_MDT_Remesa_12.tif","L06A6_MDT_Remesa_12.tif"
"https://visualizador.ide.uy/descargas/datos/CN_Remesa_12/01_MDT/02_MDT_GeoTIFF_Resolucion_250cm/L06B1_MDT_Remesa_12.tif","L06B1_MDT_Remesa_12.tif"
"https://visualizador.ide.uy/descargas/datos/CN_Remesa_12/01_MDT/02_MDT_GeoTIFF_Resolucion_250cm/L06B2_MDT_Remesa_12.tif","L06B2_MDT_Remesa_12.tif"
"https://visualizador.ide.uy/descargas/datos/CN_Remesa_12/01_MDT/02_MDT_GeoTIFF_Resolucion_250cm/L06B3_MDT_Remesa_12.tif","L06B3_MDT_Remesa_12.tif"
"https://visualizador.ide.uy/descargas/datos/CN_Remesa_12/01_MDT/02_MDT_GeoTIFF_Resolucion_250cm/L06B4_MDT_Remesa_12.tif","L06B4_MDT_Remesa_12.tif"
"https://visualizador.ide.uy/descargas/datos/CN_Remesa_12/01_MDT/02_MDT_GeoTIFF_Resolucion_250cm/L06B5_MDT_Remesa_12.tif","L06B5_MDT_Remesa_12.tif"
"https://visualizador.ide.uy/descargas/datos/CN_Remesa_12/01_MDT/02_MDT_GeoTIFF_Resolucion_250cm/L06B6_MDT_Remesa_12.tif","L06B6_MDT_Remesa_12.tif"
"https://visualizador.ide.uy/descargas/datos/CN_Remesa_12/01_MDT/02_MDT_GeoTIFF_Resolucion_250cm/L06C1_MDT_Remesa_12.tif","L06C1_MDT_Remesa_12.tif"
"https://visualizador.ide.uy/descargas/datos/CN_Remesa_12/01_MDT/02_MDT_GeoTIFF_Resolucion_250cm/L06C2_MDT_Remesa_12.tif","L06C2_MDT_Remesa_12.tif"
"https://visualizador.ide.uy/descargas/datos/CN_Remesa_12/01_MDT/02_MDT_GeoTIFF_Resolucion_250cm/L06C3_MDT_Remesa_12.tif","L06C3_MDT_Remesa_12.tif"
"https://visualizador.ide.uy/descargas/datos/CN_Remesa_12/01_MDT/02_MDT_GeoTIFF_Resolucion_250cm/L06C4_MDT_Remesa_12.tif","L06C4_MDT_Remesa_12.tif"
"https://visualizador.ide.uy/descargas/datos/CN_Remesa_12/01_MDT/02_MDT_GeoTIFF_Resolucion_250cm/L06C5_MDT_Remesa_12.tif","L06C5_MDT_Remesa_12.tif"
"https://visualizador.ide.uy/descargas/datos/CN_Remesa_12/01_MDT/02_MDT_GeoTIFF_Resolucion_250cm/L06C6_MDT_Remesa_12.tif","L06C6_MDT_Remesa_12.tif"
"https://visualizador.ide.uy/descargas/datos/CN_Remesa_12/01_MDT/02_MDT_GeoTIFF_Resolucion_250cm/L06D1_MDT_Remesa_12.tif","L06D1_MDT_Remesa_12.tif"
"https://visualizador.ide.uy/descargas/datos/CN_Remesa_12/01_MDT/02_MDT_GeoTIFF_Resolucion_250cm/L06D2_MDT_Remesa_12.tif","L06D2_MDT_Remesa_12.tif"
"https://visualizador.ide.uy/descargas/datos/CN_Remesa_12/01_MDT/02_MDT_GeoTIFF_Resolucion_250cm/L06D3_MDT_Remesa_12.tif","L06D3_MDT_Remesa_12.tif"
"https://visualizador.ide.uy/descargas/datos/CN_Remesa_12/01_MDT/02_MDT_GeoTIFF_Resolucion_250cm/L06D4_MDT_Remesa_12.tif","L06D4_MDT_Remesa_12.tif"
"https://visualizador.ide.uy/descargas/datos/CN_Remesa_12/01_MDT/02_MDT_GeoTIFF_Resolucion_250cm/L06D5_MDT_Remesa_12.tif","L06D5_MDT_Remesa_12.tif"
"https://visualizador.ide.uy/descargas/datos/CN_Remesa_12/01_MDT/02_MDT_GeoTIFF_Resolucion_250cm/L06D6_MDT_Remesa_12.tif","L06D6_MDT_Remesa_12.tif"
"https://visualizador.ide.uy/descargas/datos/CN_Remesa_12/01_MDT/02_MDT_GeoTIFF_Resolucion_250cm/L07A1_MDT_Remesa_12.tif","L07A1_MDT_Remesa_12.tif"
"https://visualizador.ide.uy/descargas/datos/CN_Remesa_12/01_MDT/02_MDT_GeoTIFF_Resolucion_250cm/L07A2_MDT_Remesa_12.tif","L07A2_MDT_Remesa_12.tif"
"https://visualizador.ide.uy/descargas/datos/CN_Remesa_12/01_MDT/02_MDT_GeoTIFF_Resolucion_250cm/L07A3_MDT_Remesa_12.tif","L07A3_MDT_Remesa_12.tif"
"https://visualizador.ide.uy/descargas/datos/CN_Remesa_12/01_MDT/02_MDT_GeoTIFF_Resolucion_250cm/L07A4_MDT_Remesa_12.tif","L07A4_MDT_Remesa_12.tif"
"https://visualizador.ide.uy/descargas/datos/CN_Remesa_12/01_MDT/02_MDT_GeoTIFF_Resolucion_250cm/L07A5_MDT_Remesa_12.tif","L07A5_MDT_Remesa_12.tif"
"https://visualizador.ide.uy/descargas/datos/CN_Remesa_12/01_MDT/02_MDT_GeoTIFF_Resolucion_250cm/L07A6_MDT_Remesa_12.tif","L07A6_MDT_Remesa_12.tif"
"https://visualizador.ide.uy/descargas/datos/CN_Remesa_12/01_MDT/02_MDT_GeoTIFF_Resolucion_250cm/L07B1_MDT_Remesa_12.tif","L07B1_MDT_Remesa_12.tif"
"https://visualizador.ide.uy/descargas/datos/CN_Remesa_12/01_MDT/02_MDT_GeoTIFF_Resolucion_250cm/L07B2_MDT_Remesa_12.tif","L07B2_MDT_Remesa_12.tif"
"https://visualizador.ide.uy/descargas/datos/CN_Remesa_12/01_MDT/02_MDT_GeoTIFF_Resolucion_250cm/L07B3_MDT_Remesa_12.tif","L07B3_MDT_Remesa_12.tif"
"https://visualizador.ide.uy/descargas/datos/CN_Remesa_12/01_MDT/02_MDT_GeoTIFF_Resolucion_250cm/L07B4_MDT_Remesa_12.tif","L07B4_MDT_Remesa_12.tif"
"https://visualizador.ide.uy/descargas/datos/CN_Remesa_12/01_MDT/02_MDT_GeoTIFF_Resolucion_250cm/L07B5_MDT_Remesa_12.tif","L07B5_MDT_Remesa_12.tif"
"https://visualizador.ide.uy/descargas/datos/CN_Remesa_12/01_MDT/02_MDT_GeoTIFF_Resolucion_250cm/L07B6_MDT_Remesa_12.tif","L07B6_MDT_Remesa_12.tif"
"https://visualizador.ide.uy/descargas/datos/CN_Remesa_12/01_MDT/02_MDT_GeoTIFF_Resolucion_250cm/L07C1_MDT_Remesa_12.tif","L07C1_MDT_Remesa_12.tif"
"https://visualizador.ide.uy/descargas/datos/CN_Remesa_12/01_MDT/02_MDT_GeoTIFF_Resolucion_250cm/L07C2_MDT_Remesa_12.tif","L07C2_MDT_Remesa_12.tif"
"https://visualizador.ide.uy/descargas/datos/CN_Remesa_12/01_MDT/02_MDT_GeoTIFF_Resolucion_250cm/L07C3_MDT_Remesa_12.tif","L07C3_MDT_Remesa_12.tif"
"https://visualizador.ide.uy/descargas/datos/CN_Remesa_12/01_MDT/02_MDT_GeoTIFF_Resolucion_250cm/L07C4_MDT_Remesa_12.tif","L07C4_MDT_Remesa_12.tif"
"https://visualizador.ide.uy/descargas/datos/CN_Remesa_12/01_MDT/02_MDT_GeoTIFF_Resolucion_250cm/L07C5_MDT_Remesa_12.tif","L07C5_MDT_Remesa_12.tif"
"https://visualizador.ide.uy/descargas/datos/CN_Remesa_12/01_MDT/02_MDT_GeoTIFF_Resolucion_250cm/L07C6_MDT_Remesa_12.tif","L07C6_MDT_Remesa_12.tif"
"https://visualizador.ide.uy/descargas/datos/CN_Remesa_12/01_MDT/02_MDT_GeoTIFF_Resolucion_250cm/L07D1_MDT_Remesa_12.tif","L07D1_MDT_Remesa_12.tif"
"https://visualizador.ide.uy/descargas/datos/CN_Remesa_12/01_MDT/02_MDT_GeoTIFF_Resolucion_250cm/L07D2_MDT_Remesa_12.tif","L07D2_MDT_Remesa_12.tif"
"https://visualizador.ide.uy/descargas/datos/CN_Remesa_12/01_MDT/02_MDT_GeoTIFF_Resolucion_250cm/L07D3_MDT_Remesa_12.tif","L07D3_MDT_Remesa_12.tif"
"https://visualizador.ide.uy/descargas/datos/CN_Remesa_12/01_MDT/02_MDT_GeoTIFF_Resolucion_250cm/L07D4_MDT_Remesa_12.tif","L07D4_MDT_Remesa_12.tif"
"https://visualizador.ide.uy/descargas/datos/CN_Remesa_12/01_MDT/02_MDT_GeoTIFF_Resolucion_250cm/L07D5_MDT_Remesa_12.tif","L07D5_MDT_Remesa_12.tif"
"https://visualizador.ide.uy/descargas/datos/CN_Remesa_12/01_MDT/02_MDT_GeoTIFF_Resolucion_250cm/L07D6_MDT_Remesa_12.tif","L07D6_MDT_Remesa_12.tif"
"https://visualizador.ide.uy/descargas/datos/CN_Remesa_12/01_MDT/02_MDT_GeoTIFF_Resolucion_250cm/L08A1_MDT_Remesa_12.tif","L08A1_MDT_Remesa_12.tif"
"https://visualizador.ide.uy/descargas/datos/CN_Remesa_12/01_MDT/02_MDT_GeoTIFF_Resolucion_250cm/L08A2_MDT_Remesa_12.tif","L08A2_MDT_Remesa_12.tif"
"https://visualizador.ide.uy/descargas/datos/CN_Remesa_12/01_MDT/02_MDT_GeoTIFF_Resolucion_250cm/L08A3_MDT_Remesa_12.tif","L08A3_MDT_Remesa_12.tif"
"https://visualizador.ide.uy/descargas/datos/CN_Remesa_12/01_MDT/02_MDT_GeoTIFF_Resolucion_250cm/L08A4_MDT_Remesa_12.tif","L08A4_MDT_Remesa_12.tif"
"https://visualizador.ide.uy/descargas/datos/CN_Remesa_12/01_MDT/02_MDT_GeoTIFF_Resolucion_250cm/L08A5_MDT_Remesa_12.tif","L08A5_MDT_Remesa_12.tif"
"https://visualizador.ide.uy/descargas/datos/CN_Remesa_12/01_MDT/02_MDT_GeoTIFF_Resolucion_250cm/L08A6_MDT_Remesa_12.tif","L08A6_MDT_Remesa_12.tif"
"https://visualizador.ide.uy/descargas/datos/CN_Remesa_12/01_MDT/02_MDT_GeoTIFF_Resolucion_250cm/L08B1_MDT_Remesa_12.tif","L08B1_MDT_Remesa_12.tif"
"https://visualizador.ide.uy/descargas/datos/CN_Remesa_12/01_MDT/02_MDT_GeoTIFF_Resolucion_250cm/L08B2_MDT_Remesa_12.tif","L08B2_MDT_Remesa_12.tif"
"https://visualizador.ide.uy/descargas/datos/CN_Remesa_12/01_MDT/02_MDT_GeoTIFF_Resolucion_250cm/L08B3_MDT_Remesa_12.tif","L08B3_MDT_Remesa_12.tif"
"https://visualizador.ide.uy/descargas/datos/CN_Remesa_12/01_MDT/02_MDT_GeoTIFF_Resolucion_250cm/L08B4_MDT_Remesa_12.tif","L08B4_MDT_Remesa_12.tif"
"https://visualizador.ide.uy/descargas/datos/CN_Remesa_12/01_MDT/02_MDT_GeoTIFF_Resolucion_250cm/L08B5_MDT_Remesa_12.tif","L08B5_MDT_Remesa_12.tif"
"https://visualizador.ide.uy/descargas/datos/CN_Remesa_12/01_MDT/02_MDT_GeoTIFF_Resolucion_250cm/L08B6_MDT_Remesa_12.tif","L08B6_MDT_Remesa_12.tif"
"https://visualizador.ide.uy/descargas/datos/CN_Remesa_12/01_MDT/02_MDT_GeoTIFF_Resolucion_250cm/L08C1_MDT_Remesa_12.tif","L08C1_MDT_Remesa_12.tif"
"https://visualizador.ide.uy/descargas/datos/CN_Remesa_12/01_MDT/02_MDT_GeoTIFF_Resolucion_250cm/L08C2_MDT_Remesa_12.tif","L08C2_MDT_Remesa_12.tif"
"https://visualizador.ide.uy/descargas/datos/CN_Remesa_12/01_MDT/02_MDT_GeoTIFF_Resolucion_250cm/L08C3_MDT_Remesa_12.tif","L08C3_MDT_Remesa_12.tif"
"https://visualizador.ide.uy/descargas/datos/CN_Remesa_12/01_MDT/02_MDT_GeoTIFF_Resolucion_250cm/L08C4_MDT_Remesa_12.tif","L08C4_MDT_Remesa_12.tif"
"https://visualizador.ide.uy/descargas/datos/CN_Remesa_12/01_MDT/02_MDT_GeoTIFF_Resolucion_250cm/L08C5_MDT_Remesa_12.tif","L08C5_MDT_Remesa_12.tif"
"https://visualizador.ide.uy/descargas/datos/CN_Remesa_12/01_MDT/02_MDT_GeoTIFF_Resolucion_250cm/L08C6_MDT_Remesa_12.tif","L08C6_MDT_Remesa_12.tif"
"https://visualizador.ide.uy/descargas/datos/CN_Remesa_12/01_MDT/02_MDT_GeoTIFF_Resolucion_250cm/L08D1_MDT_Remesa_12.tif","L08D1_MDT_Remesa_12.tif"
"https://visualizador.ide.uy/descargas/datos/CN_Remesa_12/01_MDT/02_MDT_GeoTIFF_Resolucion_250cm/L08D2_MDT_Remesa_12.tif","L08D2_MDT_Remesa_12.tif"
"https://visualizador.ide.uy/descargas/datos/CN_Remesa_12/01_MDT/02_MDT_GeoTIFF_Resolucion_250cm/L08D3_MDT_Remesa_12.tif","L08D3_MDT_Remesa_12.tif"
"https://visualizador.ide.uy/descargas/datos/CN_Remesa_12/01_MDT/02_MDT_GeoTIFF_Resolucion_250cm/L08D4_MDT_Remesa_12.tif","L08D4_MDT_Remesa_12.tif"
"https://visualizador.ide.uy/descargas/datos/CN_Remesa_12/01_MDT/02_MDT_GeoTIFF_Resolucion_250cm/L08D5_MDT_Remesa_12.tif","L08D5_MDT_Remesa_12.tif"
"https://visualizador.ide.uy/descargas/datos/CN_Remesa_12/01_MDT/02_MDT_GeoTIFF_Resolucion_250cm/L08D6_MDT_Remesa_12.tif","L08D6_MDT_Remesa_12.tif"
"https://visualizador.ide.uy/descargas/datos/CN_Remesa_12/01_MDT/02_MDT_GeoTIFF_Resolucion_250cm/L09A1_MDT_Remesa_12.tif","L09A1_MDT_Remesa_12.tif"
"https://visualizador.ide.uy/descargas/datos/CN_Remesa_12/01_MDT/02_MDT_GeoTIFF_Resolucion_250cm/L09A2_MDT_Remesa_12.tif","L09A2_MDT_Remesa_12.tif"
"https://visualizador.ide.uy/descargas/datos/CN_Remesa_12/01_MDT/02_MDT_GeoTIFF_Resolucion_250cm/L09A3_MDT_Remesa_12.tif","L09A3_MDT_Remesa_12.tif"
"https://visualizador.ide.uy/descargas/datos/CN_Remesa_12/01_MDT/02_MDT_GeoTIFF_Resolucion_250cm/L09A4_MDT_Remesa_12.tif","L09A4_MDT_Remesa_12.tif"
"https://visualizador.ide.uy/descargas/datos/CN_Remesa_12/01_MDT/02_MDT_GeoTIFF_Resolucion_250cm/L09A5_MDT_Remesa_12.tif","L09A5_MDT_Remesa_12.tif"
"https://visualizador.ide.uy/descargas/datos/CN_Remesa_12/01_MDT/02_MDT_GeoTIFF_Resolucion_250cm/L09A6_MDT_Remesa_12.tif","L09A6_MDT_Remesa_12.tif"
"https://visualizador.ide.uy/descargas/datos/CN_Remesa_12/01_MDT/02_MDT_GeoTIFF_Resolucion_250cm/L09B1_MDT_Remesa_12.tif","L09B1_MDT_Remesa_12.tif"
"https://visualizador.ide.uy/descargas/datos/CN_Remesa_12/01_MDT/02_MDT_GeoTIFF_Resolucion_250cm/L09B2_MDT_Remesa_12.tif","L09B2_MDT_Remesa_12.tif"
"https://visualizador.ide.uy/descargas/datos/CN_Remesa_12/01_MDT/02_MDT_GeoTIFF_Resolucion_250cm/L09B3_MDT_Remesa_12.tif","L09B3_MDT_Remesa_12.tif"
"https://visualizador.ide.uy/descargas/datos/CN_Remesa_12/01_MDT/02_MDT_GeoTIFF_Resolucion_250cm/L09B4_MDT_Remesa_12.tif","L09B4_MDT_Remesa_12.tif"
"https://visualizador.ide.uy/descargas/datos/CN_Remesa_12/01_MDT/02_MDT_GeoTIFF_Resolucion_250cm/L09B5_MDT_Remesa_12.tif","L09B5_MDT_Remesa_12.tif"
"https://visualizador.ide.uy/descargas/datos/CN_Remesa_12/01_MDT/02_MDT_GeoTIFF_Resolucion_250cm/L09B6_MDT_Remesa_12.tif","L09B6_MDT_Remesa_12.tif"
"https://visualizador.ide.uy/descargas/datos/CN_Remesa_12/01_MDT/02_MDT_GeoTIFF_Resolucion_250cm/M03A3_MDT_Remesa_12.tif","M03A3_MDT_Remesa_12.tif"
"https://visualizador.ide.uy/descargas/datos/CN_Remesa_12/01_MDT/02_MDT_GeoTIFF_Resolucion_250cm/M03A5_MDT_Remesa_12.tif","M03A5_MDT_Remesa_12.tif"
"https://visualizador.ide.uy/descargas/datos/CN_Remesa_12/01_MDT/02_MDT_GeoTIFF_Resolucion_250cm/M03A6_MDT_Remesa_12.tif","M03A6_MDT_Remesa_12.tif"
"https://visualizador.ide.uy/descargas/datos/CN_Remesa_12/01_MDT/02_MDT_GeoTIFF_Resolucion_250cm/M03B1_MDT_Remesa_12.tif","M03B1_MDT_Remesa_12.tif"
"https://visualizador.ide.uy/descargas/datos/CN_Remesa_12/01_MDT/02_MDT_GeoTIFF_Resolucion_250cm/M03B2_MDT_Remesa_12.tif","M03B2_MDT_Remesa_12.tif"
"https://visualizador.ide.uy/descargas/datos/CN_Remesa_12/01_MDT/02_MDT_GeoTIFF_Resolucion_250cm/M03B3_MDT_Remesa_12.tif","M03B3_MDT_Remesa_12.tif"
"https://visualizador.ide.uy/descargas/datos/CN_Remesa_12/01_MDT/02_MDT_GeoTIFF_Resolucion_250cm/M03B4_MDT_Remesa_12.tif","M03B4_MDT_Remesa_12.tif"
"https://visualizador.ide.uy/descargas/datos/CN_Remesa_12/01_MDT/02_MDT_GeoTIFF_Resolucion_250cm/M03B5_MDT_Remesa_12.tif","M03B5_MDT_Remesa_12.tif"
"https://visualizador.ide.uy/descargas/datos/CN_Remesa_12/01_MDT/02_MDT_GeoTIFF_Resolucion_250cm/M03B6_MDT_Remesa_12.tif","M03B6_MDT_Remesa_12.tif"
"https://visualizador.ide.uy/descargas/datos/CN_Remesa_12/01_MDT/02_MDT_GeoTIFF_Resolucion_250cm/M03C2_MDT_Remesa_12.tif","M03C2_MDT_Remesa_12.tif"
"https://visualizador.ide.uy/descargas/datos/CN_Remesa_12/01_MDT/02_MDT_GeoTIFF_Resolucion_250cm/M03C3_MDT_Remesa_12.tif","M03C3_MDT_Remesa_12.tif"
"https://visualizador.ide.uy/descargas/datos/CN_Remesa_12/01_MDT/02_MDT_GeoTIFF_Resolucion_250cm/M03C5_MDT_Remesa_12.tif","M03C5_MDT_Remesa_12.tif"
"https://visualizador.ide.uy/descargas/datos/CN_Remesa_12/01_MDT/02_MDT_GeoTIFF_Resolucion_250cm/M03C6_MDT_Remesa_12.tif","M03C6_MDT_Remesa_12.tif"
"https://visualizador.ide.uy/descargas/datos/CN_Remesa_12/01_MDT/02_MDT_GeoTIFF_Resolucion_250cm/M03D1_MDT_Remesa_12.tif","M03D1_MDT_Remesa_12.tif"
"https://visualizador.ide.uy/descargas/datos/CN_Remesa_12/01_MDT/02_MDT_GeoTIFF_Resolucion_250cm/M03D2_MDT_Remesa_12.tif","M03D2_MDT_Remesa_12.tif"
"https://visualizador.ide.uy/descargas/datos/CN_Remesa_12/01_MDT/02_MDT_GeoTIFF_Resolucion_250cm/M03D3_MDT_Remesa_12.tif","M03D3_MDT_Remesa_12.tif"
"https://visualizador.ide.uy/descargas/datos/CN_Remesa_12/01_MDT/02_MDT_GeoTIFF_Resolucion_250cm/M03D4_MDT_Remesa_12.tif","M03D4_MDT_Remesa_12.tif"
"https://visualizador.ide.uy/descargas/datos/CN_Remesa_12/01_MDT/02_MDT_GeoTIFF_Resolucion_250cm/M03D5_MDT_Remesa_12.tif","M03D5_MDT_Remesa_12.tif"
"https://visualizador.ide.uy/descargas/datos/CN_Remesa_12/01_MDT/02_MDT_GeoTIFF_Resolucion_250cm/M03D6_MDT_Remesa_12.tif","M03D6_MDT_Remesa_12.tif"
"https://visualizador.ide.uy/descargas/datos/CN_Remesa_12/01_MDT/02_MDT_GeoTIFF_Resolucion_250cm/M04A1_MDT_Remesa_12.tif","M04A1_MDT_Remesa_12.tif"
"https://visualizador.ide.uy/descargas/datos/CN_Remesa_12/01_MDT/02_MDT_GeoTIFF_Resolucion_250cm/M04A2_MDT_Remesa_12.tif","M04A2_MDT_Remesa_12.tif"
"https://visualizador.ide.uy/descargas/datos/CN_Remesa_12/01_MDT/02_MDT_GeoTIFF_Resolucion_250cm/M04A3_MDT_Remesa_12.tif","M04A3_MDT_Remesa_12.tif"
"https://visualizador.ide.uy/descargas/datos/CN_Remesa_12/01_MDT/02_MDT_GeoTIFF_Resolucion_250cm/M04A4_MDT_Remesa_12.tif","M04A4_MDT_Remesa_12.tif"
"https://visualizador.ide.uy/descargas/datos/CN_Remesa_12/01_MDT/02_MDT_GeoTIFF_Resolucion_250cm/M04A5_MDT_Remesa_12.tif","M04A5_MDT_Remesa_12.tif"
"https://visualizador.ide.uy/descargas/datos/CN_Remesa_12/01_MDT/02_MDT_GeoTIFF_Resolucion_250cm/M04A6_MDT_Remesa_12.tif","M04A6_MDT_Remesa_12.tif"
"https://visualizador.ide.uy/descargas/datos/CN_Remesa_12/01_MDT/02_MDT_GeoTIFF_Resolucion_250cm/M04B1_MDT_Remesa_12.tif","M04B1_MDT_Remesa_12.tif"
"https://visualizador.ide.uy/descargas/datos/CN_Remesa_12/01_MDT/02_MDT_GeoTIFF_Resolucion_250cm/M04B2_MDT_Remesa_12.tif","M04B2_MDT_Remesa_12.tif"
"https://visualizador.ide.uy/descargas/datos/CN_Remesa_12/01_MDT/02_MDT_GeoTIFF_Resolucion_250cm/M04B3_MDT_Remesa_12.tif","M04B3_MDT_Remesa_12.tif"
"https://visualizador.ide.uy/descargas/datos/CN_Remesa_12/01_MDT/02_MDT_GeoTIFF_Resolucion_250cm/M04B4_MDT_Remesa_12.tif","M04B4_MDT_Remesa_12.tif"
"https://visualizador.ide.uy/descargas/datos/CN_Remesa_12/01_MDT/02_MDT_GeoTIFF_Resolucion_250cm/M04B5_MDT_Remesa_12.tif","M04B5_MDT_Remesa_12.tif"
"https://visualizador.ide.uy/descargas/datos/CN_Remesa_12/01_MDT/02_MDT_GeoTIFF_Resolucion_250cm/M04B6_MDT_Remesa_12.tif","M04B6_MDT_Remesa_12.tif"
"https://visualizador.ide.uy/descargas/datos/CN_Remesa_12/01_MDT/02_MDT_GeoTIFF_Resolucion_250cm/M04C1_MDT_Remesa_12.tif","M04C1_MDT_Remesa_12.tif"
"https://visualizador.ide.uy/descargas/datos/CN_Remesa_12/01_MDT/02_MDT_GeoTIFF_Resolucion_250cm/M04C2_MDT_Remesa_12.tif","M04C2_MDT_Remesa_12.tif"
"https://visualizador.ide.uy/descargas/datos/CN_Remesa_12/01_MDT/02_MDT_GeoTIFF_Resolucion_250cm/M04C3_MDT_Remesa_12.tif","M04C3_MDT_Remesa_12.tif"
"https://visualizador.ide.uy/descargas/datos/CN_Remesa_12/01_MDT/02_MDT_GeoTIFF_Resolucion_250cm/M04C4_MDT_Remesa_12.tif","M04C4_MDT_Remesa_12.tif"
"https://visualizador.ide.uy/descargas/datos/CN_Remesa_12/01_MDT/02_MDT_GeoTIFF_Resolucion_250cm/M04C5_MDT_Remesa_12.tif","M04C5_MDT_Remesa_12.tif"
"https://visualizador.ide.uy/descargas/datos/CN_Remesa_12/01_MDT/02_MDT_GeoTIFF_Resolucion_250cm/M04C6_MDT_Remesa_12.tif","M04C6_MDT_Remesa_12.tif"
"https://visualizador.ide.uy/descargas/datos/CN_Remesa_12/01_MDT/02_MDT_GeoTIFF_Resolucion_250cm/M04D1_MDT_Remesa_12.tif","M04D1_MDT_Remesa_12.tif"
"https://visualizador.ide.uy/descargas/datos/CN_Remesa_12/01_MDT/02_MDT_GeoTIFF_Resolucion_250cm/M04D2_MDT_Remesa_12.tif","M04D2_MDT_Remesa_12.tif"
"https://visualizador.ide.uy/descargas/datos/CN_Remesa_12/01_MDT/02_MDT_GeoTIFF_Resolucion_250cm/M04D3_MDT_Remesa_12.tif","M04D3_MDT_Remesa_12.tif"
"https://visualizador.ide.uy/descargas/datos/CN_Remesa_12/01_MDT/02_MDT_GeoTIFF_Resolucion_250cm/M04D4_MDT_Remesa_12.tif","M04D4_MDT_Remesa_12.tif"
"https://visualizador.ide.uy/descargas/datos/CN_Remesa_12/01_MDT/02_MDT_GeoTIFF_Resolucion_250cm/M04D5_MDT_Remesa_12.tif","M04D5_MDT_Remesa_12.tif"
"https://visualizador.ide.uy/descargas/datos/CN_Remesa_12/01_MDT/02_MDT_GeoTIFF_Resolucion_250cm/M04D6_MDT_Remesa_12.tif","M04D6_MDT_Remesa_12.tif"
"https://visualizador.ide.uy/descargas/datos/CN_Remesa_12/01_MDT/02_MDT_GeoTIFF_Resolucion_250cm/M05A1_MDT_Remesa_12.tif","M05A1_MDT_Remesa_12.tif"
"https://visualizador.ide.uy/descargas/datos/CN_Remesa_12/01_MDT/02_MDT_GeoTIFF_Resolucion_250cm/M05A2_MDT_Remesa_12.tif","M05A2_MDT_Remesa_12.tif"
"https://visualizador.ide.uy/descargas/datos/CN_Remesa_12/01_MDT/02_MDT_GeoTIFF_Resolucion_250cm/M05A3_MDT_Remesa_12.tif","M05A3_MDT_Remesa_12.tif"
"https://visualizador.ide.uy/descargas/datos/CN_Remesa_12/01_MDT/02_MDT_GeoTIFF_Resolucion_250cm/M05A4_MDT_Remesa_12.tif","M05A4_MDT_Remesa_12.tif"
"https://visualizador.ide.uy/descargas/datos/CN_Remesa_12/01_MDT/02_MDT_GeoTIFF_Resolucion_250cm/M05A5_MDT_Remesa_12.tif","M05A5_MDT_Remesa_12.tif"
"https://visualizador.ide.uy/descargas/datos/CN_Remesa_12/01_MDT/02_MDT_GeoTIFF_Resolucion_250cm/M05A6_MDT_Remesa_12.tif","M05A6_MDT_Remesa_12.tif"
"https://visualizador.ide.uy/descargas/datos/CN_Remesa_12/01_MDT/02_MDT_GeoTIFF_Resolucion_250cm/M05B1_MDT_Remesa_12.tif","M05B1_MDT_Remesa_12.tif"
"https://visualizador.ide.uy/descargas/datos/CN_Remesa_12/01_MDT/02_MDT_GeoTIFF_Resolucion_250cm/M05B2_MDT_Remesa_12.tif","M05B2_MDT_Remesa_12.tif"
"https://visualizador.ide.uy/descargas/datos/CN_Remesa_12/01_MDT/02_MDT_GeoTIFF_Resolucion_250cm/M05B3_MDT_Remesa_12.tif","M05B3_MDT_Remesa_12.tif"
"https://visualizador.ide.uy/descargas/datos/CN_Remesa_12/01_MDT/02_MDT_GeoTIFF_Resolucion_250cm/M05B4_MDT_Remesa_12.tif","M05B4_MDT_Remesa_12.tif"
"https://visualizador.ide.uy/descargas/datos/CN_Remesa_12/01_MDT/02_MDT_GeoTIFF_Resolucion_250cm/M05B5_MDT_Remesa_12.tif","M05B5_MDT_Remesa_12.tif"
"https://visualizador.ide.uy/descargas/datos/CN_Remesa_12/01_MDT/02_MDT_GeoTIFF_Resolucion_250cm/M05B6_MDT_Remesa_12.tif","M05B6_MDT_Remesa_12.tif"
"https://visualizador.ide.uy/descargas/datos/CN_Remesa_12/01_MDT/02_MDT_GeoTIFF_Resolucion_250cm/M05C1_MDT_Remesa_12.tif","M05C1_MDT_Remesa_12.tif"
"https://visualizador.ide.uy/descargas/datos/CN_Remesa_12/01_MDT/02_MDT_GeoTIFF_Resolucion_250cm/M05C2_MDT_Remesa_12.tif","M05C2_MDT_Remesa_12.tif"
"https://visualizador.ide.uy/descargas/datos/CN_Remesa_12/01_MDT/02_MDT_GeoTIFF_Resolucion_250cm/M05C3_MDT_Remesa_12.tif","M05C3_MDT_Remesa_12.tif"
"https://visualizador.ide.uy/descargas/datos/CN_Remesa_12/01_MDT/02_MDT_GeoTIFF_Resolucion_250cm/M05C4_MDT_Remesa_12.tif","M05C4_MDT_Remesa_12.tif"
"https://visualizador.ide.uy/descargas/datos/CN_Remesa_12/01_MDT/02_MDT_GeoTIFF_Resolucion_250cm/M05C5_MDT_Remesa_12.tif","M05C5_MDT_Remesa_12.tif"
"https://visualizador.ide.uy/descargas/datos/CN_Remesa_12/01_MDT/02_MDT_GeoTIFF_Resolucion_250cm/M05C6_MDT_Remesa_12.tif","M05C6_MDT_Remesa_12.tif"
"https://visualizador.ide.uy/descargas/datos/CN_Remesa_12/01_MDT/02_MDT_GeoTIFF_Resolucion_250cm/M05D1_MDT_Remesa_12.tif","M05D1_MDT_Remesa_12.tif"
"https://visualizador.ide.uy/descargas/datos/CN_Remesa_12/01_MDT/02_MDT_GeoTIFF_Resolucion_250cm/M05D2_MDT_Remesa_12.tif","M05D2_MDT_Remesa_12.tif"
"https://visualizador.ide.uy/descargas/datos/CN_Remesa_12/01_MDT/02_MDT_GeoTIFF_Resolucion_250cm/M05D3_MDT_Remesa_12.tif","M05D3_MDT_Remesa_12.tif"
"https://visualizador.ide.uy/descargas/datos/CN_Remesa_12/01_MDT/02_MDT_GeoTIFF_Resolucion_250cm/M05D4_MDT_Remesa_12.tif","M05D4_MDT_Remesa_12.tif"
"https://visualizador.ide.uy/descargas/datos/CN_Remesa_12/01_MDT/02_MDT_GeoTIFF_Resolucion_250cm/M05D5_MDT_Remesa_12.tif","M05D5_MDT_Remesa_12.tif"
"https://visualizador.ide.uy/descargas/datos/CN_Remesa_12/01_MDT/02_MDT_GeoTIFF_Resolucion_250cm/M05D6_MDT_Remesa_12.tif","M05D6_MDT_Remesa_12.tif"
"https://visualizador.ide.uy/descargas/datos/CN_Remesa_12/01_MDT/02_MDT_GeoTIFF_Resolucion_250cm/M06A1_MDT_Remesa_12.tif","M06A1_MDT_Remesa_12.tif"
"https://visualizador.ide.uy/descargas/datos/CN_Remesa_12/01_MDT/02_MDT_GeoTIFF_Resolucion_250cm/M06A2_MDT_Remesa_12.tif","M06A2_MDT_Remesa_12.tif"
"https://visualizador.ide.uy/descargas/datos/CN_Remesa_12/01_MDT/02_MDT_GeoTIFF_Resolucion_250cm/M06A3_MDT_Remesa_12.tif","M06A3_MDT_Remesa_12.tif"
"https://visualizador.ide.uy/descargas/datos/CN_Remesa_12/01_MDT/02_MDT_GeoTIFF_Resolucion_250cm/M06A4_MDT_Remesa_12.tif","M06A4_MDT_Remesa_12.tif"
"https://visualizador.ide.uy/descargas/datos/CN_Remesa_12/01_MDT/02_MDT_GeoTIFF_Resolucion_250cm/M06A5_MDT_Remesa_12.tif","M06A5_MDT_Remesa_12.tif"
"https://visualizador.ide.uy/descargas/datos/CN_Remesa_12/01_MDT/02_MDT_GeoTIFF_Resolucion_250cm/M06A6_MDT_Remesa_12.tif","M06A6_MDT_Remesa_12.tif"
"https://visualizador.ide.uy/descargas/datos/CN_Remesa_12/01_MDT/02_MDT_GeoTIFF_Resolucion_250cm/M06B1_MDT_Remesa_12.tif","M06B1_MDT_Remesa_12.tif"
"https://visualizador.ide.uy/descargas/datos/CN_Remesa_12/01_MDT/02_MDT_GeoTIFF_Resolucion_250cm/M06B2_MDT_Remesa_12.tif","M06B2_MDT_Remesa_12.tif"
"https://visualizador.ide.uy/descargas/datos/CN_Remesa_12/01_MDT/02_MDT_GeoTIFF_Resolucion_250cm/M06B3_MDT_Remesa_12.tif","M06B3_MDT_Remesa_12.tif"
"https://visualizador.ide.uy/descargas/datos/CN_Remesa_12/01_MDT/02_MDT_GeoTIFF_Resolucion_250cm/M06B4_MDT_Remesa_12.tif","M06B4_MDT_Remesa_12.tif"
"https://visualizador.ide.uy/descargas/datos/CN_Remesa_12/01_MDT/02_MDT_GeoTIFF_Resolucion_250cm/M06B5_MDT_Remesa_12.tif","M06B5_MDT_Remesa_12.tif"
"https://visualizador.ide.uy/descargas/datos/CN_Remesa_12/01_MDT/02_MDT_GeoTIFF_Resolucion_250cm/M06B6_MDT_Remesa_12.tif","M06B6_MDT_Remesa_12.tif"
"https://visualizador.ide.uy/descargas/datos/CN_Remesa_12/01_MDT/02_MDT_GeoTIFF_Resolucion_250cm/M06C1_MDT_Remesa_12.tif","M06C1_MDT_Remesa_12.tif"
"https://visualizador.ide.uy/descargas/datos/CN_Remesa_12/01_MDT/02_MDT_GeoTIFF_Resolucion_250cm/M06C2_MDT_Remesa_12.tif","M06C2_MDT_Remesa_12.tif"
"https://visualizador.ide.uy/descargas/datos/CN_Remesa_12/01_MDT/02_MDT_GeoTIFF_Resolucion_250cm/M06C3_MDT_Remesa_12.tif","M06C3_MDT_Remesa_12.tif"
"https://visualizador.ide.uy/descargas/datos/CN_Remesa_12/01_MDT/02_MDT_GeoTIFF_Resolucion_250cm/M06C4_MDT_Remesa_12.tif","M06C4_MDT_Remesa_12.tif"
"https://visualizador.ide.uy/descargas/datos/CN_Remesa_12/01_MDT/02_MDT_GeoTIFF_Resolucion_250cm/M06C5_MDT_Remesa_12.tif","M06C5_MDT_Remesa_12.tif"
"https://visualizador.ide.uy/descargas/datos/CN_Remesa_12/01_MDT/02_MDT_GeoTIFF_Resolucion_250cm/M06C6_MDT_Remesa_12.tif","M06C6_MDT_Remesa_12.tif"
"https://visualizador.ide.uy/descargas/datos/CN_Remesa_12/01_MDT/02_MDT_GeoTIFF_Resolucion_250cm/M06D1_MDT_Remesa_12.tif","M06D1_MDT_Remesa_12.tif"
"https://visualizador.ide.uy/descargas/datos/CN_Remesa_12/01_MDT/02_MDT_GeoTIFF_Resolucion_250cm/M06D2_MDT_Remesa_12.tif","M06D2_MDT_Remesa_12.tif"
"https://visualizador.ide.uy/descargas/datos/CN_Remesa_12/01_MDT/02_MDT_GeoTIFF_Resolucion_250cm/M06D3_MDT_Remesa_12.tif","M06D3_MDT_Remesa_12.tif"
"https://visualizador.ide.uy/descargas/datos/CN_Remesa_12/01_MDT/02_MDT_GeoTIFF_Resolucion_250cm/M06D4_MDT_Remesa_12.tif","M06D4_MDT_Remesa_12.tif"
"https://visualizador.ide.uy/descargas/datos/CN_Remesa_12/01_MDT/02_MDT_GeoTIFF_Resolucion_250cm/M06D5_MDT_Remesa_12.tif","M06D5_MDT_Remesa_12.tif"
"https://visualizador.ide.uy/descargas/datos/CN_Remesa_12/01_MDT/02_MDT_GeoTIFF_Resolucion_250cm/M06D6_MDT_Remesa_12.tif","M06D6_MDT_Remesa_12.tif"
"https://visualizador.ide.uy/descargas/datos/CN_Remesa_12/01_MDT/02_MDT_GeoTIFF_Resolucion_250cm/M07A1_MDT_Remesa_12.tif","M07A1_MDT_Remesa_12.tif"
"https://visualizador.ide.uy/descargas/datos/CN_Remesa_12/01_MDT/02_MDT_GeoTIFF_Resolucion_250cm/M07A2_MDT_Remesa_12.tif","M07A2_MDT_Remesa_12.tif"
"https://visualizador.ide.uy/descargas/datos/CN_Remesa_12/01_MDT/02_MDT_GeoTIFF_Resolucion_250cm/M07A3_MDT_Remesa_12.tif","M07A3_MDT_Remesa_12.tif"
"https://visualizador.ide.uy/descargas/datos/CN_Remesa_12/01_MDT/02_MDT_GeoTIFF_Resolucion_250cm/M07A4_MDT_Remesa_12.tif","M07A4_MDT_Remesa_12.tif"
"https://visualizador.ide.uy/descargas/datos/CN_Remesa_12/01_MDT/02_MDT_GeoTIFF_Resolucion_250cm/M07A5_MDT_Remesa_12.tif","M07A5_MDT_Remesa_12.tif"
"https://visualizador.ide.uy/descargas/datos/CN_Remesa_12/01_MDT/02_MDT_GeoTIFF_Resolucion_250cm/M07A6_MDT_Remesa_12.tif","M07A6_MDT_Remesa_12.tif"
"https://visualizador.ide.uy/descargas/datos/CN_Remesa_12/01_MDT/02_MDT_GeoTIFF_Resolucion_250cm/M07B1_MDT_Remesa_12.tif","M07B1_MDT_Remesa_12.tif"
"https://visualizador.ide.uy/descargas/datos/CN_Remesa_12/01_MDT/02_MDT_GeoTIFF_Resolucion_250cm/M07B2_MDT_Remesa_12.tif","M07B2_MDT_Remesa_12.tif"
"https://visualizador.ide.uy/descargas/datos/CN_Remesa_12/01_MDT/02_MDT_GeoTIFF_Resolucion_250cm/M07B3_MDT_Remesa_12.tif","M07B3_MDT_Remesa_12.tif"
"https://visualizador.ide.uy/descargas/datos/CN_Remesa_12/01_MDT/02_MDT_GeoTIFF_Resolucion_250cm/M07B4_MDT_Remesa_12.tif","M07B4_MDT_Remesa_12.tif"
"https://visualizador.ide.uy/descargas/datos/CN_Remesa_12/01_MDT/02_MDT_GeoTIFF_Resolucion_250cm/M07B5_MDT_Remesa_12.tif","M07B5_MDT_Remesa_12.tif"
"https://visualizador.ide.uy/descargas/datos/CN_Remesa_12/01_MDT/02_MDT_GeoTIFF_Resolucion_250cm/M07B6_MDT_Remesa_12.tif","M07B6_MDT_Remesa_12.tif"
"https://visualizador.ide.uy/descargas/datos/CN_Remesa_12/01_MDT/02_MDT_GeoTIFF_Resolucion_250cm/M07C1_MDT_Remesa_12.tif","M07C1_MDT_Remesa_12.tif"
"https://visualizador.ide.uy/descargas/datos/CN_Remesa_12/01_MDT/02_MDT_GeoTIFF_Resolucion_250cm/M07C2_MDT_Remesa_12.tif","M07C2_MDT_Remesa_12.tif"
"https://visualizador.ide.uy/descargas/datos/CN_Remesa_12/01_MDT/02_MDT_GeoTIFF_Resolucion_250cm/M07C3_MDT_Remesa_12.tif","M07C3_MDT_Remesa_12.tif"
"https://visualizador.ide.uy/descargas/datos/CN_Remesa_12/01_MDT/02_MDT_GeoTIFF_Resolucion_250cm/M07C4_MDT_Remesa_12.tif","M07C4_MDT_Remesa_12.tif"
"https://visualizador.ide.uy/descargas/datos/CN_Remesa_12/01_MDT/02_MDT_GeoTIFF_Resolucion_250cm/M07C5_MDT_Remesa_12.tif","M07C5_MDT_Remesa_12.tif"
"https://visualizador.ide.uy/descargas/datos/CN_Remesa_12/01_MDT/02_MDT_GeoTIFF_Resolucion_250cm/M07C6_MDT_Remesa_12.tif","M07C6_MDT_Remesa_12.tif"
"https://visualizador.ide.uy/descargas/datos/CN_Remesa_12/01_MDT/02_MDT_GeoTIFF_Resolucion_250cm/M07D1_MDT_Remesa_12.tif","M07D1_MDT_Remesa_12.tif"
"https://visualizador.ide.uy/descargas/datos/CN_Remesa_12/01_MDT/02_MDT_GeoTIFF_Resolucion_250cm/M07D2_MDT_Remesa_12.tif","M07D2_MDT_Remesa_12.tif"
"https://visualizador.ide.uy/descargas/datos/CN_Remesa_12/01_MDT/02_MDT_GeoTIFF_Resolucion_250cm/M07D3_MDT_Remesa_12.tif","M07D3_MDT_Remesa_12.tif"
"https://visualizador.ide.uy/descargas/datos/CN_Remesa_12/01_MDT/02_MDT_GeoTIFF_Resolucion_250cm/M07D4_MDT_Remesa_12.tif","M07D4_MDT_Remesa_12.tif"
"https://visualizador.ide.uy/descargas/datos/CN_Remesa_12/01_MDT/02_MDT_GeoTIFF_Resolucion_250cm/M07D5_MDT_Remesa_12.tif","M07D5_MDT_Remesa_12.tif"
"https://visualizador.ide.uy/descargas/datos/CN_Remesa_12/01_MDT/02_MDT_GeoTIFF_Resolucion_250cm/M07D6_MDT_Remesa_12.tif","M07D6_MDT_Remesa_12.tif"
"https://visualizador.ide.uy/descargas/datos/CN_Remesa_12/01_MDT/02_MDT_GeoTIFF_Resolucion_250cm/M08A1_MDT_Remesa_12.tif","M08A1_MDT_Remesa_12.tif"
"https://visualizador.ide.uy/descargas/datos/CN_Remesa_12/01_MDT/02_MDT_GeoTIFF_Resolucion_250cm/M08A2_MDT_Remesa_12.tif","M08A2_MDT_Remesa_12.tif"
"https://visualizador.ide.uy/descargas/datos/CN_Remesa_12/01_MDT/02_MDT_GeoTIFF_Resolucion_250cm/M08A3_MDT_Remesa_12.tif","M08A3_MDT_Remesa_12.tif"
"https://visualizador.ide.uy/descargas/datos/CN_Remesa_12/01_MDT/02_MDT_GeoTIFF_Resolucion_250cm/M08A4_MDT_Remesa_12.tif","M08A4_MDT_Remesa_12.tif"
"https://visualizador.ide.uy/descargas/datos/CN_Remesa_12/01_MDT/02_MDT_GeoTIFF_Resolucion_250cm/M08A5_MDT_Remesa_12.tif","M08A5_MDT_Remesa_12.tif"
"https://visualizador.ide.uy/descargas/datos/CN_Remesa_12/01_MDT/02_MDT_GeoTIFF_Resolucion_250cm/M08A6_MDT_Remesa_12.tif","M08A6_MDT_Remesa_12.tif"
"https://visualizador.ide.uy/descargas/datos/CN_Remesa_12/01_MDT/02_MDT_GeoTIFF_Resolucion_250cm/M08B1_MDT_Remesa_12.tif","M08B1_MDT_Remesa_12.tif"
"https://visualizador.ide.uy/descargas/datos/CN_Remesa_12/01_MDT/02_MDT_GeoTIFF_Resolucion_250cm/M08B2_MDT_Remesa_12.tif","M08B2_MDT_Remesa_12.tif"
"https://visualizador.ide.uy/descargas/datos/CN_Remesa_12/01_MDT/02_MDT_GeoTIFF_Resolucion_250cm/M08B3_MDT_Remesa_12.tif","M08B3_MDT_Remesa_12.tif"
"https://visualizador.ide.uy/descargas/datos/CN_Remesa_12/01_MDT/02_MDT_GeoTIFF_Resolucion_250cm/M08B4_MDT_Remesa_12.tif","M08B4_MDT_Remesa_12.tif"
"https://visualizador.ide.uy/descargas/datos/CN_Remesa_12/01_MDT/02_MDT_GeoTIFF_Resolucion_250cm/M08B5_MDT_Remesa_12.tif","M08B5_MDT_Remesa_12.tif"
"https://visualizador.ide.uy/descargas/datos/CN_Remesa_12/01_MDT/02_MDT_GeoTIFF_Resolucion_250cm/M08B6_MDT_Remesa_12.tif","M08B6_MDT_Remesa_12.tif"
"https://visualizador.ide.uy/descargas/datos/CN_Remesa_12/01_MDT/02_MDT_GeoTIFF_Resolucion_250cm/M08C1_MDT_Remesa_12.tif","M08C1_MDT_Remesa_12.tif"
"https://visualizador.ide.uy/descargas/datos/CN_Remesa_12/01_MDT/02_MDT_GeoTIFF_Resolucion_250cm/M08C2_MDT_Remesa_12.tif","M08C2_MDT_Remesa_12.tif"
"https://visualizador.ide.uy/descargas/datos/CN_Remesa_12/01_MDT/02_MDT_GeoTIFF_Resolucion_250cm/M08C3_MDT_Remesa_12.tif","M08C3_MDT_Remesa_12.tif"
"https://visualizador.ide.uy/descargas/datos/CN_Remesa_12/01_MDT/02_MDT_GeoTIFF_Resolucion_250cm/M08C4_MDT_Remesa_12.tif","M08C4_MDT_Remesa_12.tif"
"https://visualizador.ide.uy/descargas/datos/CN_Remesa_12/01_MDT/02_MDT_GeoTIFF_Resolucion_250cm/M08C5_MDT_Remesa_12.tif","M08C5_MDT_Remesa_12.tif"
"https://visualizador.ide.uy/descargas/datos/CN_Remesa_12/01_MDT/02_MDT_GeoTIFF_Resolucion_250cm/M08C6_MDT_Remesa_12.tif","M08C6_MDT_Remesa_12.tif"
"https://visualizador.ide.uy/descargas/datos/CN_Remesa_12/01_MDT/02_MDT_GeoTIFF_Resolucion_250cm/M08D1_MDT_Remesa_12.tif","M08D1_MDT_Remesa_12.tif"
"https://visualizador.ide.uy/descargas/datos/CN_Remesa_12/01_MDT/02_MDT_GeoTIFF_Resolucion_250cm/M08D2_MDT_Remesa_12.tif","M08D2_MDT_Remesa_12.tif"
"https://visualizador.ide.uy/descargas/datos/CN_Remesa_12/01_MDT/02_MDT_GeoTIFF_Resolucion_250cm/M08D3_MDT_Remesa_12.tif","M08D3_MDT_Remesa_12.tif"
"https://visualizador.ide.uy/descargas/datos/CN_Remesa_12/01_MDT/02_MDT_GeoTIFF_Resolucion_250cm/M08D4_MDT_Remesa_12.tif","M08D4_MDT_Remesa_12.tif"
"https://visualizador.ide.uy/descargas/datos/CN_Remesa_12/01_MDT/02_MDT_GeoTIFF_Resolucion_250cm/M08D5_MDT_Remesa_12.tif","M08D5_MDT_Remesa_12.tif"
"https://visualizador.ide.uy/descargas/datos/CN_Remesa_12/01_MDT/02_MDT_GeoTIFF_Resolucion_250cm/M08D6_MDT_Remesa_12.tif","M08D6_MDT_Remesa_12.tif"
"https://visualizador.ide.uy/descargas/datos/CN_Remesa_12/01_MDT/02_MDT_GeoTIFF_Resolucion_250cm/M09A1_MDT_Remesa_12.tif","M09A1_MDT_Remesa_12.tif"
"https://visualizador.ide.uy/descargas/datos/CN_Remesa_12/01_MDT/02_MDT_GeoTIFF_Resolucion_250cm/M09A2_MDT_Remesa_12.tif","M09A2_MDT_Remesa_12.tif"
"https://visualizador.ide.uy/descargas/datos/CN_Remesa_12/01_MDT/02_MDT_GeoTIFF_Resolucion_250cm/M09A3_MDT_Remesa_12.tif","M09A3_MDT_Remesa_12.tif"
"https://visualizador.ide.uy/descargas/datos/CN_Remesa_12/01_MDT/02_MDT_GeoTIFF_Resolucion_250cm/M09A4_MDT_Remesa_12.tif","M09A4_MDT_Remesa_12.tif"
"https://visualizador.ide.uy/descargas/datos/CN_Remesa_12/01_MDT/02_MDT_GeoTIFF_Resolucion_250cm/M09A5_MDT_Remesa_12.tif","M09A5_MDT_Remesa_12.tif"
"https://visualizador.ide.uy/descargas/datos/CN_Remesa_12/01_MDT/02_MDT_GeoTIFF_Resolucion_250cm/M09A6_MDT_Remesa_12.tif","M09A6_MDT_Remesa_12.tif"
"https://visualizador.ide.uy/descargas/datos/CN_Remesa_12/01_MDT/02_MDT_GeoTIFF_Resolucion_250cm/M09B1_MDT_Remesa_12.tif","M09B1_MDT_Remesa_12.tif"
"https://visualizador.ide.uy/descargas/datos/CN_Remesa_12/01_MDT/02_MDT_GeoTIFF_Resolucion_250cm/M09B2_MDT_Remesa_12.tif","M09B2_MDT_Remesa_12.tif"
"https://visualizador.ide.uy/descargas/datos/CN_Remesa_12/01_MDT/02_MDT_GeoTIFF_Resolucion_250cm/M09B3_MDT_Remesa_12.tif","M09B3_MDT_Remesa_12.tif"
"https://visualizador.ide.uy/descargas/datos/CN_Remesa_12/01_MDT/02_MDT_GeoTIFF_Resolucion_250cm/M09B4_MDT_Remesa_12.tif","M09B4_MDT_Remesa_12.tif"
"https://visualizador.ide.uy/descargas/datos/CN_Remesa_12/01_MDT/02_MDT_GeoTIFF_Resolucion_250cm/M09B5_MDT_Remesa_12.tif","M09B5_MDT_Remesa_12.tif"
"https://visualizador.ide.uy/descargas/datos/CN_Remesa_12/01_MDT/02_MDT_GeoTIFF_Resolucion_250cm/M09B6_MDT_Remesa_12.tif","M09B6_MDT_Remesa_12.tif"
"https://visualizador.ide.uy/descargas/datos/CN_Remesa_12/01_MDT/02_MDT_GeoTIFF_Resolucion_250cm/N03C1_MDT_Remesa_12.tif","N03C1_MDT_Remesa_12.tif"
"https://visualizador.ide.uy/descargas/datos/CN_Remesa_12/01_MDT/02_MDT_GeoTIFF_Resolucion_250cm/N03C4_MDT_Remesa_12.tif","N03C4_MDT_Remesa_12.tif"
"https://visualizador.ide.uy/descargas/datos/CN_Remesa_12/01_MDT/02_MDT_GeoTIFF_Resolucion_250cm/N04A1_MDT_Remesa_12.tif","N04A1_MDT_Remesa_12.tif"
"https://visualizador.ide.uy/descargas/datos/CN_Remesa_12/01_MDT/02_MDT_GeoTIFF_Resolucion_250cm/N04A2_MDT_Remesa_12.tif","N04A2_MDT_Remesa_12.tif"
"https://visualizador.ide.uy/descargas/datos/CN_Remesa_12/01_MDT/02_MDT_GeoTIFF_Resolucion_250cm/N04A3_MDT_Remesa_12.tif","N04A3_MDT_Remesa_12.tif"
"https://visualizador.ide.uy/descargas/datos/CN_Remesa_12/01_MDT/02_MDT_GeoTIFF_Resolucion_250cm/N04A4_MDT_Remesa_12.tif","N04A4_MDT_Remesa_12.tif"
"https://visualizador.ide.uy/descargas/datos/CN_Remesa_12/01_MDT/02_MDT_GeoTIFF_Resolucion_250cm/N04A5_MDT_Remesa_12.tif","N04A5_MDT_Remesa_12.tif"
"https://visualizador.ide.uy/descargas/datos/CN_Remesa_12/01_MDT/02_MDT_GeoTIFF_Resolucion_250cm/N04A6_MDT_Remesa_12.tif","N04A6_MDT_Remesa_12.tif"
"https://visualizador.ide.uy/descargas/datos/CN_Remesa_12/01_MDT/02_MDT_GeoTIFF_Resolucion_250cm/N04B1_MDT_Remesa_12.tif","N04B1_MDT_Remesa_12.tif"
"https://visualizador.ide.uy/descargas/datos/CN_Remesa_12/01_MDT/02_MDT_GeoTIFF_Resolucion_250cm/N04B2_MDT_Remesa_12.tif","N04B2_MDT_Remesa_12.tif"
"https://visualizador.ide.uy/descargas/datos/CN_Remesa_12/01_MDT/02_MDT_GeoTIFF_Resolucion_250cm/N04B3_MDT_Remesa_12.tif","N04B3_MDT_Remesa_12.tif"
"https://visualizador.ide.uy/descargas/datos/CN_Remesa_12/01_MDT/02_MDT_GeoTIFF_Resolucion_250cm/N04B4_MDT_Remesa_12.tif","N04B4_MDT_Remesa_12.tif"
"https://visualizador.ide.uy/descargas/datos/CN_Remesa_12/01_MDT/02_MDT_GeoTIFF_Resolucion_250cm/N04B5_MDT_Remesa_12.tif","N04B5_MDT_Remesa_12.tif"
"https://visualizador.ide.uy/descargas/datos/CN_Remesa_12/01_MDT/02_MDT_GeoTIFF_Resolucion_250cm/N04B6_MDT_Remesa_12.tif","N04B6_MDT_Remesa_12.tif"
"https://visualizador.ide.uy/descargas/datos/CN_Remesa_12/01_MDT/02_MDT_GeoTIFF_Resolucion_250cm/N04C1_MDT_Remesa_12.tif","N04C1_MDT_Remesa_12.tif"
"https://visualizador.ide.uy/descargas/datos/CN_Remesa_12/01_MDT/02_MDT_GeoTIFF_Resolucion_250cm/N04C2_MDT_Remesa_12.tif","N04C2_MDT_Remesa_12.tif"
"https://visualizador.ide.uy/descargas/datos/CN_Remesa_12/01_MDT/02_MDT_GeoTIFF_Resolucion_250cm/N04C3_MDT_Remesa_12.tif","N04C3_MDT_Remesa_12.tif"
"https://visualizador.ide.uy/descargas/datos/CN_Remesa_12/01_MDT/02_MDT_GeoTIFF_Resolucion_250cm/N04C4_MDT_Remesa_12.tif","N04C4_MDT_Remesa_12.tif"
"https://visualizador.ide.uy/descargas/datos/CN_Remesa_12/01_MDT/02_MDT_GeoTIFF_Resolucion_250cm/N04C5_MDT_Remesa_12.tif","N04C5_MDT_Remesa_12.tif"
"https://visualizador.ide.uy/descargas/datos/CN_Remesa_12/01_MDT/02_MDT_GeoTIFF_Resolucion_250cm/N04C6_MDT_Remesa_12.tif","N04C6_MDT_Remesa_12.tif"
"https://visualizador.ide.uy/descargas/datos/CN_Remesa_12/01_MDT/02_MDT_GeoTIFF_Resolucion_250cm/N04D1_MDT_Remesa_12.tif","N04D1_MDT_Remesa_12.tif"
"https://visualizador.ide.uy/descargas/datos/CN_Remesa_12/01_MDT/02_MDT_GeoTIFF_Resolucion_250cm/N04D2_MDT_Remesa_12.tif","N04D2_MDT_Remesa_12.tif"
"https://visualizador.ide.uy/descargas/datos/CN_Remesa_12/01_MDT/02_MDT_GeoTIFF_Resolucion_250cm/N04D3_MDT_Remesa_12.tif","N04D3_MDT_Remesa_12.tif"
"https://visualizador.ide.uy/descargas/datos/CN_Remesa_12/01_MDT/02_MDT_GeoTIFF_Resolucion_250cm/N04D4_MDT_Remesa_12.tif","N04D4_MDT_Remesa_12.tif"
"https://visualizador.ide.uy/descargas/datos/CN_Remesa_12/01_MDT/02_MDT_GeoTIFF_Resolucion_250cm/N04D5_MDT_Remesa_12.tif","N04D5_MDT_Remesa_12.tif"
"https://visualizador.ide.uy/descargas/datos/CN_Remesa_12/01_MDT/02_MDT_GeoTIFF_Resolucion_250cm/N04D6_MDT_Remesa_12.tif","N04D6_MDT_Remesa_12.tif"
"https://visualizador.ide.uy/descargas/datos/CN_Remesa_12/01_MDT/02_MDT_GeoTIFF_Resolucion_250cm/N05A1_MDT_Remesa_12.tif","N05A1_MDT_Remesa_12.tif"
"https://visualizador.ide.uy/descargas/datos/CN_Remesa_12/01_MDT/02_MDT_GeoTIFF_Resolucion_250cm/N05A2_MDT_Remesa_12.tif","N05A2_MDT_Remesa_12.tif"
"https://visualizador.ide.uy/descargas/datos/CN_Remesa_12/01_MDT/02_MDT_GeoTIFF_Resolucion_250cm/N05A3_MDT_Remesa_12.tif","N05A3_MDT_Remesa_12.tif"
"https://visualizador.ide.uy/descargas/datos/CN_Remesa_12/01_MDT/02_MDT_GeoTIFF_Resolucion_250cm/N05A4_MDT_Remesa_12.tif","N05A4_MDT_Remesa_12.tif"
"https://visualizador.ide.uy/descargas/datos/CN_Remesa_12/01_MDT/02_MDT_GeoTIFF_Resolucion_250cm/N05A5_MDT_Remesa_12.tif","N05A5_MDT_Remesa_12.tif"
"https://visualizador.ide.uy/descargas/datos/CN_Remesa_12/01_MDT/02_MDT_GeoTIFF_Resolucion_250cm/N05A6_MDT_Remesa_12.tif","N05A6_MDT_Remesa_12.tif"
"https://visualizador.ide.uy/descargas/datos/CN_Remesa_12/01_MDT/02_MDT_GeoTIFF_Resolucion_250cm/N05B1_MDT_Remesa_12.tif","N05B1_MDT_Remesa_12.tif"
"https://visualizador.ide.uy/descargas/datos/CN_Remesa_12/01_MDT/02_MDT_GeoTIFF_Resolucion_250cm/N05B2_MDT_Remesa_12.tif","N05B2_MDT_Remesa_12.tif"
"https://visualizador.ide.uy/descargas/datos/CN_Remesa_12/01_MDT/02_MDT_GeoTIFF_Resolucion_250cm/N05B3_MDT_Remesa_12.tif","N05B3_MDT_Remesa_12.tif"
"https://visualizador.ide.uy/descargas/datos/CN_Remesa_12/01_MDT/02_MDT_GeoTIFF_Resolucion_250cm/N05B4_MDT_Remesa_12.tif","N05B4_MDT_Remesa_12.tif"
"https://visualizador.ide.uy/descargas/datos/CN_Remesa_12/01_MDT/02_MDT_GeoTIFF_Resolucion_250cm/N05B5_MDT_Remesa_12.tif","N05B5_MDT_Remesa_12.tif"
"https://visualizador.ide.uy/descargas/datos/CN_Remesa_12/01_MDT/02_MDT_GeoTIFF_Resolucion_250cm/N05B6_MDT_Remesa_12.tif","N05B6_MDT_Remesa_12.tif"
"https://visualizador.ide.uy/descargas/datos/CN_Remesa_12/01_MDT/02_MDT_GeoTIFF_Resolucion_250cm/N05C1_MDT_Remesa_12.tif","N05C1_MDT_Remesa_12.tif"
"https://visualizador.ide.uy/descargas/datos/CN_Remesa_12/01_MDT/02_MDT_GeoTIFF_Resolucion_250cm/N05C2_MDT_Remesa_12.tif","N05C2_MDT_Remesa_12.tif"
"https://visualizador.ide.uy/descargas/datos/CN_Remesa_12/01_MDT/02_MDT_GeoTIFF_Resolucion_250cm/N05C3_MDT_Remesa_12.tif","N05C3_MDT_Remesa_12.tif"
"https://visualizador.ide.uy/descargas/datos/CN_Remesa_12/01_MDT/02_MDT_GeoTIFF_Resolucion_250cm/N05C4_MDT_Remesa_12.tif","N05C4_MDT_Remesa_12.tif"
"https://visualizador.ide.uy/descargas/datos/CN_Remesa_12/01_MDT/02_MDT_GeoTIFF_Resolucion_250cm/N05C5_MDT_Remesa_12.tif","N05C5_MDT_Remesa_12.tif"
"https://visualizador.ide.uy/descargas/datos/CN_Remesa_12/01_MDT/02_MDT_GeoTIFF_Resolucion_250cm/N05C6_MDT_Remesa_12.tif","N05C6_MDT_Remesa_12.tif"
"https://visualizador.ide.uy/descargas/datos/CN_Remesa_12/01_MDT/02_MDT_GeoTIFF_Resolucion_250cm/N05D1_MDT_Remesa_12.tif","N05D1_MDT_Remesa_12.tif"
"https://visualizador.ide.uy/descargas/datos/CN_Remesa_12/01_MDT/02_MDT_GeoTIFF_Resolucion_250cm/N05D2_MDT_Remesa_12.tif","N05D2_MDT_Remesa_12.tif"
"https://visualizador.ide.uy/descargas/datos/CN_Remesa_12/01_MDT/02_MDT_GeoTIFF_Resolucion_250cm/N05D3_MDT_Remesa_12.tif","N05D3_MDT_Remesa_12.tif"
"https://visualizador.ide.uy/descargas/datos/CN_Remesa_12/01_MDT/02_MDT_GeoTIFF_Resolucion_250cm/N05D4_MDT_Remesa_12.tif","N05D4_MDT_Remesa_12.tif"
"https://visualizador.ide.uy/descargas/datos/CN_Remesa_12/01_MDT/02_MDT_GeoTIFF_Resolucion_250cm/N05D5_MDT_Remesa_12.tif","N05D5_MDT_Remesa_12.tif"
"https://visualizador.ide.uy/descargas/datos/CN_Remesa_12/01_MDT/02_MDT_GeoTIFF_Resolucion_250cm/N05D6_MDT_Remesa_12.tif","N05D6_MDT_Remesa_12.tif"
"https://visualizador.ide.uy/descargas/datos/CN_Remesa_12/01_MDT/02_MDT_GeoTIFF_Resolucion_250cm/N06A1_MDT_Remesa_12.tif","N06A1_MDT_Remesa_12.tif"
"https://visualizador.ide.uy/descargas/datos/CN_Remesa_12/01_MDT/02_MDT_GeoTIFF_Resolucion_250cm/N06A2_MDT_Remesa_12.tif","N06A2_MDT_Remesa_12.tif"
"https://visualizador.ide.uy/descargas/datos/CN_Remesa_12/01_MDT/02_MDT_GeoTIFF_Resolucion_250cm/N06A3_MDT_Remesa_12.tif","N06A3_MDT_Remesa_12.tif"
"https://visualizador.ide.uy/descargas/datos/CN_Remesa_12/01_MDT/02_MDT_GeoTIFF_Resolucion_250cm/N06A4_MDT_Remesa_12.tif","N06A4_MDT_Remesa_12.tif"
"https://visualizador.ide.uy/descargas/datos/CN_Remesa_12/01_MDT/02_MDT_GeoTIFF_Resolucion_250cm/N06A5_MDT_Remesa_12.tif","N06A5_MDT_Remesa_12.tif"
"https://visualizador.ide.uy/descargas/datos/CN_Remesa_12/01_MDT/02_MDT_GeoTIFF_Resolucion_250cm/N06A6_MDT_Remesa_12.tif","N06A6_MDT_Remesa_12.tif"
"https://visualizador.ide.uy/descargas/datos/CN_Remesa_12/01_MDT/02_MDT_GeoTIFF_Resolucion_250cm/N06B1_MDT_Remesa_12.tif","N06B1_MDT_Remesa_12.tif"
"https://visualizador.ide.uy/descargas/datos/CN_Remesa_12/01_MDT/02_MDT_GeoTIFF_Resolucion_250cm/N06B2_MDT_Remesa_12.tif","N06B2_MDT_Remesa_12.tif"
"https://visualizador.ide.uy/descargas/datos/CN_Remesa_12/01_MDT/02_MDT_GeoTIFF_Resolucion_250cm/N06B3_MDT_Remesa_12.tif","N06B3_MDT_Remesa_12.tif"
"https://visualizador.ide.uy/descargas/datos/CN_Remesa_12/01_MDT/02_MDT_GeoTIFF_Resolucion_250cm/N06B4_MDT_Remesa_12.tif","N06B4_MDT_Remesa_12.tif"
"https://visualizador.ide.uy/descargas/datos/CN_Remesa_12/01_MDT/02_MDT_GeoTIFF_Resolucion_250cm/N06B5_MDT_Remesa_12.tif","N06B5_MDT_Remesa_12.tif"
"https://visualizador.ide.uy/descargas/datos/CN_Remesa_12/01_MDT/02_MDT_GeoTIFF_Resolucion_250cm/N06B6_MDT_Remesa_12.tif","N06B6_MDT_Remesa_12.tif"
"https://visualizador.ide.uy/descargas/datos/CN_Remesa_12/01_MDT/02_MDT_GeoTIFF_Resolucion_250cm/N06C1_MDT_Remesa_12.tif","N06C1_MDT_Remesa_12.tif"
"https://visualizador.ide.uy/descargas/datos/CN_Remesa_12/01_MDT/02_MDT_GeoTIFF_Resolucion_250cm/N06C2_MDT_Remesa_12.tif","N06C2_MDT_Remesa_12.tif"
"https://visualizador.ide.uy/descargas/datos/CN_Remesa_12/01_MDT/02_MDT_GeoTIFF_Resolucion_250cm/N06C3_MDT_Remesa_12.tif","N06C3_MDT_Remesa_12.tif"
"https://visualizador.ide.uy/descargas/datos/CN_Remesa_12/01_MDT/02_MDT_GeoTIFF_Resolucion_250cm/N06C4_MDT_Remesa_12.tif","N06C4_MDT_Remesa_12.tif"
"https://visualizador.ide.uy/descargas/datos/CN_Remesa_12/01_MDT/02_MDT_GeoTIFF_Resolucion_250cm/N06C5_MDT_Remesa_12.tif","N06C5_MDT_Remesa_12.tif"
"https://visualizador.ide.uy/descargas/datos/CN_Remesa_12/01_MDT/02_MDT_GeoTIFF_Resolucion_250cm/N06C6_MDT_Remesa_12.tif","N06C6_MDT_Remesa_12.tif"
"https://visualizador.ide.uy/descargas/datos/CN_Remesa_12/01_MDT/02_MDT_GeoTIFF_Resolucion_250cm/N06D1_MDT_Remesa_12.tif","N06D1_MDT_Remesa_12.tif"
"https://visualizador.ide.uy/descargas/datos/CN_Remesa_12/01_MDT/02_MDT_GeoTIFF_Resolucion_250cm/N06D2_MDT_Remesa_12.tif","N06D2_MDT_Remesa_12.tif"
"https://visualizador.ide.uy/descargas/datos/CN_Remesa_12/01_MDT/02_MDT_GeoTIFF_Resolucion_250cm/N06D3_MDT_Remesa_12.tif","N06D3_MDT_Remesa_12.tif"
"https://visualizador.ide.uy/descargas/datos/CN_Remesa_12/01_MDT/02_MDT_GeoTIFF_Resolucion_250cm/N06D4_MDT_Remesa_12.tif","N06D4_MDT_Remesa_12.tif"
"https://visualizador.ide.uy/descargas/datos/CN_Remesa_12/01_MDT/02_MDT_GeoTIFF_Resolucion_250cm/N06D5_MDT_Remesa_12.tif","N06D5_MDT_Remesa_12.tif"
"https://visualizador.ide.uy/descargas/datos/CN_Remesa_12/01_MDT/02_MDT_GeoTIFF_Resolucion_250cm/N06D6_MDT_Remesa_12.tif","N06D6_MDT_Remesa_12.tif"
"https://visualizador.ide.uy/descargas/datos/CN_Remesa_12/01_MDT/02_MDT_GeoTIFF_Resolucion_250cm/N07A1_MDT_Remesa_12.tif","N07A1_MDT_Remesa_12.tif"
"https://visualizador.ide.uy/descargas/datos/CN_Remesa_12/01_MDT/02_MDT_GeoTIFF_Resolucion_250cm/N07A2_MDT_Remesa_12.tif","N07A2_MDT_Remesa_12.tif"
"https://visualizador.ide.uy/descargas/datos/CN_Remesa_12/01_MDT/02_MDT_GeoTIFF_Resolucion_250cm/N07A3_MDT_Remesa_12.tif","N07A3_MDT_Remesa_12.tif"
"https://visualizador.ide.uy/descargas/datos/CN_Remesa_12/01_MDT/02_MDT_GeoTIFF_Resolucion_250cm/N07A4_MDT_Remesa_12.tif","N07A4_MDT_Remesa_12.tif"
"https://visualizador.ide.uy/descargas/datos/CN_Remesa_12/01_MDT/02_MDT_GeoTIFF_Resolucion_250cm/N07A5_MDT_Remesa_12.tif","N07A5_MDT_Remesa_12.tif"
"https://visualizador.ide.uy/descargas/datos/CN_Remesa_12/01_MDT/02_MDT_GeoTIFF_Resolucion_250cm/N07A6_MDT_Remesa_12.tif","N07A6_MDT_Remesa_12.tif"
"https://visualizador.ide.uy/descargas/datos/CN_Remesa_12/01_MDT/02_MDT_GeoTIFF_Resolucion_250cm/N07B1_MDT_Remesa_12.tif","N07B1_MDT_Remesa_12.tif"
"https://visualizador.ide.uy/descargas/datos/CN_Remesa_12/01_MDT/02_MDT_GeoTIFF_Resolucion_250cm/N07B2_MDT_Remesa_12.tif","N07B2_MDT_Remesa_12.tif"
"https://visualizador.ide.uy/descargas/datos/CN_Remesa_12/01_MDT/02_MDT_GeoTIFF_Resolucion_250cm/N07B3_MDT_Remesa_12.tif","N07B3_MDT_Remesa_12.tif"
"https://visualizador.ide.uy/descargas/datos/CN_Remesa_12/01_MDT/02_MDT_GeoTIFF_Resolucion_250cm/N07B4_MDT_Remesa_12.tif","N07B4_MDT_Remesa_12.tif"
"https://visualizador.ide.uy/descargas/datos/CN_Remesa_12/01_MDT/02_MDT_GeoTIFF_Resolucion_250cm/N07B5_MDT_Remesa_12.tif","N07B5_MDT_Remesa_12.tif"
"https://visualizador.ide.uy/descargas/datos/CN_Remesa_12/01_MDT/02_MDT_GeoTIFF_Resolucion_250cm/N07B6_MDT_Remesa_12.tif","N07B6_MDT_Remesa_12.tif"
"https://visualizador.ide.uy/descargas/datos/CN_Remesa_12/01_MDT/02_MDT_GeoTIFF_Resolucion_250cm/N07C1_MDT_Remesa_12.tif","N07C1_MDT_Remesa_12.tif"
"https://visualizador.ide.uy/descargas/datos/CN_Remesa_12/01_MDT/02_MDT_GeoTIFF_Resolucion_250cm/N07C2_MDT_Remesa_12.tif","N07C2_MDT_Remesa_12.tif"
"https://visualizador.ide.uy/descargas/datos/CN_Remesa_12/01_MDT/02_MDT_GeoTIFF_Resolucion_250cm/N07C3_MDT_Remesa_12.tif","N07C3_MDT_Remesa_12.tif"
"https://visualizador.ide.uy/descargas/datos/CN_Remesa_12/01_MDT/02_MDT_GeoTIFF_Resolucion_250cm/N07C4_MDT_Remesa_12.tif","N07C4_MDT_Remesa_12.tif"
"https://visualizador.ide.uy/descargas/datos/CN_Remesa_12/01_MDT/02_MDT_GeoTIFF_Resolucion_250cm/N07C5_MDT_Remesa_12.tif","N07C5_MDT_Remesa_12.tif"
"https://visualizador.ide.uy/descargas/datos/CN_Remesa_12/01_MDT/02_MDT_GeoTIFF_Resolucion_250cm/N07C6_MDT_Remesa_12.tif","N07C6_MDT_Remesa_12.tif"
"https://visualizador.ide.uy/descargas/datos/CN_Remesa_12/01_MDT/02_MDT_GeoTIFF_Resolucion_250cm/N07D1_MDT_Remesa_12.tif","N07D1_MDT_Remesa_12.tif"
"https://visualizador.ide.uy/descargas/datos/CN_Remesa_12/01_MDT/02_MDT_GeoTIFF_Resolucion_250cm/N07D2_MDT_Remesa_12.tif","N07D2_MDT_Remesa_12.tif"
"https://visualizador.ide.uy/descargas/datos/CN_Remesa_12/01_MDT/02_MDT_GeoTIFF_Resolucion_250cm/N07D3_MDT_Remesa_12.tif","N07D3_MDT_Remesa_12.tif"
"https://visualizador.ide.uy/descargas/datos/CN_Remesa_12/01_MDT/02_MDT_GeoTIFF_Resolucion_250cm/N07D4_MDT_Remesa_12.tif","N07D4_MDT_Remesa_12.tif"
"https://visualizador.ide.uy/descargas/datos/CN_Remesa_12/01_MDT/02_MDT_GeoTIFF_Resolucion_250cm/N07D5_MDT_Remesa_12.tif","N07D5_MDT_Remesa_12.tif"
"https://visualizador.ide.uy/descargas/datos/CN_Remesa_12/01_MDT/02_MDT_GeoTIFF_Resolucion_250cm/N07D6_MDT_Remesa_12.tif","N07D6_MDT_Remesa_12.tif"
"https://visualizador.ide.uy/descargas/datos/CN_Remesa_12/01_MDT/02_MDT_GeoTIFF_Resolucion_250cm/N08A1_MDT_Remesa_12.tif","N08A1_MDT_Remesa_12.tif"
"https://visualizador.ide.uy/descargas/datos/CN_Remesa_12/01_MDT/02_MDT_GeoTIFF_Resolucion_250cm/N08A2_MDT_Remesa_12.tif","N08A2_MDT_Remesa_12.tif"
"https://visualizador.ide.uy/descargas/datos/CN_Remesa_12/01_MDT/02_MDT_GeoTIFF_Resolucion_250cm/N08A3_MDT_Remesa_12.tif","N08A3_MDT_Remesa_12.tif"
"https://visualizador.ide.uy/descargas/datos/CN_Remesa_12/01_MDT/02_MDT_GeoTIFF_Resolucion_250cm/N08A4_MDT_Remesa_12.tif","N08A4_MDT_Remesa_12.tif"
"https://visualizador.ide.uy/descargas/datos/CN_Remesa_12/01_MDT/02_MDT_GeoTIFF_Resolucion_250cm/N08A5_MDT_Remesa_12.tif","N08A5_MDT_Remesa_12.tif"
"https://visualizador.ide.uy/descargas/datos/CN_Remesa_12/01_MDT/02_MDT_GeoTIFF_Resolucion_250cm/N08A6_MDT_Remesa_12.tif","N08A6_MDT_Remesa_12.tif"
"https://visualizador.ide.uy/descargas/datos/CN_Remesa_12/01_MDT/02_MDT_GeoTIFF_Resolucion_250cm/N08B1_MDT_Remesa_12.tif","N08B1_MDT_Remesa_12.tif"
"https://visualizador.ide.uy/descargas/datos/CN_Remesa_12/01_MDT/02_MDT_GeoTIFF_Resolucion_250cm/N08B2_MDT_Remesa_12.tif","N08B2_MDT_Remesa_12.tif"
"https://visualizador.ide.uy/descargas/datos/CN_Remesa_12/01_MDT/02_MDT_GeoTIFF_Resolucion_250cm/N08B3_MDT_Remesa_12.tif","N08B3_MDT_Remesa_12.tif"
"https://visualizador.ide.uy/descargas/datos/CN_Remesa_12/01_MDT/02_MDT_GeoTIFF_Resolucion_250cm/N08B4_MDT_Remesa_12.tif","N08B4_MDT_Remesa_12.tif"
"https://visualizador.ide.uy/descargas/datos/CN_Remesa_12/01_MDT/02_MDT_GeoTIFF_Resolucion_250cm/N08B5_MDT_Remesa_12.tif","N08B5_MDT_Remesa_12.tif"
"https://visualizador.ide.uy/descargas/datos/CN_Remesa_12/01_MDT/02_MDT_GeoTIFF_Resolucion_250cm/N08B6_MDT_Remesa_12.tif","N08B6_MDT_Remesa_12.tif"
"https://visualizador.ide.uy/descargas/datos/CN_Remesa_12/01_MDT/02_MDT_GeoTIFF_Resolucion_250cm/N08C1_MDT_Remesa_12.tif","N08C1_MDT_Remesa_12.tif"
"https://visualizador.ide.uy/descargas/datos/CN_Remesa_12/01_MDT/02_MDT_GeoTIFF_Resolucion_250cm/N08C2_MDT_Remesa_12.tif","N08C2_MDT_Remesa_12.tif"
"https://visualizador.ide.uy/descargas/datos/CN_Remesa_12/01_MDT/02_MDT_GeoTIFF_Resolucion_250cm/N08C3_MDT_Remesa_12.tif","N08C3_MDT_Remesa_12.tif"
"https://visualizador.ide.uy/descargas/datos/CN_Remesa_12/01_MDT/02_MDT_GeoTIFF_Resolucion_250cm/N08C4_MDT_Remesa_12.tif","N08C4_MDT_Remesa_12.tif"
"https://visualizador.ide.uy/descargas/datos/CN_Remesa_12/01_MDT/02_MDT_GeoTIFF_Resolucion_250cm/N08C5_MDT_Remesa_12.tif","N08C5_MDT_Remesa_12.tif"
"https://visualizador.ide.uy/descargas/datos/CN_Remesa_12/01_MDT/02_MDT_GeoTIFF_Resolucion_250cm/N08C6_MDT_Remesa_12.tif","N08C6_MDT_Remesa_12.tif"
"https://visualizador.ide.uy/descargas/datos/CN_Remesa_12/01_MDT/02_MDT_GeoTIFF_Resolucion_250cm/N08D1_MDT_Remesa_12.tif","N08D1_MDT_Remesa_12.tif"
"https://visualizador.ide.uy/descargas/datos/CN_Remesa_12/01_MDT/02_MDT_GeoTIFF_Resolucion_250cm/N08D2_MDT_Remesa_12.tif","N08D2_MDT_Remesa_12.tif"
"https://visualizador.ide.uy/descargas/datos/CN_Remesa_12/01_MDT/02_MDT_GeoTIFF_Resolucion_250cm/N08D3_MDT_Remesa_12.tif","N08D3_MDT_Remesa_12.tif"
"https://visualizador.ide.uy/descargas/datos/CN_Remesa_12/01_MDT/02_MDT_GeoTIFF_Resolucion_250cm/N08D4_MDT_Remesa_12.tif","N08D4_MDT_Remesa_12.tif"
"https://visualizador.ide.uy/descargas/datos/CN_Remesa_12/01_MDT/02_MDT_GeoTIFF_Resolucion_250cm/N08D5_MDT_Remesa_12.tif","N08D5_MDT_Remesa_12.tif"
"https://visualizador.ide.uy/descargas/datos/CN_Remesa_12/01_MDT/02_MDT_GeoTIFF_Resolucion_250cm/N08D6_MDT_Remesa_12.tif","N08D6_MDT_Remesa_12.tif"
"https://visualizador.ide.uy/descargas/datos/CN_Remesa_12/01_MDT/02_MDT_GeoTIFF_Resolucion_250cm/N09A1_MDT_Remesa_12.tif","N09A1_MDT_Remesa_12.tif"
"https://visualizador.ide.uy/descargas/datos/CN_Remesa_12/01_MDT/02_MDT_GeoTIFF_Resolucion_250cm/N09A2_MDT_Remesa_12.tif","N09A2_MDT_Remesa_12.tif"
"https://visualizador.ide.uy/descargas/datos/CN_Remesa_12/01_MDT/02_MDT_GeoTIFF_Resolucion_250cm/N09A3_MDT_Remesa_12.tif","N09A3_MDT_Remesa_12.tif"
"https://visualizador.ide.uy/descargas/datos/CN_Remesa_12/01_MDT/02_MDT_GeoTIFF_Resolucion_250cm/N09A4_MDT_Remesa_12.tif","N09A4_MDT_Remesa_12.tif"
"https://visualizador.ide.uy/descargas/datos/CN_Remesa_12/01_MDT/02_MDT_GeoTIFF_Resolucion_250cm/N09A5_MDT_Remesa_12.tif","N09A5_MDT_Remesa_12.tif"
"https://visualizador.ide.uy/descargas/datos/CN_Remesa_12/01_MDT/02_MDT_GeoTIFF_Resolucion_250cm/N09A6_MDT_Remesa_12.tif","N09A6_MDT_Remesa_12.tif"
"https://visualizador.ide.uy/descargas/datos/CN_Remesa_12/01_MDT/02_MDT_GeoTIFF_Resolucion_250cm/N09B1_MDT_Remesa_12.tif","N09B1_MDT_Remesa_12.tif"
"https://visualizador.ide.uy/descargas/datos/CN_Remesa_12/01_MDT/02_MDT_GeoTIFF_Resolucion_250cm/N09B2_MDT_Remesa_12.tif","N09B2_MDT_Remesa_12.tif"
"https://visualizador.ide.uy/descargas/datos/CN_Remesa_12/01_MDT/02_MDT_GeoTIFF_Resolucion_250cm/N09B3_MDT_Remesa_12.tif","N09B3_MDT_Remesa_12.tif"
"https://visualizador.ide.uy/descargas/datos/CN_Remesa_12/01_MDT/02_MDT_GeoTIFF_Resolucion_250cm/N09B4_MDT_Remesa_12.tif","N09B4_MDT_Remesa_12.tif"
"https://visualizador.ide.uy/descargas/datos/CN_Remesa_12/01_MDT/02_MDT_GeoTIFF_Resolucion_250cm/N09B5_MDT_Remesa_12.tif","N09B5_MDT_Remesa_12.tif"
"https://visualizador.ide.uy/descargas/datos/CN_Remesa_12/01_MDT/02_MDT_GeoTIFF_Resolucion_250cm/N09B6_MDT_Remesa_12.tif","N09B6_MDT_Remesa_12.tif"
"https://visualizador.ide.uy/descargas/datos/CN_Remesa_12/01_MDT/02_MDT_GeoTIFF_Resolucion_250cm/O03D3_MDT_Remesa_12.tif","O03D3_MDT_Remesa_12.tif"
"https://visualizador.ide.uy/descargas/datos/CN_Remesa_12/01_MDT/02_MDT_GeoTIFF_Resolucion_250cm/O03D6_MDT_Remesa_12.tif","O03D6_MDT_Remesa_12.tif"
"https://visualizador.ide.uy/descargas/datos/CN_Remesa_12/01_MDT/02_MDT_GeoTIFF_Resolucion_250cm/O04B3_MDT_Remesa_12.tif","O04B3_MDT_Remesa_12.tif"
"https://visualizador.ide.uy/descargas/datos/CN_Remesa_12/01_MDT/02_MDT_GeoTIFF_Resolucion_250cm/O04B6_MDT_Remesa_12.tif","O04B6_MDT_Remesa_12.tif"
"https://visualizador.ide.uy/descargas/datos/CN_Remesa_12/01_MDT/02_MDT_GeoTIFF_Resolucion_250cm/O04D2_MDT_Remesa_12.tif","O04D2_MDT_Remesa_12.tif"
"https://visualizador.ide.uy/descargas/datos/CN_Remesa_12/01_MDT/02_MDT_GeoTIFF_Resolucion_250cm/O04D3_MDT_Remesa_12.tif","O04D3_MDT_Remesa_12.tif"
"https://visualizador.ide.uy/descargas/datos/CN_Remesa_12/01_MDT/02_MDT_GeoTIFF_Resolucion_250cm/O04D4_MDT_Remesa_12.tif","O04D4_MDT_Remesa_12.tif"
"https://visualizador.ide.uy/descargas/datos/CN_Remesa_12/01_MDT/02_MDT_GeoTIFF_Resolucion_250cm/O04D5_MDT_Remesa_12.tif","O04D5_MDT_Remesa_12.tif"
"https://visualizador.ide.uy/descargas/datos/CN_Remesa_12/01_MDT/02_MDT_GeoTIFF_Resolucion_250cm/O04D6_MDT_Remesa_12.tif","O04D6_MDT_Remesa_12.tif"
"https://visualizador.ide.uy/descargas/datos/CN_Remesa_12/01_MDT/02_MDT_GeoTIFF_Resolucion_250cm/O05A3_MDT_Remesa_12.tif","O05A3_MDT_Remesa_12.tif"
"https://visualizador.ide.uy/descargas/datos/CN_Remesa_12/01_MDT/02_MDT_GeoTIFF_Resolucion_250cm/O05A5_MDT_Remesa_12.tif","O05A5_MDT_Remesa_12.tif"
"https://visualizador.ide.uy/descargas/datos/CN_Remesa_12/01_MDT/02_MDT_GeoTIFF_Resolucion_250cm/O05A6_MDT_Remesa_12.tif","O05A6_MDT_Remesa_12.tif"
"https://visualizador.ide.uy/descargas/datos/CN_Remesa_12/01_MDT/02_MDT_GeoTIFF_Resolucion_250cm/O05B1_MDT_Remesa_12.tif","O05B1_MDT_Remesa_12.tif"
"https://visualizador.ide.uy/descargas/datos/CN_Remesa_12/01_MDT/02_MDT_GeoTIFF_Resolucion_250cm/O05B2_MDT_Remesa_12.tif","O05B2_MDT_Remesa_12.tif"
"https://visualizador.ide.uy/descargas/datos/CN_Remesa_12/01_MDT/02_MDT_GeoTIFF_Resolucion_250cm/O05B3_MDT_Remesa_12.tif","O05B3_MDT_Remesa_12.tif"
"https://visualizador.ide.uy/descargas/datos/CN_Remesa_12/01_MDT/02_MDT_GeoTIFF_Resolucion_250cm/O05B4_MDT_Remesa_12.tif","O05B4_MDT_Remesa_12.tif"
"https://visualizador.ide.uy/descargas/datos/CN_Remesa_12/01_MDT/02_MDT_GeoTIFF_Resolucion_250cm/O05B5_MDT_Remesa_12.tif","O05B5_MDT_Remesa_12.tif"
"https://visualizador.ide.uy/descargas/datos/CN_Remesa_12/01_MDT/02_MDT_GeoTIFF_Resolucion_250cm/O05B6_MDT_Remesa_12.tif","O05B6_MDT_Remesa_12.tif"
"https://visualizador.ide.uy/descargas/datos/CN_Remesa_12/01_MDT/02_MDT_GeoTIFF_Resolucion_250cm/O05C2_MDT_Remesa_12.tif","O05C2_MDT_Remesa_12.tif"
"https://visualizador.ide.uy/descargas/datos/CN_Remesa_12/01_MDT/02_MDT_GeoTIFF_Resolucion_250cm/O05C3_MDT_Remesa_12.tif","O05C3_MDT_Remesa_12.tif"
"https://visualizador.ide.uy/descargas/datos/CN_Remesa_12/01_MDT/02_MDT_GeoTIFF_Resolucion_250cm/O05C5_MDT_Remesa_12.tif","O05C5_MDT_Remesa_12.tif"
"https://visualizador.ide.uy/descargas/datos/CN_Remesa_12/01_MDT/02_MDT_GeoTIFF_Resolucion_250cm/O05C6_MDT_Remesa_12.tif","O05C6_MDT_Remesa_12.tif"
"https://visualizador.ide.uy/descargas/datos/CN_Remesa_12/01_MDT/02_MDT_GeoTIFF_Resolucion_250cm/O05D1_MDT_Remesa_12.tif","O05D1_MDT_Remesa_12.tif"
"https://visualizador.ide.uy/descargas/datos/CN_Remesa_12/01_MDT/02_MDT_GeoTIFF_Resolucion_250cm/O05D2_MDT_Remesa_12.tif","O05D2_MDT_Remesa_12.tif"
"https://visualizador.ide.uy/descargas/datos/CN_Remesa_12/01_MDT/02_MDT_GeoTIFF_Resolucion_250cm/O05D3_MDT_Remesa_12.tif","O05D3_MDT_Remesa_12.tif"
"https://visualizador.ide.uy/descargas/datos/CN_Remesa_12/01_MDT/02_MDT_GeoTIFF_Resolucion_250cm/O05D4_MDT_Remesa_12.tif","O05D4_MDT_Remesa_12.tif"
"https://visualizador.ide.uy/descargas/datos/CN_Remesa_12/01_MDT/02_MDT_GeoTIFF_Resolucion_250cm/O05D5_MDT_Remesa_12.tif","O05D5_MDT_Remesa_12.tif"
"https://visualizador.ide.uy/descargas/datos/CN_Remesa_12/01_MDT/02_MDT_GeoTIFF_Resolucion_250cm/O05D6_MDT_Remesa_12.tif","O05D6_MDT_Remesa_12.tif"
"https://visualizador.ide.uy/descargas/datos/CN_Remesa_12/01_MDT/02_MDT_GeoTIFF_Resolucion_250cm/O06A2_MDT_Remesa_12.tif","O06A2_MDT_Remesa_12.tif"
"https://visualizador.ide.uy/descargas/datos/CN_Remesa_12/01_MDT/02_MDT_GeoTIFF_Resolucion_250cm/O06A3_MDT_Remesa_12.tif","O06A3_MDT_Remesa_12.tif"
"https://visualizador.ide.uy/descargas/datos/CN_Remesa_12/01_MDT/02_MDT_GeoTIFF_Resolucion_250cm/O06A6_MDT_Remesa_12.tif","O06A6_MDT_Remesa_12.tif"
"https://visualizador.ide.uy/descargas/datos/CN_Remesa_12/01_MDT/02_MDT_GeoTIFF_Resolucion_250cm/O06B1_MDT_Remesa_12.tif","O06B1_MDT_Remesa_12.tif"
"https://visualizador.ide.uy/descargas/datos/CN_Remesa_12/01_MDT/02_MDT_GeoTIFF_Resolucion_250cm/O06B2_MDT_Remesa_12.tif","O06B2_MDT_Remesa_12.tif"
"https://visualizador.ide.uy/descargas/datos/CN_Remesa_12/01_MDT/02_MDT_GeoTIFF_Resolucion_250cm/O06B3_MDT_Remesa_12.tif","O06B3_MDT_Remesa_12.tif"
"https://visualizador.ide.uy/descargas/datos/CN_Remesa_12/01_MDT/02_MDT_GeoTIFF_Resolucion_250cm/O06B4_MDT_Remesa_12.tif","O06B4_MDT_Remesa_12.tif"
"https://visualizador.ide.uy/descargas/datos/CN_Remesa_12/01_MDT/02_MDT_GeoTIFF_Resolucion_250cm/O06B5_MDT_Remesa_12.tif","O06B5_MDT_Remesa_12.tif"
"https://visualizador.ide.uy/descargas/datos/CN_Remesa_12/01_MDT/02_MDT_GeoTIFF_Resolucion_250cm/O06B6_MDT_Remesa_12.tif","O06B6_MDT_Remesa_12.tif"
"https://visualizador.ide.uy/descargas/datos/CN_Remesa_12/01_MDT/02_MDT_GeoTIFF_Resolucion_250cm/O06C3_MDT_Remesa_12.tif","O06C3_MDT_Remesa_12.tif"
"https://visualizador.ide.uy/descargas/datos/CN_Remesa_12/01_MDT/02_MDT_GeoTIFF_Resolucion_250cm/O06C6_MDT_Remesa_12.tif","O06C6_MDT_Remesa_12.tif"
"https://visualizador.ide.uy/descargas/datos/CN_Remesa_12/01_MDT/02_MDT_GeoTIFF_Resolucion_250cm/O06D1_MDT_Remesa_12.tif","O06D1_MDT_Remesa_12.tif"
"https://visualizador.ide.uy/descargas/datos/CN_Remesa_12/01_MDT/02_MDT_GeoTIFF_Resolucion_250cm/O06D2_MDT_Remesa_12.tif","O06D2_MDT_Remesa_12.tif"
"https://visualizador.ide.uy/descargas/datos/CN_Remesa_12/01_MDT/02_MDT_GeoTIFF_Resolucion_250cm/O06D3_MDT_Remesa_12.tif","O06D3_MDT_Remesa_12.tif"
"https://visualizador.ide.uy/descargas/datos/CN_Remesa_12/01_MDT/02_MDT_GeoTIFF_Resolucion_250cm/O06D4_MDT_Remesa_12.tif","O06D4_MDT_Remesa_12.tif"
"https://visualizador.ide.uy/descargas/datos/CN_Remesa_12/01_MDT/02_MDT_GeoTIFF_Resolucion_250cm/O06D5_MDT_Remesa_12.tif","O06D5_MDT_Remesa_12.tif"
"https://visualizador.ide.uy/descargas/datos/CN_Remesa_12/01_MDT/02_MDT_GeoTIFF_Resolucion_250cm/O06D6_MDT_Remesa_12.tif","O06D6_MDT_Remesa_12.tif"
"https://visualizador.ide.uy/descargas/datos/CN_Remesa_12/01_MDT/02_MDT_GeoTIFF_Resolucion_250cm/O07A3_MDT_Remesa_12.tif","O07A3_MDT_Remesa_12.tif"
"https://visualizador.ide.uy/descargas/datos/CN_Remesa_12/01_MDT/02_MDT_GeoTIFF_Resolucion_250cm/O07A6_MDT_Remesa_12.tif","O07A6_MDT_Remesa_12.tif"
"https://visualizador.ide.uy/descargas/datos/CN_Remesa_12/01_MDT/02_MDT_GeoTIFF_Resolucion_250cm/O07B1_MDT_Remesa_12.tif","O07B1_MDT_Remesa_12.tif"
"https://visualizador.ide.uy/descargas/datos/CN_Remesa_12/01_MDT/02_MDT_GeoTIFF_Resolucion_250cm/O07B2_MDT_Remesa_12.tif","O07B2_MDT_Remesa_12.tif"
"https://visualizador.ide.uy/descargas/datos/CN_Remesa_12/01_MDT/02_MDT_GeoTIFF_Resolucion_250cm/O07B3_MDT_Remesa_12.tif","O07B3_MDT_Remesa_12.tif"
"https://visualizador.ide.uy/descargas/datos/CN_Remesa_12/01_MDT/02_MDT_GeoTIFF_Resolucion_250cm/O07B4_MDT_Remesa_12.tif","O07B4_MDT_Remesa_12.tif"
"https://visualizador.ide.uy/descargas/datos/CN_Remesa_12/01_MDT/02_MDT_GeoTIFF_Resolucion_250cm/O07B5_MDT_Remesa_12.tif","O07B5_MDT_Remesa_12.tif"
"https://visualizador.ide.uy/descargas/datos/CN_Remesa_12/01_MDT/02_MDT_GeoTIFF_Resolucion_250cm/O07B6_MDT_Remesa_12.tif","O07B6_MDT_Remesa_12.tif"
"https://visualizador.ide.uy/descargas/datos/CN_Remesa_12/01_MDT/02_MDT_GeoTIFF_Resolucion_250cm/O07C3_MDT_Remesa_12.tif","O07C3_MDT_Remesa_12.tif"
"https://visualizador.ide.uy/descargas/datos/CN_Remesa_12/01_MDT/02_MDT_GeoTIFF_Resolucion_250cm/O07C5_MDT_Remesa_12.tif","O07C5_MDT_Remesa_12.tif"
"https://visualizador.ide.uy/descargas/datos/CN_Remesa_12/01_MDT/02_MDT_GeoTIFF_Resolucion_250cm/O07C6_MDT_Remesa_12.tif","O07C6_MDT_Remesa_12.tif"
"https://visualizador.ide.uy/descargas/datos/CN_Remesa_12/01_MDT/02_MDT_GeoTIFF_Resolucion_250cm/O07D1_MDT_Remesa_12.tif","O07D1_MDT_Remesa_12.tif"
"https://visualizador.ide.uy/descargas/datos/CN_Remesa_12/01_MDT/02_MDT_GeoTIFF_Resolucion_250cm/O07D2_MDT_Remesa_12.tif","O07D2_MDT_Remesa_12.tif"
"https://visualizador.ide.uy/descargas/datos/CN_Remesa_12/01_MDT/02_MDT_GeoTIFF_Resolucion_250cm/O07D3_MDT_Remesa_12.tif","O07D3_MDT_Remesa_12.tif"
"https://visualizador.ide.uy/descargas/datos/CN_Remesa_12/01_MDT/02_MDT_GeoTIFF_Resolucion_250cm/O07D4_MDT_Remesa_12.tif","O07D4_MDT_Remesa_12.tif"
"https://visualizador.ide.uy/descargas/datos/CN_Remesa_12/01_MDT/02_MDT_GeoTIFF_Resolucion_250cm/O07D5_MDT_Remesa_12.tif","O07D5_MDT_Remesa_12.tif"
"https://visualizador.ide.uy/descargas/datos/CN_Remesa_12/01_MDT/02_MDT_GeoTIFF_Resolucion_250cm/O07D6_MDT_Remesa_12.tif","O07D6_MDT_Remesa_12.tif"
"https://visualizador.ide.uy/descargas/datos/CN_Remesa_12/01_MDT/02_MDT_GeoTIFF_Resolucion_250cm/O08A2_MDT_Remesa_12.tif","O08A2_MDT_Remesa_12.tif"
"https://visualizador.ide.uy/descargas/datos/CN_Remesa_12/01_MDT/02_MDT_GeoTIFF_Resolucion_250cm/O08A3_MDT_Remesa_12.tif","O08A3_MDT_Remesa_12.tif"
"https://visualizador.ide.uy/descargas/datos/CN_Remesa_12/01_MDT/02_MDT_GeoTIFF_Resolucion_250cm/O08A5_MDT_Remesa_12.tif","O08A5_MDT_Remesa_12.tif"
"https://visualizador.ide.uy/descargas/datos/CN_Remesa_12/01_MDT/02_MDT_GeoTIFF_Resolucion_250cm/O08A6_MDT_Remesa_12.tif","O08A6_MDT_Remesa_12.tif"
"https://visualizador.ide.uy/descargas/datos/CN_Remesa_12/01_MDT/02_MDT_GeoTIFF_Resolucion_250cm/O08B1_MDT_Remesa_12.tif","O08B1_MDT_Remesa_12.tif"
"https://visualizador.ide.uy/descargas/datos/CN_Remesa_12/01_MDT/02_MDT_GeoTIFF_Resolucion_250cm/O08B2_MDT_Remesa_12.tif","O08B2_MDT_Remesa_12.tif"
"https://visualizador.ide.uy/descargas/datos/CN_Remesa_12/01_MDT/02_MDT_GeoTIFF_Resolucion_250cm/O08B3_MDT_Remesa_12.tif","O08B3_MDT_Remesa_12.tif"
"https://visualizador.ide.uy/descargas/datos/CN_Remesa_12/01_MDT/02_MDT_GeoTIFF_Resolucion_250cm/O08B4_MDT_Remesa_12.tif","O08B4_MDT_Remesa_12.tif"
"https://visualizador.ide.uy/descargas/datos/CN_Remesa_12/01_MDT/02_MDT_GeoTIFF_Resolucion_250cm/O08B5_MDT_Remesa_12.tif","O08B5_MDT_Remesa_12.tif"
"https://visualizador.ide.uy/descargas/datos/CN_Remesa_12/01_MDT/02_MDT_GeoTIFF_Resolucion_250cm/O08B6_MDT_Remesa_12.tif","O08B6_MDT_Remesa_12.tif"
"https://visualizador.ide.uy/descargas/datos/CN_Remesa_12/01_MDT/02_MDT_GeoTIFF_Resolucion_250cm/O08C2_MDT_Remesa_12.tif","O08C2_MDT_Remesa_12.tif"
"https://visualizador.ide.uy/descargas/datos/CN_Remesa_12/01_MDT/02_MDT_GeoTIFF_Resolucion_250cm/O08C3_MDT_Remesa_12.tif","O08C3_MDT_Remesa_12.tif"
"https://visualizador.ide.uy/descargas/datos/CN_Remesa_12/01_MDT/02_MDT_GeoTIFF_Resolucion_250cm/O08C4_MDT_Remesa_12.tif","O08C4_MDT_Remesa_12.tif"
"https://visualizador.ide.uy/descargas/datos/CN_Remesa_12/01_MDT/02_MDT_GeoTIFF_Resolucion_250cm/O08C5_MDT_Remesa_12.tif","O08C5_MDT_Remesa_12.tif"
"https://visualizador.ide.uy/descargas/datos/CN_Remesa_12/01_MDT/02_MDT_GeoTIFF_Resolucion_250cm/O08C6_MDT_Remesa_12.tif","O08C6_MDT_Remesa_12.tif"
"https://visualizador.ide.uy/descargas/datos/CN_Remesa_12/01_MDT/02_MDT_GeoTIFF_Resolucion_250cm/O08D1_MDT_Remesa_12.tif","O08D1_MDT_Remesa_12.tif"
"https://visualizador.ide.uy/descargas/datos/CN_Remesa_12/01_MDT/02_MDT_GeoTIFF_Resolucion_250cm/O08D2_MDT_Remesa_12.tif","O08D2_MDT_Remesa_12.tif"
"https://visualizador.ide.uy/descargas/datos/CN_Remesa_12/01_MDT/02_MDT_GeoTIFF_Resolucion_250cm/O08D3_MDT_Remesa_12.tif","O08D3_MDT_Remesa_12.tif"
"https://visualizador.ide.uy/descargas/datos/CN_Remesa_12/01_MDT/02_MDT_GeoTIFF_Resolucion_250cm/O08D4_MDT_Remesa_12.tif","O08D4_MDT_Remesa_12.tif"
"https://visualizador.ide.uy/descargas/datos/CN_Remesa_12/01_MDT/02_MDT_GeoTIFF_Resolucion_250cm/O08D5_MDT_Remesa_12.tif","O08D5_MDT_Remesa_12.tif"
"https://visualizador.ide.uy/descargas/datos/CN_Remesa_12/01_MDT/02_MDT_GeoTIFF_Resolucion_250cm/O08D6_MDT_Remesa_12.tif","O08D6_MDT_Remesa_12.tif"
"https://visualizador.ide.uy/descargas/datos/CN_Remesa_12/01_MDT/02_MDT_GeoTIFF_Resolucion_250cm/O09A1_MDT_Remesa_12.tif","O09A1_MDT_Remesa_12.tif"
"https://visualizador.ide.uy/descargas/datos/CN_Remesa_12/01_MDT/02_MDT_GeoTIFF_Resolucion_250cm/O09A2_MDT_Remesa_12.tif","O09A2_MDT_Remesa_12.tif"
"https://visualizador.ide.uy/descargas/datos/CN_Remesa_12/01_MDT/02_MDT_GeoTIFF_Resolucion_250cm/O09A3_MDT_Remesa_12.tif","O09A3_MDT_Remesa_12.tif"
"https://visualizador.ide.uy/descargas/datos/CN_Remesa_12/01_MDT/02_MDT_GeoTIFF_Resolucion_250cm/O09A4_MDT_Remesa_12.tif","O09A4_MDT_Remesa_12.tif"
"https://visualizador.ide.uy/descargas/datos/CN_Remesa_12/01_MDT/02_MDT_GeoTIFF_Resolucion_250cm/O09A5_MDT_Remesa_12.tif","O09A5_MDT_Remesa_12.tif"
"https://visualizador.ide.uy/descargas/datos/CN_Remesa_12/01_MDT/02_MDT_GeoTIFF_Resolucion_250cm/O09A6_MDT_Remesa_12.tif","O09A6_MDT_Remesa_12.tif"
"https://visualizador.ide.uy/descargas/datos/CN_Remesa_12/01_MDT/02_MDT_GeoTIFF_Resolucion_250cm/O09B1_MDT_Remesa_12.tif","O09B1_MDT_Remesa_12.tif"
"https://visualizador.ide.uy/descargas/datos/CN_Remesa_12/01_MDT/02_MDT_GeoTIFF_Resolucion_250cm/O09B2_MDT_Remesa_12.tif","O09B2_MDT_Remesa_12.tif"
"https://visualizador.ide.uy/descargas/datos/CN_Remesa_12/01_MDT/02_MDT_GeoTIFF_Resolucion_250cm/O09B3_MDT_Remesa_12.tif","O09B3_MDT_Remesa_12.tif"
"https://visualizador.ide.uy/descargas/datos/CN_Remesa_12/01_MDT/02_MDT_GeoTIFF_Resolucion_250cm/O09B4_MDT_Remesa_12.tif","O09B4_MDT_Remesa_12.tif"
"https://visualizador.ide.uy/descargas/datos/CN_Remesa_12/01_MDT/02_MDT_GeoTIFF_Resolucion_250cm/O09B5_MDT_Remesa_12.tif","O09B5_MDT_Remesa_12.tif"
"https://visualizador.ide.uy/descargas/datos/CN_Remesa_12/01_MDT/02_MDT_GeoTIFF_Resolucion_250cm/O09B6_MDT_Remesa_12.tif","O09B6_MDT_Remesa_12.tif"
