"href","text"
"https://visualizador.ide.uy/descargas/datos/CN_Remesa_06/01_MDT/01_MDT_LAS_Resolucion_250cm/?C=N;O=D","Nombre:"
"https://visualizador.ide.uy/descargas/datos/CN_Remesa_06/01_MDT/01_MDT_LAS_Resolucion_250cm/?C=S;O=A","Size"
"https://visualizador.ide.uy/descargas/datos/CN_Remesa_06/01_MDT/","Parent Directory"
"https://visualizador.ide.uy/descargas/datos/CN_Remesa_06/01_MDT/01_MDT_LAS_Resolucion_250cm/D23C4_MDT_Remesa_06.las","D23C4_MDT_Remesa_06.las"
"https://visualizador.ide.uy/descargas/datos/CN_Remesa_06/01_MDT/01_MDT_LAS_Resolucion_250cm/D23C5_MDT_Remesa_06.las","D23C5_MDT_Remesa_06.las"
"https://visualizador.ide.uy/descargas/datos/CN_Remesa_06/01_MDT/01_MDT_LAS_Resolucion_250cm/D23C6_MDT_Remesa_06.las","D23C6_MDT_Remesa_06.las"
"https://visualizador.ide.uy/descargas/datos/CN_Remesa_06/01_MDT/01_MDT_LAS_Resolucion_250cm/D23D4_MDT_Remesa_06.las","D23D4_MDT_Remesa_06.las"
"https://visualizador.ide.uy/descargas/datos/CN_Remesa_06/01_MDT/01_MDT_LAS_Resolucion_250cm/D23D5_MDT_Remesa_06.las","D23D5_MDT_Remesa_06.las"
"https://visualizador.ide.uy/descargas/datos/CN_Remesa_06/01_MDT/01_MDT_LAS_Resolucion_250cm/D24A1_MDT_Remesa_06.las","D24A1_MDT_Remesa_06.las"
"https://visualizador.ide.uy/descargas/datos/CN_Remesa_06/01_MDT/01_MDT_LAS_Resolucion_250cm/D24A2_MDT_Remesa_06.las","D24A2_MDT_Remesa_06.las"
"https://visualizador.ide.uy/descargas/datos/CN_Remesa_06/01_MDT/01_MDT_LAS_Resolucion_250cm/D24A3_MDT_Remesa_06.las","D24A3_MDT_Remesa_06.las"
"https://visualizador.ide.uy/descargas/datos/CN_Remesa_06/01_MDT/01_MDT_LAS_Resolucion_250cm/D24A4_MDT_Remesa_06.las","D24A4_MDT_Remesa_06.las"
"https://visualizador.ide.uy/descargas/datos/CN_Remesa_06/01_MDT/01_MDT_LAS_Resolucion_250cm/D24A5_MDT_Remesa_06.las","D24A5_MDT_Remesa_06.las"
"https://visualizador.ide.uy/descargas/datos/CN_Remesa_06/01_MDT/01_MDT_LAS_Resolucion_250cm/D24A6_MDT_Remesa_06.las","D24A6_MDT_Remesa_06.las"
"https://visualizador.ide.uy/descargas/datos/CN_Remesa_06/01_MDT/01_MDT_LAS_Resolucion_250cm/D24B1_MDT_Remesa_06.las","D24B1_MDT_Remesa_06.las"
"https://visualizador.ide.uy/descargas/datos/CN_Remesa_06/01_MDT/01_MDT_LAS_Resolucion_250cm/D24B2_MDT_Remesa_06.las","D24B2_MDT_Remesa_06.las"
"https://visualizador.ide.uy/descargas/datos/CN_Remesa_06/01_MDT/01_MDT_LAS_Resolucion_250cm/D24B4_MDT_Remesa_06.las","D24B4_MDT_Remesa_06.las"
"https://visualizador.ide.uy/descargas/datos/CN_Remesa_06/01_MDT/01_MDT_LAS_Resolucion_250cm/D24B5_MDT_Remesa_06.las","D24B5_MDT_Remesa_06.las"
"https://visualizador.ide.uy/descargas/datos/CN_Remesa_06/01_MDT/01_MDT_LAS_Resolucion_250cm/D24C1_MDT_Remesa_06.las","D24C1_MDT_Remesa_06.las"
"https://visualizador.ide.uy/descargas/datos/CN_Remesa_06/01_MDT/01_MDT_LAS_Resolucion_250cm/D24C2_MDT_Remesa_06.las","D24C2_MDT_Remesa_06.las"
"https://visualizador.ide.uy/descargas/datos/CN_Remesa_06/01_MDT/01_MDT_LAS_Resolucion_250cm/D24C3_MDT_Remesa_06.las","D24C3_MDT_Remesa_06.las"
"https://visualizador.ide.uy/descargas/datos/CN_Remesa_06/01_MDT/01_MDT_LAS_Resolucion_250cm/D24C4_MDT_Remesa_06.las","D24C4_MDT_Remesa_06.las"
"https://visualizador.ide.uy/descargas/datos/CN_Remesa_06/01_MDT/01_MDT_LAS_Resolucion_250cm/D24C5_MDT_Remesa_06.las","D24C5_MDT_Remesa_06.las"
"https://visualizador.ide.uy/descargas/datos/CN_Remesa_06/01_MDT/01_MDT_LAS_Resolucion_250cm/D24C6_MDT_Remesa_06.las","D24C6_MDT_Remesa_06.las"
"https://visualizador.ide.uy/descargas/datos/CN_Remesa_06/01_MDT/01_MDT_LAS_Resolucion_250cm/D24D1_MDT_Remesa_06.las","D24D1_MDT_Remesa_06.las"
"https://visualizador.ide.uy/descargas/datos/CN_Remesa_06/01_MDT/01_MDT_LAS_Resolucion_250cm/D24D2_MDT_Remesa_06.las","D24D2_MDT_Remesa_06.las"
"https://visualizador.ide.uy/descargas/datos/CN_Remesa_06/01_MDT/01_MDT_LAS_Resolucion_250cm/D24D4_MDT_Remesa_06.las","D24D4_MDT_Remesa_06.las"
"https://visualizador.ide.uy/descargas/datos/CN_Remesa_06/01_MDT/01_MDT_LAS_Resolucion_250cm/D24D5_MDT_Remesa_06.las","D24D5_MDT_Remesa_06.las"
"https://visualizador.ide.uy/descargas/datos/CN_Remesa_06/01_MDT/01_MDT_LAS_Resolucion_250cm/D25A1_MDT_Remesa_06.las","D25A1_MDT_Remesa_06.las"
"https://visualizador.ide.uy/descargas/datos/CN_Remesa_06/01_MDT/01_MDT_LAS_Resolucion_250cm/D25A2_MDT_Remesa_06.las","D25A2_MDT_Remesa_06.las"
"https://visualizador.ide.uy/descargas/datos/CN_Remesa_06/01_MDT/01_MDT_LAS_Resolucion_250cm/D25A3_MDT_Remesa_06.las","D25A3_MDT_Remesa_06.las"
"https://visualizador.ide.uy/descargas/datos/CN_Remesa_06/01_MDT/01_MDT_LAS_Resolucion_250cm/D25A4_MDT_Remesa_06.las","D25A4_MDT_Remesa_06.las"
"https://visualizador.ide.uy/descargas/datos/CN_Remesa_06/01_MDT/01_MDT_LAS_Resolucion_250cm/D25A5_MDT_Remesa_06.las","D25A5_MDT_Remesa_06.las"
"https://visualizador.ide.uy/descargas/datos/CN_Remesa_06/01_MDT/01_MDT_LAS_Resolucion_250cm/D25A6_MDT_Remesa_06.las","D25A6_MDT_Remesa_06.las"
"https://visualizador.ide.uy/descargas/datos/CN_Remesa_06/01_MDT/01_MDT_LAS_Resolucion_250cm/D25B1_MDT_Remesa_06.las","D25B1_MDT_Remesa_06.las"
"https://visualizador.ide.uy/descargas/datos/CN_Remesa_06/01_MDT/01_MDT_LAS_Resolucion_250cm/D25B2_MDT_Remesa_06.las","D25B2_MDT_Remesa_06.las"
"https://visualizador.ide.uy/descargas/datos/CN_Remesa_06/01_MDT/01_MDT_LAS_Resolucion_250cm/D25B4_MDT_Remesa_06.las","D25B4_MDT_Remesa_06.las"
"https://visualizador.ide.uy/descargas/datos/CN_Remesa_06/01_MDT/01_MDT_LAS_Resolucion_250cm/D25B5_MDT_Remesa_06.las","D25B5_MDT_Remesa_06.las"
"https://visualizador.ide.uy/descargas/datos/CN_Remesa_06/01_MDT/01_MDT_LAS_Resolucion_250cm/D25C1_MDT_Remesa_06.las","D25C1_MDT_Remesa_06.las"
"https://visualizador.ide.uy/descargas/datos/CN_Remesa_06/01_MDT/01_MDT_LAS_Resolucion_250cm/D25C2_MDT_Remesa_06.las","D25C2_MDT_Remesa_06.las"
"https://visualizador.ide.uy/descargas/datos/CN_Remesa_06/01_MDT/01_MDT_LAS_Resolucion_250cm/D25C3_MDT_Remesa_06.las","D25C3_MDT_Remesa_06.las"
"https://visualizador.ide.uy/descargas/datos/CN_Remesa_06/01_MDT/01_MDT_LAS_Resolucion_250cm/D25C4_MDT_Remesa_06.las","D25C4_MDT_Remesa_06.las"
"https://visualizador.ide.uy/descargas/datos/CN_Remesa_06/01_MDT/01_MDT_LAS_Resolucion_250cm/D25C5_MDT_Remesa_06.las","D25C5_MDT_Remesa_06.las"
"https://visualizador.ide.uy/descargas/datos/CN_Remesa_06/01_MDT/01_MDT_LAS_Resolucion_250cm/D25C6_MDT_Remesa_06.las","D25C6_MDT_Remesa_06.las"
"https://visualizador.ide.uy/descargas/datos/CN_Remesa_06/01_MDT/01_MDT_LAS_Resolucion_250cm/D25D1_MDT_Remesa_06.las","D25D1_MDT_Remesa_06.las"
"https://visualizador.ide.uy/descargas/datos/CN_Remesa_06/01_MDT/01_MDT_LAS_Resolucion_250cm/D25D2_MDT_Remesa_06.las","D25D2_MDT_Remesa_06.las"
"https://visualizador.ide.uy/descargas/datos/CN_Remesa_06/01_MDT/01_MDT_LAS_Resolucion_250cm/D25D4_MDT_Remesa_06.las","D25D4_MDT_Remesa_06.las"
"https://visualizador.ide.uy/descargas/datos/CN_Remesa_06/01_MDT/01_MDT_LAS_Resolucion_250cm/D25D5_MDT_Remesa_06.las","D25D5_MDT_Remesa_06.las"
"https://visualizador.ide.uy/descargas/datos/CN_Remesa_06/01_MDT/01_MDT_LAS_Resolucion_250cm/D26A1_MDT_Remesa_06.las","D26A1_MDT_Remesa_06.las"
"https://visualizador.ide.uy/descargas/datos/CN_Remesa_06/01_MDT/01_MDT_LAS_Resolucion_250cm/D26A2_MDT_Remesa_06.las","D26A2_MDT_Remesa_06.las"
"https://visualizador.ide.uy/descargas/datos/CN_Remesa_06/01_MDT/01_MDT_LAS_Resolucion_250cm/D26A3_MDT_Remesa_06.las","D26A3_MDT_Remesa_06.las"
"https://visualizador.ide.uy/descargas/datos/CN_Remesa_06/01_MDT/01_MDT_LAS_Resolucion_250cm/D26A4_MDT_Remesa_06.las","D26A4_MDT_Remesa_06.las"
"https://visualizador.ide.uy/descargas/datos/CN_Remesa_06/01_MDT/01_MDT_LAS_Resolucion_250cm/D26A5_MDT_Remesa_06.las","D26A5_MDT_Remesa_06.las"
"https://visualizador.ide.uy/descargas/datos/CN_Remesa_06/01_MDT/01_MDT_LAS_Resolucion_250cm/D26A6_MDT_Remesa_06.las","D26A6_MDT_Remesa_06.las"
"https://visualizador.ide.uy/descargas/datos/CN_Remesa_06/01_MDT/01_MDT_LAS_Resolucion_250cm/D26B1_MDT_Remesa_06.las","D26B1_MDT_Remesa_06.las"
"https://visualizador.ide.uy/descargas/datos/CN_Remesa_06/01_MDT/01_MDT_LAS_Resolucion_250cm/D26B2_MDT_Remesa_06.las","D26B2_MDT_Remesa_06.las"
"https://visualizador.ide.uy/descargas/datos/CN_Remesa_06/01_MDT/01_MDT_LAS_Resolucion_250cm/D26B4_MDT_Remesa_06.las","D26B4_MDT_Remesa_06.las"
"https://visualizador.ide.uy/descargas/datos/CN_Remesa_06/01_MDT/01_MDT_LAS_Resolucion_250cm/D26B5_MDT_Remesa_06.las","D26B5_MDT_Remesa_06.las"
"https://visualizador.ide.uy/descargas/datos/CN_Remesa_06/01_MDT/01_MDT_LAS_Resolucion_250cm/D26C1_MDT_Remesa_06.las","D26C1_MDT_Remesa_06.las"
"https://visualizador.ide.uy/descargas/datos/CN_Remesa_06/01_MDT/01_MDT_LAS_Resolucion_250cm/D26C2_MDT_Remesa_06.las","D26C2_MDT_Remesa_06.las"
"https://visualizador.ide.uy/descargas/datos/CN_Remesa_06/01_MDT/01_MDT_LAS_Resolucion_250cm/D26C3_MDT_Remesa_06.las","D26C3_MDT_Remesa_06.las"
"https://visualizador.ide.uy/descargas/datos/CN_Remesa_06/01_MDT/01_MDT_LAS_Resolucion_250cm/D26C4_MDT_Remesa_06.las","D26C4_MDT_Remesa_06.las"
"https://visualizador.ide.uy/descargas/datos/CN_Remesa_06/01_MDT/01_MDT_LAS_Resolucion_250cm/D26C5_MDT_Remesa_06.las","D26C5_MDT_Remesa_06.las"
"https://visualizador.ide.uy/descargas/datos/CN_Remesa_06/01_MDT/01_MDT_LAS_Resolucion_250cm/D26C6_MDT_Remesa_06.las","D26C6_MDT_Remesa_06.las"
"https://visualizador.ide.uy/descargas/datos/CN_Remesa_06/01_MDT/01_MDT_LAS_Resolucion_250cm/D26D1_MDT_Remesa_06.las","D26D1_MDT_Remesa_06.las"
"https://visualizador.ide.uy/descargas/datos/CN_Remesa_06/01_MDT/01_MDT_LAS_Resolucion_250cm/D26D2_MDT_Remesa_06.las","D26D2_MDT_Remesa_06.las"
"https://visualizador.ide.uy/descargas/datos/CN_Remesa_06/01_MDT/01_MDT_LAS_Resolucion_250cm/D26D4_MDT_Remesa_06.las","D26D4_MDT_Remesa_06.las"
"https://visualizador.ide.uy/descargas/datos/CN_Remesa_06/01_MDT/01_MDT_LAS_Resolucion_250cm/D26D5_MDT_Remesa_06.las","D26D5_MDT_Remesa_06.las"
"https://visualizador.ide.uy/descargas/datos/CN_Remesa_06/01_MDT/01_MDT_LAS_Resolucion_250cm/D27A1_MDT_Remesa_06.las","D27A1_MDT_Remesa_06.las"
"https://visualizador.ide.uy/descargas/datos/CN_Remesa_06/01_MDT/01_MDT_LAS_Resolucion_250cm/D27A2_MDT_Remesa_06.las","D27A2_MDT_Remesa_06.las"
"https://visualizador.ide.uy/descargas/datos/CN_Remesa_06/01_MDT/01_MDT_LAS_Resolucion_250cm/D27A3_MDT_Remesa_06.las","D27A3_MDT_Remesa_06.las"
"https://visualizador.ide.uy/descargas/datos/CN_Remesa_06/01_MDT/01_MDT_LAS_Resolucion_250cm/D27A4_MDT_Remesa_06.las","D27A4_MDT_Remesa_06.las"
"https://visualizador.ide.uy/descargas/datos/CN_Remesa_06/01_MDT/01_MDT_LAS_Resolucion_250cm/D27A5_MDT_Remesa_06.las","D27A5_MDT_Remesa_06.las"
"https://visualizador.ide.uy/descargas/datos/CN_Remesa_06/01_MDT/01_MDT_LAS_Resolucion_250cm/D27A6_MDT_Remesa_06.las","D27A6_MDT_Remesa_06.las"
"https://visualizador.ide.uy/descargas/datos/CN_Remesa_06/01_MDT/01_MDT_LAS_Resolucion_250cm/D27B1_MDT_Remesa_06.las","D27B1_MDT_Remesa_06.las"
"https://visualizador.ide.uy/descargas/datos/CN_Remesa_06/01_MDT/01_MDT_LAS_Resolucion_250cm/D27B2_MDT_Remesa_06.las","D27B2_MDT_Remesa_06.las"
"https://visualizador.ide.uy/descargas/datos/CN_Remesa_06/01_MDT/01_MDT_LAS_Resolucion_250cm/D27B4_MDT_Remesa_06.las","D27B4_MDT_Remesa_06.las"
"https://visualizador.ide.uy/descargas/datos/CN_Remesa_06/01_MDT/01_MDT_LAS_Resolucion_250cm/D27B5_MDT_Remesa_06.las","D27B5_MDT_Remesa_06.las"
"https://visualizador.ide.uy/descargas/datos/CN_Remesa_06/01_MDT/01_MDT_LAS_Resolucion_250cm/D27C1_MDT_Remesa_06.las","D27C1_MDT_Remesa_06.las"
"https://visualizador.ide.uy/descargas/datos/CN_Remesa_06/01_MDT/01_MDT_LAS_Resolucion_250cm/D27C2_MDT_Remesa_06.las","D27C2_MDT_Remesa_06.las"
"https://visualizador.ide.uy/descargas/datos/CN_Remesa_06/01_MDT/01_MDT_LAS_Resolucion_250cm/D27C3_MDT_Remesa_06.las","D27C3_MDT_Remesa_06.las"
"https://visualizador.ide.uy/descargas/datos/CN_Remesa_06/01_MDT/01_MDT_LAS_Resolucion_250cm/D27C4_MDT_Remesa_06.las","D27C4_MDT_Remesa_06.las"
"https://visualizador.ide.uy/descargas/datos/CN_Remesa_06/01_MDT/01_MDT_LAS_Resolucion_250cm/D27C5_MDT_Remesa_06.las","D27C5_MDT_Remesa_06.las"
"https://visualizador.ide.uy/descargas/datos/CN_Remesa_06/01_MDT/01_MDT_LAS_Resolucion_250cm/D27C6_MDT_Remesa_06.las","D27C6_MDT_Remesa_06.las"
"https://visualizador.ide.uy/descargas/datos/CN_Remesa_06/01_MDT/01_MDT_LAS_Resolucion_250cm/D27D1_MDT_Remesa_06.las","D27D1_MDT_Remesa_06.las"
"https://visualizador.ide.uy/descargas/datos/CN_Remesa_06/01_MDT/01_MDT_LAS_Resolucion_250cm/D27D2_MDT_Remesa_06.las","D27D2_MDT_Remesa_06.las"
"https://visualizador.ide.uy/descargas/datos/CN_Remesa_06/01_MDT/01_MDT_LAS_Resolucion_250cm/D27D4_MDT_Remesa_06.las","D27D4_MDT_Remesa_06.las"
"https://visualizador.ide.uy/descargas/datos/CN_Remesa_06/01_MDT/01_MDT_LAS_Resolucion_250cm/D27D5_MDT_Remesa_06.las","D27D5_MDT_Remesa_06.las"
"https://visualizador.ide.uy/descargas/datos/CN_Remesa_06/01_MDT/01_MDT_LAS_Resolucion_250cm/D28A1_MDT_Remesa_06.las","D28A1_MDT_Remesa_06.las"
"https://visualizador.ide.uy/descargas/datos/CN_Remesa_06/01_MDT/01_MDT_LAS_Resolucion_250cm/D28A2_MDT_Remesa_06.las","D28A2_MDT_Remesa_06.las"
"https://visualizador.ide.uy/descargas/datos/CN_Remesa_06/01_MDT/01_MDT_LAS_Resolucion_250cm/D28A3_MDT_Remesa_06.las","D28A3_MDT_Remesa_06.las"
"https://visualizador.ide.uy/descargas/datos/CN_Remesa_06/01_MDT/01_MDT_LAS_Resolucion_250cm/D28A4_MDT_Remesa_06.las","D28A4_MDT_Remesa_06.las"
"https://visualizador.ide.uy/descargas/datos/CN_Remesa_06/01_MDT/01_MDT_LAS_Resolucion_250cm/D28A5_MDT_Remesa_06.las","D28A5_MDT_Remesa_06.las"
"https://visualizador.ide.uy/descargas/datos/CN_Remesa_06/01_MDT/01_MDT_LAS_Resolucion_250cm/D28A6_MDT_Remesa_06.las","D28A6_MDT_Remesa_06.las"
"https://visualizador.ide.uy/descargas/datos/CN_Remesa_06/01_MDT/01_MDT_LAS_Resolucion_250cm/D28B1_MDT_Remesa_06.las","D28B1_MDT_Remesa_06.las"
"https://visualizador.ide.uy/descargas/datos/CN_Remesa_06/01_MDT/01_MDT_LAS_Resolucion_250cm/D28B2_MDT_Remesa_06.las","D28B2_MDT_Remesa_06.las"
"https://visualizador.ide.uy/descargas/datos/CN_Remesa_06/01_MDT/01_MDT_LAS_Resolucion_250cm/D28B4_MDT_Remesa_06.las","D28B4_MDT_Remesa_06.las"
"https://visualizador.ide.uy/descargas/datos/CN_Remesa_06/01_MDT/01_MDT_LAS_Resolucion_250cm/D28B5_MDT_Remesa_06.las","D28B5_MDT_Remesa_06.las"
"https://visualizador.ide.uy/descargas/datos/CN_Remesa_06/01_MDT/01_MDT_LAS_Resolucion_250cm/D28C1_MDT_Remesa_06.las","D28C1_MDT_Remesa_06.las"
"https://visualizador.ide.uy/descargas/datos/CN_Remesa_06/01_MDT/01_MDT_LAS_Resolucion_250cm/D28C2_MDT_Remesa_06.las","D28C2_MDT_Remesa_06.las"
"https://visualizador.ide.uy/descargas/datos/CN_Remesa_06/01_MDT/01_MDT_LAS_Resolucion_250cm/D28C3_MDT_Remesa_06.las","D28C3_MDT_Remesa_06.las"
"https://visualizador.ide.uy/descargas/datos/CN_Remesa_06/01_MDT/01_MDT_LAS_Resolucion_250cm/D28C4_MDT_Remesa_06.las","D28C4_MDT_Remesa_06.las"
"https://visualizador.ide.uy/descargas/datos/CN_Remesa_06/01_MDT/01_MDT_LAS_Resolucion_250cm/D28C5_MDT_Remesa_06.las","D28C5_MDT_Remesa_06.las"
"https://visualizador.ide.uy/descargas/datos/CN_Remesa_06/01_MDT/01_MDT_LAS_Resolucion_250cm/D28D1_MDT_Remesa_06.las","D28D1_MDT_Remesa_06.las"
"https://visualizador.ide.uy/descargas/datos/CN_Remesa_06/01_MDT/01_MDT_LAS_Resolucion_250cm/D28D2_MDT_Remesa_06.las","D28D2_MDT_Remesa_06.las"
"https://visualizador.ide.uy/descargas/datos/CN_Remesa_06/01_MDT/01_MDT_LAS_Resolucion_250cm/E23C4_MDT_Remesa_06.las","E23C4_MDT_Remesa_06.las"
"https://visualizador.ide.uy/descargas/datos/CN_Remesa_06/01_MDT/01_MDT_LAS_Resolucion_250cm/E23C5_MDT_Remesa_06.las","E23C5_MDT_Remesa_06.las"
"https://visualizador.ide.uy/descargas/datos/CN_Remesa_06/01_MDT/01_MDT_LAS_Resolucion_250cm/E23C6_MDT_Remesa_06.las","E23C6_MDT_Remesa_06.las"
"https://visualizador.ide.uy/descargas/datos/CN_Remesa_06/01_MDT/01_MDT_LAS_Resolucion_250cm/E23D4_MDT_Remesa_06.las","E23D4_MDT_Remesa_06.las"
"https://visualizador.ide.uy/descargas/datos/CN_Remesa_06/01_MDT/01_MDT_LAS_Resolucion_250cm/E23D5_MDT_Remesa_06.las","E23D5_MDT_Remesa_06.las"
"https://visualizador.ide.uy/descargas/datos/CN_Remesa_06/01_MDT/01_MDT_LAS_Resolucion_250cm/E23D6_MDT_Remesa_06.las","E23D6_MDT_Remesa_06.las"
"https://visualizador.ide.uy/descargas/datos/CN_Remesa_06/01_MDT/01_MDT_LAS_Resolucion_250cm/E24A1_MDT_Remesa_06.las","E24A1_MDT_Remesa_06.las"
"https://visualizador.ide.uy/descargas/datos/CN_Remesa_06/01_MDT/01_MDT_LAS_Resolucion_250cm/E24A2_MDT_Remesa_06.las","E24A2_MDT_Remesa_06.las"
"https://visualizador.ide.uy/descargas/datos/CN_Remesa_06/01_MDT/01_MDT_LAS_Resolucion_250cm/E24A3_MDT_Remesa_06.las","E24A3_MDT_Remesa_06.las"
"https://visualizador.ide.uy/descargas/datos/CN_Remesa_06/01_MDT/01_MDT_LAS_Resolucion_250cm/E24A4_MDT_Remesa_06.las","E24A4_MDT_Remesa_06.las"
"https://visualizador.ide.uy/descargas/datos/CN_Remesa_06/01_MDT/01_MDT_LAS_Resolucion_250cm/E24A5_MDT_Remesa_06.las","E24A5_MDT_Remesa_06.las"
"https://visualizador.ide.uy/descargas/datos/CN_Remesa_06/01_MDT/01_MDT_LAS_Resolucion_250cm/E24A6_MDT_Remesa_06.las","E24A6_MDT_Remesa_06.las"
"https://visualizador.ide.uy/descargas/datos/CN_Remesa_06/01_MDT/01_MDT_LAS_Resolucion_250cm/E24B1_MDT_Remesa_06.las","E24B1_MDT_Remesa_06.las"
"https://visualizador.ide.uy/descargas/datos/CN_Remesa_06/01_MDT/01_MDT_LAS_Resolucion_250cm/E24B2_MDT_Remesa_06.las","E24B2_MDT_Remesa_06.las"
"https://visualizador.ide.uy/descargas/datos/CN_Remesa_06/01_MDT/01_MDT_LAS_Resolucion_250cm/E24B3_MDT_Remesa_06.las","E24B3_MDT_Remesa_06.las"
"https://visualizador.ide.uy/descargas/datos/CN_Remesa_06/01_MDT/01_MDT_LAS_Resolucion_250cm/E24B4_MDT_Remesa_06.las","E24B4_MDT_Remesa_06.las"
"https://visualizador.ide.uy/descargas/datos/CN_Remesa_06/01_MDT/01_MDT_LAS_Resolucion_250cm/E24B5_MDT_Remesa_06.las","E24B5_MDT_Remesa_06.las"
"https://visualizador.ide.uy/descargas/datos/CN_Remesa_06/01_MDT/01_MDT_LAS_Resolucion_250cm/E24B6_MDT_Remesa_06.las","E24B6_MDT_Remesa_06.las"
"https://visualizador.ide.uy/descargas/datos/CN_Remesa_06/01_MDT/01_MDT_LAS_Resolucion_250cm/E24C1_MDT_Remesa_06.las","E24C1_MDT_Remesa_06.las"
"https://visualizador.ide.uy/descargas/datos/CN_Remesa_06/01_MDT/01_MDT_LAS_Resolucion_250cm/E24C2_MDT_Remesa_06.las","E24C2_MDT_Remesa_06.las"
"https://visualizador.ide.uy/descargas/datos/CN_Remesa_06/01_MDT/01_MDT_LAS_Resolucion_250cm/E24C3_MDT_Remesa_06.las","E24C3_MDT_Remesa_06.las"
"https://visualizador.ide.uy/descargas/datos/CN_Remesa_06/01_MDT/01_MDT_LAS_Resolucion_250cm/E24C4_MDT_Remesa_06.las","E24C4_MDT_Remesa_06.las"
"https://visualizador.ide.uy/descargas/datos/CN_Remesa_06/01_MDT/01_MDT_LAS_Resolucion_250cm/E24C5_MDT_Remesa_06.las","E24C5_MDT_Remesa_06.las"
"https://visualizador.ide.uy/descargas/datos/CN_Remesa_06/01_MDT/01_MDT_LAS_Resolucion_250cm/E24C6_MDT_Remesa_06.las","E24C6_MDT_Remesa_06.las"
"https://visualizador.ide.uy/descargas/datos/CN_Remesa_06/01_MDT/01_MDT_LAS_Resolucion_250cm/E24D1_MDT_Remesa_06.las","E24D1_MDT_Remesa_06.las"
"https://visualizador.ide.uy/descargas/datos/CN_Remesa_06/01_MDT/01_MDT_LAS_Resolucion_250cm/E24D2_MDT_Remesa_06.las","E24D2_MDT_Remesa_06.las"
"https://visualizador.ide.uy/descargas/datos/CN_Remesa_06/01_MDT/01_MDT_LAS_Resolucion_250cm/E24D3_MDT_Remesa_06.las","E24D3_MDT_Remesa_06.las"
"https://visualizador.ide.uy/descargas/datos/CN_Remesa_06/01_MDT/01_MDT_LAS_Resolucion_250cm/E24D4_MDT_Remesa_06.las","E24D4_MDT_Remesa_06.las"
"https://visualizador.ide.uy/descargas/datos/CN_Remesa_06/01_MDT/01_MDT_LAS_Resolucion_250cm/E24D5_MDT_Remesa_06.las","E24D5_MDT_Remesa_06.las"
"https://visualizador.ide.uy/descargas/datos/CN_Remesa_06/01_MDT/01_MDT_LAS_Resolucion_250cm/E24D6_MDT_Remesa_06.las","E24D6_MDT_Remesa_06.las"
"https://visualizador.ide.uy/descargas/datos/CN_Remesa_06/01_MDT/01_MDT_LAS_Resolucion_250cm/E25A1_MDT_Remesa_06.las","E25A1_MDT_Remesa_06.las"
"https://visualizador.ide.uy/descargas/datos/CN_Remesa_06/01_MDT/01_MDT_LAS_Resolucion_250cm/E25A2_MDT_Remesa_06.las","E25A2_MDT_Remesa_06.las"
"https://visualizador.ide.uy/descargas/datos/CN_Remesa_06/01_MDT/01_MDT_LAS_Resolucion_250cm/E25A3_MDT_Remesa_06.las","E25A3_MDT_Remesa_06.las"
"https://visualizador.ide.uy/descargas/datos/CN_Remesa_06/01_MDT/01_MDT_LAS_Resolucion_250cm/E25A4_MDT_Remesa_06.las","E25A4_MDT_Remesa_06.las"
"https://visualizador.ide.uy/descargas/datos/CN_Remesa_06/01_MDT/01_MDT_LAS_Resolucion_250cm/E25A5_MDT_Remesa_06.las","E25A5_MDT_Remesa_06.las"
"https://visualizador.ide.uy/descargas/datos/CN_Remesa_06/01_MDT/01_MDT_LAS_Resolucion_250cm/E25A6_MDT_Remesa_06.las","E25A6_MDT_Remesa_06.las"
"https://visualizador.ide.uy/descargas/datos/CN_Remesa_06/01_MDT/01_MDT_LAS_Resolucion_250cm/E25B1_MDT_Remesa_06.las","E25B1_MDT_Remesa_06.las"
"https://visualizador.ide.uy/descargas/datos/CN_Remesa_06/01_MDT/01_MDT_LAS_Resolucion_250cm/E25B2_MDT_Remesa_06.las","E25B2_MDT_Remesa_06.las"
"https://visualizador.ide.uy/descargas/datos/CN_Remesa_06/01_MDT/01_MDT_LAS_Resolucion_250cm/E25B3_MDT_Remesa_06.las","E25B3_MDT_Remesa_06.las"
"https://visualizador.ide.uy/descargas/datos/CN_Remesa_06/01_MDT/01_MDT_LAS_Resolucion_250cm/E25B4_MDT_Remesa_06.las","E25B4_MDT_Remesa_06.las"
"https://visualizador.ide.uy/descargas/datos/CN_Remesa_06/01_MDT/01_MDT_LAS_Resolucion_250cm/E25B5_MDT_Remesa_06.las","E25B5_MDT_Remesa_06.las"
"https://visualizador.ide.uy/descargas/datos/CN_Remesa_06/01_MDT/01_MDT_LAS_Resolucion_250cm/E25B6_MDT_Remesa_06.las","E25B6_MDT_Remesa_06.las"
"https://visualizador.ide.uy/descargas/datos/CN_Remesa_06/01_MDT/01_MDT_LAS_Resolucion_250cm/E25C1_MDT_Remesa_06.las","E25C1_MDT_Remesa_06.las"
"https://visualizador.ide.uy/descargas/datos/CN_Remesa_06/01_MDT/01_MDT_LAS_Resolucion_250cm/E25C2_MDT_Remesa_06.las","E25C2_MDT_Remesa_06.las"
"https://visualizador.ide.uy/descargas/datos/CN_Remesa_06/01_MDT/01_MDT_LAS_Resolucion_250cm/E25C3_MDT_Remesa_06.las","E25C3_MDT_Remesa_06.las"
"https://visualizador.ide.uy/descargas/datos/CN_Remesa_06/01_MDT/01_MDT_LAS_Resolucion_250cm/E25C4_MDT_Remesa_06.las","E25C4_MDT_Remesa_06.las"
"https://visualizador.ide.uy/descargas/datos/CN_Remesa_06/01_MDT/01_MDT_LAS_Resolucion_250cm/E25C5_MDT_Remesa_06.las","E25C5_MDT_Remesa_06.las"
"https://visualizador.ide.uy/descargas/datos/CN_Remesa_06/01_MDT/01_MDT_LAS_Resolucion_250cm/E25C6_MDT_Remesa_06.las","E25C6_MDT_Remesa_06.las"
"https://visualizador.ide.uy/descargas/datos/CN_Remesa_06/01_MDT/01_MDT_LAS_Resolucion_250cm/E25D1_MDT_Remesa_06.las","E25D1_MDT_Remesa_06.las"
"https://visualizador.ide.uy/descargas/datos/CN_Remesa_06/01_MDT/01_MDT_LAS_Resolucion_250cm/E25D2_MDT_Remesa_06.las","E25D2_MDT_Remesa_06.las"
"https://visualizador.ide.uy/descargas/datos/CN_Remesa_06/01_MDT/01_MDT_LAS_Resolucion_250cm/E25D3_MDT_Remesa_06.las","E25D3_MDT_Remesa_06.las"
"https://visualizador.ide.uy/descargas/datos/CN_Remesa_06/01_MDT/01_MDT_LAS_Resolucion_250cm/E25D4_MDT_Remesa_06.las","E25D4_MDT_Remesa_06.las"
"https://visualizador.ide.uy/descargas/datos/CN_Remesa_06/01_MDT/01_MDT_LAS_Resolucion_250cm/E25D5_MDT_Remesa_06.las","E25D5_MDT_Remesa_06.las"
"https://visualizador.ide.uy/descargas/datos/CN_Remesa_06/01_MDT/01_MDT_LAS_Resolucion_250cm/E25D6_MDT_Remesa_06.las","E25D6_MDT_Remesa_06.las"
"https://visualizador.ide.uy/descargas/datos/CN_Remesa_06/01_MDT/01_MDT_LAS_Resolucion_250cm/E26A1_MDT_Remesa_06.las","E26A1_MDT_Remesa_06.las"
"https://visualizador.ide.uy/descargas/datos/CN_Remesa_06/01_MDT/01_MDT_LAS_Resolucion_250cm/E26A2_MDT_Remesa_06.las","E26A2_MDT_Remesa_06.las"
"https://visualizador.ide.uy/descargas/datos/CN_Remesa_06/01_MDT/01_MDT_LAS_Resolucion_250cm/E26A3_MDT_Remesa_06.las","E26A3_MDT_Remesa_06.las"
"https://visualizador.ide.uy/descargas/datos/CN_Remesa_06/01_MDT/01_MDT_LAS_Resolucion_250cm/E26A4_MDT_Remesa_06.las","E26A4_MDT_Remesa_06.las"
"https://visualizador.ide.uy/descargas/datos/CN_Remesa_06/01_MDT/01_MDT_LAS_Resolucion_250cm/E26A5_MDT_Remesa_06.las","E26A5_MDT_Remesa_06.las"
"https://visualizador.ide.uy/descargas/datos/CN_Remesa_06/01_MDT/01_MDT_LAS_Resolucion_250cm/E26A6_MDT_Remesa_06.las","E26A6_MDT_Remesa_06.las"
"https://visualizador.ide.uy/descargas/datos/CN_Remesa_06/01_MDT/01_MDT_LAS_Resolucion_250cm/E26B1_MDT_Remesa_06.las","E26B1_MDT_Remesa_06.las"
"https://visualizador.ide.uy/descargas/datos/CN_Remesa_06/01_MDT/01_MDT_LAS_Resolucion_250cm/E26B2_MDT_Remesa_06.las","E26B2_MDT_Remesa_06.las"
"https://visualizador.ide.uy/descargas/datos/CN_Remesa_06/01_MDT/01_MDT_LAS_Resolucion_250cm/E26B3_MDT_Remesa_06.las","E26B3_MDT_Remesa_06.las"
"https://visualizador.ide.uy/descargas/datos/CN_Remesa_06/01_MDT/01_MDT_LAS_Resolucion_250cm/E26B4_MDT_Remesa_06.las","E26B4_MDT_Remesa_06.las"
"https://visualizador.ide.uy/descargas/datos/CN_Remesa_06/01_MDT/01_MDT_LAS_Resolucion_250cm/E26B5_MDT_Remesa_06.las","E26B5_MDT_Remesa_06.las"
"https://visualizador.ide.uy/descargas/datos/CN_Remesa_06/01_MDT/01_MDT_LAS_Resolucion_250cm/E26B6_MDT_Remesa_06.las","E26B6_MDT_Remesa_06.las"
"https://visualizador.ide.uy/descargas/datos/CN_Remesa_06/01_MDT/01_MDT_LAS_Resolucion_250cm/E26C1_MDT_Remesa_06.las","E26C1_MDT_Remesa_06.las"
"https://visualizador.ide.uy/descargas/datos/CN_Remesa_06/01_MDT/01_MDT_LAS_Resolucion_250cm/E26C2_MDT_Remesa_06.las","E26C2_MDT_Remesa_06.las"
"https://visualizador.ide.uy/descargas/datos/CN_Remesa_06/01_MDT/01_MDT_LAS_Resolucion_250cm/E26C3_MDT_Remesa_06.las","E26C3_MDT_Remesa_06.las"
"https://visualizador.ide.uy/descargas/datos/CN_Remesa_06/01_MDT/01_MDT_LAS_Resolucion_250cm/E26C4_MDT_Remesa_06.las","E26C4_MDT_Remesa_06.las"
"https://visualizador.ide.uy/descargas/datos/CN_Remesa_06/01_MDT/01_MDT_LAS_Resolucion_250cm/E26C5_MDT_Remesa_06.las","E26C5_MDT_Remesa_06.las"
"https://visualizador.ide.uy/descargas/datos/CN_Remesa_06/01_MDT/01_MDT_LAS_Resolucion_250cm/E26C6_MDT_Remesa_06.las","E26C6_MDT_Remesa_06.las"
"https://visualizador.ide.uy/descargas/datos/CN_Remesa_06/01_MDT/01_MDT_LAS_Resolucion_250cm/E26D1_MDT_Remesa_06.las","E26D1_MDT_Remesa_06.las"
"https://visualizador.ide.uy/descargas/datos/CN_Remesa_06/01_MDT/01_MDT_LAS_Resolucion_250cm/E26D2_MDT_Remesa_06.las","E26D2_MDT_Remesa_06.las"
"https://visualizador.ide.uy/descargas/datos/CN_Remesa_06/01_MDT/01_MDT_LAS_Resolucion_250cm/E26D3_MDT_Remesa_06.las","E26D3_MDT_Remesa_06.las"
"https://visualizador.ide.uy/descargas/datos/CN_Remesa_06/01_MDT/01_MDT_LAS_Resolucion_250cm/E26D4_MDT_Remesa_06.las","E26D4_MDT_Remesa_06.las"
"https://visualizador.ide.uy/descargas/datos/CN_Remesa_06/01_MDT/01_MDT_LAS_Resolucion_250cm/E26D5_MDT_Remesa_06.las","E26D5_MDT_Remesa_06.las"
"https://visualizador.ide.uy/descargas/datos/CN_Remesa_06/01_MDT/01_MDT_LAS_Resolucion_250cm/E26D6_MDT_Remesa_06.las","E26D6_MDT_Remesa_06.las"
"https://visualizador.ide.uy/descargas/datos/CN_Remesa_06/01_MDT/01_MDT_LAS_Resolucion_250cm/E27A1_MDT_Remesa_06.las","E27A1_MDT_Remesa_06.las"
"https://visualizador.ide.uy/descargas/datos/CN_Remesa_06/01_MDT/01_MDT_LAS_Resolucion_250cm/E27A2_MDT_Remesa_06.las","E27A2_MDT_Remesa_06.las"
"https://visualizador.ide.uy/descargas/datos/CN_Remesa_06/01_MDT/01_MDT_LAS_Resolucion_250cm/E27A3_MDT_Remesa_06.las","E27A3_MDT_Remesa_06.las"
"https://visualizador.ide.uy/descargas/datos/CN_Remesa_06/01_MDT/01_MDT_LAS_Resolucion_250cm/E27A4_MDT_Remesa_06.las","E27A4_MDT_Remesa_06.las"
"https://visualizador.ide.uy/descargas/datos/CN_Remesa_06/01_MDT/01_MDT_LAS_Resolucion_250cm/E27A5_MDT_Remesa_06.las","E27A5_MDT_Remesa_06.las"
"https://visualizador.ide.uy/descargas/datos/CN_Remesa_06/01_MDT/01_MDT_LAS_Resolucion_250cm/E27A6_MDT_Remesa_06.las","E27A6_MDT_Remesa_06.las"
"https://visualizador.ide.uy/descargas/datos/CN_Remesa_06/01_MDT/01_MDT_LAS_Resolucion_250cm/E27B1_MDT_Remesa_06.las","E27B1_MDT_Remesa_06.las"
"https://visualizador.ide.uy/descargas/datos/CN_Remesa_06/01_MDT/01_MDT_LAS_Resolucion_250cm/E27B2_MDT_Remesa_06.las","E27B2_MDT_Remesa_06.las"
"https://visualizador.ide.uy/descargas/datos/CN_Remesa_06/01_MDT/01_MDT_LAS_Resolucion_250cm/E27B3_MDT_Remesa_06.las","E27B3_MDT_Remesa_06.las"
"https://visualizador.ide.uy/descargas/datos/CN_Remesa_06/01_MDT/01_MDT_LAS_Resolucion_250cm/E27B4_MDT_Remesa_06.las","E27B4_MDT_Remesa_06.las"
"https://visualizador.ide.uy/descargas/datos/CN_Remesa_06/01_MDT/01_MDT_LAS_Resolucion_250cm/E27B5_MDT_Remesa_06.las","E27B5_MDT_Remesa_06.las"
"https://visualizador.ide.uy/descargas/datos/CN_Remesa_06/01_MDT/01_MDT_LAS_Resolucion_250cm/E27B6_MDT_Remesa_06.las","E27B6_MDT_Remesa_06.las"
"https://visualizador.ide.uy/descargas/datos/CN_Remesa_06/01_MDT/01_MDT_LAS_Resolucion_250cm/E27C1_MDT_Remesa_06.las","E27C1_MDT_Remesa_06.las"
"https://visualizador.ide.uy/descargas/datos/CN_Remesa_06/01_MDT/01_MDT_LAS_Resolucion_250cm/E27C2_MDT_Remesa_06.las","E27C2_MDT_Remesa_06.las"
"https://visualizador.ide.uy/descargas/datos/CN_Remesa_06/01_MDT/01_MDT_LAS_Resolucion_250cm/E27C3_MDT_Remesa_06.las","E27C3_MDT_Remesa_06.las"
"https://visualizador.ide.uy/descargas/datos/CN_Remesa_06/01_MDT/01_MDT_LAS_Resolucion_250cm/E27C4_MDT_Remesa_06.las","E27C4_MDT_Remesa_06.las"
"https://visualizador.ide.uy/descargas/datos/CN_Remesa_06/01_MDT/01_MDT_LAS_Resolucion_250cm/E27C5_MDT_Remesa_06.las","E27C5_MDT_Remesa_06.las"
"https://visualizador.ide.uy/descargas/datos/CN_Remesa_06/01_MDT/01_MDT_LAS_Resolucion_250cm/E27C6_MDT_Remesa_06.las","E27C6_MDT_Remesa_06.las"
"https://visualizador.ide.uy/descargas/datos/CN_Remesa_06/01_MDT/01_MDT_LAS_Resolucion_250cm/E27D1_MDT_Remesa_06.las","E27D1_MDT_Remesa_06.las"
"https://visualizador.ide.uy/descargas/datos/CN_Remesa_06/01_MDT/01_MDT_LAS_Resolucion_250cm/E27D2_MDT_Remesa_06.las","E27D2_MDT_Remesa_06.las"
"https://visualizador.ide.uy/descargas/datos/CN_Remesa_06/01_MDT/01_MDT_LAS_Resolucion_250cm/E27D3_MDT_Remesa_06.las","E27D3_MDT_Remesa_06.las"
"https://visualizador.ide.uy/descargas/datos/CN_Remesa_06/01_MDT/01_MDT_LAS_Resolucion_250cm/E27D4_MDT_Remesa_06.las","E27D4_MDT_Remesa_06.las"
"https://visualizador.ide.uy/descargas/datos/CN_Remesa_06/01_MDT/01_MDT_LAS_Resolucion_250cm/E27D5_MDT_Remesa_06.las","E27D5_MDT_Remesa_06.las"
"https://visualizador.ide.uy/descargas/datos/CN_Remesa_06/01_MDT/01_MDT_LAS_Resolucion_250cm/E27D6_MDT_Remesa_06.las","E27D6_MDT_Remesa_06.las"
"https://visualizador.ide.uy/descargas/datos/CN_Remesa_06/01_MDT/01_MDT_LAS_Resolucion_250cm/E28A1_MDT_Remesa_06.las","E28A1_MDT_Remesa_06.las"
"https://visualizador.ide.uy/descargas/datos/CN_Remesa_06/01_MDT/01_MDT_LAS_Resolucion_250cm/E28A2_MDT_Remesa_06.las","E28A2_MDT_Remesa_06.las"
"https://visualizador.ide.uy/descargas/datos/CN_Remesa_06/01_MDT/01_MDT_LAS_Resolucion_250cm/E28A3_MDT_Remesa_06.las","E28A3_MDT_Remesa_06.las"
"https://visualizador.ide.uy/descargas/datos/CN_Remesa_06/01_MDT/01_MDT_LAS_Resolucion_250cm/E28A4_MDT_Remesa_06.las","E28A4_MDT_Remesa_06.las"
"https://visualizador.ide.uy/descargas/datos/CN_Remesa_06/01_MDT/01_MDT_LAS_Resolucion_250cm/E28A5_MDT_Remesa_06.las","E28A5_MDT_Remesa_06.las"
"https://visualizador.ide.uy/descargas/datos/CN_Remesa_06/01_MDT/01_MDT_LAS_Resolucion_250cm/E28A6_MDT_Remesa_06.las","E28A6_MDT_Remesa_06.las"
"https://visualizador.ide.uy/descargas/datos/CN_Remesa_06/01_MDT/01_MDT_LAS_Resolucion_250cm/E28B1_MDT_Remesa_06.las","E28B1_MDT_Remesa_06.las"
"https://visualizador.ide.uy/descargas/datos/CN_Remesa_06/01_MDT/01_MDT_LAS_Resolucion_250cm/E28B2_MDT_Remesa_06.las","E28B2_MDT_Remesa_06.las"
"https://visualizador.ide.uy/descargas/datos/CN_Remesa_06/01_MDT/01_MDT_LAS_Resolucion_250cm/E28B3_MDT_Remesa_06.las","E28B3_MDT_Remesa_06.las"
"https://visualizador.ide.uy/descargas/datos/CN_Remesa_06/01_MDT/01_MDT_LAS_Resolucion_250cm/E28B4_MDT_Remesa_06.las","E28B4_MDT_Remesa_06.las"
"https://visualizador.ide.uy/descargas/datos/CN_Remesa_06/01_MDT/01_MDT_LAS_Resolucion_250cm/E28B5_MDT_Remesa_06.las","E28B5_MDT_Remesa_06.las"
"https://visualizador.ide.uy/descargas/datos/CN_Remesa_06/01_MDT/01_MDT_LAS_Resolucion_250cm/E28B6_MDT_Remesa_06.las","E28B6_MDT_Remesa_06.las"
"https://visualizador.ide.uy/descargas/datos/CN_Remesa_06/01_MDT/01_MDT_LAS_Resolucion_250cm/E28C1_MDT_Remesa_06.las","E28C1_MDT_Remesa_06.las"
"https://visualizador.ide.uy/descargas/datos/CN_Remesa_06/01_MDT/01_MDT_LAS_Resolucion_250cm/E28C2_MDT_Remesa_06.las","E28C2_MDT_Remesa_06.las"
"https://visualizador.ide.uy/descargas/datos/CN_Remesa_06/01_MDT/01_MDT_LAS_Resolucion_250cm/E28C3_MDT_Remesa_06.las","E28C3_MDT_Remesa_06.las"
"https://visualizador.ide.uy/descargas/datos/CN_Remesa_06/01_MDT/01_MDT_LAS_Resolucion_250cm/E28C4_MDT_Remesa_06.las","E28C4_MDT_Remesa_06.las"
"https://visualizador.ide.uy/descargas/datos/CN_Remesa_06/01_MDT/01_MDT_LAS_Resolucion_250cm/E28C5_MDT_Remesa_06.las","E28C5_MDT_Remesa_06.las"
"https://visualizador.ide.uy/descargas/datos/CN_Remesa_06/01_MDT/01_MDT_LAS_Resolucion_250cm/E28C6_MDT_Remesa_06.las","E28C6_MDT_Remesa_06.las"
"https://visualizador.ide.uy/descargas/datos/CN_Remesa_06/01_MDT/01_MDT_LAS_Resolucion_250cm/E28D1_MDT_Remesa_06.las","E28D1_MDT_Remesa_06.las"
"https://visualizador.ide.uy/descargas/datos/CN_Remesa_06/01_MDT/01_MDT_LAS_Resolucion_250cm/E28D2_MDT_Remesa_06.las","E28D2_MDT_Remesa_06.las"
"https://visualizador.ide.uy/descargas/datos/CN_Remesa_06/01_MDT/01_MDT_LAS_Resolucion_250cm/E28D3_MDT_Remesa_06.las","E28D3_MDT_Remesa_06.las"
"https://visualizador.ide.uy/descargas/datos/CN_Remesa_06/01_MDT/01_MDT_LAS_Resolucion_250cm/E28D4_MDT_Remesa_06.las","E28D4_MDT_Remesa_06.las"
"https://visualizador.ide.uy/descargas/datos/CN_Remesa_06/01_MDT/01_MDT_LAS_Resolucion_250cm/E28D5_MDT_Remesa_06.las","E28D5_MDT_Remesa_06.las"
"https://visualizador.ide.uy/descargas/datos/CN_Remesa_06/01_MDT/01_MDT_LAS_Resolucion_250cm/E28D6_MDT_Remesa_06.las","E28D6_MDT_Remesa_06.las"
"https://visualizador.ide.uy/descargas/datos/CN_Remesa_06/01_MDT/01_MDT_LAS_Resolucion_250cm/E29A1_MDT_Remesa_06.las","E29A1_MDT_Remesa_06.las"
"https://visualizador.ide.uy/descargas/datos/CN_Remesa_06/01_MDT/01_MDT_LAS_Resolucion_250cm/E29A2_MDT_Remesa_06.las","E29A2_MDT_Remesa_06.las"
"https://visualizador.ide.uy/descargas/datos/CN_Remesa_06/01_MDT/01_MDT_LAS_Resolucion_250cm/E29A3_MDT_Remesa_06.las","E29A3_MDT_Remesa_06.las"
"https://visualizador.ide.uy/descargas/datos/CN_Remesa_06/01_MDT/01_MDT_LAS_Resolucion_250cm/E29A4_MDT_Remesa_06.las","E29A4_MDT_Remesa_06.las"
"https://visualizador.ide.uy/descargas/datos/CN_Remesa_06/01_MDT/01_MDT_LAS_Resolucion_250cm/E29A5_MDT_Remesa_06.las","E29A5_MDT_Remesa_06.las"
"https://visualizador.ide.uy/descargas/datos/CN_Remesa_06/01_MDT/01_MDT_LAS_Resolucion_250cm/E29A6_MDT_Remesa_06.las","E29A6_MDT_Remesa_06.las"
"https://visualizador.ide.uy/descargas/datos/CN_Remesa_06/01_MDT/01_MDT_LAS_Resolucion_250cm/E29B1_MDT_Remesa_06.las","E29B1_MDT_Remesa_06.las"
"https://visualizador.ide.uy/descargas/datos/CN_Remesa_06/01_MDT/01_MDT_LAS_Resolucion_250cm/E29B2_MDT_Remesa_06.las","E29B2_MDT_Remesa_06.las"
"https://visualizador.ide.uy/descargas/datos/CN_Remesa_06/01_MDT/01_MDT_LAS_Resolucion_250cm/E29B3_MDT_Remesa_06.las","E29B3_MDT_Remesa_06.las"
"https://visualizador.ide.uy/descargas/datos/CN_Remesa_06/01_MDT/01_MDT_LAS_Resolucion_250cm/E29B4_MDT_Remesa_06.las","E29B4_MDT_Remesa_06.las"
"https://visualizador.ide.uy/descargas/datos/CN_Remesa_06/01_MDT/01_MDT_LAS_Resolucion_250cm/E29C1_MDT_Remesa_06.las","E29C1_MDT_Remesa_06.las"
"https://visualizador.ide.uy/descargas/datos/CN_Remesa_06/01_MDT/01_MDT_LAS_Resolucion_250cm/E29C2_MDT_Remesa_06.las","E29C2_MDT_Remesa_06.las"
"https://visualizador.ide.uy/descargas/datos/CN_Remesa_06/01_MDT/01_MDT_LAS_Resolucion_250cm/E29C3_MDT_Remesa_06.las","E29C3_MDT_Remesa_06.las"
"https://visualizador.ide.uy/descargas/datos/CN_Remesa_06/01_MDT/01_MDT_LAS_Resolucion_250cm/E29C4_MDT_Remesa_06.las","E29C4_MDT_Remesa_06.las"
"https://visualizador.ide.uy/descargas/datos/CN_Remesa_06/01_MDT/01_MDT_LAS_Resolucion_250cm/F23C4_MDT_Remesa_06.las","F23C4_MDT_Remesa_06.las"
"https://visualizador.ide.uy/descargas/datos/CN_Remesa_06/01_MDT/01_MDT_LAS_Resolucion_250cm/F23C5_MDT_Remesa_06.las","F23C5_MDT_Remesa_06.las"
"https://visualizador.ide.uy/descargas/datos/CN_Remesa_06/01_MDT/01_MDT_LAS_Resolucion_250cm/F23C6_MDT_Remesa_06.las","F23C6_MDT_Remesa_06.las"
"https://visualizador.ide.uy/descargas/datos/CN_Remesa_06/01_MDT/01_MDT_LAS_Resolucion_250cm/F23D4_MDT_Remesa_06.las","F23D4_MDT_Remesa_06.las"
"https://visualizador.ide.uy/descargas/datos/CN_Remesa_06/01_MDT/01_MDT_LAS_Resolucion_250cm/F23D5_MDT_Remesa_06.las","F23D5_MDT_Remesa_06.las"
"https://visualizador.ide.uy/descargas/datos/CN_Remesa_06/01_MDT/01_MDT_LAS_Resolucion_250cm/F23D6_MDT_Remesa_06.las","F23D6_MDT_Remesa_06.las"
"https://visualizador.ide.uy/descargas/datos/CN_Remesa_06/01_MDT/01_MDT_LAS_Resolucion_250cm/F24A1_MDT_Remesa_06.las","F24A1_MDT_Remesa_06.las"
"https://visualizador.ide.uy/descargas/datos/CN_Remesa_06/01_MDT/01_MDT_LAS_Resolucion_250cm/F24A2_MDT_Remesa_06.las","F24A2_MDT_Remesa_06.las"
"https://visualizador.ide.uy/descargas/datos/CN_Remesa_06/01_MDT/01_MDT_LAS_Resolucion_250cm/F24A3_MDT_Remesa_06.las","F24A3_MDT_Remesa_06.las"
"https://visualizador.ide.uy/descargas/datos/CN_Remesa_06/01_MDT/01_MDT_LAS_Resolucion_250cm/F24A4_MDT_Remesa_06.las","F24A4_MDT_Remesa_06.las"
"https://visualizador.ide.uy/descargas/datos/CN_Remesa_06/01_MDT/01_MDT_LAS_Resolucion_250cm/F24A5_MDT_Remesa_06.las","F24A5_MDT_Remesa_06.las"
"https://visualizador.ide.uy/descargas/datos/CN_Remesa_06/01_MDT/01_MDT_LAS_Resolucion_250cm/F24A6_MDT_Remesa_06.las","F24A6_MDT_Remesa_06.las"
"https://visualizador.ide.uy/descargas/datos/CN_Remesa_06/01_MDT/01_MDT_LAS_Resolucion_250cm/F24B1_MDT_Remesa_06.las","F24B1_MDT_Remesa_06.las"
"https://visualizador.ide.uy/descargas/datos/CN_Remesa_06/01_MDT/01_MDT_LAS_Resolucion_250cm/F24B2_MDT_Remesa_06.las","F24B2_MDT_Remesa_06.las"
"https://visualizador.ide.uy/descargas/datos/CN_Remesa_06/01_MDT/01_MDT_LAS_Resolucion_250cm/F24B3_MDT_Remesa_06.las","F24B3_MDT_Remesa_06.las"
"https://visualizador.ide.uy/descargas/datos/CN_Remesa_06/01_MDT/01_MDT_LAS_Resolucion_250cm/F24B4_MDT_Remesa_06.las","F24B4_MDT_Remesa_06.las"
"https://visualizador.ide.uy/descargas/datos/CN_Remesa_06/01_MDT/01_MDT_LAS_Resolucion_250cm/F24B5_MDT_Remesa_06.las","F24B5_MDT_Remesa_06.las"
"https://visualizador.ide.uy/descargas/datos/CN_Remesa_06/01_MDT/01_MDT_LAS_Resolucion_250cm/F24B6_MDT_Remesa_06.las","F24B6_MDT_Remesa_06.las"
"https://visualizador.ide.uy/descargas/datos/CN_Remesa_06/01_MDT/01_MDT_LAS_Resolucion_250cm/F24C1_MDT_Remesa_06.las","F24C1_MDT_Remesa_06.las"
"https://visualizador.ide.uy/descargas/datos/CN_Remesa_06/01_MDT/01_MDT_LAS_Resolucion_250cm/F24C2_MDT_Remesa_06.las","F24C2_MDT_Remesa_06.las"
"https://visualizador.ide.uy/descargas/datos/CN_Remesa_06/01_MDT/01_MDT_LAS_Resolucion_250cm/F24C3_MDT_Remesa_06.las","F24C3_MDT_Remesa_06.las"
"https://visualizador.ide.uy/descargas/datos/CN_Remesa_06/01_MDT/01_MDT_LAS_Resolucion_250cm/F24C4_MDT_Remesa_06.las","F24C4_MDT_Remesa_06.las"
"https://visualizador.ide.uy/descargas/datos/CN_Remesa_06/01_MDT/01_MDT_LAS_Resolucion_250cm/F24C5_MDT_Remesa_06.las","F24C5_MDT_Remesa_06.las"
"https://visualizador.ide.uy/descargas/datos/CN_Remesa_06/01_MDT/01_MDT_LAS_Resolucion_250cm/F24C6_MDT_Remesa_06.las","F24C6_MDT_Remesa_06.las"
"https://visualizador.ide.uy/descargas/datos/CN_Remesa_06/01_MDT/01_MDT_LAS_Resolucion_250cm/F24D1_MDT_Remesa_06.las","F24D1_MDT_Remesa_06.las"
"https://visualizador.ide.uy/descargas/datos/CN_Remesa_06/01_MDT/01_MDT_LAS_Resolucion_250cm/F24D2_MDT_Remesa_06.las","F24D2_MDT_Remesa_06.las"
"https://visualizador.ide.uy/descargas/datos/CN_Remesa_06/01_MDT/01_MDT_LAS_Resolucion_250cm/F24D3_MDT_Remesa_06.las","F24D3_MDT_Remesa_06.las"
"https://visualizador.ide.uy/descargas/datos/CN_Remesa_06/01_MDT/01_MDT_LAS_Resolucion_250cm/F24D4_MDT_Remesa_06.las","F24D4_MDT_Remesa_06.las"
"https://visualizador.ide.uy/descargas/datos/CN_Remesa_06/01_MDT/01_MDT_LAS_Resolucion_250cm/F24D5_MDT_Remesa_06.las","F24D5_MDT_Remesa_06.las"
"https://visualizador.ide.uy/descargas/datos/CN_Remesa_06/01_MDT/01_MDT_LAS_Resolucion_250cm/F24D6_MDT_Remesa_06.las","F24D6_MDT_Remesa_06.las"
"https://visualizador.ide.uy/descargas/datos/CN_Remesa_06/01_MDT/01_MDT_LAS_Resolucion_250cm/F25A1_MDT_Remesa_06.las","F25A1_MDT_Remesa_06.las"
"https://visualizador.ide.uy/descargas/datos/CN_Remesa_06/01_MDT/01_MDT_LAS_Resolucion_250cm/F25A2_MDT_Remesa_06.las","F25A2_MDT_Remesa_06.las"
"https://visualizador.ide.uy/descargas/datos/CN_Remesa_06/01_MDT/01_MDT_LAS_Resolucion_250cm/F25A3_MDT_Remesa_06.las","F25A3_MDT_Remesa_06.las"
"https://visualizador.ide.uy/descargas/datos/CN_Remesa_06/01_MDT/01_MDT_LAS_Resolucion_250cm/F25A4_MDT_Remesa_06.las","F25A4_MDT_Remesa_06.las"
"https://visualizador.ide.uy/descargas/datos/CN_Remesa_06/01_MDT/01_MDT_LAS_Resolucion_250cm/F25A5_MDT_Remesa_06.las","F25A5_MDT_Remesa_06.las"
"https://visualizador.ide.uy/descargas/datos/CN_Remesa_06/01_MDT/01_MDT_LAS_Resolucion_250cm/F25A6_MDT_Remesa_06.las","F25A6_MDT_Remesa_06.las"
"https://visualizador.ide.uy/descargas/datos/CN_Remesa_06/01_MDT/01_MDT_LAS_Resolucion_250cm/F25B1_MDT_Remesa_06.las","F25B1_MDT_Remesa_06.las"
"https://visualizador.ide.uy/descargas/datos/CN_Remesa_06/01_MDT/01_MDT_LAS_Resolucion_250cm/F25B2_MDT_Remesa_06.las","F25B2_MDT_Remesa_06.las"
"https://visualizador.ide.uy/descargas/datos/CN_Remesa_06/01_MDT/01_MDT_LAS_Resolucion_250cm/F25B3_MDT_Remesa_06.las","F25B3_MDT_Remesa_06.las"
"https://visualizador.ide.uy/descargas/datos/CN_Remesa_06/01_MDT/01_MDT_LAS_Resolucion_250cm/F25B4_MDT_Remesa_06.las","F25B4_MDT_Remesa_06.las"
"https://visualizador.ide.uy/descargas/datos/CN_Remesa_06/01_MDT/01_MDT_LAS_Resolucion_250cm/F25B5_MDT_Remesa_06.las","F25B5_MDT_Remesa_06.las"
"https://visualizador.ide.uy/descargas/datos/CN_Remesa_06/01_MDT/01_MDT_LAS_Resolucion_250cm/F25B6_MDT_Remesa_06.las","F25B6_MDT_Remesa_06.las"
"https://visualizador.ide.uy/descargas/datos/CN_Remesa_06/01_MDT/01_MDT_LAS_Resolucion_250cm/F25C1_MDT_Remesa_06.las","F25C1_MDT_Remesa_06.las"
"https://visualizador.ide.uy/descargas/datos/CN_Remesa_06/01_MDT/01_MDT_LAS_Resolucion_250cm/F25C2_MDT_Remesa_06.las","F25C2_MDT_Remesa_06.las"
"https://visualizador.ide.uy/descargas/datos/CN_Remesa_06/01_MDT/01_MDT_LAS_Resolucion_250cm/F25C3_MDT_Remesa_06.las","F25C3_MDT_Remesa_06.las"
"https://visualizador.ide.uy/descargas/datos/CN_Remesa_06/01_MDT/01_MDT_LAS_Resolucion_250cm/F25C4_MDT_Remesa_06.las","F25C4_MDT_Remesa_06.las"
"https://visualizador.ide.uy/descargas/datos/CN_Remesa_06/01_MDT/01_MDT_LAS_Resolucion_250cm/F25C5_MDT_Remesa_06.las","F25C5_MDT_Remesa_06.las"
"https://visualizador.ide.uy/descargas/datos/CN_Remesa_06/01_MDT/01_MDT_LAS_Resolucion_250cm/F25C6_MDT_Remesa_06.las","F25C6_MDT_Remesa_06.las"
"https://visualizador.ide.uy/descargas/datos/CN_Remesa_06/01_MDT/01_MDT_LAS_Resolucion_250cm/F25D1_MDT_Remesa_06.las","F25D1_MDT_Remesa_06.las"
"https://visualizador.ide.uy/descargas/datos/CN_Remesa_06/01_MDT/01_MDT_LAS_Resolucion_250cm/F25D2_MDT_Remesa_06.las","F25D2_MDT_Remesa_06.las"
"https://visualizador.ide.uy/descargas/datos/CN_Remesa_06/01_MDT/01_MDT_LAS_Resolucion_250cm/F25D3_MDT_Remesa_06.las","F25D3_MDT_Remesa_06.las"
"https://visualizador.ide.uy/descargas/datos/CN_Remesa_06/01_MDT/01_MDT_LAS_Resolucion_250cm/F25D4_MDT_Remesa_06.las","F25D4_MDT_Remesa_06.las"
"https://visualizador.ide.uy/descargas/datos/CN_Remesa_06/01_MDT/01_MDT_LAS_Resolucion_250cm/F25D5_MDT_Remesa_06.las","F25D5_MDT_Remesa_06.las"
"https://visualizador.ide.uy/descargas/datos/CN_Remesa_06/01_MDT/01_MDT_LAS_Resolucion_250cm/F25D6_MDT_Remesa_06.las","F25D6_MDT_Remesa_06.las"
"https://visualizador.ide.uy/descargas/datos/CN_Remesa_06/01_MDT/01_MDT_LAS_Resolucion_250cm/F26A1_MDT_Remesa_06.las","F26A1_MDT_Remesa_06.las"
"https://visualizador.ide.uy/descargas/datos/CN_Remesa_06/01_MDT/01_MDT_LAS_Resolucion_250cm/F26A2_MDT_Remesa_06.las","F26A2_MDT_Remesa_06.las"
"https://visualizador.ide.uy/descargas/datos/CN_Remesa_06/01_MDT/01_MDT_LAS_Resolucion_250cm/F26A3_MDT_Remesa_06.las","F26A3_MDT_Remesa_06.las"
"https://visualizador.ide.uy/descargas/datos/CN_Remesa_06/01_MDT/01_MDT_LAS_Resolucion_250cm/F26A4_MDT_Remesa_06.las","F26A4_MDT_Remesa_06.las"
"https://visualizador.ide.uy/descargas/datos/CN_Remesa_06/01_MDT/01_MDT_LAS_Resolucion_250cm/F26A5_MDT_Remesa_06.las","F26A5_MDT_Remesa_06.las"
"https://visualizador.ide.uy/descargas/datos/CN_Remesa_06/01_MDT/01_MDT_LAS_Resolucion_250cm/F26A6_MDT_Remesa_06.las","F26A6_MDT_Remesa_06.las"
"https://visualizador.ide.uy/descargas/datos/CN_Remesa_06/01_MDT/01_MDT_LAS_Resolucion_250cm/F26B1_MDT_Remesa_06.las","F26B1_MDT_Remesa_06.las"
"https://visualizador.ide.uy/descargas/datos/CN_Remesa_06/01_MDT/01_MDT_LAS_Resolucion_250cm/F26B2_MDT_Remesa_06.las","F26B2_MDT_Remesa_06.las"
"https://visualizador.ide.uy/descargas/datos/CN_Remesa_06/01_MDT/01_MDT_LAS_Resolucion_250cm/F26B3_MDT_Remesa_06.las","F26B3_MDT_Remesa_06.las"
"https://visualizador.ide.uy/descargas/datos/CN_Remesa_06/01_MDT/01_MDT_LAS_Resolucion_250cm/F26B4_MDT_Remesa_06.las","F26B4_MDT_Remesa_06.las"
"https://visualizador.ide.uy/descargas/datos/CN_Remesa_06/01_MDT/01_MDT_LAS_Resolucion_250cm/F26B5_MDT_Remesa_06.las","F26B5_MDT_Remesa_06.las"
"https://visualizador.ide.uy/descargas/datos/CN_Remesa_06/01_MDT/01_MDT_LAS_Resolucion_250cm/F26B6_MDT_Remesa_06.las","F26B6_MDT_Remesa_06.las"
"https://visualizador.ide.uy/descargas/datos/CN_Remesa_06/01_MDT/01_MDT_LAS_Resolucion_250cm/F26C1_MDT_Remesa_06.las","F26C1_MDT_Remesa_06.las"
"https://visualizador.ide.uy/descargas/datos/CN_Remesa_06/01_MDT/01_MDT_LAS_Resolucion_250cm/F26C2_MDT_Remesa_06.las","F26C2_MDT_Remesa_06.las"
"https://visualizador.ide.uy/descargas/datos/CN_Remesa_06/01_MDT/01_MDT_LAS_Resolucion_250cm/F26C3_MDT_Remesa_06.las","F26C3_MDT_Remesa_06.las"
"https://visualizador.ide.uy/descargas/datos/CN_Remesa_06/01_MDT/01_MDT_LAS_Resolucion_250cm/F26C4_MDT_Remesa_06.las","F26C4_MDT_Remesa_06.las"
"https://visualizador.ide.uy/descargas/datos/CN_Remesa_06/01_MDT/01_MDT_LAS_Resolucion_250cm/F26C5_MDT_Remesa_06.las","F26C5_MDT_Remesa_06.las"
"https://visualizador.ide.uy/descargas/datos/CN_Remesa_06/01_MDT/01_MDT_LAS_Resolucion_250cm/F26C6_MDT_Remesa_06.las","F26C6_MDT_Remesa_06.las"
"https://visualizador.ide.uy/descargas/datos/CN_Remesa_06/01_MDT/01_MDT_LAS_Resolucion_250cm/F26D1_MDT_Remesa_06.las","F26D1_MDT_Remesa_06.las"
"https://visualizador.ide.uy/descargas/datos/CN_Remesa_06/01_MDT/01_MDT_LAS_Resolucion_250cm/F26D2_MDT_Remesa_06.las","F26D2_MDT_Remesa_06.las"
"https://visualizador.ide.uy/descargas/datos/CN_Remesa_06/01_MDT/01_MDT_LAS_Resolucion_250cm/F26D3_MDT_Remesa_06.las","F26D3_MDT_Remesa_06.las"
"https://visualizador.ide.uy/descargas/datos/CN_Remesa_06/01_MDT/01_MDT_LAS_Resolucion_250cm/F26D4_MDT_Remesa_06.las","F26D4_MDT_Remesa_06.las"
"https://visualizador.ide.uy/descargas/datos/CN_Remesa_06/01_MDT/01_MDT_LAS_Resolucion_250cm/F26D5_MDT_Remesa_06.las","F26D5_MDT_Remesa_06.las"
"https://visualizador.ide.uy/descargas/datos/CN_Remesa_06/01_MDT/01_MDT_LAS_Resolucion_250cm/F26D6_MDT_Remesa_06.las","F26D6_MDT_Remesa_06.las"
"https://visualizador.ide.uy/descargas/datos/CN_Remesa_06/01_MDT/01_MDT_LAS_Resolucion_250cm/F27A1_MDT_Remesa_06.las","F27A1_MDT_Remesa_06.las"
"https://visualizador.ide.uy/descargas/datos/CN_Remesa_06/01_MDT/01_MDT_LAS_Resolucion_250cm/F27A2_MDT_Remesa_06.las","F27A2_MDT_Remesa_06.las"
"https://visualizador.ide.uy/descargas/datos/CN_Remesa_06/01_MDT/01_MDT_LAS_Resolucion_250cm/F27A3_MDT_Remesa_06.las","F27A3_MDT_Remesa_06.las"
"https://visualizador.ide.uy/descargas/datos/CN_Remesa_06/01_MDT/01_MDT_LAS_Resolucion_250cm/F27A4_MDT_Remesa_06.las","F27A4_MDT_Remesa_06.las"
"https://visualizador.ide.uy/descargas/datos/CN_Remesa_06/01_MDT/01_MDT_LAS_Resolucion_250cm/F27A5_MDT_Remesa_06.las","F27A5_MDT_Remesa_06.las"
"https://visualizador.ide.uy/descargas/datos/CN_Remesa_06/01_MDT/01_MDT_LAS_Resolucion_250cm/F27A6_MDT_Remesa_06.las","F27A6_MDT_Remesa_06.las"
"https://visualizador.ide.uy/descargas/datos/CN_Remesa_06/01_MDT/01_MDT_LAS_Resolucion_250cm/F27B1_MDT_Remesa_06.las","F27B1_MDT_Remesa_06.las"
"https://visualizador.ide.uy/descargas/datos/CN_Remesa_06/01_MDT/01_MDT_LAS_Resolucion_250cm/F27B2_MDT_Remesa_06.las","F27B2_MDT_Remesa_06.las"
"https://visualizador.ide.uy/descargas/datos/CN_Remesa_06/01_MDT/01_MDT_LAS_Resolucion_250cm/F27B3_MDT_Remesa_06.las","F27B3_MDT_Remesa_06.las"
"https://visualizador.ide.uy/descargas/datos/CN_Remesa_06/01_MDT/01_MDT_LAS_Resolucion_250cm/F27B4_MDT_Remesa_06.las","F27B4_MDT_Remesa_06.las"
"https://visualizador.ide.uy/descargas/datos/CN_Remesa_06/01_MDT/01_MDT_LAS_Resolucion_250cm/F27B5_MDT_Remesa_06.las","F27B5_MDT_Remesa_06.las"
"https://visualizador.ide.uy/descargas/datos/CN_Remesa_06/01_MDT/01_MDT_LAS_Resolucion_250cm/F27B6_MDT_Remesa_06.las","F27B6_MDT_Remesa_06.las"
"https://visualizador.ide.uy/descargas/datos/CN_Remesa_06/01_MDT/01_MDT_LAS_Resolucion_250cm/F27C1_MDT_Remesa_06.las","F27C1_MDT_Remesa_06.las"
"https://visualizador.ide.uy/descargas/datos/CN_Remesa_06/01_MDT/01_MDT_LAS_Resolucion_250cm/F27C2_MDT_Remesa_06.las","F27C2_MDT_Remesa_06.las"
"https://visualizador.ide.uy/descargas/datos/CN_Remesa_06/01_MDT/01_MDT_LAS_Resolucion_250cm/F27C3_MDT_Remesa_06.las","F27C3_MDT_Remesa_06.las"
"https://visualizador.ide.uy/descargas/datos/CN_Remesa_06/01_MDT/01_MDT_LAS_Resolucion_250cm/F27C4_MDT_Remesa_06.las","F27C4_MDT_Remesa_06.las"
"https://visualizador.ide.uy/descargas/datos/CN_Remesa_06/01_MDT/01_MDT_LAS_Resolucion_250cm/F27C5_MDT_Remesa_06.las","F27C5_MDT_Remesa_06.las"
"https://visualizador.ide.uy/descargas/datos/CN_Remesa_06/01_MDT/01_MDT_LAS_Resolucion_250cm/F27C6_MDT_Remesa_06.las","F27C6_MDT_Remesa_06.las"
"https://visualizador.ide.uy/descargas/datos/CN_Remesa_06/01_MDT/01_MDT_LAS_Resolucion_250cm/F27D1_MDT_Remesa_06.las","F27D1_MDT_Remesa_06.las"
"https://visualizador.ide.uy/descargas/datos/CN_Remesa_06/01_MDT/01_MDT_LAS_Resolucion_250cm/F27D2_MDT_Remesa_06.las","F27D2_MDT_Remesa_06.las"
"https://visualizador.ide.uy/descargas/datos/CN_Remesa_06/01_MDT/01_MDT_LAS_Resolucion_250cm/F27D3_MDT_Remesa_06.las","F27D3_MDT_Remesa_06.las"
"https://visualizador.ide.uy/descargas/datos/CN_Remesa_06/01_MDT/01_MDT_LAS_Resolucion_250cm/F27D4_MDT_Remesa_06.las","F27D4_MDT_Remesa_06.las"
"https://visualizador.ide.uy/descargas/datos/CN_Remesa_06/01_MDT/01_MDT_LAS_Resolucion_250cm/F27D5_MDT_Remesa_06.las","F27D5_MDT_Remesa_06.las"
"https://visualizador.ide.uy/descargas/datos/CN_Remesa_06/01_MDT/01_MDT_LAS_Resolucion_250cm/F27D6_MDT_Remesa_06.las","F27D6_MDT_Remesa_06.las"
"https://visualizador.ide.uy/descargas/datos/CN_Remesa_06/01_MDT/01_MDT_LAS_Resolucion_250cm/F28A1_MDT_Remesa_06.las","F28A1_MDT_Remesa_06.las"
"https://visualizador.ide.uy/descargas/datos/CN_Remesa_06/01_MDT/01_MDT_LAS_Resolucion_250cm/F28A2_MDT_Remesa_06.las","F28A2_MDT_Remesa_06.las"
"https://visualizador.ide.uy/descargas/datos/CN_Remesa_06/01_MDT/01_MDT_LAS_Resolucion_250cm/F28A3_MDT_Remesa_06.las","F28A3_MDT_Remesa_06.las"
"https://visualizador.ide.uy/descargas/datos/CN_Remesa_06/01_MDT/01_MDT_LAS_Resolucion_250cm/F28A4_MDT_Remesa_06.las","F28A4_MDT_Remesa_06.las"
"https://visualizador.ide.uy/descargas/datos/CN_Remesa_06/01_MDT/01_MDT_LAS_Resolucion_250cm/F28A5_MDT_Remesa_06.las","F28A5_MDT_Remesa_06.las"
"https://visualizador.ide.uy/descargas/datos/CN_Remesa_06/01_MDT/01_MDT_LAS_Resolucion_250cm/F28A6_MDT_Remesa_06.las","F28A6_MDT_Remesa_06.las"
"https://visualizador.ide.uy/descargas/datos/CN_Remesa_06/01_MDT/01_MDT_LAS_Resolucion_250cm/F28B1_MDT_Remesa_06.las","F28B1_MDT_Remesa_06.las"
"https://visualizador.ide.uy/descargas/datos/CN_Remesa_06/01_MDT/01_MDT_LAS_Resolucion_250cm/F28B2_MDT_Remesa_06.las","F28B2_MDT_Remesa_06.las"
"https://visualizador.ide.uy/descargas/datos/CN_Remesa_06/01_MDT/01_MDT_LAS_Resolucion_250cm/F28B3_MDT_Remesa_06.las","F28B3_MDT_Remesa_06.las"
"https://visualizador.ide.uy/descargas/datos/CN_Remesa_06/01_MDT/01_MDT_LAS_Resolucion_250cm/F28B4_MDT_Remesa_06.las","F28B4_MDT_Remesa_06.las"
"https://visualizador.ide.uy/descargas/datos/CN_Remesa_06/01_MDT/01_MDT_LAS_Resolucion_250cm/F28B5_MDT_Remesa_06.las","F28B5_MDT_Remesa_06.las"
"https://visualizador.ide.uy/descargas/datos/CN_Remesa_06/01_MDT/01_MDT_LAS_Resolucion_250cm/F28B6_MDT_Remesa_06.las","F28B6_MDT_Remesa_06.las"
"https://visualizador.ide.uy/descargas/datos/CN_Remesa_06/01_MDT/01_MDT_LAS_Resolucion_250cm/F28C1_MDT_Remesa_06.las","F28C1_MDT_Remesa_06.las"
"https://visualizador.ide.uy/descargas/datos/CN_Remesa_06/01_MDT/01_MDT_LAS_Resolucion_250cm/F28C2_MDT_Remesa_06.las","F28C2_MDT_Remesa_06.las"
"https://visualizador.ide.uy/descargas/datos/CN_Remesa_06/01_MDT/01_MDT_LAS_Resolucion_250cm/F28C3_MDT_Remesa_06.las","F28C3_MDT_Remesa_06.las"
"https://visualizador.ide.uy/descargas/datos/CN_Remesa_06/01_MDT/01_MDT_LAS_Resolucion_250cm/F28C4_MDT_Remesa_06.las","F28C4_MDT_Remesa_06.las"
"https://visualizador.ide.uy/descargas/datos/CN_Remesa_06/01_MDT/01_MDT_LAS_Resolucion_250cm/F28C5_MDT_Remesa_06.las","F28C5_MDT_Remesa_06.las"
"https://visualizador.ide.uy/descargas/datos/CN_Remesa_06/01_MDT/01_MDT_LAS_Resolucion_250cm/F28C6_MDT_Remesa_06.las","F28C6_MDT_Remesa_06.las"
"https://visualizador.ide.uy/descargas/datos/CN_Remesa_06/01_MDT/01_MDT_LAS_Resolucion_250cm/F28D1_MDT_Remesa_06.las","F28D1_MDT_Remesa_06.las"
"https://visualizador.ide.uy/descargas/datos/CN_Remesa_06/01_MDT/01_MDT_LAS_Resolucion_250cm/F28D2_MDT_Remesa_06.las","F28D2_MDT_Remesa_06.las"
"https://visualizador.ide.uy/descargas/datos/CN_Remesa_06/01_MDT/01_MDT_LAS_Resolucion_250cm/F28D3_MDT_Remesa_06.las","F28D3_MDT_Remesa_06.las"
"https://visualizador.ide.uy/descargas/datos/CN_Remesa_06/01_MDT/01_MDT_LAS_Resolucion_250cm/F28D4_MDT_Remesa_06.las","F28D4_MDT_Remesa_06.las"
"https://visualizador.ide.uy/descargas/datos/CN_Remesa_06/01_MDT/01_MDT_LAS_Resolucion_250cm/F28D5_MDT_Remesa_06.las","F28D5_MDT_Remesa_06.las"
"https://visualizador.ide.uy/descargas/datos/CN_Remesa_06/01_MDT/01_MDT_LAS_Resolucion_250cm/F28D6_MDT_Remesa_06.las","F28D6_MDT_Remesa_06.las"
"https://visualizador.ide.uy/descargas/datos/CN_Remesa_06/01_MDT/01_MDT_LAS_Resolucion_250cm/F29A1_MDT_Remesa_06.las","F29A1_MDT_Remesa_06.las"
"https://visualizador.ide.uy/descargas/datos/CN_Remesa_06/01_MDT/01_MDT_LAS_Resolucion_250cm/F29A2_MDT_Remesa_06.las","F29A2_MDT_Remesa_06.las"
"https://visualizador.ide.uy/descargas/datos/CN_Remesa_06/01_MDT/01_MDT_LAS_Resolucion_250cm/F29A3_MDT_Remesa_06.las","F29A3_MDT_Remesa_06.las"
"https://visualizador.ide.uy/descargas/datos/CN_Remesa_06/01_MDT/01_MDT_LAS_Resolucion_250cm/F29A4_MDT_Remesa_06.las","F29A4_MDT_Remesa_06.las"
"https://visualizador.ide.uy/descargas/datos/CN_Remesa_06/01_MDT/01_MDT_LAS_Resolucion_250cm/F29A5_MDT_Remesa_06.las","F29A5_MDT_Remesa_06.las"
"https://visualizador.ide.uy/descargas/datos/CN_Remesa_06/01_MDT/01_MDT_LAS_Resolucion_250cm/F29A6_MDT_Remesa_06.las","F29A6_MDT_Remesa_06.las"
"https://visualizador.ide.uy/descargas/datos/CN_Remesa_06/01_MDT/01_MDT_LAS_Resolucion_250cm/F29B1_MDT_Remesa_06.las","F29B1_MDT_Remesa_06.las"
"https://visualizador.ide.uy/descargas/datos/CN_Remesa_06/01_MDT/01_MDT_LAS_Resolucion_250cm/F29B2_MDT_Remesa_06.las","F29B2_MDT_Remesa_06.las"
"https://visualizador.ide.uy/descargas/datos/CN_Remesa_06/01_MDT/01_MDT_LAS_Resolucion_250cm/F29B3_MDT_Remesa_06.las","F29B3_MDT_Remesa_06.las"
"https://visualizador.ide.uy/descargas/datos/CN_Remesa_06/01_MDT/01_MDT_LAS_Resolucion_250cm/F29B4_MDT_Remesa_06.las","F29B4_MDT_Remesa_06.las"
"https://visualizador.ide.uy/descargas/datos/CN_Remesa_06/01_MDT/01_MDT_LAS_Resolucion_250cm/F29B5_MDT_Remesa_06.las","F29B5_MDT_Remesa_06.las"
"https://visualizador.ide.uy/descargas/datos/CN_Remesa_06/01_MDT/01_MDT_LAS_Resolucion_250cm/F29B6_MDT_Remesa_06.las","F29B6_MDT_Remesa_06.las"
"https://visualizador.ide.uy/descargas/datos/CN_Remesa_06/01_MDT/01_MDT_LAS_Resolucion_250cm/F29C1_MDT_Remesa_06.las","F29C1_MDT_Remesa_06.las"
"https://visualizador.ide.uy/descargas/datos/CN_Remesa_06/01_MDT/01_MDT_LAS_Resolucion_250cm/F29C2_MDT_Remesa_06.las","F29C2_MDT_Remesa_06.las"
"https://visualizador.ide.uy/descargas/datos/CN_Remesa_06/01_MDT/01_MDT_LAS_Resolucion_250cm/F29C3_MDT_Remesa_06.las","F29C3_MDT_Remesa_06.las"
"https://visualizador.ide.uy/descargas/datos/CN_Remesa_06/01_MDT/01_MDT_LAS_Resolucion_250cm/F29C4_MDT_Remesa_06.las","F29C4_MDT_Remesa_06.las"
"https://visualizador.ide.uy/descargas/datos/CN_Remesa_06/01_MDT/01_MDT_LAS_Resolucion_250cm/F29C5_MDT_Remesa_06.las","F29C5_MDT_Remesa_06.las"
"https://visualizador.ide.uy/descargas/datos/CN_Remesa_06/01_MDT/01_MDT_LAS_Resolucion_250cm/F29C6_MDT_Remesa_06.las","F29C6_MDT_Remesa_06.las"
"https://visualizador.ide.uy/descargas/datos/CN_Remesa_06/01_MDT/01_MDT_LAS_Resolucion_250cm/F29D1_MDT_Remesa_06.las","F29D1_MDT_Remesa_06.las"
"https://visualizador.ide.uy/descargas/datos/CN_Remesa_06/01_MDT/01_MDT_LAS_Resolucion_250cm/F29D2_MDT_Remesa_06.las","F29D2_MDT_Remesa_06.las"
"https://visualizador.ide.uy/descargas/datos/CN_Remesa_06/01_MDT/01_MDT_LAS_Resolucion_250cm/F29D3_MDT_Remesa_06.las","F29D3_MDT_Remesa_06.las"
"https://visualizador.ide.uy/descargas/datos/CN_Remesa_06/01_MDT/01_MDT_LAS_Resolucion_250cm/F29D4_MDT_Remesa_06.las","F29D4_MDT_Remesa_06.las"
"https://visualizador.ide.uy/descargas/datos/CN_Remesa_06/01_MDT/01_MDT_LAS_Resolucion_250cm/F29D5_MDT_Remesa_06.las","F29D5_MDT_Remesa_06.las"
"https://visualizador.ide.uy/descargas/datos/CN_Remesa_06/01_MDT/01_MDT_LAS_Resolucion_250cm/F29D6_MDT_Remesa_06.las","F29D6_MDT_Remesa_06.las"
"https://visualizador.ide.uy/descargas/datos/CN_Remesa_06/01_MDT/01_MDT_LAS_Resolucion_250cm/F30A1_MDT_Remesa_06.las","F30A1_MDT_Remesa_06.las"
"https://visualizador.ide.uy/descargas/datos/CN_Remesa_06/01_MDT/01_MDT_LAS_Resolucion_250cm/F30A2_MDT_Remesa_06.las","F30A2_MDT_Remesa_06.las"
"https://visualizador.ide.uy/descargas/datos/CN_Remesa_06/01_MDT/01_MDT_LAS_Resolucion_250cm/F30A3_MDT_Remesa_06.las","F30A3_MDT_Remesa_06.las"
"https://visualizador.ide.uy/descargas/datos/CN_Remesa_06/01_MDT/01_MDT_LAS_Resolucion_250cm/F30A5_MDT_Remesa_06.las","F30A5_MDT_Remesa_06.las"
"https://visualizador.ide.uy/descargas/datos/CN_Remesa_06/01_MDT/01_MDT_LAS_Resolucion_250cm/F30A6_MDT_Remesa_06.las","F30A6_MDT_Remesa_06.las"
"https://visualizador.ide.uy/descargas/datos/CN_Remesa_06/01_MDT/01_MDT_LAS_Resolucion_250cm/F30B1_MDT_Remesa_06.las","F30B1_MDT_Remesa_06.las"
"https://visualizador.ide.uy/descargas/datos/CN_Remesa_06/01_MDT/01_MDT_LAS_Resolucion_250cm/F30B2_MDT_Remesa_06.las","F30B2_MDT_Remesa_06.las"
"https://visualizador.ide.uy/descargas/datos/CN_Remesa_06/01_MDT/01_MDT_LAS_Resolucion_250cm/F30B4_MDT_Remesa_06.las","F30B4_MDT_Remesa_06.las"
"https://visualizador.ide.uy/descargas/datos/CN_Remesa_06/01_MDT/01_MDT_LAS_Resolucion_250cm/F30C3_MDT_Remesa_06.las","F30C3_MDT_Remesa_06.las"
"https://visualizador.ide.uy/descargas/datos/CN_Remesa_06/01_MDT/01_MDT_LAS_Resolucion_250cm/F30D1_MDT_Remesa_06.las","F30D1_MDT_Remesa_06.las"
"https://visualizador.ide.uy/descargas/datos/CN_Remesa_06/01_MDT/01_MDT_LAS_Resolucion_250cm/G24D6_MDT_Remesa_06.las","G24D6_MDT_Remesa_06.las"
"https://visualizador.ide.uy/descargas/datos/CN_Remesa_06/01_MDT/01_MDT_LAS_Resolucion_250cm/G25B3_MDT_Remesa_06.las","G25B3_MDT_Remesa_06.las"
"https://visualizador.ide.uy/descargas/datos/CN_Remesa_06/01_MDT/01_MDT_LAS_Resolucion_250cm/G27A1_MDT_Remesa_06.las","G27A1_MDT_Remesa_06.las"
"https://visualizador.ide.uy/descargas/datos/CN_Remesa_06/01_MDT/01_MDT_LAS_Resolucion_250cm/G27A4_MDT_Remesa_06.las","G27A4_MDT_Remesa_06.las"
"https://visualizador.ide.uy/descargas/datos/CN_Remesa_06/01_MDT/01_MDT_LAS_Resolucion_250cm/G27C1_MDT_Remesa_06.las","G27C1_MDT_Remesa_06.las"
"https://visualizador.ide.uy/descargas/datos/CN_Remesa_06/01_MDT/01_MDT_LAS_Resolucion_250cm/G27C2_MDT_Remesa_06.las","G27C2_MDT_Remesa_06.las"
"https://visualizador.ide.uy/descargas/datos/CN_Remesa_06/01_MDT/01_MDT_LAS_Resolucion_250cm/G27C4_MDT_Remesa_06.las","G27C4_MDT_Remesa_06.las"
"https://visualizador.ide.uy/descargas/datos/CN_Remesa_06/01_MDT/01_MDT_LAS_Resolucion_250cm/G27C5_MDT_Remesa_06.las","G27C5_MDT_Remesa_06.las"
"https://visualizador.ide.uy/descargas/datos/CN_Remesa_06/01_MDT/01_MDT_LAS_Resolucion_250cm/G27C6_MDT_Remesa_06.las","G27C6_MDT_Remesa_06.las"
"https://visualizador.ide.uy/descargas/datos/CN_Remesa_06/01_MDT/01_MDT_LAS_Resolucion_250cm/G27D4_MDT_Remesa_06.las","G27D4_MDT_Remesa_06.las"
"https://visualizador.ide.uy/descargas/datos/CN_Remesa_06/01_MDT/01_MDT_LAS_Resolucion_250cm/G27D5_MDT_Remesa_06.las","G27D5_MDT_Remesa_06.las"
"https://visualizador.ide.uy/descargas/datos/CN_Remesa_06/01_MDT/01_MDT_LAS_Resolucion_250cm/G27D6_MDT_Remesa_06.las","G27D6_MDT_Remesa_06.las"
"https://visualizador.ide.uy/descargas/datos/CN_Remesa_06/01_MDT/01_MDT_LAS_Resolucion_250cm/G28A1_MDT_Remesa_06.las","G28A1_MDT_Remesa_06.las"
"https://visualizador.ide.uy/descargas/datos/CN_Remesa_06/01_MDT/01_MDT_LAS_Resolucion_250cm/G28A2_MDT_Remesa_06.las","G28A2_MDT_Remesa_06.las"
"https://visualizador.ide.uy/descargas/datos/CN_Remesa_06/01_MDT/01_MDT_LAS_Resolucion_250cm/G28A3_MDT_Remesa_06.las","G28A3_MDT_Remesa_06.las"
"https://visualizador.ide.uy/descargas/datos/CN_Remesa_06/01_MDT/01_MDT_LAS_Resolucion_250cm/G28A4_MDT_Remesa_06.las","G28A4_MDT_Remesa_06.las"
"https://visualizador.ide.uy/descargas/datos/CN_Remesa_06/01_MDT/01_MDT_LAS_Resolucion_250cm/G28A5_MDT_Remesa_06.las","G28A5_MDT_Remesa_06.las"
"https://visualizador.ide.uy/descargas/datos/CN_Remesa_06/01_MDT/01_MDT_LAS_Resolucion_250cm/G28A6_MDT_Remesa_06.las","G28A6_MDT_Remesa_06.las"
"https://visualizador.ide.uy/descargas/datos/CN_Remesa_06/01_MDT/01_MDT_LAS_Resolucion_250cm/G28B1_MDT_Remesa_06.las","G28B1_MDT_Remesa_06.las"
"https://visualizador.ide.uy/descargas/datos/CN_Remesa_06/01_MDT/01_MDT_LAS_Resolucion_250cm/G28B2_MDT_Remesa_06.las","G28B2_MDT_Remesa_06.las"
"https://visualizador.ide.uy/descargas/datos/CN_Remesa_06/01_MDT/01_MDT_LAS_Resolucion_250cm/G28B3_MDT_Remesa_06.las","G28B3_MDT_Remesa_06.las"
"https://visualizador.ide.uy/descargas/datos/CN_Remesa_06/01_MDT/01_MDT_LAS_Resolucion_250cm/G28B4_MDT_Remesa_06.las","G28B4_MDT_Remesa_06.las"
"https://visualizador.ide.uy/descargas/datos/CN_Remesa_06/01_MDT/01_MDT_LAS_Resolucion_250cm/G28B5_MDT_Remesa_06.las","G28B5_MDT_Remesa_06.las"
"https://visualizador.ide.uy/descargas/datos/CN_Remesa_06/01_MDT/01_MDT_LAS_Resolucion_250cm/G28B6_MDT_Remesa_06.las","G28B6_MDT_Remesa_06.las"
"https://visualizador.ide.uy/descargas/datos/CN_Remesa_06/01_MDT/01_MDT_LAS_Resolucion_250cm/G28C1_MDT_Remesa_06.las","G28C1_MDT_Remesa_06.las"
"https://visualizador.ide.uy/descargas/datos/CN_Remesa_06/01_MDT/01_MDT_LAS_Resolucion_250cm/G28C2_MDT_Remesa_06.las","G28C2_MDT_Remesa_06.las"
"https://visualizador.ide.uy/descargas/datos/CN_Remesa_06/01_MDT/01_MDT_LAS_Resolucion_250cm/G28C3_MDT_Remesa_06.las","G28C3_MDT_Remesa_06.las"
"https://visualizador.ide.uy/descargas/datos/CN_Remesa_06/01_MDT/01_MDT_LAS_Resolucion_250cm/G28C4_MDT_Remesa_06.las","G28C4_MDT_Remesa_06.las"
"https://visualizador.ide.uy/descargas/datos/CN_Remesa_06/01_MDT/01_MDT_LAS_Resolucion_250cm/G28C5_MDT_Remesa_06.las","G28C5_MDT_Remesa_06.las"
"https://visualizador.ide.uy/descargas/datos/CN_Remesa_06/01_MDT/01_MDT_LAS_Resolucion_250cm/G28C6_MDT_Remesa_06.las","G28C6_MDT_Remesa_06.las"
"https://visualizador.ide.uy/descargas/datos/CN_Remesa_06/01_MDT/01_MDT_LAS_Resolucion_250cm/G28D1_MDT_Remesa_06.las","G28D1_MDT_Remesa_06.las"
"https://visualizador.ide.uy/descargas/datos/CN_Remesa_06/01_MDT/01_MDT_LAS_Resolucion_250cm/G28D2_MDT_Remesa_06.las","G28D2_MDT_Remesa_06.las"
"https://visualizador.ide.uy/descargas/datos/CN_Remesa_06/01_MDT/01_MDT_LAS_Resolucion_250cm/G28D3_MDT_Remesa_06.las","G28D3_MDT_Remesa_06.las"
"https://visualizador.ide.uy/descargas/datos/CN_Remesa_06/01_MDT/01_MDT_LAS_Resolucion_250cm/G28D4_MDT_Remesa_06.las","G28D4_MDT_Remesa_06.las"
"https://visualizador.ide.uy/descargas/datos/CN_Remesa_06/01_MDT/01_MDT_LAS_Resolucion_250cm/G28D5_MDT_Remesa_06.las","G28D5_MDT_Remesa_06.las"
"https://visualizador.ide.uy/descargas/datos/CN_Remesa_06/01_MDT/01_MDT_LAS_Resolucion_250cm/G28D6_MDT_Remesa_06.las","G28D6_MDT_Remesa_06.las"
"https://visualizador.ide.uy/descargas/datos/CN_Remesa_06/01_MDT/01_MDT_LAS_Resolucion_250cm/G29A1_MDT_Remesa_06.las","G29A1_MDT_Remesa_06.las"
"https://visualizador.ide.uy/descargas/datos/CN_Remesa_06/01_MDT/01_MDT_LAS_Resolucion_250cm/G29A2_MDT_Remesa_06.las","G29A2_MDT_Remesa_06.las"
"https://visualizador.ide.uy/descargas/datos/CN_Remesa_06/01_MDT/01_MDT_LAS_Resolucion_250cm/G29A3_MDT_Remesa_06.las","G29A3_MDT_Remesa_06.las"
"https://visualizador.ide.uy/descargas/datos/CN_Remesa_06/01_MDT/01_MDT_LAS_Resolucion_250cm/G29A4_MDT_Remesa_06.las","G29A4_MDT_Remesa_06.las"
"https://visualizador.ide.uy/descargas/datos/CN_Remesa_06/01_MDT/01_MDT_LAS_Resolucion_250cm/G29A5_MDT_Remesa_06.las","G29A5_MDT_Remesa_06.las"
"https://visualizador.ide.uy/descargas/datos/CN_Remesa_06/01_MDT/01_MDT_LAS_Resolucion_250cm/G29A6_MDT_Remesa_06.las","G29A6_MDT_Remesa_06.las"
"https://visualizador.ide.uy/descargas/datos/CN_Remesa_06/01_MDT/01_MDT_LAS_Resolucion_250cm/G29B1_MDT_Remesa_06.las","G29B1_MDT_Remesa_06.las"
"https://visualizador.ide.uy/descargas/datos/CN_Remesa_06/01_MDT/01_MDT_LAS_Resolucion_250cm/G29B2_MDT_Remesa_06.las","G29B2_MDT_Remesa_06.las"
"https://visualizador.ide.uy/descargas/datos/CN_Remesa_06/01_MDT/01_MDT_LAS_Resolucion_250cm/G29B3_MDT_Remesa_06.las","G29B3_MDT_Remesa_06.las"
"https://visualizador.ide.uy/descargas/datos/CN_Remesa_06/01_MDT/01_MDT_LAS_Resolucion_250cm/G29B4_MDT_Remesa_06.las","G29B4_MDT_Remesa_06.las"
"https://visualizador.ide.uy/descargas/datos/CN_Remesa_06/01_MDT/01_MDT_LAS_Resolucion_250cm/G29B5_MDT_Remesa_06.las","G29B5_MDT_Remesa_06.las"
"https://visualizador.ide.uy/descargas/datos/CN_Remesa_06/01_MDT/01_MDT_LAS_Resolucion_250cm/G29B6_MDT_Remesa_06.las","G29B6_MDT_Remesa_06.las"
"https://visualizador.ide.uy/descargas/datos/CN_Remesa_06/01_MDT/01_MDT_LAS_Resolucion_250cm/G29C2_MDT_Remesa_06.las","G29C2_MDT_Remesa_06.las"
"https://visualizador.ide.uy/descargas/datos/CN_Remesa_06/01_MDT/01_MDT_LAS_Resolucion_250cm/G29C3_MDT_Remesa_06.las","G29C3_MDT_Remesa_06.las"
"https://visualizador.ide.uy/descargas/datos/CN_Remesa_06/01_MDT/01_MDT_LAS_Resolucion_250cm/G29C6_MDT_Remesa_06.las","G29C6_MDT_Remesa_06.las"
"https://visualizador.ide.uy/descargas/datos/CN_Remesa_06/01_MDT/01_MDT_LAS_Resolucion_250cm/G29D1_MDT_Remesa_06.las","G29D1_MDT_Remesa_06.las"
"https://visualizador.ide.uy/descargas/datos/CN_Remesa_06/01_MDT/01_MDT_LAS_Resolucion_250cm/G29D2_MDT_Remesa_06.las","G29D2_MDT_Remesa_06.las"
"https://visualizador.ide.uy/descargas/datos/CN_Remesa_06/01_MDT/01_MDT_LAS_Resolucion_250cm/G29D3_MDT_Remesa_06.las","G29D3_MDT_Remesa_06.las"
"https://visualizador.ide.uy/descargas/datos/CN_Remesa_06/01_MDT/01_MDT_LAS_Resolucion_250cm/G29D4_MDT_Remesa_06.las","G29D4_MDT_Remesa_06.las"
"https://visualizador.ide.uy/descargas/datos/CN_Remesa_06/01_MDT/01_MDT_LAS_Resolucion_250cm/G29D5_MDT_Remesa_06.las","G29D5_MDT_Remesa_06.las"
"https://visualizador.ide.uy/descargas/datos/CN_Remesa_06/01_MDT/01_MDT_LAS_Resolucion_250cm/G29D6_MDT_Remesa_06.las","G29D6_MDT_Remesa_06.las"
"https://visualizador.ide.uy/descargas/datos/CN_Remesa_06/01_MDT/01_MDT_LAS_Resolucion_250cm/G30A3_MDT_Remesa_06.las","G30A3_MDT_Remesa_06.las"
"https://visualizador.ide.uy/descargas/datos/CN_Remesa_06/01_MDT/01_MDT_LAS_Resolucion_250cm/G30B1_MDT_Remesa_06.las","G30B1_MDT_Remesa_06.las"
"https://visualizador.ide.uy/descargas/datos/CN_Remesa_06/01_MDT/01_MDT_LAS_Resolucion_250cm/H27B2_MDT_Remesa_06.las","H27B2_MDT_Remesa_06.las"
"https://visualizador.ide.uy/descargas/datos/CN_Remesa_06/01_MDT/01_MDT_LAS_Resolucion_250cm/H27B3_MDT_Remesa_06.las","H27B3_MDT_Remesa_06.las"
"https://visualizador.ide.uy/descargas/datos/CN_Remesa_06/01_MDT/01_MDT_LAS_Resolucion_250cm/H27B4_MDT_Remesa_06.las","H27B4_MDT_Remesa_06.las"
"https://visualizador.ide.uy/descargas/datos/CN_Remesa_06/01_MDT/01_MDT_LAS_Resolucion_250cm/H27B5_MDT_Remesa_06.las","H27B5_MDT_Remesa_06.las"
"https://visualizador.ide.uy/descargas/datos/CN_Remesa_06/01_MDT/01_MDT_LAS_Resolucion_250cm/H27B6_MDT_Remesa_06.las","H27B6_MDT_Remesa_06.las"
"https://visualizador.ide.uy/descargas/datos/CN_Remesa_06/01_MDT/01_MDT_LAS_Resolucion_250cm/H27C1_MDT_Remesa_06.las","H27C1_MDT_Remesa_06.las"
"https://visualizador.ide.uy/descargas/datos/CN_Remesa_06/01_MDT/01_MDT_LAS_Resolucion_250cm/H27C2_MDT_Remesa_06.las","H27C2_MDT_Remesa_06.las"
"https://visualizador.ide.uy/descargas/datos/CN_Remesa_06/01_MDT/01_MDT_LAS_Resolucion_250cm/H27C3_MDT_Remesa_06.las","H27C3_MDT_Remesa_06.las"
"https://visualizador.ide.uy/descargas/datos/CN_Remesa_06/01_MDT/01_MDT_LAS_Resolucion_250cm/H27C4_MDT_Remesa_06.las","H27C4_MDT_Remesa_06.las"
"https://visualizador.ide.uy/descargas/datos/CN_Remesa_06/01_MDT/01_MDT_LAS_Resolucion_250cm/H27C5_MDT_Remesa_06.las","H27C5_MDT_Remesa_06.las"
"https://visualizador.ide.uy/descargas/datos/CN_Remesa_06/01_MDT/01_MDT_LAS_Resolucion_250cm/H27C6_MDT_Remesa_06.las","H27C6_MDT_Remesa_06.las"
"https://visualizador.ide.uy/descargas/datos/CN_Remesa_06/01_MDT/01_MDT_LAS_Resolucion_250cm/H27D1_MDT_Remesa_06.las","H27D1_MDT_Remesa_06.las"
"https://visualizador.ide.uy/descargas/datos/CN_Remesa_06/01_MDT/01_MDT_LAS_Resolucion_250cm/H27D2_MDT_Remesa_06.las","H27D2_MDT_Remesa_06.las"
"https://visualizador.ide.uy/descargas/datos/CN_Remesa_06/01_MDT/01_MDT_LAS_Resolucion_250cm/H27D3_MDT_Remesa_06.las","H27D3_MDT_Remesa_06.las"
"https://visualizador.ide.uy/descargas/datos/CN_Remesa_06/01_MDT/01_MDT_LAS_Resolucion_250cm/H27D4_MDT_Remesa_06.las","H27D4_MDT_Remesa_06.las"
"https://visualizador.ide.uy/descargas/datos/CN_Remesa_06/01_MDT/01_MDT_LAS_Resolucion_250cm/H27D5_MDT_Remesa_06.las","H27D5_MDT_Remesa_06.las"
"https://visualizador.ide.uy/descargas/datos/CN_Remesa_06/01_MDT/01_MDT_LAS_Resolucion_250cm/H27D6_MDT_Remesa_06.las","H27D6_MDT_Remesa_06.las"
"https://visualizador.ide.uy/descargas/datos/CN_Remesa_06/01_MDT/01_MDT_LAS_Resolucion_250cm/H28A1_MDT_Remesa_06.las","H28A1_MDT_Remesa_06.las"
"https://visualizador.ide.uy/descargas/datos/CN_Remesa_06/01_MDT/01_MDT_LAS_Resolucion_250cm/H28A2_MDT_Remesa_06.las","H28A2_MDT_Remesa_06.las"
"https://visualizador.ide.uy/descargas/datos/CN_Remesa_06/01_MDT/01_MDT_LAS_Resolucion_250cm/H28A3_MDT_Remesa_06.las","H28A3_MDT_Remesa_06.las"
"https://visualizador.ide.uy/descargas/datos/CN_Remesa_06/01_MDT/01_MDT_LAS_Resolucion_250cm/H28A4_MDT_Remesa_06.las","H28A4_MDT_Remesa_06.las"
"https://visualizador.ide.uy/descargas/datos/CN_Remesa_06/01_MDT/01_MDT_LAS_Resolucion_250cm/H28A5_MDT_Remesa_06.las","H28A5_MDT_Remesa_06.las"
"https://visualizador.ide.uy/descargas/datos/CN_Remesa_06/01_MDT/01_MDT_LAS_Resolucion_250cm/H28A6_MDT_Remesa_06.las","H28A6_MDT_Remesa_06.las"
"https://visualizador.ide.uy/descargas/datos/CN_Remesa_06/01_MDT/01_MDT_LAS_Resolucion_250cm/H28B1_MDT_Remesa_06.las","H28B1_MDT_Remesa_06.las"
"https://visualizador.ide.uy/descargas/datos/CN_Remesa_06/01_MDT/01_MDT_LAS_Resolucion_250cm/H28B2_MDT_Remesa_06.las","H28B2_MDT_Remesa_06.las"
"https://visualizador.ide.uy/descargas/datos/CN_Remesa_06/01_MDT/01_MDT_LAS_Resolucion_250cm/H28B3_MDT_Remesa_06.las","H28B3_MDT_Remesa_06.las"
"https://visualizador.ide.uy/descargas/datos/CN_Remesa_06/01_MDT/01_MDT_LAS_Resolucion_250cm/H28B4_MDT_Remesa_06.las","H28B4_MDT_Remesa_06.las"
"https://visualizador.ide.uy/descargas/datos/CN_Remesa_06/01_MDT/01_MDT_LAS_Resolucion_250cm/H28B5_MDT_Remesa_06.las","H28B5_MDT_Remesa_06.las"
"https://visualizador.ide.uy/descargas/datos/CN_Remesa_06/01_MDT/01_MDT_LAS_Resolucion_250cm/H28B6_MDT_Remesa_06.las","H28B6_MDT_Remesa_06.las"
"https://visualizador.ide.uy/descargas/datos/CN_Remesa_06/01_MDT/01_MDT_LAS_Resolucion_250cm/H28C1_MDT_Remesa_06.las","H28C1_MDT_Remesa_06.las"
"https://visualizador.ide.uy/descargas/datos/CN_Remesa_06/01_MDT/01_MDT_LAS_Resolucion_250cm/H28C2_MDT_Remesa_06.las","H28C2_MDT_Remesa_06.las"
"https://visualizador.ide.uy/descargas/datos/CN_Remesa_06/01_MDT/01_MDT_LAS_Resolucion_250cm/H28C3_MDT_Remesa_06.las","H28C3_MDT_Remesa_06.las"
"https://visualizador.ide.uy/descargas/datos/CN_Remesa_06/01_MDT/01_MDT_LAS_Resolucion_250cm/H28C4_MDT_Remesa_06.las","H28C4_MDT_Remesa_06.las"
"https://visualizador.ide.uy/descargas/datos/CN_Remesa_06/01_MDT/01_MDT_LAS_Resolucion_250cm/H28C5_MDT_Remesa_06.las","H28C5_MDT_Remesa_06.las"
"https://visualizador.ide.uy/descargas/datos/CN_Remesa_06/01_MDT/01_MDT_LAS_Resolucion_250cm/H28C6_MDT_Remesa_06.las","H28C6_MDT_Remesa_06.las"
"https://visualizador.ide.uy/descargas/datos/CN_Remesa_06/01_MDT/01_MDT_LAS_Resolucion_250cm/H28D1_MDT_Remesa_06.las","H28D1_MDT_Remesa_06.las"
"https://visualizador.ide.uy/descargas/datos/CN_Remesa_06/01_MDT/01_MDT_LAS_Resolucion_250cm/H28D2_MDT_Remesa_06.las","H28D2_MDT_Remesa_06.las"
"https://visualizador.ide.uy/descargas/datos/CN_Remesa_06/01_MDT/01_MDT_LAS_Resolucion_250cm/H28D3_MDT_Remesa_06.las","H28D3_MDT_Remesa_06.las"
"https://visualizador.ide.uy/descargas/datos/CN_Remesa_06/01_MDT/01_MDT_LAS_Resolucion_250cm/H28D4_MDT_Remesa_06.las","H28D4_MDT_Remesa_06.las"
"https://visualizador.ide.uy/descargas/datos/CN_Remesa_06/01_MDT/01_MDT_LAS_Resolucion_250cm/H28D5_MDT_Remesa_06.las","H28D5_MDT_Remesa_06.las"
"https://visualizador.ide.uy/descargas/datos/CN_Remesa_06/01_MDT/01_MDT_LAS_Resolucion_250cm/H28D6_MDT_Remesa_06.las","H28D6_MDT_Remesa_06.las"
"https://visualizador.ide.uy/descargas/datos/CN_Remesa_06/01_MDT/01_MDT_LAS_Resolucion_250cm/H29A1_MDT_Remesa_06.las","H29A1_MDT_Remesa_06.las"
"https://visualizador.ide.uy/descargas/datos/CN_Remesa_06/01_MDT/01_MDT_LAS_Resolucion_250cm/H29A2_MDT_Remesa_06.las","H29A2_MDT_Remesa_06.las"
"https://visualizador.ide.uy/descargas/datos/CN_Remesa_06/01_MDT/01_MDT_LAS_Resolucion_250cm/H29A3_MDT_Remesa_06.las","H29A3_MDT_Remesa_06.las"
"https://visualizador.ide.uy/descargas/datos/CN_Remesa_06/01_MDT/01_MDT_LAS_Resolucion_250cm/H29A4_MDT_Remesa_06.las","H29A4_MDT_Remesa_06.las"
"https://visualizador.ide.uy/descargas/datos/CN_Remesa_06/01_MDT/01_MDT_LAS_Resolucion_250cm/H29A5_MDT_Remesa_06.las","H29A5_MDT_Remesa_06.las"
"https://visualizador.ide.uy/descargas/datos/CN_Remesa_06/01_MDT/01_MDT_LAS_Resolucion_250cm/H29A6_MDT_Remesa_06.las","H29A6_MDT_Remesa_06.las"
"https://visualizador.ide.uy/descargas/datos/CN_Remesa_06/01_MDT/01_MDT_LAS_Resolucion_250cm/H29B1_MDT_Remesa_06.las","H29B1_MDT_Remesa_06.las"
"https://visualizador.ide.uy/descargas/datos/CN_Remesa_06/01_MDT/01_MDT_LAS_Resolucion_250cm/H29B2_MDT_Remesa_06.las","H29B2_MDT_Remesa_06.las"
"https://visualizador.ide.uy/descargas/datos/CN_Remesa_06/01_MDT/01_MDT_LAS_Resolucion_250cm/H29B3_MDT_Remesa_06.las","H29B3_MDT_Remesa_06.las"
"https://visualizador.ide.uy/descargas/datos/CN_Remesa_06/01_MDT/01_MDT_LAS_Resolucion_250cm/H29B4_MDT_Remesa_06.las","H29B4_MDT_Remesa_06.las"
"https://visualizador.ide.uy/descargas/datos/CN_Remesa_06/01_MDT/01_MDT_LAS_Resolucion_250cm/H29B5_MDT_Remesa_06.las","H29B5_MDT_Remesa_06.las"
"https://visualizador.ide.uy/descargas/datos/CN_Remesa_06/01_MDT/01_MDT_LAS_Resolucion_250cm/H29B6_MDT_Remesa_06.las","H29B6_MDT_Remesa_06.las"
"https://visualizador.ide.uy/descargas/datos/CN_Remesa_06/01_MDT/01_MDT_LAS_Resolucion_250cm/J27D2_MDT_Remesa_06.las","J27D2_MDT_Remesa_06.las"
"https://visualizador.ide.uy/descargas/datos/CN_Remesa_06/01_MDT/01_MDT_LAS_Resolucion_250cm/J27D3_MDT_Remesa_06.las","J27D3_MDT_Remesa_06.las"
"https://visualizador.ide.uy/descargas/datos/CN_Remesa_06/01_MDT/01_MDT_LAS_Resolucion_250cm/J27D4_MDT_Remesa_06.las","J27D4_MDT_Remesa_06.las"
"https://visualizador.ide.uy/descargas/datos/CN_Remesa_06/01_MDT/01_MDT_LAS_Resolucion_250cm/J27D5_MDT_Remesa_06.las","J27D5_MDT_Remesa_06.las"
"https://visualizador.ide.uy/descargas/datos/CN_Remesa_06/01_MDT/01_MDT_LAS_Resolucion_250cm/J27D6_MDT_Remesa_06.las","J27D6_MDT_Remesa_06.las"
"https://visualizador.ide.uy/descargas/datos/CN_Remesa_06/01_MDT/01_MDT_LAS_Resolucion_250cm/J28A3_MDT_Remesa_06.las","J28A3_MDT_Remesa_06.las"
"https://visualizador.ide.uy/descargas/datos/CN_Remesa_06/01_MDT/01_MDT_LAS_Resolucion_250cm/J28A6_MDT_Remesa_06.las","J28A6_MDT_Remesa_06.las"
"https://visualizador.ide.uy/descargas/datos/CN_Remesa_06/01_MDT/01_MDT_LAS_Resolucion_250cm/J28B1_MDT_Remesa_06.las","J28B1_MDT_Remesa_06.las"
"https://visualizador.ide.uy/descargas/datos/CN_Remesa_06/01_MDT/01_MDT_LAS_Resolucion_250cm/J28B2_MDT_Remesa_06.las","J28B2_MDT_Remesa_06.las"
"https://visualizador.ide.uy/descargas/datos/CN_Remesa_06/01_MDT/01_MDT_LAS_Resolucion_250cm/J28B3_MDT_Remesa_06.las","J28B3_MDT_Remesa_06.las"
"https://visualizador.ide.uy/descargas/datos/CN_Remesa_06/01_MDT/01_MDT_LAS_Resolucion_250cm/J28B4_MDT_Remesa_06.las","J28B4_MDT_Remesa_06.las"
"https://visualizador.ide.uy/descargas/datos/CN_Remesa_06/01_MDT/01_MDT_LAS_Resolucion_250cm/J28B5_MDT_Remesa_06.las","J28B5_MDT_Remesa_06.las"
"https://visualizador.ide.uy/descargas/datos/CN_Remesa_06/01_MDT/01_MDT_LAS_Resolucion_250cm/J28B6_MDT_Remesa_06.las","J28B6_MDT_Remesa_06.las"
"https://visualizador.ide.uy/descargas/datos/CN_Remesa_06/01_MDT/01_MDT_LAS_Resolucion_250cm/J28C3_MDT_Remesa_06.las","J28C3_MDT_Remesa_06.las"
"https://visualizador.ide.uy/descargas/datos/CN_Remesa_06/01_MDT/01_MDT_LAS_Resolucion_250cm/J28C6_MDT_Remesa_06.las","J28C6_MDT_Remesa_06.las"
"https://visualizador.ide.uy/descargas/datos/CN_Remesa_06/01_MDT/01_MDT_LAS_Resolucion_250cm/J28D1_MDT_Remesa_06.las","J28D1_MDT_Remesa_06.las"
"https://visualizador.ide.uy/descargas/datos/CN_Remesa_06/01_MDT/01_MDT_LAS_Resolucion_250cm/J28D2_MDT_Remesa_06.las","J28D2_MDT_Remesa_06.las"
"https://visualizador.ide.uy/descargas/datos/CN_Remesa_06/01_MDT/01_MDT_LAS_Resolucion_250cm/J28D3_MDT_Remesa_06.las","J28D3_MDT_Remesa_06.las"
"https://visualizador.ide.uy/descargas/datos/CN_Remesa_06/01_MDT/01_MDT_LAS_Resolucion_250cm/J28D4_MDT_Remesa_06.las","J28D4_MDT_Remesa_06.las"
"https://visualizador.ide.uy/descargas/datos/CN_Remesa_06/01_MDT/01_MDT_LAS_Resolucion_250cm/J28D5_MDT_Remesa_06.las","J28D5_MDT_Remesa_06.las"
"https://visualizador.ide.uy/descargas/datos/CN_Remesa_06/01_MDT/01_MDT_LAS_Resolucion_250cm/J28D6_MDT_Remesa_06.las","J28D6_MDT_Remesa_06.las"
"https://visualizador.ide.uy/descargas/datos/CN_Remesa_06/01_MDT/01_MDT_LAS_Resolucion_250cm/J29A1_MDT_Remesa_06.las","J29A1_MDT_Remesa_06.las"
"https://visualizador.ide.uy/descargas/datos/CN_Remesa_06/01_MDT/01_MDT_LAS_Resolucion_250cm/J29A2_MDT_Remesa_06.las","J29A2_MDT_Remesa_06.las"
"https://visualizador.ide.uy/descargas/datos/CN_Remesa_06/01_MDT/01_MDT_LAS_Resolucion_250cm/J29A3_MDT_Remesa_06.las","J29A3_MDT_Remesa_06.las"
"https://visualizador.ide.uy/descargas/datos/CN_Remesa_06/01_MDT/01_MDT_LAS_Resolucion_250cm/J29A4_MDT_Remesa_06.las","J29A4_MDT_Remesa_06.las"
"https://visualizador.ide.uy/descargas/datos/CN_Remesa_06/01_MDT/01_MDT_LAS_Resolucion_250cm/J29A5_MDT_Remesa_06.las","J29A5_MDT_Remesa_06.las"
"https://visualizador.ide.uy/descargas/datos/CN_Remesa_06/01_MDT/01_MDT_LAS_Resolucion_250cm/J29A6_MDT_Remesa_06.las","J29A6_MDT_Remesa_06.las"
"https://visualizador.ide.uy/descargas/datos/CN_Remesa_06/01_MDT/01_MDT_LAS_Resolucion_250cm/J29B1_MDT_Remesa_06.las","J29B1_MDT_Remesa_06.las"
"https://visualizador.ide.uy/descargas/datos/CN_Remesa_06/01_MDT/01_MDT_LAS_Resolucion_250cm/J29B2_MDT_Remesa_06.las","J29B2_MDT_Remesa_06.las"
"https://visualizador.ide.uy/descargas/datos/CN_Remesa_06/01_MDT/01_MDT_LAS_Resolucion_250cm/J29B3_MDT_Remesa_06.las","J29B3_MDT_Remesa_06.las"
"https://visualizador.ide.uy/descargas/datos/CN_Remesa_06/01_MDT/01_MDT_LAS_Resolucion_250cm/J29B4_MDT_Remesa_06.las","J29B4_MDT_Remesa_06.las"
"https://visualizador.ide.uy/descargas/datos/CN_Remesa_06/01_MDT/01_MDT_LAS_Resolucion_250cm/J29B5_MDT_Remesa_06.las","J29B5_MDT_Remesa_06.las"
"https://visualizador.ide.uy/descargas/datos/CN_Remesa_06/01_MDT/01_MDT_LAS_Resolucion_250cm/J29B6_MDT_Remesa_06.las","J29B6_MDT_Remesa_06.las"
"https://visualizador.ide.uy/descargas/datos/CN_Remesa_06/01_MDT/01_MDT_LAS_Resolucion_250cm/J29C1_MDT_Remesa_06.las","J29C1_MDT_Remesa_06.las"
"https://visualizador.ide.uy/descargas/datos/CN_Remesa_06/01_MDT/01_MDT_LAS_Resolucion_250cm/J29C2_MDT_Remesa_06.las","J29C2_MDT_Remesa_06.las"
"https://visualizador.ide.uy/descargas/datos/CN_Remesa_06/01_MDT/01_MDT_LAS_Resolucion_250cm/J29C3_MDT_Remesa_06.las","J29C3_MDT_Remesa_06.las"
"https://visualizador.ide.uy/descargas/datos/CN_Remesa_06/01_MDT/01_MDT_LAS_Resolucion_250cm/J29C4_MDT_Remesa_06.las","J29C4_MDT_Remesa_06.las"
"https://visualizador.ide.uy/descargas/datos/CN_Remesa_06/01_MDT/01_MDT_LAS_Resolucion_250cm/J29C5_MDT_Remesa_06.las","J29C5_MDT_Remesa_06.las"
"https://visualizador.ide.uy/descargas/datos/CN_Remesa_06/01_MDT/01_MDT_LAS_Resolucion_250cm/J29C6_MDT_Remesa_06.las","J29C6_MDT_Remesa_06.las"
"https://visualizador.ide.uy/descargas/datos/CN_Remesa_06/01_MDT/01_MDT_LAS_Resolucion_250cm/J29D1_MDT_Remesa_06.las","J29D1_MDT_Remesa_06.las"
"https://visualizador.ide.uy/descargas/datos/CN_Remesa_06/01_MDT/01_MDT_LAS_Resolucion_250cm/J29D2_MDT_Remesa_06.las","J29D2_MDT_Remesa_06.las"
"https://visualizador.ide.uy/descargas/datos/CN_Remesa_06/01_MDT/01_MDT_LAS_Resolucion_250cm/J29D4_MDT_Remesa_06.las","J29D4_MDT_Remesa_06.las"
"https://visualizador.ide.uy/descargas/datos/CN_Remesa_06/01_MDT/01_MDT_LAS_Resolucion_250cm/J29D5_MDT_Remesa_06.las","J29D5_MDT_Remesa_06.las"
"https://visualizador.ide.uy/descargas/datos/CN_Remesa_06/01_MDT/01_MDT_LAS_Resolucion_250cm/J30A1_MDT_Remesa_06.las","J30A1_MDT_Remesa_06.las"
"https://visualizador.ide.uy/descargas/datos/CN_Remesa_06/01_MDT/01_MDT_LAS_Resolucion_250cm/J30B1_MDT_Remesa_06.las","J30B1_MDT_Remesa_06.las"
"https://visualizador.ide.uy/descargas/datos/CN_Remesa_06/01_MDT/01_MDT_LAS_Resolucion_250cm/J30B2_MDT_Remesa_06.las","J30B2_MDT_Remesa_06.las"
