"href","text"
"https://visualizador.ide.uy/descargas/datos/CN_Remesa_05/02_Ortoimagenes/02_RGBI_8bits/?C=N;O=D","Nombre:"
"https://visualizador.ide.uy/descargas/datos/CN_Remesa_05/02_Ortoimagenes/02_RGBI_8bits/?C=S;O=A","Size"
"https://visualizador.ide.uy/descargas/datos/CN_Remesa_05/02_Ortoimagenes/","Parent Directory"
"https://visualizador.ide.uy/descargas/datos/CN_Remesa_05/02_Ortoimagenes/02_RGBI_8bits/G16C1_RGBI_8_Remesa_05.tif","G16C1_RGBI_8_Remesa_05.tif"
"https://visualizador.ide.uy/descargas/datos/CN_Remesa_05/02_Ortoimagenes/02_RGBI_8bits/G16C2_RGBI_8_Remesa_05.tif","G16C2_RGBI_8_Remesa_05.tif"
"https://visualizador.ide.uy/descargas/datos/CN_Remesa_05/02_Ortoimagenes/02_RGBI_8bits/G16C3_RGBI_8_Remesa_05.tif","G16C3_RGBI_8_Remesa_05.tif"
"https://visualizador.ide.uy/descargas/datos/CN_Remesa_05/02_Ortoimagenes/02_RGBI_8bits/G16C4_RGBI_8_Remesa_05.tif","G16C4_RGBI_8_Remesa_05.tif"
"https://visualizador.ide.uy/descargas/datos/CN_Remesa_05/02_Ortoimagenes/02_RGBI_8bits/G16C5_RGBI_8_Remesa_05.tif","G16C5_RGBI_8_Remesa_05.tif"
"https://visualizador.ide.uy/descargas/datos/CN_Remesa_05/02_Ortoimagenes/02_RGBI_8bits/G16C6_RGBI_8_Remesa_05.tif","G16C6_RGBI_8_Remesa_05.tif"
"https://visualizador.ide.uy/descargas/datos/CN_Remesa_05/02_Ortoimagenes/02_RGBI_8bits/G16D1_RGBI_8_Remesa_05.tif","G16D1_RGBI_8_Remesa_05.tif"
"https://visualizador.ide.uy/descargas/datos/CN_Remesa_05/02_Ortoimagenes/02_RGBI_8bits/G16D2_RGBI_8_Remesa_05.tif","G16D2_RGBI_8_Remesa_05.tif"
"https://visualizador.ide.uy/descargas/datos/CN_Remesa_05/02_Ortoimagenes/02_RGBI_8bits/G16D3_RGBI_8_Remesa_05.tif","G16D3_RGBI_8_Remesa_05.tif"
"https://visualizador.ide.uy/descargas/datos/CN_Remesa_05/02_Ortoimagenes/02_RGBI_8bits/G16D4_RGBI_8_Remesa_05.tif","G16D4_RGBI_8_Remesa_05.tif"
"https://visualizador.ide.uy/descargas/datos/CN_Remesa_05/02_Ortoimagenes/02_RGBI_8bits/G16D5_RGBI_8_Remesa_05.tif","G16D5_RGBI_8_Remesa_05.tif"
"https://visualizador.ide.uy/descargas/datos/CN_Remesa_05/02_Ortoimagenes/02_RGBI_8bits/G16D6_RGBI_8_Remesa_05.tif","G16D6_RGBI_8_Remesa_05.tif"
"https://visualizador.ide.uy/descargas/datos/CN_Remesa_05/02_Ortoimagenes/02_RGBI_8bits/G17A1_RGBI_8_Remesa_05.tif","G17A1_RGBI_8_Remesa_05.tif"
"https://visualizador.ide.uy/descargas/datos/CN_Remesa_05/02_Ortoimagenes/02_RGBI_8bits/G17A2_RGBI_8_Remesa_05.tif","G17A2_RGBI_8_Remesa_05.tif"
"https://visualizador.ide.uy/descargas/datos/CN_Remesa_05/02_Ortoimagenes/02_RGBI_8bits/G17A3_RGBI_8_Remesa_05.tif","G17A3_RGBI_8_Remesa_05.tif"
"https://visualizador.ide.uy/descargas/datos/CN_Remesa_05/02_Ortoimagenes/02_RGBI_8bits/G17A4_RGBI_8_Remesa_05.tif","G17A4_RGBI_8_Remesa_05.tif"
"https://visualizador.ide.uy/descargas/datos/CN_Remesa_05/02_Ortoimagenes/02_RGBI_8bits/G17A5_RGBI_8_Remesa_05.tif","G17A5_RGBI_8_Remesa_05.tif"
"https://visualizador.ide.uy/descargas/datos/CN_Remesa_05/02_Ortoimagenes/02_RGBI_8bits/G17A6_RGBI_8_Remesa_05.tif","G17A6_RGBI_8_Remesa_05.tif"
"https://visualizador.ide.uy/descargas/datos/CN_Remesa_05/02_Ortoimagenes/02_RGBI_8bits/G17B1_RGBI_8_Remesa_05.tif","G17B1_RGBI_8_Remesa_05.tif"
"https://visualizador.ide.uy/descargas/datos/CN_Remesa_05/02_Ortoimagenes/02_RGBI_8bits/G17B2_RGBI_8_Remesa_05.tif","G17B2_RGBI_8_Remesa_05.tif"
"https://visualizador.ide.uy/descargas/datos/CN_Remesa_05/02_Ortoimagenes/02_RGBI_8bits/G17B3_RGBI_8_Remesa_05.tif","G17B3_RGBI_8_Remesa_05.tif"
"https://visualizador.ide.uy/descargas/datos/CN_Remesa_05/02_Ortoimagenes/02_RGBI_8bits/G17B4_RGBI_8_Remesa_05.tif","G17B4_RGBI_8_Remesa_05.tif"
"https://visualizador.ide.uy/descargas/datos/CN_Remesa_05/02_Ortoimagenes/02_RGBI_8bits/G17B5_RGBI_8_Remesa_05.tif","G17B5_RGBI_8_Remesa_05.tif"
"https://visualizador.ide.uy/descargas/datos/CN_Remesa_05/02_Ortoimagenes/02_RGBI_8bits/G17B6_RGBI_8_Remesa_05.tif","G17B6_RGBI_8_Remesa_05.tif"
"https://visualizador.ide.uy/descargas/datos/CN_Remesa_05/02_Ortoimagenes/02_RGBI_8bits/G17C1_RGBI_8_Remesa_05.tif","G17C1_RGBI_8_Remesa_05.tif"
"https://visualizador.ide.uy/descargas/datos/CN_Remesa_05/02_Ortoimagenes/02_RGBI_8bits/G17C2_RGBI_8_Remesa_05.tif","G17C2_RGBI_8_Remesa_05.tif"
"https://visualizador.ide.uy/descargas/datos/CN_Remesa_05/02_Ortoimagenes/02_RGBI_8bits/G17C3_RGBI_8_Remesa_05.tif","G17C3_RGBI_8_Remesa_05.tif"
"https://visualizador.ide.uy/descargas/datos/CN_Remesa_05/02_Ortoimagenes/02_RGBI_8bits/G17C4_RGBI_8_Remesa_05.tif","G17C4_RGBI_8_Remesa_05.tif"
"https://visualizador.ide.uy/descargas/datos/CN_Remesa_05/02_Ortoimagenes/02_RGBI_8bits/G17C5_RGBI_8_Remesa_05.tif","G17C5_RGBI_8_Remesa_05.tif"
"https://visualizador.ide.uy/descargas/datos/CN_Remesa_05/02_Ortoimagenes/02_RGBI_8bits/G17C6_RGBI_8_Remesa_05.tif","G17C6_RGBI_8_Remesa_05.tif"
"https://visualizador.ide.uy/descargas/datos/CN_Remesa_05/02_Ortoimagenes/02_RGBI_8bits/G17D1_RGBI_8_Remesa_05.tif","G17D1_RGBI_8_Remesa_05.tif"
"https://visualizador.ide.uy/descargas/datos/CN_Remesa_05/02_Ortoimagenes/02_RGBI_8bits/G17D2_RGBI_8_Remesa_05.tif","G17D2_RGBI_8_Remesa_05.tif"
"https://visualizador.ide.uy/descargas/datos/CN_Remesa_05/02_Ortoimagenes/02_RGBI_8bits/G17D3_RGBI_8_Remesa_05.tif","G17D3_RGBI_8_Remesa_05.tif"
"https://visualizador.ide.uy/descargas/datos/CN_Remesa_05/02_Ortoimagenes/02_RGBI_8bits/G17D4_RGBI_8_Remesa_05.tif","G17D4_RGBI_8_Remesa_05.tif"
"https://visualizador.ide.uy/descargas/datos/CN_Remesa_05/02_Ortoimagenes/02_RGBI_8bits/G17D5_RGBI_8_Remesa_05.tif","G17D5_RGBI_8_Remesa_05.tif"
"https://visualizador.ide.uy/descargas/datos/CN_Remesa_05/02_Ortoimagenes/02_RGBI_8bits/G17D6_RGBI_8_Remesa_05.tif","G17D6_RGBI_8_Remesa_05.tif"
"https://visualizador.ide.uy/descargas/datos/CN_Remesa_05/02_Ortoimagenes/02_RGBI_8bits/G18A1_RGBI_8_Remesa_05.tif","G18A1_RGBI_8_Remesa_05.tif"
"https://visualizador.ide.uy/descargas/datos/CN_Remesa_05/02_Ortoimagenes/02_RGBI_8bits/G18A2_RGBI_8_Remesa_05.tif","G18A2_RGBI_8_Remesa_05.tif"
"https://visualizador.ide.uy/descargas/datos/CN_Remesa_05/02_Ortoimagenes/02_RGBI_8bits/G18A3_RGBI_8_Remesa_05.tif","G18A3_RGBI_8_Remesa_05.tif"
"https://visualizador.ide.uy/descargas/datos/CN_Remesa_05/02_Ortoimagenes/02_RGBI_8bits/G18A4_RGBI_8_Remesa_05.tif","G18A4_RGBI_8_Remesa_05.tif"
"https://visualizador.ide.uy/descargas/datos/CN_Remesa_05/02_Ortoimagenes/02_RGBI_8bits/G18A5_RGBI_8_Remesa_05.tif","G18A5_RGBI_8_Remesa_05.tif"
"https://visualizador.ide.uy/descargas/datos/CN_Remesa_05/02_Ortoimagenes/02_RGBI_8bits/G18A6_RGBI_8_Remesa_05.tif","G18A6_RGBI_8_Remesa_05.tif"
"https://visualizador.ide.uy/descargas/datos/CN_Remesa_05/02_Ortoimagenes/02_RGBI_8bits/G18B1_RGBI_8_Remesa_05.tif","G18B1_RGBI_8_Remesa_05.tif"
"https://visualizador.ide.uy/descargas/datos/CN_Remesa_05/02_Ortoimagenes/02_RGBI_8bits/G18B2_RGBI_8_Remesa_05.tif","G18B2_RGBI_8_Remesa_05.tif"
"https://visualizador.ide.uy/descargas/datos/CN_Remesa_05/02_Ortoimagenes/02_RGBI_8bits/G18B3_RGBI_8_Remesa_05.tif","G18B3_RGBI_8_Remesa_05.tif"
"https://visualizador.ide.uy/descargas/datos/CN_Remesa_05/02_Ortoimagenes/02_RGBI_8bits/G18B4_RGBI_8_Remesa_05.tif","G18B4_RGBI_8_Remesa_05.tif"
"https://visualizador.ide.uy/descargas/datos/CN_Remesa_05/02_Ortoimagenes/02_RGBI_8bits/G18B5_RGBI_8_Remesa_05.tif","G18B5_RGBI_8_Remesa_05.tif"
"https://visualizador.ide.uy/descargas/datos/CN_Remesa_05/02_Ortoimagenes/02_RGBI_8bits/G18B6_RGBI_8_Remesa_05.tif","G18B6_RGBI_8_Remesa_05.tif"
"https://visualizador.ide.uy/descargas/datos/CN_Remesa_05/02_Ortoimagenes/02_RGBI_8bits/G18C1_RGBI_8_Remesa_05.tif","G18C1_RGBI_8_Remesa_05.tif"
"https://visualizador.ide.uy/descargas/datos/CN_Remesa_05/02_Ortoimagenes/02_RGBI_8bits/G18C2_RGBI_8_Remesa_05.tif","G18C2_RGBI_8_Remesa_05.tif"
"https://visualizador.ide.uy/descargas/datos/CN_Remesa_05/02_Ortoimagenes/02_RGBI_8bits/G18C3_RGBI_8_Remesa_05.tif","G18C3_RGBI_8_Remesa_05.tif"
"https://visualizador.ide.uy/descargas/datos/CN_Remesa_05/02_Ortoimagenes/02_RGBI_8bits/G18C4_RGBI_8_Remesa_05.tif","G18C4_RGBI_8_Remesa_05.tif"
"https://visualizador.ide.uy/descargas/datos/CN_Remesa_05/02_Ortoimagenes/02_RGBI_8bits/G18C5_RGBI_8_Remesa_05.tif","G18C5_RGBI_8_Remesa_05.tif"
"https://visualizador.ide.uy/descargas/datos/CN_Remesa_05/02_Ortoimagenes/02_RGBI_8bits/G18C6_RGBI_8_Remesa_05.tif","G18C6_RGBI_8_Remesa_05.tif"
"https://visualizador.ide.uy/descargas/datos/CN_Remesa_05/02_Ortoimagenes/02_RGBI_8bits/G18D1_RGBI_8_Remesa_05.tif","G18D1_RGBI_8_Remesa_05.tif"
"https://visualizador.ide.uy/descargas/datos/CN_Remesa_05/02_Ortoimagenes/02_RGBI_8bits/G18D2_RGBI_8_Remesa_05.tif","G18D2_RGBI_8_Remesa_05.tif"
"https://visualizador.ide.uy/descargas/datos/CN_Remesa_05/02_Ortoimagenes/02_RGBI_8bits/G18D3_RGBI_8_Remesa_05.tif","G18D3_RGBI_8_Remesa_05.tif"
"https://visualizador.ide.uy/descargas/datos/CN_Remesa_05/02_Ortoimagenes/02_RGBI_8bits/G18D4_RGBI_8_Remesa_05.tif","G18D4_RGBI_8_Remesa_05.tif"
"https://visualizador.ide.uy/descargas/datos/CN_Remesa_05/02_Ortoimagenes/02_RGBI_8bits/G18D5_RGBI_8_Remesa_05.tif","G18D5_RGBI_8_Remesa_05.tif"
"https://visualizador.ide.uy/descargas/datos/CN_Remesa_05/02_Ortoimagenes/02_RGBI_8bits/G18D6_RGBI_8_Remesa_05.tif","G18D6_RGBI_8_Remesa_05.tif"
"https://visualizador.ide.uy/descargas/datos/CN_Remesa_05/02_Ortoimagenes/02_RGBI_8bits/G19A1_RGBI_8_Remesa_05.tif","G19A1_RGBI_8_Remesa_05.tif"
"https://visualizador.ide.uy/descargas/datos/CN_Remesa_05/02_Ortoimagenes/02_RGBI_8bits/G19A2_RGBI_8_Remesa_05.tif","G19A2_RGBI_8_Remesa_05.tif"
"https://visualizador.ide.uy/descargas/datos/CN_Remesa_05/02_Ortoimagenes/02_RGBI_8bits/G19A3_RGBI_8_Remesa_05.tif","G19A3_RGBI_8_Remesa_05.tif"
"https://visualizador.ide.uy/descargas/datos/CN_Remesa_05/02_Ortoimagenes/02_RGBI_8bits/G19A4_RGBI_8_Remesa_05.tif","G19A4_RGBI_8_Remesa_05.tif"
"https://visualizador.ide.uy/descargas/datos/CN_Remesa_05/02_Ortoimagenes/02_RGBI_8bits/G19A5_RGBI_8_Remesa_05.tif","G19A5_RGBI_8_Remesa_05.tif"
"https://visualizador.ide.uy/descargas/datos/CN_Remesa_05/02_Ortoimagenes/02_RGBI_8bits/G19A6_RGBI_8_Remesa_05.tif","G19A6_RGBI_8_Remesa_05.tif"
"https://visualizador.ide.uy/descargas/datos/CN_Remesa_05/02_Ortoimagenes/02_RGBI_8bits/G19B1_RGBI_8_Remesa_05.tif","G19B1_RGBI_8_Remesa_05.tif"
"https://visualizador.ide.uy/descargas/datos/CN_Remesa_05/02_Ortoimagenes/02_RGBI_8bits/G19B2_RGBI_8_Remesa_05.tif","G19B2_RGBI_8_Remesa_05.tif"
"https://visualizador.ide.uy/descargas/datos/CN_Remesa_05/02_Ortoimagenes/02_RGBI_8bits/G19B3_RGBI_8_Remesa_05.tif","G19B3_RGBI_8_Remesa_05.tif"
"https://visualizador.ide.uy/descargas/datos/CN_Remesa_05/02_Ortoimagenes/02_RGBI_8bits/G19B4_RGBI_8_Remesa_05.tif","G19B4_RGBI_8_Remesa_05.tif"
"https://visualizador.ide.uy/descargas/datos/CN_Remesa_05/02_Ortoimagenes/02_RGBI_8bits/G19B5_RGBI_8_Remesa_05.tif","G19B5_RGBI_8_Remesa_05.tif"
"https://visualizador.ide.uy/descargas/datos/CN_Remesa_05/02_Ortoimagenes/02_RGBI_8bits/G19B6_RGBI_8_Remesa_05.tif","G19B6_RGBI_8_Remesa_05.tif"
"https://visualizador.ide.uy/descargas/datos/CN_Remesa_05/02_Ortoimagenes/02_RGBI_8bits/G19C1_RGBI_8_Remesa_05.tif","G19C1_RGBI_8_Remesa_05.tif"
"https://visualizador.ide.uy/descargas/datos/CN_Remesa_05/02_Ortoimagenes/02_RGBI_8bits/G19C2_RGBI_8_Remesa_05.tif","G19C2_RGBI_8_Remesa_05.tif"
"https://visualizador.ide.uy/descargas/datos/CN_Remesa_05/02_Ortoimagenes/02_RGBI_8bits/G19C3_RGBI_8_Remesa_05.tif","G19C3_RGBI_8_Remesa_05.tif"
"https://visualizador.ide.uy/descargas/datos/CN_Remesa_05/02_Ortoimagenes/02_RGBI_8bits/G19C4_RGBI_8_Remesa_05.tif","G19C4_RGBI_8_Remesa_05.tif"
"https://visualizador.ide.uy/descargas/datos/CN_Remesa_05/02_Ortoimagenes/02_RGBI_8bits/G19C5_RGBI_8_Remesa_05.tif","G19C5_RGBI_8_Remesa_05.tif"
"https://visualizador.ide.uy/descargas/datos/CN_Remesa_05/02_Ortoimagenes/02_RGBI_8bits/G19C6_RGBI_8_Remesa_05.tif","G19C6_RGBI_8_Remesa_05.tif"
"https://visualizador.ide.uy/descargas/datos/CN_Remesa_05/02_Ortoimagenes/02_RGBI_8bits/G19D1_RGBI_8_Remesa_05.tif","G19D1_RGBI_8_Remesa_05.tif"
"https://visualizador.ide.uy/descargas/datos/CN_Remesa_05/02_Ortoimagenes/02_RGBI_8bits/G19D2_RGBI_8_Remesa_05.tif","G19D2_RGBI_8_Remesa_05.tif"
"https://visualizador.ide.uy/descargas/datos/CN_Remesa_05/02_Ortoimagenes/02_RGBI_8bits/G19D3_RGBI_8_Remesa_05.tif","G19D3_RGBI_8_Remesa_05.tif"
"https://visualizador.ide.uy/descargas/datos/CN_Remesa_05/02_Ortoimagenes/02_RGBI_8bits/G19D4_RGBI_8_Remesa_05.tif","G19D4_RGBI_8_Remesa_05.tif"
"https://visualizador.ide.uy/descargas/datos/CN_Remesa_05/02_Ortoimagenes/02_RGBI_8bits/G19D5_RGBI_8_Remesa_05.tif","G19D5_RGBI_8_Remesa_05.tif"
"https://visualizador.ide.uy/descargas/datos/CN_Remesa_05/02_Ortoimagenes/02_RGBI_8bits/G19D6_RGBI_8_Remesa_05.tif","G19D6_RGBI_8_Remesa_05.tif"
"https://visualizador.ide.uy/descargas/datos/CN_Remesa_05/02_Ortoimagenes/02_RGBI_8bits/G20A1_RGBI_8_Remesa_05.tif","G20A1_RGBI_8_Remesa_05.tif"
"https://visualizador.ide.uy/descargas/datos/CN_Remesa_05/02_Ortoimagenes/02_RGBI_8bits/G20A2_RGBI_8_Remesa_05.tif","G20A2_RGBI_8_Remesa_05.tif"
"https://visualizador.ide.uy/descargas/datos/CN_Remesa_05/02_Ortoimagenes/02_RGBI_8bits/G20A3_RGBI_8_Remesa_05.tif","G20A3_RGBI_8_Remesa_05.tif"
"https://visualizador.ide.uy/descargas/datos/CN_Remesa_05/02_Ortoimagenes/02_RGBI_8bits/G20A4_RGBI_8_Remesa_05.tif","G20A4_RGBI_8_Remesa_05.tif"
"https://visualizador.ide.uy/descargas/datos/CN_Remesa_05/02_Ortoimagenes/02_RGBI_8bits/G20A5_RGBI_8_Remesa_05.tif","G20A5_RGBI_8_Remesa_05.tif"
"https://visualizador.ide.uy/descargas/datos/CN_Remesa_05/02_Ortoimagenes/02_RGBI_8bits/G20A6_RGBI_8_Remesa_05.tif","G20A6_RGBI_8_Remesa_05.tif"
"https://visualizador.ide.uy/descargas/datos/CN_Remesa_05/02_Ortoimagenes/02_RGBI_8bits/G20B1_RGBI_8_Remesa_05.tif","G20B1_RGBI_8_Remesa_05.tif"
"https://visualizador.ide.uy/descargas/datos/CN_Remesa_05/02_Ortoimagenes/02_RGBI_8bits/G20B2_RGBI_8_Remesa_05.tif","G20B2_RGBI_8_Remesa_05.tif"
"https://visualizador.ide.uy/descargas/datos/CN_Remesa_05/02_Ortoimagenes/02_RGBI_8bits/G20B3_RGBI_8_Remesa_05.tif","G20B3_RGBI_8_Remesa_05.tif"
"https://visualizador.ide.uy/descargas/datos/CN_Remesa_05/02_Ortoimagenes/02_RGBI_8bits/G20B4_RGBI_8_Remesa_05.tif","G20B4_RGBI_8_Remesa_05.tif"
"https://visualizador.ide.uy/descargas/datos/CN_Remesa_05/02_Ortoimagenes/02_RGBI_8bits/G20B5_RGBI_8_Remesa_05.tif","G20B5_RGBI_8_Remesa_05.tif"
"https://visualizador.ide.uy/descargas/datos/CN_Remesa_05/02_Ortoimagenes/02_RGBI_8bits/G20B6_RGBI_8_Remesa_05.tif","G20B6_RGBI_8_Remesa_05.tif"
"https://visualizador.ide.uy/descargas/datos/CN_Remesa_05/02_Ortoimagenes/02_RGBI_8bits/G20C1_RGBI_8_Remesa_05.tif","G20C1_RGBI_8_Remesa_05.tif"
"https://visualizador.ide.uy/descargas/datos/CN_Remesa_05/02_Ortoimagenes/02_RGBI_8bits/G20C2_RGBI_8_Remesa_05.tif","G20C2_RGBI_8_Remesa_05.tif"
"https://visualizador.ide.uy/descargas/datos/CN_Remesa_05/02_Ortoimagenes/02_RGBI_8bits/G20C3_RGBI_8_Remesa_05.tif","G20C3_RGBI_8_Remesa_05.tif"
"https://visualizador.ide.uy/descargas/datos/CN_Remesa_05/02_Ortoimagenes/02_RGBI_8bits/G20C4_RGBI_8_Remesa_05.tif","G20C4_RGBI_8_Remesa_05.tif"
"https://visualizador.ide.uy/descargas/datos/CN_Remesa_05/02_Ortoimagenes/02_RGBI_8bits/G20C5_RGBI_8_Remesa_05.tif","G20C5_RGBI_8_Remesa_05.tif"
"https://visualizador.ide.uy/descargas/datos/CN_Remesa_05/02_Ortoimagenes/02_RGBI_8bits/G20C6_RGBI_8_Remesa_05.tif","G20C6_RGBI_8_Remesa_05.tif"
"https://visualizador.ide.uy/descargas/datos/CN_Remesa_05/02_Ortoimagenes/02_RGBI_8bits/G20D1_RGBI_8_Remesa_05.tif","G20D1_RGBI_8_Remesa_05.tif"
"https://visualizador.ide.uy/descargas/datos/CN_Remesa_05/02_Ortoimagenes/02_RGBI_8bits/G20D2_RGBI_8_Remesa_05.tif","G20D2_RGBI_8_Remesa_05.tif"
"https://visualizador.ide.uy/descargas/datos/CN_Remesa_05/02_Ortoimagenes/02_RGBI_8bits/G20D3_RGBI_8_Remesa_05.tif","G20D3_RGBI_8_Remesa_05.tif"
"https://visualizador.ide.uy/descargas/datos/CN_Remesa_05/02_Ortoimagenes/02_RGBI_8bits/G20D4_RGBI_8_Remesa_05.tif","G20D4_RGBI_8_Remesa_05.tif"
"https://visualizador.ide.uy/descargas/datos/CN_Remesa_05/02_Ortoimagenes/02_RGBI_8bits/G20D5_RGBI_8_Remesa_05.tif","G20D5_RGBI_8_Remesa_05.tif"
"https://visualizador.ide.uy/descargas/datos/CN_Remesa_05/02_Ortoimagenes/02_RGBI_8bits/G20D6_RGBI_8_Remesa_05.tif","G20D6_RGBI_8_Remesa_05.tif"
"https://visualizador.ide.uy/descargas/datos/CN_Remesa_05/02_Ortoimagenes/02_RGBI_8bits/G21A1_RGBI_8_Remesa_05.tif","G21A1_RGBI_8_Remesa_05.tif"
"https://visualizador.ide.uy/descargas/datos/CN_Remesa_05/02_Ortoimagenes/02_RGBI_8bits/G21A2_RGBI_8_Remesa_05.tif","G21A2_RGBI_8_Remesa_05.tif"
"https://visualizador.ide.uy/descargas/datos/CN_Remesa_05/02_Ortoimagenes/02_RGBI_8bits/G21A3_RGBI_8_Remesa_05.tif","G21A3_RGBI_8_Remesa_05.tif"
"https://visualizador.ide.uy/descargas/datos/CN_Remesa_05/02_Ortoimagenes/02_RGBI_8bits/G21A4_RGBI_8_Remesa_05.tif","G21A4_RGBI_8_Remesa_05.tif"
"https://visualizador.ide.uy/descargas/datos/CN_Remesa_05/02_Ortoimagenes/02_RGBI_8bits/G21A5_RGBI_8_Remesa_05.tif","G21A5_RGBI_8_Remesa_05.tif"
"https://visualizador.ide.uy/descargas/datos/CN_Remesa_05/02_Ortoimagenes/02_RGBI_8bits/G21A6_RGBI_8_Remesa_05.tif","G21A6_RGBI_8_Remesa_05.tif"
"https://visualizador.ide.uy/descargas/datos/CN_Remesa_05/02_Ortoimagenes/02_RGBI_8bits/G21B1_RGBI_8_Remesa_05.tif","G21B1_RGBI_8_Remesa_05.tif"
"https://visualizador.ide.uy/descargas/datos/CN_Remesa_05/02_Ortoimagenes/02_RGBI_8bits/G21B2_RGBI_8_Remesa_05.tif","G21B2_RGBI_8_Remesa_05.tif"
"https://visualizador.ide.uy/descargas/datos/CN_Remesa_05/02_Ortoimagenes/02_RGBI_8bits/G21B3_RGBI_8_Remesa_05.tif","G21B3_RGBI_8_Remesa_05.tif"
"https://visualizador.ide.uy/descargas/datos/CN_Remesa_05/02_Ortoimagenes/02_RGBI_8bits/G21B4_RGBI_8_Remesa_05.tif","G21B4_RGBI_8_Remesa_05.tif"
"https://visualizador.ide.uy/descargas/datos/CN_Remesa_05/02_Ortoimagenes/02_RGBI_8bits/G21B5_RGBI_8_Remesa_05.tif","G21B5_RGBI_8_Remesa_05.tif"
"https://visualizador.ide.uy/descargas/datos/CN_Remesa_05/02_Ortoimagenes/02_RGBI_8bits/G21B6_RGBI_8_Remesa_05.tif","G21B6_RGBI_8_Remesa_05.tif"
"https://visualizador.ide.uy/descargas/datos/CN_Remesa_05/02_Ortoimagenes/02_RGBI_8bits/G21C1_RGBI_8_Remesa_05.tif","G21C1_RGBI_8_Remesa_05.tif"
"https://visualizador.ide.uy/descargas/datos/CN_Remesa_05/02_Ortoimagenes/02_RGBI_8bits/G21C2_RGBI_8_Remesa_05.tif","G21C2_RGBI_8_Remesa_05.tif"
"https://visualizador.ide.uy/descargas/datos/CN_Remesa_05/02_Ortoimagenes/02_RGBI_8bits/G21C3_RGBI_8_Remesa_05.tif","G21C3_RGBI_8_Remesa_05.tif"
"https://visualizador.ide.uy/descargas/datos/CN_Remesa_05/02_Ortoimagenes/02_RGBI_8bits/G21C4_RGBI_8_Remesa_05.tif","G21C4_RGBI_8_Remesa_05.tif"
"https://visualizador.ide.uy/descargas/datos/CN_Remesa_05/02_Ortoimagenes/02_RGBI_8bits/G21C5_RGBI_8_Remesa_05.tif","G21C5_RGBI_8_Remesa_05.tif"
"https://visualizador.ide.uy/descargas/datos/CN_Remesa_05/02_Ortoimagenes/02_RGBI_8bits/G21C6_RGBI_8_Remesa_05.tif","G21C6_RGBI_8_Remesa_05.tif"
"https://visualizador.ide.uy/descargas/datos/CN_Remesa_05/02_Ortoimagenes/02_RGBI_8bits/G21D1_RGBI_8_Remesa_05.tif","G21D1_RGBI_8_Remesa_05.tif"
"https://visualizador.ide.uy/descargas/datos/CN_Remesa_05/02_Ortoimagenes/02_RGBI_8bits/G21D2_RGBI_8_Remesa_05.tif","G21D2_RGBI_8_Remesa_05.tif"
"https://visualizador.ide.uy/descargas/datos/CN_Remesa_05/02_Ortoimagenes/02_RGBI_8bits/G21D3_RGBI_8_Remesa_05.tif","G21D3_RGBI_8_Remesa_05.tif"
"https://visualizador.ide.uy/descargas/datos/CN_Remesa_05/02_Ortoimagenes/02_RGBI_8bits/G21D4_RGBI_8_Remesa_05.tif","G21D4_RGBI_8_Remesa_05.tif"
"https://visualizador.ide.uy/descargas/datos/CN_Remesa_05/02_Ortoimagenes/02_RGBI_8bits/G21D5_RGBI_8_Remesa_05.tif","G21D5_RGBI_8_Remesa_05.tif"
"https://visualizador.ide.uy/descargas/datos/CN_Remesa_05/02_Ortoimagenes/02_RGBI_8bits/G21D6_RGBI_8_Remesa_05.tif","G21D6_RGBI_8_Remesa_05.tif"
"https://visualizador.ide.uy/descargas/datos/CN_Remesa_05/02_Ortoimagenes/02_RGBI_8bits/G22A1_RGBI_8_Remesa_05.tif","G22A1_RGBI_8_Remesa_05.tif"
"https://visualizador.ide.uy/descargas/datos/CN_Remesa_05/02_Ortoimagenes/02_RGBI_8bits/G22A2_RGBI_8_Remesa_05.tif","G22A2_RGBI_8_Remesa_05.tif"
"https://visualizador.ide.uy/descargas/datos/CN_Remesa_05/02_Ortoimagenes/02_RGBI_8bits/G22A3_RGBI_8_Remesa_05.tif","G22A3_RGBI_8_Remesa_05.tif"
"https://visualizador.ide.uy/descargas/datos/CN_Remesa_05/02_Ortoimagenes/02_RGBI_8bits/G22A4_RGBI_8_Remesa_05.tif","G22A4_RGBI_8_Remesa_05.tif"
"https://visualizador.ide.uy/descargas/datos/CN_Remesa_05/02_Ortoimagenes/02_RGBI_8bits/G22A5_RGBI_8_Remesa_05.tif","G22A5_RGBI_8_Remesa_05.tif"
"https://visualizador.ide.uy/descargas/datos/CN_Remesa_05/02_Ortoimagenes/02_RGBI_8bits/G22A6_RGBI_8_Remesa_05.tif","G22A6_RGBI_8_Remesa_05.tif"
"https://visualizador.ide.uy/descargas/datos/CN_Remesa_05/02_Ortoimagenes/02_RGBI_8bits/G22B1_RGBI_8_Remesa_05.tif","G22B1_RGBI_8_Remesa_05.tif"
"https://visualizador.ide.uy/descargas/datos/CN_Remesa_05/02_Ortoimagenes/02_RGBI_8bits/G22B2_RGBI_8_Remesa_05.tif","G22B2_RGBI_8_Remesa_05.tif"
"https://visualizador.ide.uy/descargas/datos/CN_Remesa_05/02_Ortoimagenes/02_RGBI_8bits/G22B3_RGBI_8_Remesa_05.tif","G22B3_RGBI_8_Remesa_05.tif"
"https://visualizador.ide.uy/descargas/datos/CN_Remesa_05/02_Ortoimagenes/02_RGBI_8bits/G22B4_RGBI_8_Remesa_05.tif","G22B4_RGBI_8_Remesa_05.tif"
"https://visualizador.ide.uy/descargas/datos/CN_Remesa_05/02_Ortoimagenes/02_RGBI_8bits/G22B5_RGBI_8_Remesa_05.tif","G22B5_RGBI_8_Remesa_05.tif"
"https://visualizador.ide.uy/descargas/datos/CN_Remesa_05/02_Ortoimagenes/02_RGBI_8bits/G22B6_RGBI_8_Remesa_05.tif","G22B6_RGBI_8_Remesa_05.tif"
"https://visualizador.ide.uy/descargas/datos/CN_Remesa_05/02_Ortoimagenes/02_RGBI_8bits/G22C1_RGBI_8_Remesa_05.tif","G22C1_RGBI_8_Remesa_05.tif"
"https://visualizador.ide.uy/descargas/datos/CN_Remesa_05/02_Ortoimagenes/02_RGBI_8bits/G22C2_RGBI_8_Remesa_05.tif","G22C2_RGBI_8_Remesa_05.tif"
"https://visualizador.ide.uy/descargas/datos/CN_Remesa_05/02_Ortoimagenes/02_RGBI_8bits/G22C3_RGBI_8_Remesa_05.tif","G22C3_RGBI_8_Remesa_05.tif"
"https://visualizador.ide.uy/descargas/datos/CN_Remesa_05/02_Ortoimagenes/02_RGBI_8bits/G22C4_RGBI_8_Remesa_05.tif","G22C4_RGBI_8_Remesa_05.tif"
"https://visualizador.ide.uy/descargas/datos/CN_Remesa_05/02_Ortoimagenes/02_RGBI_8bits/G22C5_RGBI_8_Remesa_05.tif","G22C5_RGBI_8_Remesa_05.tif"
"https://visualizador.ide.uy/descargas/datos/CN_Remesa_05/02_Ortoimagenes/02_RGBI_8bits/G22C6_RGBI_8_Remesa_05.tif","G22C6_RGBI_8_Remesa_05.tif"
"https://visualizador.ide.uy/descargas/datos/CN_Remesa_05/02_Ortoimagenes/02_RGBI_8bits/G22D1_RGBI_8_Remesa_05.tif","G22D1_RGBI_8_Remesa_05.tif"
"https://visualizador.ide.uy/descargas/datos/CN_Remesa_05/02_Ortoimagenes/02_RGBI_8bits/G22D2_RGBI_8_Remesa_05.tif","G22D2_RGBI_8_Remesa_05.tif"
"https://visualizador.ide.uy/descargas/datos/CN_Remesa_05/02_Ortoimagenes/02_RGBI_8bits/G22D3_RGBI_8_Remesa_05.tif","G22D3_RGBI_8_Remesa_05.tif"
"https://visualizador.ide.uy/descargas/datos/CN_Remesa_05/02_Ortoimagenes/02_RGBI_8bits/G22D4_RGBI_8_Remesa_05.tif","G22D4_RGBI_8_Remesa_05.tif"
"https://visualizador.ide.uy/descargas/datos/CN_Remesa_05/02_Ortoimagenes/02_RGBI_8bits/G22D5_RGBI_8_Remesa_05.tif","G22D5_RGBI_8_Remesa_05.tif"
"https://visualizador.ide.uy/descargas/datos/CN_Remesa_05/02_Ortoimagenes/02_RGBI_8bits/G22D6_RGBI_8_Remesa_05.tif","G22D6_RGBI_8_Remesa_05.tif"
"https://visualizador.ide.uy/descargas/datos/CN_Remesa_05/02_Ortoimagenes/02_RGBI_8bits/G23A1_RGBI_8_Remesa_05.tif","G23A1_RGBI_8_Remesa_05.tif"
"https://visualizador.ide.uy/descargas/datos/CN_Remesa_05/02_Ortoimagenes/02_RGBI_8bits/G23A2_RGBI_8_Remesa_05.tif","G23A2_RGBI_8_Remesa_05.tif"
"https://visualizador.ide.uy/descargas/datos/CN_Remesa_05/02_Ortoimagenes/02_RGBI_8bits/G23A3_RGBI_8_Remesa_05.tif","G23A3_RGBI_8_Remesa_05.tif"
"https://visualizador.ide.uy/descargas/datos/CN_Remesa_05/02_Ortoimagenes/02_RGBI_8bits/G23A4_RGBI_8_Remesa_05.tif","G23A4_RGBI_8_Remesa_05.tif"
"https://visualizador.ide.uy/descargas/datos/CN_Remesa_05/02_Ortoimagenes/02_RGBI_8bits/G23A5_RGBI_8_Remesa_05.tif","G23A5_RGBI_8_Remesa_05.tif"
"https://visualizador.ide.uy/descargas/datos/CN_Remesa_05/02_Ortoimagenes/02_RGBI_8bits/G23A6_RGBI_8_Remesa_05.tif","G23A6_RGBI_8_Remesa_05.tif"
"https://visualizador.ide.uy/descargas/datos/CN_Remesa_05/02_Ortoimagenes/02_RGBI_8bits/G23B1_RGBI_8_Remesa_05.tif","G23B1_RGBI_8_Remesa_05.tif"
"https://visualizador.ide.uy/descargas/datos/CN_Remesa_05/02_Ortoimagenes/02_RGBI_8bits/G23B2_RGBI_8_Remesa_05.tif","G23B2_RGBI_8_Remesa_05.tif"
"https://visualizador.ide.uy/descargas/datos/CN_Remesa_05/02_Ortoimagenes/02_RGBI_8bits/G23B3_RGBI_8_Remesa_05.tif","G23B3_RGBI_8_Remesa_05.tif"
"https://visualizador.ide.uy/descargas/datos/CN_Remesa_05/02_Ortoimagenes/02_RGBI_8bits/G23B4_RGBI_8_Remesa_05.tif","G23B4_RGBI_8_Remesa_05.tif"
"https://visualizador.ide.uy/descargas/datos/CN_Remesa_05/02_Ortoimagenes/02_RGBI_8bits/G23B5_RGBI_8_Remesa_05.tif","G23B5_RGBI_8_Remesa_05.tif"
"https://visualizador.ide.uy/descargas/datos/CN_Remesa_05/02_Ortoimagenes/02_RGBI_8bits/G23B6_RGBI_8_Remesa_05.tif","G23B6_RGBI_8_Remesa_05.tif"
"https://visualizador.ide.uy/descargas/datos/CN_Remesa_05/02_Ortoimagenes/02_RGBI_8bits/G23C1_RGBI_8_Remesa_05.tif","G23C1_RGBI_8_Remesa_05.tif"
"https://visualizador.ide.uy/descargas/datos/CN_Remesa_05/02_Ortoimagenes/02_RGBI_8bits/G23C2_RGBI_8_Remesa_05.tif","G23C2_RGBI_8_Remesa_05.tif"
"https://visualizador.ide.uy/descargas/datos/CN_Remesa_05/02_Ortoimagenes/02_RGBI_8bits/G23C3_RGBI_8_Remesa_05.tif","G23C3_RGBI_8_Remesa_05.tif"
"https://visualizador.ide.uy/descargas/datos/CN_Remesa_05/02_Ortoimagenes/02_RGBI_8bits/G23C4_RGBI_8_Remesa_05.tif","G23C4_RGBI_8_Remesa_05.tif"
"https://visualizador.ide.uy/descargas/datos/CN_Remesa_05/02_Ortoimagenes/02_RGBI_8bits/G23C5_RGBI_8_Remesa_05.tif","G23C5_RGBI_8_Remesa_05.tif"
"https://visualizador.ide.uy/descargas/datos/CN_Remesa_05/02_Ortoimagenes/02_RGBI_8bits/G23C6_RGBI_8_Remesa_05.tif","G23C6_RGBI_8_Remesa_05.tif"
"https://visualizador.ide.uy/descargas/datos/CN_Remesa_05/02_Ortoimagenes/02_RGBI_8bits/G23D1_RGBI_8_Remesa_05.tif","G23D1_RGBI_8_Remesa_05.tif"
"https://visualizador.ide.uy/descargas/datos/CN_Remesa_05/02_Ortoimagenes/02_RGBI_8bits/G23D2_RGBI_8_Remesa_05.tif","G23D2_RGBI_8_Remesa_05.tif"
"https://visualizador.ide.uy/descargas/datos/CN_Remesa_05/02_Ortoimagenes/02_RGBI_8bits/G23D3_RGBI_8_Remesa_05.tif","G23D3_RGBI_8_Remesa_05.tif"
"https://visualizador.ide.uy/descargas/datos/CN_Remesa_05/02_Ortoimagenes/02_RGBI_8bits/G23D4_RGBI_8_Remesa_05.tif","G23D4_RGBI_8_Remesa_05.tif"
"https://visualizador.ide.uy/descargas/datos/CN_Remesa_05/02_Ortoimagenes/02_RGBI_8bits/G23D5_RGBI_8_Remesa_05.tif","G23D5_RGBI_8_Remesa_05.tif"
"https://visualizador.ide.uy/descargas/datos/CN_Remesa_05/02_Ortoimagenes/02_RGBI_8bits/G23D6_RGBI_8_Remesa_05.tif","G23D6_RGBI_8_Remesa_05.tif"
"https://visualizador.ide.uy/descargas/datos/CN_Remesa_05/02_Ortoimagenes/02_RGBI_8bits/G24A3_RGBI_8_Remesa_05.tif","G24A3_RGBI_8_Remesa_05.tif"
"https://visualizador.ide.uy/descargas/datos/CN_Remesa_05/02_Ortoimagenes/02_RGBI_8bits/G24B1_RGBI_8_Remesa_05.tif","G24B1_RGBI_8_Remesa_05.tif"
"https://visualizador.ide.uy/descargas/datos/CN_Remesa_05/02_Ortoimagenes/02_RGBI_8bits/G24B2_RGBI_8_Remesa_05.tif","G24B2_RGBI_8_Remesa_05.tif"
"https://visualizador.ide.uy/descargas/datos/CN_Remesa_05/02_Ortoimagenes/02_RGBI_8bits/G24B3_RGBI_8_Remesa_05.tif","G24B3_RGBI_8_Remesa_05.tif"
"https://visualizador.ide.uy/descargas/datos/CN_Remesa_05/02_Ortoimagenes/02_RGBI_8bits/G24B4_RGBI_8_Remesa_05.tif","G24B4_RGBI_8_Remesa_05.tif"
"https://visualizador.ide.uy/descargas/datos/CN_Remesa_05/02_Ortoimagenes/02_RGBI_8bits/G24B5_RGBI_8_Remesa_05.tif","G24B5_RGBI_8_Remesa_05.tif"
"https://visualizador.ide.uy/descargas/datos/CN_Remesa_05/02_Ortoimagenes/02_RGBI_8bits/G24B6_RGBI_8_Remesa_05.tif","G24B6_RGBI_8_Remesa_05.tif"
"https://visualizador.ide.uy/descargas/datos/CN_Remesa_05/02_Ortoimagenes/02_RGBI_8bits/G24D1_RGBI_8_Remesa_05.tif","G24D1_RGBI_8_Remesa_05.tif"
"https://visualizador.ide.uy/descargas/datos/CN_Remesa_05/02_Ortoimagenes/02_RGBI_8bits/G24D2_RGBI_8_Remesa_05.tif","G24D2_RGBI_8_Remesa_05.tif"
"https://visualizador.ide.uy/descargas/datos/CN_Remesa_05/02_Ortoimagenes/02_RGBI_8bits/G24D3_RGBI_8_Remesa_05.tif","G24D3_RGBI_8_Remesa_05.tif"
"https://visualizador.ide.uy/descargas/datos/CN_Remesa_05/02_Ortoimagenes/02_RGBI_8bits/H16C1_RGBI_8_Remesa_05.tif","H16C1_RGBI_8_Remesa_05.tif"
"https://visualizador.ide.uy/descargas/datos/CN_Remesa_05/02_Ortoimagenes/02_RGBI_8bits/H16C2_RGBI_8_Remesa_05.tif","H16C2_RGBI_8_Remesa_05.tif"
"https://visualizador.ide.uy/descargas/datos/CN_Remesa_05/02_Ortoimagenes/02_RGBI_8bits/H16C3_RGBI_8_Remesa_05.tif","H16C3_RGBI_8_Remesa_05.tif"
"https://visualizador.ide.uy/descargas/datos/CN_Remesa_05/02_Ortoimagenes/02_RGBI_8bits/H16C4_RGBI_8_Remesa_05.tif","H16C4_RGBI_8_Remesa_05.tif"
"https://visualizador.ide.uy/descargas/datos/CN_Remesa_05/02_Ortoimagenes/02_RGBI_8bits/H16C5_RGBI_8_Remesa_05.tif","H16C5_RGBI_8_Remesa_05.tif"
"https://visualizador.ide.uy/descargas/datos/CN_Remesa_05/02_Ortoimagenes/02_RGBI_8bits/H16C6_RGBI_8_Remesa_05.tif","H16C6_RGBI_8_Remesa_05.tif"
"https://visualizador.ide.uy/descargas/datos/CN_Remesa_05/02_Ortoimagenes/02_RGBI_8bits/H16D1_RGBI_8_Remesa_05.tif","H16D1_RGBI_8_Remesa_05.tif"
"https://visualizador.ide.uy/descargas/datos/CN_Remesa_05/02_Ortoimagenes/02_RGBI_8bits/H16D2_RGBI_8_Remesa_05.tif","H16D2_RGBI_8_Remesa_05.tif"
"https://visualizador.ide.uy/descargas/datos/CN_Remesa_05/02_Ortoimagenes/02_RGBI_8bits/H16D3_RGBI_8_Remesa_05.tif","H16D3_RGBI_8_Remesa_05.tif"
"https://visualizador.ide.uy/descargas/datos/CN_Remesa_05/02_Ortoimagenes/02_RGBI_8bits/H16D4_RGBI_8_Remesa_05.tif","H16D4_RGBI_8_Remesa_05.tif"
"https://visualizador.ide.uy/descargas/datos/CN_Remesa_05/02_Ortoimagenes/02_RGBI_8bits/H16D5_RGBI_8_Remesa_05.tif","H16D5_RGBI_8_Remesa_05.tif"
"https://visualizador.ide.uy/descargas/datos/CN_Remesa_05/02_Ortoimagenes/02_RGBI_8bits/H16D6_RGBI_8_Remesa_05.tif","H16D6_RGBI_8_Remesa_05.tif"
"https://visualizador.ide.uy/descargas/datos/CN_Remesa_05/02_Ortoimagenes/02_RGBI_8bits/H17A1_RGBI_8_Remesa_05.tif","H17A1_RGBI_8_Remesa_05.tif"
"https://visualizador.ide.uy/descargas/datos/CN_Remesa_05/02_Ortoimagenes/02_RGBI_8bits/H17A2_RGBI_8_Remesa_05.tif","H17A2_RGBI_8_Remesa_05.tif"
"https://visualizador.ide.uy/descargas/datos/CN_Remesa_05/02_Ortoimagenes/02_RGBI_8bits/H17A3_RGBI_8_Remesa_05.tif","H17A3_RGBI_8_Remesa_05.tif"
"https://visualizador.ide.uy/descargas/datos/CN_Remesa_05/02_Ortoimagenes/02_RGBI_8bits/H17A4_RGBI_8_Remesa_05.tif","H17A4_RGBI_8_Remesa_05.tif"
"https://visualizador.ide.uy/descargas/datos/CN_Remesa_05/02_Ortoimagenes/02_RGBI_8bits/H17A5_RGBI_8_Remesa_05.tif","H17A5_RGBI_8_Remesa_05.tif"
"https://visualizador.ide.uy/descargas/datos/CN_Remesa_05/02_Ortoimagenes/02_RGBI_8bits/H17A6_RGBI_8_Remesa_05.tif","H17A6_RGBI_8_Remesa_05.tif"
"https://visualizador.ide.uy/descargas/datos/CN_Remesa_05/02_Ortoimagenes/02_RGBI_8bits/H17B1_RGBI_8_Remesa_05.tif","H17B1_RGBI_8_Remesa_05.tif"
"https://visualizador.ide.uy/descargas/datos/CN_Remesa_05/02_Ortoimagenes/02_RGBI_8bits/H17B2_RGBI_8_Remesa_05.tif","H17B2_RGBI_8_Remesa_05.tif"
"https://visualizador.ide.uy/descargas/datos/CN_Remesa_05/02_Ortoimagenes/02_RGBI_8bits/H17B3_RGBI_8_Remesa_05.tif","H17B3_RGBI_8_Remesa_05.tif"
"https://visualizador.ide.uy/descargas/datos/CN_Remesa_05/02_Ortoimagenes/02_RGBI_8bits/H17B4_RGBI_8_Remesa_05.tif","H17B4_RGBI_8_Remesa_05.tif"
"https://visualizador.ide.uy/descargas/datos/CN_Remesa_05/02_Ortoimagenes/02_RGBI_8bits/H17B5_RGBI_8_Remesa_05.tif","H17B5_RGBI_8_Remesa_05.tif"
"https://visualizador.ide.uy/descargas/datos/CN_Remesa_05/02_Ortoimagenes/02_RGBI_8bits/H17B6_RGBI_8_Remesa_05.tif","H17B6_RGBI_8_Remesa_05.tif"
"https://visualizador.ide.uy/descargas/datos/CN_Remesa_05/02_Ortoimagenes/02_RGBI_8bits/H17C1_RGBI_8_Remesa_05.tif","H17C1_RGBI_8_Remesa_05.tif"
"https://visualizador.ide.uy/descargas/datos/CN_Remesa_05/02_Ortoimagenes/02_RGBI_8bits/H17C2_RGBI_8_Remesa_05.tif","H17C2_RGBI_8_Remesa_05.tif"
"https://visualizador.ide.uy/descargas/datos/CN_Remesa_05/02_Ortoimagenes/02_RGBI_8bits/H17C3_RGBI_8_Remesa_05.tif","H17C3_RGBI_8_Remesa_05.tif"
"https://visualizador.ide.uy/descargas/datos/CN_Remesa_05/02_Ortoimagenes/02_RGBI_8bits/H17C4_RGBI_8_Remesa_05.tif","H17C4_RGBI_8_Remesa_05.tif"
"https://visualizador.ide.uy/descargas/datos/CN_Remesa_05/02_Ortoimagenes/02_RGBI_8bits/H17C5_RGBI_8_Remesa_05.tif","H17C5_RGBI_8_Remesa_05.tif"
"https://visualizador.ide.uy/descargas/datos/CN_Remesa_05/02_Ortoimagenes/02_RGBI_8bits/H17C6_RGBI_8_Remesa_05.tif","H17C6_RGBI_8_Remesa_05.tif"
"https://visualizador.ide.uy/descargas/datos/CN_Remesa_05/02_Ortoimagenes/02_RGBI_8bits/H17D1_RGBI_8_Remesa_05.tif","H17D1_RGBI_8_Remesa_05.tif"
"https://visualizador.ide.uy/descargas/datos/CN_Remesa_05/02_Ortoimagenes/02_RGBI_8bits/H17D2_RGBI_8_Remesa_05.tif","H17D2_RGBI_8_Remesa_05.tif"
"https://visualizador.ide.uy/descargas/datos/CN_Remesa_05/02_Ortoimagenes/02_RGBI_8bits/H17D3_RGBI_8_Remesa_05.tif","H17D3_RGBI_8_Remesa_05.tif"
"https://visualizador.ide.uy/descargas/datos/CN_Remesa_05/02_Ortoimagenes/02_RGBI_8bits/H17D4_RGBI_8_Remesa_05.tif","H17D4_RGBI_8_Remesa_05.tif"
"https://visualizador.ide.uy/descargas/datos/CN_Remesa_05/02_Ortoimagenes/02_RGBI_8bits/H17D5_RGBI_8_Remesa_05.tif","H17D5_RGBI_8_Remesa_05.tif"
"https://visualizador.ide.uy/descargas/datos/CN_Remesa_05/02_Ortoimagenes/02_RGBI_8bits/H17D6_RGBI_8_Remesa_05.tif","H17D6_RGBI_8_Remesa_05.tif"
"https://visualizador.ide.uy/descargas/datos/CN_Remesa_05/02_Ortoimagenes/02_RGBI_8bits/H18A1_RGBI_8_Remesa_05.tif","H18A1_RGBI_8_Remesa_05.tif"
"https://visualizador.ide.uy/descargas/datos/CN_Remesa_05/02_Ortoimagenes/02_RGBI_8bits/H18A2_RGBI_8_Remesa_05.tif","H18A2_RGBI_8_Remesa_05.tif"
"https://visualizador.ide.uy/descargas/datos/CN_Remesa_05/02_Ortoimagenes/02_RGBI_8bits/H18A3_RGBI_8_Remesa_05.tif","H18A3_RGBI_8_Remesa_05.tif"
"https://visualizador.ide.uy/descargas/datos/CN_Remesa_05/02_Ortoimagenes/02_RGBI_8bits/H18A4_RGBI_8_Remesa_05.tif","H18A4_RGBI_8_Remesa_05.tif"
"https://visualizador.ide.uy/descargas/datos/CN_Remesa_05/02_Ortoimagenes/02_RGBI_8bits/H18A5_RGBI_8_Remesa_05.tif","H18A5_RGBI_8_Remesa_05.tif"
"https://visualizador.ide.uy/descargas/datos/CN_Remesa_05/02_Ortoimagenes/02_RGBI_8bits/H18A6_RGBI_8_Remesa_05.tif","H18A6_RGBI_8_Remesa_05.tif"
"https://visualizador.ide.uy/descargas/datos/CN_Remesa_05/02_Ortoimagenes/02_RGBI_8bits/H18B1_RGBI_8_Remesa_05.tif","H18B1_RGBI_8_Remesa_05.tif"
"https://visualizador.ide.uy/descargas/datos/CN_Remesa_05/02_Ortoimagenes/02_RGBI_8bits/H18B2_RGBI_8_Remesa_05.tif","H18B2_RGBI_8_Remesa_05.tif"
"https://visualizador.ide.uy/descargas/datos/CN_Remesa_05/02_Ortoimagenes/02_RGBI_8bits/H18B3_RGBI_8_Remesa_05.tif","H18B3_RGBI_8_Remesa_05.tif"
"https://visualizador.ide.uy/descargas/datos/CN_Remesa_05/02_Ortoimagenes/02_RGBI_8bits/H18B4_RGBI_8_Remesa_05.tif","H18B4_RGBI_8_Remesa_05.tif"
"https://visualizador.ide.uy/descargas/datos/CN_Remesa_05/02_Ortoimagenes/02_RGBI_8bits/H18B5_RGBI_8_Remesa_05.tif","H18B5_RGBI_8_Remesa_05.tif"
"https://visualizador.ide.uy/descargas/datos/CN_Remesa_05/02_Ortoimagenes/02_RGBI_8bits/H18B6_RGBI_8_Remesa_05.tif","H18B6_RGBI_8_Remesa_05.tif"
"https://visualizador.ide.uy/descargas/datos/CN_Remesa_05/02_Ortoimagenes/02_RGBI_8bits/H18C1_RGBI_8_Remesa_05.tif","H18C1_RGBI_8_Remesa_05.tif"
"https://visualizador.ide.uy/descargas/datos/CN_Remesa_05/02_Ortoimagenes/02_RGBI_8bits/H18C2_RGBI_8_Remesa_05.tif","H18C2_RGBI_8_Remesa_05.tif"
"https://visualizador.ide.uy/descargas/datos/CN_Remesa_05/02_Ortoimagenes/02_RGBI_8bits/H18C3_RGBI_8_Remesa_05.tif","H18C3_RGBI_8_Remesa_05.tif"
"https://visualizador.ide.uy/descargas/datos/CN_Remesa_05/02_Ortoimagenes/02_RGBI_8bits/H18C4_RGBI_8_Remesa_05.tif","H18C4_RGBI_8_Remesa_05.tif"
"https://visualizador.ide.uy/descargas/datos/CN_Remesa_05/02_Ortoimagenes/02_RGBI_8bits/H18C5_RGBI_8_Remesa_05.tif","H18C5_RGBI_8_Remesa_05.tif"
"https://visualizador.ide.uy/descargas/datos/CN_Remesa_05/02_Ortoimagenes/02_RGBI_8bits/H18C6_RGBI_8_Remesa_05.tif","H18C6_RGBI_8_Remesa_05.tif"
"https://visualizador.ide.uy/descargas/datos/CN_Remesa_05/02_Ortoimagenes/02_RGBI_8bits/H18D1_RGBI_8_Remesa_05.tif","H18D1_RGBI_8_Remesa_05.tif"
"https://visualizador.ide.uy/descargas/datos/CN_Remesa_05/02_Ortoimagenes/02_RGBI_8bits/H18D2_RGBI_8_Remesa_05.tif","H18D2_RGBI_8_Remesa_05.tif"
"https://visualizador.ide.uy/descargas/datos/CN_Remesa_05/02_Ortoimagenes/02_RGBI_8bits/H18D3_RGBI_8_Remesa_05.tif","H18D3_RGBI_8_Remesa_05.tif"
"https://visualizador.ide.uy/descargas/datos/CN_Remesa_05/02_Ortoimagenes/02_RGBI_8bits/H18D4_RGBI_8_Remesa_05.tif","H18D4_RGBI_8_Remesa_05.tif"
"https://visualizador.ide.uy/descargas/datos/CN_Remesa_05/02_Ortoimagenes/02_RGBI_8bits/H18D5_RGBI_8_Remesa_05.tif","H18D5_RGBI_8_Remesa_05.tif"
"https://visualizador.ide.uy/descargas/datos/CN_Remesa_05/02_Ortoimagenes/02_RGBI_8bits/H18D6_RGBI_8_Remesa_05.tif","H18D6_RGBI_8_Remesa_05.tif"
"https://visualizador.ide.uy/descargas/datos/CN_Remesa_05/02_Ortoimagenes/02_RGBI_8bits/H19A1_RGBI_8_Remesa_05.tif","H19A1_RGBI_8_Remesa_05.tif"
"https://visualizador.ide.uy/descargas/datos/CN_Remesa_05/02_Ortoimagenes/02_RGBI_8bits/H19A2_RGBI_8_Remesa_05.tif","H19A2_RGBI_8_Remesa_05.tif"
"https://visualizador.ide.uy/descargas/datos/CN_Remesa_05/02_Ortoimagenes/02_RGBI_8bits/H19A3_RGBI_8_Remesa_05.tif","H19A3_RGBI_8_Remesa_05.tif"
"https://visualizador.ide.uy/descargas/datos/CN_Remesa_05/02_Ortoimagenes/02_RGBI_8bits/H19A4_RGBI_8_Remesa_05.tif","H19A4_RGBI_8_Remesa_05.tif"
"https://visualizador.ide.uy/descargas/datos/CN_Remesa_05/02_Ortoimagenes/02_RGBI_8bits/H19A5_RGBI_8_Remesa_05.tif","H19A5_RGBI_8_Remesa_05.tif"
"https://visualizador.ide.uy/descargas/datos/CN_Remesa_05/02_Ortoimagenes/02_RGBI_8bits/H19A6_RGBI_8_Remesa_05.tif","H19A6_RGBI_8_Remesa_05.tif"
"https://visualizador.ide.uy/descargas/datos/CN_Remesa_05/02_Ortoimagenes/02_RGBI_8bits/H19B1_RGBI_8_Remesa_05.tif","H19B1_RGBI_8_Remesa_05.tif"
"https://visualizador.ide.uy/descargas/datos/CN_Remesa_05/02_Ortoimagenes/02_RGBI_8bits/H19B2_RGBI_8_Remesa_05.tif","H19B2_RGBI_8_Remesa_05.tif"
"https://visualizador.ide.uy/descargas/datos/CN_Remesa_05/02_Ortoimagenes/02_RGBI_8bits/H19B3_RGBI_8_Remesa_05.tif","H19B3_RGBI_8_Remesa_05.tif"
"https://visualizador.ide.uy/descargas/datos/CN_Remesa_05/02_Ortoimagenes/02_RGBI_8bits/H19B4_RGBI_8_Remesa_05.tif","H19B4_RGBI_8_Remesa_05.tif"
"https://visualizador.ide.uy/descargas/datos/CN_Remesa_05/02_Ortoimagenes/02_RGBI_8bits/H19B5_RGBI_8_Remesa_05.tif","H19B5_RGBI_8_Remesa_05.tif"
"https://visualizador.ide.uy/descargas/datos/CN_Remesa_05/02_Ortoimagenes/02_RGBI_8bits/H19B6_RGBI_8_Remesa_05.tif","H19B6_RGBI_8_Remesa_05.tif"
"https://visualizador.ide.uy/descargas/datos/CN_Remesa_05/02_Ortoimagenes/02_RGBI_8bits/H19C1_RGBI_8_Remesa_05.tif","H19C1_RGBI_8_Remesa_05.tif"
"https://visualizador.ide.uy/descargas/datos/CN_Remesa_05/02_Ortoimagenes/02_RGBI_8bits/H19C2_RGBI_8_Remesa_05.tif","H19C2_RGBI_8_Remesa_05.tif"
"https://visualizador.ide.uy/descargas/datos/CN_Remesa_05/02_Ortoimagenes/02_RGBI_8bits/H19C3_RGBI_8_Remesa_05.tif","H19C3_RGBI_8_Remesa_05.tif"
"https://visualizador.ide.uy/descargas/datos/CN_Remesa_05/02_Ortoimagenes/02_RGBI_8bits/H19C4_RGBI_8_Remesa_05.tif","H19C4_RGBI_8_Remesa_05.tif"
"https://visualizador.ide.uy/descargas/datos/CN_Remesa_05/02_Ortoimagenes/02_RGBI_8bits/H19C5_RGBI_8_Remesa_05.tif","H19C5_RGBI_8_Remesa_05.tif"
"https://visualizador.ide.uy/descargas/datos/CN_Remesa_05/02_Ortoimagenes/02_RGBI_8bits/H19C6_RGBI_8_Remesa_05.tif","H19C6_RGBI_8_Remesa_05.tif"
"https://visualizador.ide.uy/descargas/datos/CN_Remesa_05/02_Ortoimagenes/02_RGBI_8bits/H19D1_RGBI_8_Remesa_05.tif","H19D1_RGBI_8_Remesa_05.tif"
"https://visualizador.ide.uy/descargas/datos/CN_Remesa_05/02_Ortoimagenes/02_RGBI_8bits/H19D2_RGBI_8_Remesa_05.tif","H19D2_RGBI_8_Remesa_05.tif"
"https://visualizador.ide.uy/descargas/datos/CN_Remesa_05/02_Ortoimagenes/02_RGBI_8bits/H19D3_RGBI_8_Remesa_05.tif","H19D3_RGBI_8_Remesa_05.tif"
"https://visualizador.ide.uy/descargas/datos/CN_Remesa_05/02_Ortoimagenes/02_RGBI_8bits/H19D4_RGBI_8_Remesa_05.tif","H19D4_RGBI_8_Remesa_05.tif"
"https://visualizador.ide.uy/descargas/datos/CN_Remesa_05/02_Ortoimagenes/02_RGBI_8bits/H19D5_RGBI_8_Remesa_05.tif","H19D5_RGBI_8_Remesa_05.tif"
"https://visualizador.ide.uy/descargas/datos/CN_Remesa_05/02_Ortoimagenes/02_RGBI_8bits/H19D6_RGBI_8_Remesa_05.tif","H19D6_RGBI_8_Remesa_05.tif"
"https://visualizador.ide.uy/descargas/datos/CN_Remesa_05/02_Ortoimagenes/02_RGBI_8bits/H20A1_RGBI_8_Remesa_05.tif","H20A1_RGBI_8_Remesa_05.tif"
"https://visualizador.ide.uy/descargas/datos/CN_Remesa_05/02_Ortoimagenes/02_RGBI_8bits/H20A2_RGBI_8_Remesa_05.tif","H20A2_RGBI_8_Remesa_05.tif"
"https://visualizador.ide.uy/descargas/datos/CN_Remesa_05/02_Ortoimagenes/02_RGBI_8bits/H20A3_RGBI_8_Remesa_05.tif","H20A3_RGBI_8_Remesa_05.tif"
"https://visualizador.ide.uy/descargas/datos/CN_Remesa_05/02_Ortoimagenes/02_RGBI_8bits/H20A4_RGBI_8_Remesa_05.tif","H20A4_RGBI_8_Remesa_05.tif"
"https://visualizador.ide.uy/descargas/datos/CN_Remesa_05/02_Ortoimagenes/02_RGBI_8bits/H20A5_RGBI_8_Remesa_05.tif","H20A5_RGBI_8_Remesa_05.tif"
"https://visualizador.ide.uy/descargas/datos/CN_Remesa_05/02_Ortoimagenes/02_RGBI_8bits/H20A6_RGBI_8_Remesa_05.tif","H20A6_RGBI_8_Remesa_05.tif"
"https://visualizador.ide.uy/descargas/datos/CN_Remesa_05/02_Ortoimagenes/02_RGBI_8bits/H20B1_RGBI_8_Remesa_05.tif","H20B1_RGBI_8_Remesa_05.tif"
"https://visualizador.ide.uy/descargas/datos/CN_Remesa_05/02_Ortoimagenes/02_RGBI_8bits/H20B2_RGBI_8_Remesa_05.tif","H20B2_RGBI_8_Remesa_05.tif"
"https://visualizador.ide.uy/descargas/datos/CN_Remesa_05/02_Ortoimagenes/02_RGBI_8bits/H20B3_RGBI_8_Remesa_05.tif","H20B3_RGBI_8_Remesa_05.tif"
"https://visualizador.ide.uy/descargas/datos/CN_Remesa_05/02_Ortoimagenes/02_RGBI_8bits/H20B4_RGBI_8_Remesa_05.tif","H20B4_RGBI_8_Remesa_05.tif"
"https://visualizador.ide.uy/descargas/datos/CN_Remesa_05/02_Ortoimagenes/02_RGBI_8bits/H20B5_RGBI_8_Remesa_05.tif","H20B5_RGBI_8_Remesa_05.tif"
"https://visualizador.ide.uy/descargas/datos/CN_Remesa_05/02_Ortoimagenes/02_RGBI_8bits/H20B6_RGBI_8_Remesa_05.tif","H20B6_RGBI_8_Remesa_05.tif"
"https://visualizador.ide.uy/descargas/datos/CN_Remesa_05/02_Ortoimagenes/02_RGBI_8bits/H20C1_RGBI_8_Remesa_05.tif","H20C1_RGBI_8_Remesa_05.tif"
"https://visualizador.ide.uy/descargas/datos/CN_Remesa_05/02_Ortoimagenes/02_RGBI_8bits/H20C2_RGBI_8_Remesa_05.tif","H20C2_RGBI_8_Remesa_05.tif"
"https://visualizador.ide.uy/descargas/datos/CN_Remesa_05/02_Ortoimagenes/02_RGBI_8bits/H20C3_RGBI_8_Remesa_05.tif","H20C3_RGBI_8_Remesa_05.tif"
"https://visualizador.ide.uy/descargas/datos/CN_Remesa_05/02_Ortoimagenes/02_RGBI_8bits/H20C4_RGBI_8_Remesa_05.tif","H20C4_RGBI_8_Remesa_05.tif"
"https://visualizador.ide.uy/descargas/datos/CN_Remesa_05/02_Ortoimagenes/02_RGBI_8bits/H20C5_RGBI_8_Remesa_05.tif","H20C5_RGBI_8_Remesa_05.tif"
"https://visualizador.ide.uy/descargas/datos/CN_Remesa_05/02_Ortoimagenes/02_RGBI_8bits/H20C6_RGBI_8_Remesa_05.tif","H20C6_RGBI_8_Remesa_05.tif"
"https://visualizador.ide.uy/descargas/datos/CN_Remesa_05/02_Ortoimagenes/02_RGBI_8bits/H20D1_RGBI_8_Remesa_05.tif","H20D1_RGBI_8_Remesa_05.tif"
"https://visualizador.ide.uy/descargas/datos/CN_Remesa_05/02_Ortoimagenes/02_RGBI_8bits/H20D2_RGBI_8_Remesa_05.tif","H20D2_RGBI_8_Remesa_05.tif"
"https://visualizador.ide.uy/descargas/datos/CN_Remesa_05/02_Ortoimagenes/02_RGBI_8bits/H20D3_RGBI_8_Remesa_05.tif","H20D3_RGBI_8_Remesa_05.tif"
"https://visualizador.ide.uy/descargas/datos/CN_Remesa_05/02_Ortoimagenes/02_RGBI_8bits/H20D4_RGBI_8_Remesa_05.tif","H20D4_RGBI_8_Remesa_05.tif"
"https://visualizador.ide.uy/descargas/datos/CN_Remesa_05/02_Ortoimagenes/02_RGBI_8bits/H20D5_RGBI_8_Remesa_05.tif","H20D5_RGBI_8_Remesa_05.tif"
"https://visualizador.ide.uy/descargas/datos/CN_Remesa_05/02_Ortoimagenes/02_RGBI_8bits/H20D6_RGBI_8_Remesa_05.tif","H20D6_RGBI_8_Remesa_05.tif"
"https://visualizador.ide.uy/descargas/datos/CN_Remesa_05/02_Ortoimagenes/02_RGBI_8bits/H21A1_RGBI_8_Remesa_05.tif","H21A1_RGBI_8_Remesa_05.tif"
"https://visualizador.ide.uy/descargas/datos/CN_Remesa_05/02_Ortoimagenes/02_RGBI_8bits/H21A2_RGBI_8_Remesa_05.tif","H21A2_RGBI_8_Remesa_05.tif"
"https://visualizador.ide.uy/descargas/datos/CN_Remesa_05/02_Ortoimagenes/02_RGBI_8bits/H21A3_RGBI_8_Remesa_05.tif","H21A3_RGBI_8_Remesa_05.tif"
"https://visualizador.ide.uy/descargas/datos/CN_Remesa_05/02_Ortoimagenes/02_RGBI_8bits/H21A4_RGBI_8_Remesa_05.tif","H21A4_RGBI_8_Remesa_05.tif"
"https://visualizador.ide.uy/descargas/datos/CN_Remesa_05/02_Ortoimagenes/02_RGBI_8bits/H21A5_RGBI_8_Remesa_05.tif","H21A5_RGBI_8_Remesa_05.tif"
"https://visualizador.ide.uy/descargas/datos/CN_Remesa_05/02_Ortoimagenes/02_RGBI_8bits/H21A6_RGBI_8_Remesa_05.tif","H21A6_RGBI_8_Remesa_05.tif"
"https://visualizador.ide.uy/descargas/datos/CN_Remesa_05/02_Ortoimagenes/02_RGBI_8bits/H21B1_RGBI_8_Remesa_05.tif","H21B1_RGBI_8_Remesa_05.tif"
"https://visualizador.ide.uy/descargas/datos/CN_Remesa_05/02_Ortoimagenes/02_RGBI_8bits/H21B2_RGBI_8_Remesa_05.tif","H21B2_RGBI_8_Remesa_05.tif"
"https://visualizador.ide.uy/descargas/datos/CN_Remesa_05/02_Ortoimagenes/02_RGBI_8bits/H21B3_RGBI_8_Remesa_05.tif","H21B3_RGBI_8_Remesa_05.tif"
"https://visualizador.ide.uy/descargas/datos/CN_Remesa_05/02_Ortoimagenes/02_RGBI_8bits/H21B4_RGBI_8_Remesa_05.tif","H21B4_RGBI_8_Remesa_05.tif"
"https://visualizador.ide.uy/descargas/datos/CN_Remesa_05/02_Ortoimagenes/02_RGBI_8bits/H21B5_RGBI_8_Remesa_05.tif","H21B5_RGBI_8_Remesa_05.tif"
"https://visualizador.ide.uy/descargas/datos/CN_Remesa_05/02_Ortoimagenes/02_RGBI_8bits/H21B6_RGBI_8_Remesa_05.tif","H21B6_RGBI_8_Remesa_05.tif"
"https://visualizador.ide.uy/descargas/datos/CN_Remesa_05/02_Ortoimagenes/02_RGBI_8bits/H21C1_RGBI_8_Remesa_05.tif","H21C1_RGBI_8_Remesa_05.tif"
"https://visualizador.ide.uy/descargas/datos/CN_Remesa_05/02_Ortoimagenes/02_RGBI_8bits/H21C2_RGBI_8_Remesa_05.tif","H21C2_RGBI_8_Remesa_05.tif"
"https://visualizador.ide.uy/descargas/datos/CN_Remesa_05/02_Ortoimagenes/02_RGBI_8bits/H21C3_RGBI_8_Remesa_05.tif","H21C3_RGBI_8_Remesa_05.tif"
"https://visualizador.ide.uy/descargas/datos/CN_Remesa_05/02_Ortoimagenes/02_RGBI_8bits/H21C4_RGBI_8_Remesa_05.tif","H21C4_RGBI_8_Remesa_05.tif"
"https://visualizador.ide.uy/descargas/datos/CN_Remesa_05/02_Ortoimagenes/02_RGBI_8bits/H21C5_RGBI_8_Remesa_05.tif","H21C5_RGBI_8_Remesa_05.tif"
"https://visualizador.ide.uy/descargas/datos/CN_Remesa_05/02_Ortoimagenes/02_RGBI_8bits/H21C6_RGBI_8_Remesa_05.tif","H21C6_RGBI_8_Remesa_05.tif"
"https://visualizador.ide.uy/descargas/datos/CN_Remesa_05/02_Ortoimagenes/02_RGBI_8bits/H21D1_RGBI_8_Remesa_05.tif","H21D1_RGBI_8_Remesa_05.tif"
"https://visualizador.ide.uy/descargas/datos/CN_Remesa_05/02_Ortoimagenes/02_RGBI_8bits/H21D2_RGBI_8_Remesa_05.tif","H21D2_RGBI_8_Remesa_05.tif"
"https://visualizador.ide.uy/descargas/datos/CN_Remesa_05/02_Ortoimagenes/02_RGBI_8bits/H21D3_RGBI_8_Remesa_05.tif","H21D3_RGBI_8_Remesa_05.tif"
"https://visualizador.ide.uy/descargas/datos/CN_Remesa_05/02_Ortoimagenes/02_RGBI_8bits/H21D4_RGBI_8_Remesa_05.tif","H21D4_RGBI_8_Remesa_05.tif"
"https://visualizador.ide.uy/descargas/datos/CN_Remesa_05/02_Ortoimagenes/02_RGBI_8bits/H21D5_RGBI_8_Remesa_05.tif","H21D5_RGBI_8_Remesa_05.tif"
"https://visualizador.ide.uy/descargas/datos/CN_Remesa_05/02_Ortoimagenes/02_RGBI_8bits/H21D6_RGBI_8_Remesa_05.tif","H21D6_RGBI_8_Remesa_05.tif"
"https://visualizador.ide.uy/descargas/datos/CN_Remesa_05/02_Ortoimagenes/02_RGBI_8bits/H22A1_RGBI_8_Remesa_05.tif","H22A1_RGBI_8_Remesa_05.tif"
"https://visualizador.ide.uy/descargas/datos/CN_Remesa_05/02_Ortoimagenes/02_RGBI_8bits/H22A2_RGBI_8_Remesa_05.tif","H22A2_RGBI_8_Remesa_05.tif"
"https://visualizador.ide.uy/descargas/datos/CN_Remesa_05/02_Ortoimagenes/02_RGBI_8bits/H22A3_RGBI_8_Remesa_05.tif","H22A3_RGBI_8_Remesa_05.tif"
"https://visualizador.ide.uy/descargas/datos/CN_Remesa_05/02_Ortoimagenes/02_RGBI_8bits/H22A4_RGBI_8_Remesa_05.tif","H22A4_RGBI_8_Remesa_05.tif"
"https://visualizador.ide.uy/descargas/datos/CN_Remesa_05/02_Ortoimagenes/02_RGBI_8bits/H22A5_RGBI_8_Remesa_05.tif","H22A5_RGBI_8_Remesa_05.tif"
"https://visualizador.ide.uy/descargas/datos/CN_Remesa_05/02_Ortoimagenes/02_RGBI_8bits/H22A6_RGBI_8_Remesa_05.tif","H22A6_RGBI_8_Remesa_05.tif"
"https://visualizador.ide.uy/descargas/datos/CN_Remesa_05/02_Ortoimagenes/02_RGBI_8bits/H22B1_RGBI_8_Remesa_05.tif","H22B1_RGBI_8_Remesa_05.tif"
"https://visualizador.ide.uy/descargas/datos/CN_Remesa_05/02_Ortoimagenes/02_RGBI_8bits/H22B2_RGBI_8_Remesa_05.tif","H22B2_RGBI_8_Remesa_05.tif"
"https://visualizador.ide.uy/descargas/datos/CN_Remesa_05/02_Ortoimagenes/02_RGBI_8bits/H22B3_RGBI_8_Remesa_05.tif","H22B3_RGBI_8_Remesa_05.tif"
"https://visualizador.ide.uy/descargas/datos/CN_Remesa_05/02_Ortoimagenes/02_RGBI_8bits/H22B4_RGBI_8_Remesa_05.tif","H22B4_RGBI_8_Remesa_05.tif"
"https://visualizador.ide.uy/descargas/datos/CN_Remesa_05/02_Ortoimagenes/02_RGBI_8bits/H22B5_RGBI_8_Remesa_05.tif","H22B5_RGBI_8_Remesa_05.tif"
"https://visualizador.ide.uy/descargas/datos/CN_Remesa_05/02_Ortoimagenes/02_RGBI_8bits/H22B6_RGBI_8_Remesa_05.tif","H22B6_RGBI_8_Remesa_05.tif"
"https://visualizador.ide.uy/descargas/datos/CN_Remesa_05/02_Ortoimagenes/02_RGBI_8bits/H22C1_RGBI_8_Remesa_05.tif","H22C1_RGBI_8_Remesa_05.tif"
"https://visualizador.ide.uy/descargas/datos/CN_Remesa_05/02_Ortoimagenes/02_RGBI_8bits/H22C2_RGBI_8_Remesa_05.tif","H22C2_RGBI_8_Remesa_05.tif"
"https://visualizador.ide.uy/descargas/datos/CN_Remesa_05/02_Ortoimagenes/02_RGBI_8bits/H22C3_RGBI_8_Remesa_05.tif","H22C3_RGBI_8_Remesa_05.tif"
"https://visualizador.ide.uy/descargas/datos/CN_Remesa_05/02_Ortoimagenes/02_RGBI_8bits/H22C4_RGBI_8_Remesa_05.tif","H22C4_RGBI_8_Remesa_05.tif"
"https://visualizador.ide.uy/descargas/datos/CN_Remesa_05/02_Ortoimagenes/02_RGBI_8bits/H22C5_RGBI_8_Remesa_05.tif","H22C5_RGBI_8_Remesa_05.tif"
"https://visualizador.ide.uy/descargas/datos/CN_Remesa_05/02_Ortoimagenes/02_RGBI_8bits/H22C6_RGBI_8_Remesa_05.tif","H22C6_RGBI_8_Remesa_05.tif"
"https://visualizador.ide.uy/descargas/datos/CN_Remesa_05/02_Ortoimagenes/02_RGBI_8bits/H22D1_RGBI_8_Remesa_05.tif","H22D1_RGBI_8_Remesa_05.tif"
"https://visualizador.ide.uy/descargas/datos/CN_Remesa_05/02_Ortoimagenes/02_RGBI_8bits/H22D2_RGBI_8_Remesa_05.tif","H22D2_RGBI_8_Remesa_05.tif"
"https://visualizador.ide.uy/descargas/datos/CN_Remesa_05/02_Ortoimagenes/02_RGBI_8bits/H22D3_RGBI_8_Remesa_05.tif","H22D3_RGBI_8_Remesa_05.tif"
"https://visualizador.ide.uy/descargas/datos/CN_Remesa_05/02_Ortoimagenes/02_RGBI_8bits/H22D4_RGBI_8_Remesa_05.tif","H22D4_RGBI_8_Remesa_05.tif"
"https://visualizador.ide.uy/descargas/datos/CN_Remesa_05/02_Ortoimagenes/02_RGBI_8bits/H22D5_RGBI_8_Remesa_05.tif","H22D5_RGBI_8_Remesa_05.tif"
"https://visualizador.ide.uy/descargas/datos/CN_Remesa_05/02_Ortoimagenes/02_RGBI_8bits/H22D6_RGBI_8_Remesa_05.tif","H22D6_RGBI_8_Remesa_05.tif"
"https://visualizador.ide.uy/descargas/datos/CN_Remesa_05/02_Ortoimagenes/02_RGBI_8bits/H23A1_RGBI_8_Remesa_05.tif","H23A1_RGBI_8_Remesa_05.tif"
"https://visualizador.ide.uy/descargas/datos/CN_Remesa_05/02_Ortoimagenes/02_RGBI_8bits/H23A2_RGBI_8_Remesa_05.tif","H23A2_RGBI_8_Remesa_05.tif"
"https://visualizador.ide.uy/descargas/datos/CN_Remesa_05/02_Ortoimagenes/02_RGBI_8bits/H23A3_RGBI_8_Remesa_05.tif","H23A3_RGBI_8_Remesa_05.tif"
"https://visualizador.ide.uy/descargas/datos/CN_Remesa_05/02_Ortoimagenes/02_RGBI_8bits/H23A4_RGBI_8_Remesa_05.tif","H23A4_RGBI_8_Remesa_05.tif"
"https://visualizador.ide.uy/descargas/datos/CN_Remesa_05/02_Ortoimagenes/02_RGBI_8bits/H23A5_RGBI_8_Remesa_05.tif","H23A5_RGBI_8_Remesa_05.tif"
"https://visualizador.ide.uy/descargas/datos/CN_Remesa_05/02_Ortoimagenes/02_RGBI_8bits/H23A6_RGBI_8_Remesa_05.tif","H23A6_RGBI_8_Remesa_05.tif"
"https://visualizador.ide.uy/descargas/datos/CN_Remesa_05/02_Ortoimagenes/02_RGBI_8bits/H23B1_RGBI_8_Remesa_05.tif","H23B1_RGBI_8_Remesa_05.tif"
"https://visualizador.ide.uy/descargas/datos/CN_Remesa_05/02_Ortoimagenes/02_RGBI_8bits/H23B2_RGBI_8_Remesa_05.tif","H23B2_RGBI_8_Remesa_05.tif"
"https://visualizador.ide.uy/descargas/datos/CN_Remesa_05/02_Ortoimagenes/02_RGBI_8bits/H23B3_RGBI_8_Remesa_05.tif","H23B3_RGBI_8_Remesa_05.tif"
"https://visualizador.ide.uy/descargas/datos/CN_Remesa_05/02_Ortoimagenes/02_RGBI_8bits/H23B4_RGBI_8_Remesa_05.tif","H23B4_RGBI_8_Remesa_05.tif"
"https://visualizador.ide.uy/descargas/datos/CN_Remesa_05/02_Ortoimagenes/02_RGBI_8bits/H23B5_RGBI_8_Remesa_05.tif","H23B5_RGBI_8_Remesa_05.tif"
"https://visualizador.ide.uy/descargas/datos/CN_Remesa_05/02_Ortoimagenes/02_RGBI_8bits/H23B6_RGBI_8_Remesa_05.tif","H23B6_RGBI_8_Remesa_05.tif"
"https://visualizador.ide.uy/descargas/datos/CN_Remesa_05/02_Ortoimagenes/02_RGBI_8bits/H23C3_RGBI_8_Remesa_05.tif","H23C3_RGBI_8_Remesa_05.tif"
"https://visualizador.ide.uy/descargas/datos/CN_Remesa_05/02_Ortoimagenes/02_RGBI_8bits/H23D1_RGBI_8_Remesa_05.tif","H23D1_RGBI_8_Remesa_05.tif"
"https://visualizador.ide.uy/descargas/datos/CN_Remesa_05/02_Ortoimagenes/02_RGBI_8bits/H23D2_RGBI_8_Remesa_05.tif","H23D2_RGBI_8_Remesa_05.tif"
"https://visualizador.ide.uy/descargas/datos/CN_Remesa_05/02_Ortoimagenes/02_RGBI_8bits/H23D3_RGBI_8_Remesa_05.tif","H23D3_RGBI_8_Remesa_05.tif"
"https://visualizador.ide.uy/descargas/datos/CN_Remesa_05/02_Ortoimagenes/02_RGBI_8bits/H23D4_RGBI_8_Remesa_05.tif","H23D4_RGBI_8_Remesa_05.tif"
"https://visualizador.ide.uy/descargas/datos/CN_Remesa_05/02_Ortoimagenes/02_RGBI_8bits/H23D5_RGBI_8_Remesa_05.tif","H23D5_RGBI_8_Remesa_05.tif"
"https://visualizador.ide.uy/descargas/datos/CN_Remesa_05/02_Ortoimagenes/02_RGBI_8bits/H23D6_RGBI_8_Remesa_05.tif","H23D6_RGBI_8_Remesa_05.tif"
"https://visualizador.ide.uy/descargas/datos/CN_Remesa_05/02_Ortoimagenes/02_RGBI_8bits/J16C1_RGBI_8_Remesa_05.tif","J16C1_RGBI_8_Remesa_05.tif"
"https://visualizador.ide.uy/descargas/datos/CN_Remesa_05/02_Ortoimagenes/02_RGBI_8bits/J16C2_RGBI_8_Remesa_05.tif","J16C2_RGBI_8_Remesa_05.tif"
"https://visualizador.ide.uy/descargas/datos/CN_Remesa_05/02_Ortoimagenes/02_RGBI_8bits/J16C3_RGBI_8_Remesa_05.tif","J16C3_RGBI_8_Remesa_05.tif"
"https://visualizador.ide.uy/descargas/datos/CN_Remesa_05/02_Ortoimagenes/02_RGBI_8bits/J16C4_RGBI_8_Remesa_05.tif","J16C4_RGBI_8_Remesa_05.tif"
"https://visualizador.ide.uy/descargas/datos/CN_Remesa_05/02_Ortoimagenes/02_RGBI_8bits/J16C5_RGBI_8_Remesa_05.tif","J16C5_RGBI_8_Remesa_05.tif"
"https://visualizador.ide.uy/descargas/datos/CN_Remesa_05/02_Ortoimagenes/02_RGBI_8bits/J16C6_RGBI_8_Remesa_05.tif","J16C6_RGBI_8_Remesa_05.tif"
"https://visualizador.ide.uy/descargas/datos/CN_Remesa_05/02_Ortoimagenes/02_RGBI_8bits/J16D1_RGBI_8_Remesa_05.tif","J16D1_RGBI_8_Remesa_05.tif"
"https://visualizador.ide.uy/descargas/datos/CN_Remesa_05/02_Ortoimagenes/02_RGBI_8bits/J16D2_RGBI_8_Remesa_05.tif","J16D2_RGBI_8_Remesa_05.tif"
"https://visualizador.ide.uy/descargas/datos/CN_Remesa_05/02_Ortoimagenes/02_RGBI_8bits/J16D3_RGBI_8_Remesa_05.tif","J16D3_RGBI_8_Remesa_05.tif"
"https://visualizador.ide.uy/descargas/datos/CN_Remesa_05/02_Ortoimagenes/02_RGBI_8bits/J16D4_RGBI_8_Remesa_05.tif","J16D4_RGBI_8_Remesa_05.tif"
"https://visualizador.ide.uy/descargas/datos/CN_Remesa_05/02_Ortoimagenes/02_RGBI_8bits/J16D5_RGBI_8_Remesa_05.tif","J16D5_RGBI_8_Remesa_05.tif"
"https://visualizador.ide.uy/descargas/datos/CN_Remesa_05/02_Ortoimagenes/02_RGBI_8bits/J16D6_RGBI_8_Remesa_05.tif","J16D6_RGBI_8_Remesa_05.tif"
"https://visualizador.ide.uy/descargas/datos/CN_Remesa_05/02_Ortoimagenes/02_RGBI_8bits/J17A1_RGBI_8_Remesa_05.tif","J17A1_RGBI_8_Remesa_05.tif"
"https://visualizador.ide.uy/descargas/datos/CN_Remesa_05/02_Ortoimagenes/02_RGBI_8bits/J17A2_RGBI_8_Remesa_05.tif","J17A2_RGBI_8_Remesa_05.tif"
"https://visualizador.ide.uy/descargas/datos/CN_Remesa_05/02_Ortoimagenes/02_RGBI_8bits/J17A3_RGBI_8_Remesa_05.tif","J17A3_RGBI_8_Remesa_05.tif"
"https://visualizador.ide.uy/descargas/datos/CN_Remesa_05/02_Ortoimagenes/02_RGBI_8bits/J17A4_RGBI_8_Remesa_05.tif","J17A4_RGBI_8_Remesa_05.tif"
"https://visualizador.ide.uy/descargas/datos/CN_Remesa_05/02_Ortoimagenes/02_RGBI_8bits/J17A5_RGBI_8_Remesa_05.tif","J17A5_RGBI_8_Remesa_05.tif"
"https://visualizador.ide.uy/descargas/datos/CN_Remesa_05/02_Ortoimagenes/02_RGBI_8bits/J17A6_RGBI_8_Remesa_05.tif","J17A6_RGBI_8_Remesa_05.tif"
"https://visualizador.ide.uy/descargas/datos/CN_Remesa_05/02_Ortoimagenes/02_RGBI_8bits/J17B1_RGBI_8_Remesa_05.tif","J17B1_RGBI_8_Remesa_05.tif"
"https://visualizador.ide.uy/descargas/datos/CN_Remesa_05/02_Ortoimagenes/02_RGBI_8bits/J17B2_RGBI_8_Remesa_05.tif","J17B2_RGBI_8_Remesa_05.tif"
"https://visualizador.ide.uy/descargas/datos/CN_Remesa_05/02_Ortoimagenes/02_RGBI_8bits/J17B3_RGBI_8_Remesa_05.tif","J17B3_RGBI_8_Remesa_05.tif"
"https://visualizador.ide.uy/descargas/datos/CN_Remesa_05/02_Ortoimagenes/02_RGBI_8bits/J17B4_RGBI_8_Remesa_05.tif","J17B4_RGBI_8_Remesa_05.tif"
"https://visualizador.ide.uy/descargas/datos/CN_Remesa_05/02_Ortoimagenes/02_RGBI_8bits/J17B5_RGBI_8_Remesa_05.tif","J17B5_RGBI_8_Remesa_05.tif"
"https://visualizador.ide.uy/descargas/datos/CN_Remesa_05/02_Ortoimagenes/02_RGBI_8bits/J17B6_RGBI_8_Remesa_05.tif","J17B6_RGBI_8_Remesa_05.tif"
"https://visualizador.ide.uy/descargas/datos/CN_Remesa_05/02_Ortoimagenes/02_RGBI_8bits/J17C1_RGBI_8_Remesa_05.tif","J17C1_RGBI_8_Remesa_05.tif"
"https://visualizador.ide.uy/descargas/datos/CN_Remesa_05/02_Ortoimagenes/02_RGBI_8bits/J17C2_RGBI_8_Remesa_05.tif","J17C2_RGBI_8_Remesa_05.tif"
"https://visualizador.ide.uy/descargas/datos/CN_Remesa_05/02_Ortoimagenes/02_RGBI_8bits/J17C3_RGBI_8_Remesa_05.tif","J17C3_RGBI_8_Remesa_05.tif"
"https://visualizador.ide.uy/descargas/datos/CN_Remesa_05/02_Ortoimagenes/02_RGBI_8bits/J17C4_RGBI_8_Remesa_05.tif","J17C4_RGBI_8_Remesa_05.tif"
"https://visualizador.ide.uy/descargas/datos/CN_Remesa_05/02_Ortoimagenes/02_RGBI_8bits/J17C5_RGBI_8_Remesa_05.tif","J17C5_RGBI_8_Remesa_05.tif"
"https://visualizador.ide.uy/descargas/datos/CN_Remesa_05/02_Ortoimagenes/02_RGBI_8bits/J17C6_RGBI_8_Remesa_05.tif","J17C6_RGBI_8_Remesa_05.tif"
"https://visualizador.ide.uy/descargas/datos/CN_Remesa_05/02_Ortoimagenes/02_RGBI_8bits/J17D1_RGBI_8_Remesa_05.tif","J17D1_RGBI_8_Remesa_05.tif"
"https://visualizador.ide.uy/descargas/datos/CN_Remesa_05/02_Ortoimagenes/02_RGBI_8bits/J17D2_RGBI_8_Remesa_05.tif","J17D2_RGBI_8_Remesa_05.tif"
"https://visualizador.ide.uy/descargas/datos/CN_Remesa_05/02_Ortoimagenes/02_RGBI_8bits/J17D3_RGBI_8_Remesa_05.tif","J17D3_RGBI_8_Remesa_05.tif"
"https://visualizador.ide.uy/descargas/datos/CN_Remesa_05/02_Ortoimagenes/02_RGBI_8bits/J17D4_RGBI_8_Remesa_05.tif","J17D4_RGBI_8_Remesa_05.tif"
"https://visualizador.ide.uy/descargas/datos/CN_Remesa_05/02_Ortoimagenes/02_RGBI_8bits/J17D5_RGBI_8_Remesa_05.tif","J17D5_RGBI_8_Remesa_05.tif"
"https://visualizador.ide.uy/descargas/datos/CN_Remesa_05/02_Ortoimagenes/02_RGBI_8bits/J17D6_RGBI_8_Remesa_05.tif","J17D6_RGBI_8_Remesa_05.tif"
"https://visualizador.ide.uy/descargas/datos/CN_Remesa_05/02_Ortoimagenes/02_RGBI_8bits/J18A1_RGBI_8_Remesa_05.tif","J18A1_RGBI_8_Remesa_05.tif"
"https://visualizador.ide.uy/descargas/datos/CN_Remesa_05/02_Ortoimagenes/02_RGBI_8bits/J18A2_RGBI_8_Remesa_05.tif","J18A2_RGBI_8_Remesa_05.tif"
"https://visualizador.ide.uy/descargas/datos/CN_Remesa_05/02_Ortoimagenes/02_RGBI_8bits/J18A3_RGBI_8_Remesa_05.tif","J18A3_RGBI_8_Remesa_05.tif"
"https://visualizador.ide.uy/descargas/datos/CN_Remesa_05/02_Ortoimagenes/02_RGBI_8bits/J18A4_RGBI_8_Remesa_05.tif","J18A4_RGBI_8_Remesa_05.tif"
"https://visualizador.ide.uy/descargas/datos/CN_Remesa_05/02_Ortoimagenes/02_RGBI_8bits/J18A5_RGBI_8_Remesa_05.tif","J18A5_RGBI_8_Remesa_05.tif"
"https://visualizador.ide.uy/descargas/datos/CN_Remesa_05/02_Ortoimagenes/02_RGBI_8bits/J18A6_RGBI_8_Remesa_05.tif","J18A6_RGBI_8_Remesa_05.tif"
"https://visualizador.ide.uy/descargas/datos/CN_Remesa_05/02_Ortoimagenes/02_RGBI_8bits/J18B1_RGBI_8_Remesa_05.tif","J18B1_RGBI_8_Remesa_05.tif"
"https://visualizador.ide.uy/descargas/datos/CN_Remesa_05/02_Ortoimagenes/02_RGBI_8bits/J18B2_RGBI_8_Remesa_05.tif","J18B2_RGBI_8_Remesa_05.tif"
"https://visualizador.ide.uy/descargas/datos/CN_Remesa_05/02_Ortoimagenes/02_RGBI_8bits/J18B3_RGBI_8_Remesa_05.tif","J18B3_RGBI_8_Remesa_05.tif"
"https://visualizador.ide.uy/descargas/datos/CN_Remesa_05/02_Ortoimagenes/02_RGBI_8bits/J18B4_RGBI_8_Remesa_05.tif","J18B4_RGBI_8_Remesa_05.tif"
"https://visualizador.ide.uy/descargas/datos/CN_Remesa_05/02_Ortoimagenes/02_RGBI_8bits/J18B5_RGBI_8_Remesa_05.tif","J18B5_RGBI_8_Remesa_05.tif"
"https://visualizador.ide.uy/descargas/datos/CN_Remesa_05/02_Ortoimagenes/02_RGBI_8bits/J18B6_RGBI_8_Remesa_05.tif","J18B6_RGBI_8_Remesa_05.tif"
"https://visualizador.ide.uy/descargas/datos/CN_Remesa_05/02_Ortoimagenes/02_RGBI_8bits/J18C1_RGBI_8_Remesa_05.tif","J18C1_RGBI_8_Remesa_05.tif"
"https://visualizador.ide.uy/descargas/datos/CN_Remesa_05/02_Ortoimagenes/02_RGBI_8bits/J18C2_RGBI_8_Remesa_05.tif","J18C2_RGBI_8_Remesa_05.tif"
"https://visualizador.ide.uy/descargas/datos/CN_Remesa_05/02_Ortoimagenes/02_RGBI_8bits/J18C3_RGBI_8_Remesa_05.tif","J18C3_RGBI_8_Remesa_05.tif"
"https://visualizador.ide.uy/descargas/datos/CN_Remesa_05/02_Ortoimagenes/02_RGBI_8bits/J18C4_RGBI_8_Remesa_05.tif","J18C4_RGBI_8_Remesa_05.tif"
"https://visualizador.ide.uy/descargas/datos/CN_Remesa_05/02_Ortoimagenes/02_RGBI_8bits/J18C5_RGBI_8_Remesa_05.tif","J18C5_RGBI_8_Remesa_05.tif"
"https://visualizador.ide.uy/descargas/datos/CN_Remesa_05/02_Ortoimagenes/02_RGBI_8bits/J18C6_RGBI_8_Remesa_05.tif","J18C6_RGBI_8_Remesa_05.tif"
"https://visualizador.ide.uy/descargas/datos/CN_Remesa_05/02_Ortoimagenes/02_RGBI_8bits/J18D1_RGBI_8_Remesa_05.tif","J18D1_RGBI_8_Remesa_05.tif"
"https://visualizador.ide.uy/descargas/datos/CN_Remesa_05/02_Ortoimagenes/02_RGBI_8bits/J18D2_RGBI_8_Remesa_05.tif","J18D2_RGBI_8_Remesa_05.tif"
"https://visualizador.ide.uy/descargas/datos/CN_Remesa_05/02_Ortoimagenes/02_RGBI_8bits/J18D3_RGBI_8_Remesa_05.tif","J18D3_RGBI_8_Remesa_05.tif"
"https://visualizador.ide.uy/descargas/datos/CN_Remesa_05/02_Ortoimagenes/02_RGBI_8bits/J18D4_RGBI_8_Remesa_05.tif","J18D4_RGBI_8_Remesa_05.tif"
"https://visualizador.ide.uy/descargas/datos/CN_Remesa_05/02_Ortoimagenes/02_RGBI_8bits/J18D5_RGBI_8_Remesa_05.tif","J18D5_RGBI_8_Remesa_05.tif"
"https://visualizador.ide.uy/descargas/datos/CN_Remesa_05/02_Ortoimagenes/02_RGBI_8bits/J18D6_RGBI_8_Remesa_05.tif","J18D6_RGBI_8_Remesa_05.tif"
"https://visualizador.ide.uy/descargas/datos/CN_Remesa_05/02_Ortoimagenes/02_RGBI_8bits/J19A1_RGBI_8_Remesa_05.tif","J19A1_RGBI_8_Remesa_05.tif"
"https://visualizador.ide.uy/descargas/datos/CN_Remesa_05/02_Ortoimagenes/02_RGBI_8bits/J19A2_RGBI_8_Remesa_05.tif","J19A2_RGBI_8_Remesa_05.tif"
"https://visualizador.ide.uy/descargas/datos/CN_Remesa_05/02_Ortoimagenes/02_RGBI_8bits/J19A3_RGBI_8_Remesa_05.tif","J19A3_RGBI_8_Remesa_05.tif"
"https://visualizador.ide.uy/descargas/datos/CN_Remesa_05/02_Ortoimagenes/02_RGBI_8bits/J19A4_RGBI_8_Remesa_05.tif","J19A4_RGBI_8_Remesa_05.tif"
"https://visualizador.ide.uy/descargas/datos/CN_Remesa_05/02_Ortoimagenes/02_RGBI_8bits/J19A5_RGBI_8_Remesa_05.tif","J19A5_RGBI_8_Remesa_05.tif"
"https://visualizador.ide.uy/descargas/datos/CN_Remesa_05/02_Ortoimagenes/02_RGBI_8bits/J19A6_RGBI_8_Remesa_05.tif","J19A6_RGBI_8_Remesa_05.tif"
"https://visualizador.ide.uy/descargas/datos/CN_Remesa_05/02_Ortoimagenes/02_RGBI_8bits/J19B1_RGBI_8_Remesa_05.tif","J19B1_RGBI_8_Remesa_05.tif"
"https://visualizador.ide.uy/descargas/datos/CN_Remesa_05/02_Ortoimagenes/02_RGBI_8bits/J19B2_RGBI_8_Remesa_05.tif","J19B2_RGBI_8_Remesa_05.tif"
"https://visualizador.ide.uy/descargas/datos/CN_Remesa_05/02_Ortoimagenes/02_RGBI_8bits/J19B3_RGBI_8_Remesa_05.tif","J19B3_RGBI_8_Remesa_05.tif"
"https://visualizador.ide.uy/descargas/datos/CN_Remesa_05/02_Ortoimagenes/02_RGBI_8bits/J19B4_RGBI_8_Remesa_05.tif","J19B4_RGBI_8_Remesa_05.tif"
"https://visualizador.ide.uy/descargas/datos/CN_Remesa_05/02_Ortoimagenes/02_RGBI_8bits/J19B5_RGBI_8_Remesa_05.tif","J19B5_RGBI_8_Remesa_05.tif"
"https://visualizador.ide.uy/descargas/datos/CN_Remesa_05/02_Ortoimagenes/02_RGBI_8bits/J19B6_RGBI_8_Remesa_05.tif","J19B6_RGBI_8_Remesa_05.tif"
"https://visualizador.ide.uy/descargas/datos/CN_Remesa_05/02_Ortoimagenes/02_RGBI_8bits/J19C1_RGBI_8_Remesa_05.tif","J19C1_RGBI_8_Remesa_05.tif"
"https://visualizador.ide.uy/descargas/datos/CN_Remesa_05/02_Ortoimagenes/02_RGBI_8bits/J19C2_RGBI_8_Remesa_05.tif","J19C2_RGBI_8_Remesa_05.tif"
"https://visualizador.ide.uy/descargas/datos/CN_Remesa_05/02_Ortoimagenes/02_RGBI_8bits/J19C3_RGBI_8_Remesa_05.tif","J19C3_RGBI_8_Remesa_05.tif"
"https://visualizador.ide.uy/descargas/datos/CN_Remesa_05/02_Ortoimagenes/02_RGBI_8bits/J19C4_RGBI_8_Remesa_05.tif","J19C4_RGBI_8_Remesa_05.tif"
"https://visualizador.ide.uy/descargas/datos/CN_Remesa_05/02_Ortoimagenes/02_RGBI_8bits/J19C5_RGBI_8_Remesa_05.tif","J19C5_RGBI_8_Remesa_05.tif"
"https://visualizador.ide.uy/descargas/datos/CN_Remesa_05/02_Ortoimagenes/02_RGBI_8bits/J19C6_RGBI_8_Remesa_05.tif","J19C6_RGBI_8_Remesa_05.tif"
"https://visualizador.ide.uy/descargas/datos/CN_Remesa_05/02_Ortoimagenes/02_RGBI_8bits/J19D1_RGBI_8_Remesa_05.tif","J19D1_RGBI_8_Remesa_05.tif"
"https://visualizador.ide.uy/descargas/datos/CN_Remesa_05/02_Ortoimagenes/02_RGBI_8bits/J19D2_RGBI_8_Remesa_05.tif","J19D2_RGBI_8_Remesa_05.tif"
"https://visualizador.ide.uy/descargas/datos/CN_Remesa_05/02_Ortoimagenes/02_RGBI_8bits/J19D3_RGBI_8_Remesa_05.tif","J19D3_RGBI_8_Remesa_05.tif"
"https://visualizador.ide.uy/descargas/datos/CN_Remesa_05/02_Ortoimagenes/02_RGBI_8bits/J19D4_RGBI_8_Remesa_05.tif","J19D4_RGBI_8_Remesa_05.tif"
"https://visualizador.ide.uy/descargas/datos/CN_Remesa_05/02_Ortoimagenes/02_RGBI_8bits/J19D5_RGBI_8_Remesa_05.tif","J19D5_RGBI_8_Remesa_05.tif"
"https://visualizador.ide.uy/descargas/datos/CN_Remesa_05/02_Ortoimagenes/02_RGBI_8bits/J19D6_RGBI_8_Remesa_05.tif","J19D6_RGBI_8_Remesa_05.tif"
"https://visualizador.ide.uy/descargas/datos/CN_Remesa_05/02_Ortoimagenes/02_RGBI_8bits/J20A1_RGBI_8_Remesa_05.tif","J20A1_RGBI_8_Remesa_05.tif"
"https://visualizador.ide.uy/descargas/datos/CN_Remesa_05/02_Ortoimagenes/02_RGBI_8bits/J20A2_RGBI_8_Remesa_05.tif","J20A2_RGBI_8_Remesa_05.tif"
"https://visualizador.ide.uy/descargas/datos/CN_Remesa_05/02_Ortoimagenes/02_RGBI_8bits/J20A3_RGBI_8_Remesa_05.tif","J20A3_RGBI_8_Remesa_05.tif"
"https://visualizador.ide.uy/descargas/datos/CN_Remesa_05/02_Ortoimagenes/02_RGBI_8bits/J20A4_RGBI_8_Remesa_05.tif","J20A4_RGBI_8_Remesa_05.tif"
"https://visualizador.ide.uy/descargas/datos/CN_Remesa_05/02_Ortoimagenes/02_RGBI_8bits/J20A5_RGBI_8_Remesa_05.tif","J20A5_RGBI_8_Remesa_05.tif"
"https://visualizador.ide.uy/descargas/datos/CN_Remesa_05/02_Ortoimagenes/02_RGBI_8bits/J20A6_RGBI_8_Remesa_05.tif","J20A6_RGBI_8_Remesa_05.tif"
"https://visualizador.ide.uy/descargas/datos/CN_Remesa_05/02_Ortoimagenes/02_RGBI_8bits/J20B1_RGBI_8_Remesa_05.tif","J20B1_RGBI_8_Remesa_05.tif"
"https://visualizador.ide.uy/descargas/datos/CN_Remesa_05/02_Ortoimagenes/02_RGBI_8bits/J20B2_RGBI_8_Remesa_05.tif","J20B2_RGBI_8_Remesa_05.tif"
"https://visualizador.ide.uy/descargas/datos/CN_Remesa_05/02_Ortoimagenes/02_RGBI_8bits/J20B3_RGBI_8_Remesa_05.tif","J20B3_RGBI_8_Remesa_05.tif"
"https://visualizador.ide.uy/descargas/datos/CN_Remesa_05/02_Ortoimagenes/02_RGBI_8bits/J20B4_RGBI_8_Remesa_05.tif","J20B4_RGBI_8_Remesa_05.tif"
"https://visualizador.ide.uy/descargas/datos/CN_Remesa_05/02_Ortoimagenes/02_RGBI_8bits/J20B5_RGBI_8_Remesa_05.tif","J20B5_RGBI_8_Remesa_05.tif"
"https://visualizador.ide.uy/descargas/datos/CN_Remesa_05/02_Ortoimagenes/02_RGBI_8bits/J20B6_RGBI_8_Remesa_05.tif","J20B6_RGBI_8_Remesa_05.tif"
"https://visualizador.ide.uy/descargas/datos/CN_Remesa_05/02_Ortoimagenes/02_RGBI_8bits/J20C1_RGBI_8_Remesa_05.tif","J20C1_RGBI_8_Remesa_05.tif"
"https://visualizador.ide.uy/descargas/datos/CN_Remesa_05/02_Ortoimagenes/02_RGBI_8bits/J20C2_RGBI_8_Remesa_05.tif","J20C2_RGBI_8_Remesa_05.tif"
"https://visualizador.ide.uy/descargas/datos/CN_Remesa_05/02_Ortoimagenes/02_RGBI_8bits/J20C3_RGBI_8_Remesa_05.tif","J20C3_RGBI_8_Remesa_05.tif"
"https://visualizador.ide.uy/descargas/datos/CN_Remesa_05/02_Ortoimagenes/02_RGBI_8bits/J20C4_RGBI_8_Remesa_05.tif","J20C4_RGBI_8_Remesa_05.tif"
"https://visualizador.ide.uy/descargas/datos/CN_Remesa_05/02_Ortoimagenes/02_RGBI_8bits/J20C5_RGBI_8_Remesa_05.tif","J20C5_RGBI_8_Remesa_05.tif"
"https://visualizador.ide.uy/descargas/datos/CN_Remesa_05/02_Ortoimagenes/02_RGBI_8bits/J20C6_RGBI_8_Remesa_05.tif","J20C6_RGBI_8_Remesa_05.tif"
"https://visualizador.ide.uy/descargas/datos/CN_Remesa_05/02_Ortoimagenes/02_RGBI_8bits/J20D1_RGBI_8_Remesa_05.tif","J20D1_RGBI_8_Remesa_05.tif"
"https://visualizador.ide.uy/descargas/datos/CN_Remesa_05/02_Ortoimagenes/02_RGBI_8bits/J20D2_RGBI_8_Remesa_05.tif","J20D2_RGBI_8_Remesa_05.tif"
"https://visualizador.ide.uy/descargas/datos/CN_Remesa_05/02_Ortoimagenes/02_RGBI_8bits/J20D3_RGBI_8_Remesa_05.tif","J20D3_RGBI_8_Remesa_05.tif"
"https://visualizador.ide.uy/descargas/datos/CN_Remesa_05/02_Ortoimagenes/02_RGBI_8bits/J20D4_RGBI_8_Remesa_05.tif","J20D4_RGBI_8_Remesa_05.tif"
"https://visualizador.ide.uy/descargas/datos/CN_Remesa_05/02_Ortoimagenes/02_RGBI_8bits/J20D5_RGBI_8_Remesa_05.tif","J20D5_RGBI_8_Remesa_05.tif"
"https://visualizador.ide.uy/descargas/datos/CN_Remesa_05/02_Ortoimagenes/02_RGBI_8bits/J20D6_RGBI_8_Remesa_05.tif","J20D6_RGBI_8_Remesa_05.tif"
"https://visualizador.ide.uy/descargas/datos/CN_Remesa_05/02_Ortoimagenes/02_RGBI_8bits/J21A1_RGBI_8_Remesa_05.tif","J21A1_RGBI_8_Remesa_05.tif"
"https://visualizador.ide.uy/descargas/datos/CN_Remesa_05/02_Ortoimagenes/02_RGBI_8bits/J21A2_RGBI_8_Remesa_05.tif","J21A2_RGBI_8_Remesa_05.tif"
"https://visualizador.ide.uy/descargas/datos/CN_Remesa_05/02_Ortoimagenes/02_RGBI_8bits/J21A3_RGBI_8_Remesa_05.tif","J21A3_RGBI_8_Remesa_05.tif"
"https://visualizador.ide.uy/descargas/datos/CN_Remesa_05/02_Ortoimagenes/02_RGBI_8bits/J21A4_RGBI_8_Remesa_05.tif","J21A4_RGBI_8_Remesa_05.tif"
"https://visualizador.ide.uy/descargas/datos/CN_Remesa_05/02_Ortoimagenes/02_RGBI_8bits/J21A5_RGBI_8_Remesa_05.tif","J21A5_RGBI_8_Remesa_05.tif"
"https://visualizador.ide.uy/descargas/datos/CN_Remesa_05/02_Ortoimagenes/02_RGBI_8bits/J21A6_RGBI_8_Remesa_05.tif","J21A6_RGBI_8_Remesa_05.tif"
"https://visualizador.ide.uy/descargas/datos/CN_Remesa_05/02_Ortoimagenes/02_RGBI_8bits/J21B1_RGBI_8_Remesa_05.tif","J21B1_RGBI_8_Remesa_05.tif"
"https://visualizador.ide.uy/descargas/datos/CN_Remesa_05/02_Ortoimagenes/02_RGBI_8bits/J21B2_RGBI_8_Remesa_05.tif","J21B2_RGBI_8_Remesa_05.tif"
"https://visualizador.ide.uy/descargas/datos/CN_Remesa_05/02_Ortoimagenes/02_RGBI_8bits/J21B3_RGBI_8_Remesa_05.tif","J21B3_RGBI_8_Remesa_05.tif"
"https://visualizador.ide.uy/descargas/datos/CN_Remesa_05/02_Ortoimagenes/02_RGBI_8bits/J21B4_RGBI_8_Remesa_05.tif","J21B4_RGBI_8_Remesa_05.tif"
"https://visualizador.ide.uy/descargas/datos/CN_Remesa_05/02_Ortoimagenes/02_RGBI_8bits/J21B5_RGBI_8_Remesa_05.tif","J21B5_RGBI_8_Remesa_05.tif"
"https://visualizador.ide.uy/descargas/datos/CN_Remesa_05/02_Ortoimagenes/02_RGBI_8bits/J21B6_RGBI_8_Remesa_05.tif","J21B6_RGBI_8_Remesa_05.tif"
"https://visualizador.ide.uy/descargas/datos/CN_Remesa_05/02_Ortoimagenes/02_RGBI_8bits/J21C1_RGBI_8_Remesa_05.tif","J21C1_RGBI_8_Remesa_05.tif"
"https://visualizador.ide.uy/descargas/datos/CN_Remesa_05/02_Ortoimagenes/02_RGBI_8bits/J21C2_RGBI_8_Remesa_05.tif","J21C2_RGBI_8_Remesa_05.tif"
"https://visualizador.ide.uy/descargas/datos/CN_Remesa_05/02_Ortoimagenes/02_RGBI_8bits/J21C3_RGBI_8_Remesa_05.tif","J21C3_RGBI_8_Remesa_05.tif"
"https://visualizador.ide.uy/descargas/datos/CN_Remesa_05/02_Ortoimagenes/02_RGBI_8bits/J21C4_RGBI_8_Remesa_05.tif","J21C4_RGBI_8_Remesa_05.tif"
"https://visualizador.ide.uy/descargas/datos/CN_Remesa_05/02_Ortoimagenes/02_RGBI_8bits/J21C5_RGBI_8_Remesa_05.tif","J21C5_RGBI_8_Remesa_05.tif"
"https://visualizador.ide.uy/descargas/datos/CN_Remesa_05/02_Ortoimagenes/02_RGBI_8bits/J21C6_RGBI_8_Remesa_05.tif","J21C6_RGBI_8_Remesa_05.tif"
"https://visualizador.ide.uy/descargas/datos/CN_Remesa_05/02_Ortoimagenes/02_RGBI_8bits/J21D1_RGBI_8_Remesa_05.tif","J21D1_RGBI_8_Remesa_05.tif"
"https://visualizador.ide.uy/descargas/datos/CN_Remesa_05/02_Ortoimagenes/02_RGBI_8bits/J21D2_RGBI_8_Remesa_05.tif","J21D2_RGBI_8_Remesa_05.tif"
"https://visualizador.ide.uy/descargas/datos/CN_Remesa_05/02_Ortoimagenes/02_RGBI_8bits/J21D3_RGBI_8_Remesa_05.tif","J21D3_RGBI_8_Remesa_05.tif"
"https://visualizador.ide.uy/descargas/datos/CN_Remesa_05/02_Ortoimagenes/02_RGBI_8bits/J21D4_RGBI_8_Remesa_05.tif","J21D4_RGBI_8_Remesa_05.tif"
"https://visualizador.ide.uy/descargas/datos/CN_Remesa_05/02_Ortoimagenes/02_RGBI_8bits/J21D5_RGBI_8_Remesa_05.tif","J21D5_RGBI_8_Remesa_05.tif"
"https://visualizador.ide.uy/descargas/datos/CN_Remesa_05/02_Ortoimagenes/02_RGBI_8bits/J21D6_RGBI_8_Remesa_05.tif","J21D6_RGBI_8_Remesa_05.tif"
"https://visualizador.ide.uy/descargas/datos/CN_Remesa_05/02_Ortoimagenes/02_RGBI_8bits/J22A1_RGBI_8_Remesa_05.tif","J22A1_RGBI_8_Remesa_05.tif"
"https://visualizador.ide.uy/descargas/datos/CN_Remesa_05/02_Ortoimagenes/02_RGBI_8bits/J22A2_RGBI_8_Remesa_05.tif","J22A2_RGBI_8_Remesa_05.tif"
"https://visualizador.ide.uy/descargas/datos/CN_Remesa_05/02_Ortoimagenes/02_RGBI_8bits/J22A3_RGBI_8_Remesa_05.tif","J22A3_RGBI_8_Remesa_05.tif"
"https://visualizador.ide.uy/descargas/datos/CN_Remesa_05/02_Ortoimagenes/02_RGBI_8bits/J22A4_RGBI_8_Remesa_05.tif","J22A4_RGBI_8_Remesa_05.tif"
"https://visualizador.ide.uy/descargas/datos/CN_Remesa_05/02_Ortoimagenes/02_RGBI_8bits/J22A5_RGBI_8_Remesa_05.tif","J22A5_RGBI_8_Remesa_05.tif"
"https://visualizador.ide.uy/descargas/datos/CN_Remesa_05/02_Ortoimagenes/02_RGBI_8bits/J22A6_RGBI_8_Remesa_05.tif","J22A6_RGBI_8_Remesa_05.tif"
"https://visualizador.ide.uy/descargas/datos/CN_Remesa_05/02_Ortoimagenes/02_RGBI_8bits/J22B1_RGBI_8_Remesa_05.tif","J22B1_RGBI_8_Remesa_05.tif"
"https://visualizador.ide.uy/descargas/datos/CN_Remesa_05/02_Ortoimagenes/02_RGBI_8bits/J22B2_RGBI_8_Remesa_05.tif","J22B2_RGBI_8_Remesa_05.tif"
"https://visualizador.ide.uy/descargas/datos/CN_Remesa_05/02_Ortoimagenes/02_RGBI_8bits/J22B3_RGBI_8_Remesa_05.tif","J22B3_RGBI_8_Remesa_05.tif"
"https://visualizador.ide.uy/descargas/datos/CN_Remesa_05/02_Ortoimagenes/02_RGBI_8bits/J22B4_RGBI_8_Remesa_05.tif","J22B4_RGBI_8_Remesa_05.tif"
"https://visualizador.ide.uy/descargas/datos/CN_Remesa_05/02_Ortoimagenes/02_RGBI_8bits/J22B5_RGBI_8_Remesa_05.tif","J22B5_RGBI_8_Remesa_05.tif"
"https://visualizador.ide.uy/descargas/datos/CN_Remesa_05/02_Ortoimagenes/02_RGBI_8bits/J22B6_RGBI_8_Remesa_05.tif","J22B6_RGBI_8_Remesa_05.tif"
"https://visualizador.ide.uy/descargas/datos/CN_Remesa_05/02_Ortoimagenes/02_RGBI_8bits/J22C1_RGBI_8_Remesa_05.tif","J22C1_RGBI_8_Remesa_05.tif"
"https://visualizador.ide.uy/descargas/datos/CN_Remesa_05/02_Ortoimagenes/02_RGBI_8bits/J22C2_RGBI_8_Remesa_05.tif","J22C2_RGBI_8_Remesa_05.tif"
"https://visualizador.ide.uy/descargas/datos/CN_Remesa_05/02_Ortoimagenes/02_RGBI_8bits/J22C3_RGBI_8_Remesa_05.tif","J22C3_RGBI_8_Remesa_05.tif"
"https://visualizador.ide.uy/descargas/datos/CN_Remesa_05/02_Ortoimagenes/02_RGBI_8bits/J22C4_RGBI_8_Remesa_05.tif","J22C4_RGBI_8_Remesa_05.tif"
"https://visualizador.ide.uy/descargas/datos/CN_Remesa_05/02_Ortoimagenes/02_RGBI_8bits/J22C5_RGBI_8_Remesa_05.tif","J22C5_RGBI_8_Remesa_05.tif"
"https://visualizador.ide.uy/descargas/datos/CN_Remesa_05/02_Ortoimagenes/02_RGBI_8bits/J22C6_RGBI_8_Remesa_05.tif","J22C6_RGBI_8_Remesa_05.tif"
"https://visualizador.ide.uy/descargas/datos/CN_Remesa_05/02_Ortoimagenes/02_RGBI_8bits/J22D1_RGBI_8_Remesa_05.tif","J22D1_RGBI_8_Remesa_05.tif"
"https://visualizador.ide.uy/descargas/datos/CN_Remesa_05/02_Ortoimagenes/02_RGBI_8bits/J22D2_RGBI_8_Remesa_05.tif","J22D2_RGBI_8_Remesa_05.tif"
"https://visualizador.ide.uy/descargas/datos/CN_Remesa_05/02_Ortoimagenes/02_RGBI_8bits/J22D3_RGBI_8_Remesa_05.tif","J22D3_RGBI_8_Remesa_05.tif"
"https://visualizador.ide.uy/descargas/datos/CN_Remesa_05/02_Ortoimagenes/02_RGBI_8bits/J22D4_RGBI_8_Remesa_05.tif","J22D4_RGBI_8_Remesa_05.tif"
"https://visualizador.ide.uy/descargas/datos/CN_Remesa_05/02_Ortoimagenes/02_RGBI_8bits/J22D5_RGBI_8_Remesa_05.tif","J22D5_RGBI_8_Remesa_05.tif"
"https://visualizador.ide.uy/descargas/datos/CN_Remesa_05/02_Ortoimagenes/02_RGBI_8bits/J22D6_RGBI_8_Remesa_05.tif","J22D6_RGBI_8_Remesa_05.tif"
"https://visualizador.ide.uy/descargas/datos/CN_Remesa_05/02_Ortoimagenes/02_RGBI_8bits/J23A1_RGBI_8_Remesa_05.tif","J23A1_RGBI_8_Remesa_05.tif"
"https://visualizador.ide.uy/descargas/datos/CN_Remesa_05/02_Ortoimagenes/02_RGBI_8bits/J23A2_RGBI_8_Remesa_05.tif","J23A2_RGBI_8_Remesa_05.tif"
"https://visualizador.ide.uy/descargas/datos/CN_Remesa_05/02_Ortoimagenes/02_RGBI_8bits/J23A3_RGBI_8_Remesa_05.tif","J23A3_RGBI_8_Remesa_05.tif"
"https://visualizador.ide.uy/descargas/datos/CN_Remesa_05/02_Ortoimagenes/02_RGBI_8bits/J23B1_RGBI_8_Remesa_05.tif","J23B1_RGBI_8_Remesa_05.tif"
"https://visualizador.ide.uy/descargas/datos/CN_Remesa_05/02_Ortoimagenes/02_RGBI_8bits/J23B2_RGBI_8_Remesa_05.tif","J23B2_RGBI_8_Remesa_05.tif"
"https://visualizador.ide.uy/descargas/datos/CN_Remesa_05/02_Ortoimagenes/02_RGBI_8bits/J23B3_RGBI_8_Remesa_05.tif","J23B3_RGBI_8_Remesa_05.tif"
"https://visualizador.ide.uy/descargas/datos/CN_Remesa_05/02_Ortoimagenes/02_RGBI_8bits/K16D2_RGBI_8_Remesa_05.tif","K16D2_RGBI_8_Remesa_05.tif"
"https://visualizador.ide.uy/descargas/datos/CN_Remesa_05/02_Ortoimagenes/02_RGBI_8bits/K16D3_RGBI_8_Remesa_05.tif","K16D3_RGBI_8_Remesa_05.tif"
"https://visualizador.ide.uy/descargas/datos/CN_Remesa_05/02_Ortoimagenes/02_RGBI_8bits/K16D5_RGBI_8_Remesa_05.tif","K16D5_RGBI_8_Remesa_05.tif"
"https://visualizador.ide.uy/descargas/datos/CN_Remesa_05/02_Ortoimagenes/02_RGBI_8bits/K16D6_RGBI_8_Remesa_05.tif","K16D6_RGBI_8_Remesa_05.tif"
"https://visualizador.ide.uy/descargas/datos/CN_Remesa_05/02_Ortoimagenes/02_RGBI_8bits/K17B2_RGBI_8_Remesa_05.tif","K17B2_RGBI_8_Remesa_05.tif"
"https://visualizador.ide.uy/descargas/datos/CN_Remesa_05/02_Ortoimagenes/02_RGBI_8bits/K17B3_RGBI_8_Remesa_05.tif","K17B3_RGBI_8_Remesa_05.tif"
"https://visualizador.ide.uy/descargas/datos/CN_Remesa_05/02_Ortoimagenes/02_RGBI_8bits/K17B5_RGBI_8_Remesa_05.tif","K17B5_RGBI_8_Remesa_05.tif"
"https://visualizador.ide.uy/descargas/datos/CN_Remesa_05/02_Ortoimagenes/02_RGBI_8bits/K17B6_RGBI_8_Remesa_05.tif","K17B6_RGBI_8_Remesa_05.tif"
"https://visualizador.ide.uy/descargas/datos/CN_Remesa_05/02_Ortoimagenes/02_RGBI_8bits/K17D2_RGBI_8_Remesa_05.tif","K17D2_RGBI_8_Remesa_05.tif"
"https://visualizador.ide.uy/descargas/datos/CN_Remesa_05/02_Ortoimagenes/02_RGBI_8bits/K17D3_RGBI_8_Remesa_05.tif","K17D3_RGBI_8_Remesa_05.tif"
"https://visualizador.ide.uy/descargas/datos/CN_Remesa_05/02_Ortoimagenes/02_RGBI_8bits/K17D5_RGBI_8_Remesa_05.tif","K17D5_RGBI_8_Remesa_05.tif"
"https://visualizador.ide.uy/descargas/datos/CN_Remesa_05/02_Ortoimagenes/02_RGBI_8bits/K17D6_RGBI_8_Remesa_05.tif","K17D6_RGBI_8_Remesa_05.tif"
"https://visualizador.ide.uy/descargas/datos/CN_Remesa_05/02_Ortoimagenes/02_RGBI_8bits/K18B2_RGBI_8_Remesa_05.tif","K18B2_RGBI_8_Remesa_05.tif"
"https://visualizador.ide.uy/descargas/datos/CN_Remesa_05/02_Ortoimagenes/02_RGBI_8bits/K18B3_RGBI_8_Remesa_05.tif","K18B3_RGBI_8_Remesa_05.tif"
"https://visualizador.ide.uy/descargas/datos/CN_Remesa_05/02_Ortoimagenes/02_RGBI_8bits/K18B5_RGBI_8_Remesa_05.tif","K18B5_RGBI_8_Remesa_05.tif"
"https://visualizador.ide.uy/descargas/datos/CN_Remesa_05/02_Ortoimagenes/02_RGBI_8bits/K18B6_RGBI_8_Remesa_05.tif","K18B6_RGBI_8_Remesa_05.tif"
"https://visualizador.ide.uy/descargas/datos/CN_Remesa_05/02_Ortoimagenes/02_RGBI_8bits/K18D2_RGBI_8_Remesa_05.tif","K18D2_RGBI_8_Remesa_05.tif"
"https://visualizador.ide.uy/descargas/datos/CN_Remesa_05/02_Ortoimagenes/02_RGBI_8bits/K18D3_RGBI_8_Remesa_05.tif","K18D3_RGBI_8_Remesa_05.tif"
"https://visualizador.ide.uy/descargas/datos/CN_Remesa_05/02_Ortoimagenes/02_RGBI_8bits/K18D5_RGBI_8_Remesa_05.tif","K18D5_RGBI_8_Remesa_05.tif"
"https://visualizador.ide.uy/descargas/datos/CN_Remesa_05/02_Ortoimagenes/02_RGBI_8bits/K18D6_RGBI_8_Remesa_05.tif","K18D6_RGBI_8_Remesa_05.tif"
"https://visualizador.ide.uy/descargas/datos/CN_Remesa_05/02_Ortoimagenes/02_RGBI_8bits/K19B2_RGBI_8_Remesa_05.tif","K19B2_RGBI_8_Remesa_05.tif"
"https://visualizador.ide.uy/descargas/datos/CN_Remesa_05/02_Ortoimagenes/02_RGBI_8bits/K19B3_RGBI_8_Remesa_05.tif","K19B3_RGBI_8_Remesa_05.tif"
"https://visualizador.ide.uy/descargas/datos/CN_Remesa_05/02_Ortoimagenes/02_RGBI_8bits/K19B5_RGBI_8_Remesa_05.tif","K19B5_RGBI_8_Remesa_05.tif"
"https://visualizador.ide.uy/descargas/datos/CN_Remesa_05/02_Ortoimagenes/02_RGBI_8bits/K19B6_RGBI_8_Remesa_05.tif","K19B6_RGBI_8_Remesa_05.tif"
"https://visualizador.ide.uy/descargas/datos/CN_Remesa_05/02_Ortoimagenes/02_RGBI_8bits/K19D2_RGBI_8_Remesa_05.tif","K19D2_RGBI_8_Remesa_05.tif"
"https://visualizador.ide.uy/descargas/datos/CN_Remesa_05/02_Ortoimagenes/02_RGBI_8bits/K19D3_RGBI_8_Remesa_05.tif","K19D3_RGBI_8_Remesa_05.tif"
"https://visualizador.ide.uy/descargas/datos/CN_Remesa_05/02_Ortoimagenes/02_RGBI_8bits/K19D5_RGBI_8_Remesa_05.tif","K19D5_RGBI_8_Remesa_05.tif"
"https://visualizador.ide.uy/descargas/datos/CN_Remesa_05/02_Ortoimagenes/02_RGBI_8bits/K19D6_RGBI_8_Remesa_05.tif","K19D6_RGBI_8_Remesa_05.tif"
